ts_code,trade_date,total_mv,float_mv,total_share,float_share,free_share,turnover_rate,turnover_rate_f,pe,pe_ttm,pb
000016.SH,2013/12/25,8764599764259.0,7066435951035.0,1536462237905.0,1244443682413.0,2.6522E+11,0.11,0.5,8.35,7.51,1.21
000016.SH,2013/12/26,8651855348765.0,6975385504831.0,1536462237905.0,1244443682413.0,2.6522E+11,0.14,0.66,8.24,7.41,1.19
000016.SH,2013/12/27,8755308824747.0,7056457067835.0,1536462237905.0,1244443682413.0,2.6522E+11,0.16,0.73,8.34,7.5,1.2
000016.SH,2013/12/30,8722020554392.0,7032755215961.0,1536462237905.0,1244443682413.0,2.6522E+11,0.14,0.67,8.31,7.47,1.2
000016.SH,2013/12/31,8820261105344.0,7111933770713.0,1536462237905.0,1244443682413.0,2.6522E+11,0.19,0.89,8.4,7.55,1.21
000016.SH,2014/1/2,8764338818186.0,7067457215618.0,1536462237905.0,1244443682413.0,2.6522E+11,0.13,0.59,8.35,7.51,1.21
000016.SH,2014/1/3,8661541521207.0,6982816124299.0,1536685487807.0,1244443732566.0,2.65765E+11,0.18,0.82,8.25,7.42,1.19
000016.SH,2014/1/6,8608851664477.0,6938808418901.0,1537502964371.0,1245261209130.0,2.66583E+11,0.2,0.93,8.2,7.35,1.18
000016.SH,2014/1/7,8591088063131.0,6924494340103.0,1537502964371.0,1245261209130.0,2.66563E+11,0.12,0.58,8.18,7.34,1.18
000016.SH,2014/1/8,8578683248976.0,6908889006381.0,1537502964371.0,1245261209130.0,2.66563E+11,0.14,0.66,8.17,7.33,1.18
000016.SH,2014/1/9,8513459813970.0,6858150169556.0,1537502964371.0,1245261209130.0,2.66563E+11,0.13,0.61,8.11,7.26,1.17
000016.SH,2014/1/10,8490154987808.0,6847174310338.0,1537794015538.0,1245797251547.0,2.67098E+11,0.14,0.63,8.09,7.24,1.16
000016.SH,2014/1/13,8494241954270.0,6849873804447.0,1537794015538.0,1245797251547.0,2.67098E+11,0.14,0.64,8.09,7.25,1.16
000016.SH,2014/1/14,8527295219647.0,6877848051656.0,1537794015538.0,1245797251547.0,2.67098E+11,0.14,0.66,8.12,7.28,1.17
000016.SH,2014/1/15,8472203200469.0,6834290691175.0,1538196320538.0,1245757021047.0,2.67236E+11,0.12,0.55,8.07,7.23,1.16
000016.SH,2014/1/16,8466330575950.0,6826071133284.0,1538196320538.0,1245757021047.0,2.67236E+11,0.14,0.65,8.06,7.22,1.16
000016.SH,2014/1/17,8441724943265.0,6808998759443.0,1538196320538.0,1245757021047.0,2.67236E+11,0.14,0.67,8.04,7.2,1.16
000016.SH,2014/1/20,8374467339465.0,6755345408779.0,1538196320538.0,1245757021047.0,2.67189E+11,0.1,0.48,7.98,7.15,1.15
000016.SH,2014/1/21,8417840834883.0,6789823227421.0,1538196320538.0,1245757021047.0,2.67189E+11,0.1,0.47,8.02,7.18,1.15
000016.SH,2014/1/22,8562980625078.0,6909449218970.0,1538196320538.0,1245757021047.0,2.67189E+11,0.19,0.9,8.15,7.31,1.17
000016.SH,2014/1/23,8478225011596.0,6841879834247.0,1538196320538.0,1245757021047.0,2.67189E+11,0.14,0.65,8.07,7.23,1.16
000016.SH,2014/1/24,8491595265007.0,6855646621798.0,1538196320538.0,1245757021047.0,2.67189E+11,0.15,0.71,8.09,7.25,1.16
000016.SH,2014/1/27,8378705586850.0,6758491544869.0,1540220638581.0,1245762291471.0,2.67195E+11,0.15,0.71,7.98,7.15,1.15
000016.SH,2014/1/28,8423372441822.0,6793198137383.0,1540220638581.0,1245762291471.0,2.67195E+11,0.12,0.56,8.02,7.19,1.15
000016.SH,2014/1/29,8461735514173.0,6822861746678.0,1540220638581.0,1245762291471.0,2.67195E+11,0.12,0.55,8.06,7.23,1.16
000016.SH,2014/1/30,8384126564561.0,6765645773411.0,1540220638581.0,1247209659891.0,2.68642E+11,0.1,0.48,7.98,7.16,1.15
000016.SH,2014/2/7,8368424462737.0,6754854007458.0,1540220638581.0,1247209659891.0,2.68642E+11,0.11,0.51,7.97,7.15,1.15
000016.SH,2014/2/10,8489785998053.0,6851959797186.0,1540220638581.0,1247209659891.0,2.68642E+11,0.19,0.9,8.08,7.25,1.16
000016.SH,2014/2/11,8586101443537.0,6927909340484.0,1540220638581.0,1247209659891.0,2.68642E+11,0.27,1.27,8.18,7.33,1.18
000016.SH,2014/2/12,8566937327562.0,6912178396477.0,1540220638581.0,1247209659891.0,2.68642E+11,0.19,0.89,8.16,7.32,1.17
000016.SH,2014/2/13,8561009058752.0,6906692918893.0,1540220648104.0,1247209669414.0,2.68642E+11,0.28,1.31,8.15,7.31,1.17
000016.SH,2014/2/14,8585453340044.0,6929351185986.0,1540220648104.0,1247209669414.0,2.68466E+11,0.17,0.79,8.18,7.33,1.17
000016.SH,2014/2/17,8627841811009.0,6963116190533.0,1540220648104.0,1247209669414.0,2.68466E+11,0.22,1,8.22,7.36,1.18
000016.SH,2014/2/18,8509224474052.0,6887012001736.0,1540220648104.0,1250569432208.0,2.68566E+11,0.2,0.94,8.1,7.26,1.16
000016.SH,2014/2/19,8645173385787.0,6993607706962.0,1540220648104.0,1250569432208.0,2.68566E+11,0.25,1.18,8.23,7.37,1.18
000016.SH,2014/2/20,8698571024801.0,7041720427168.0,1540220648104.0,1250569432208.0,2.68566E+11,0.29,1.35,8.28,7.42,1.19
000016.SH,2014/2/21,8582535499400.0,6942746624817.0,1540220648104.0,1250569432208.0,2.68566E+11,0.19,0.9,8.17,7.32,1.17
000016.SH,2014/2/24,8384831465739.0,6781330192674.0,1540220648104.0,1250569432208.0,2.68566E+11,0.23,1.08,7.98,7.15,1.15
000016.SH,2014/2/25,8301191899905.0,6713078687554.0,1540220648104.0,1250569432208.0,2.68566E+11,0.21,0.97,7.91,7.08,1.13
000016.SH,2014/2/26,8329985691833.0,6737495771936.0,1540220648104.0,1250569432208.0,2.68566E+11,0.19,0.87,7.93,7.1,1.14
000016.SH,2014/2/27,8431998321918.0,6818721278266.0,1540220648104.0,1250569432208.0,2.68566E+11,0.26,1.21,8.03,7.19,1.15
000016.SH,2014/2/28,8439941909274.0,6826423815987.0,1540220648104.0,1250569432208.0,2.68566E+11,0.21,0.97,8.03,7.2,1.15
000016.SH,2014/3/3,8449411590225.0,6838980554653.0,1540220648104.0,1250569432208.0,2.68566E+11,0.24,1.11,8.04,7.2,1.15
000016.SH,2014/3/4,8442975403389.0,6832239218494.0,1540220648104.0,1250569432208.0,2.68566E+11,0.21,0.98,8.03,7.2,1.15
000016.SH,2014/3/5,8337039284176.0,6747939596243.0,1540220648104.0,1250569432208.0,2.68566E+11,0.16,0.76,7.93,7.11,1.14
000016.SH,2014/3/6,8399819745156.0,6798234772880.0,1540220648104.0,1250569432208.0,2.68566E+11,0.2,0.94,7.99,7.16,1.15
000016.SH,2014/3/7,8414324384245.0,6814431203560.0,1540220648104.0,1250569432208.0,2.68566E+11,0.19,0.87,8,7.17,1.15
000016.SH,2014/3/10,8213359601362.0,6654561042958.0,1540220648104.0,1250569432208.0,2.68566E+11,0.2,0.94,7.81,7,1.12
000016.SH,2014/3/11,8198944007851.0,6644068067345.0,1540220648104.0,1250569432208.0,2.68566E+11,0.15,0.7,7.8,6.99,1.12
000016.SH,2014/3/12,8157015556959.0,6607446470896.0,1540220648104.0,1250569432208.0,2.68566E+11,0.18,0.85,7.76,6.96,1.11
000016.SH,2014/3/13,8252168821060.0,6685605890677.0,1540220648104.0,1250569432208.0,2.68566E+11,0.21,0.99,7.85,7.04,1.13
000016.SH,2014/3/14,8195783100453.0,6641591332880.0,1540220648104.0,1250569432208.0,2.68566E+11,0.16,0.73,7.74,6.98,1.12
000016.SH,2014/3/17,8249932477301.0,6685000933067.0,1540220648104.0,1250569432208.0,2.68566E+11,0.12,0.56,7.79,7.03,1.13
000016.SH,2014/3/18,8228533669160.0,6668470573755.0,1540220648104.0,1250569432208.0,2.68566E+11,0.14,0.67,7.76,7.01,1.12
000016.SH,2014/3/19,8214170324301.0,6657521270476.0,1540220648104.0,1250569432208.0,2.68566E+11,0.13,0.6,7.75,7,1.12
000016.SH,2014/3/20,8171363640387.0,6620752961525.0,1540220648104.0,1250569432208.0,2.68566E+11,0.16,0.77,7.66,6.96,1.12
000016.SH,2014/3/21,8417135372266.0,6817881756280.0,1540220648104.0,1250569432208.0,2.68566E+11,0.35,1.62,7.79,7.13,1.15
000016.SH,2014/3/24,8484730000901.0,6872799223971.0,1540220648104.0,1250647844935.0,2.68644E+11,0.34,1.56,7.82,7.23,1.15
000016.SH,2014/3/25,8452453062378.0,6850720029953.0,1540220648104.0,1250647844935.0,2.68644E+11,0.2,0.95,7.76,7.18,1.15
000016.SH,2014/3/26,8444963304582.0,6840978840205.0,1540220648104.0,1250647844935.0,2.68644E+11,0.16,0.74,7.53,7.17,1.15
000016.SH,2014/3/27,8393866893212.0,6798915688528.0,1540220648104.0,1250647844935.0,2.68643E+11,0.21,0.96,7.47,7.13,1.14
000016.SH,2014/3/28,8458457349761.0,6847998951275.0,1540220648104.0,1250647844935.0,2.68643E+11,0.21,0.97,7.33,7.14,1.14
000016.SH,2014/3/31,8440864076290.0,6834344412882.0,1540108842104.0,1250639238935.0,2.69026E+11,0.16,0.73,7.2,7.12,1.13
000016.SH,2014/4/1,8465689908810.0,6856347140166.0,1540108842104.0,1250639238935.0,2.70322E+11,0.13,0.62,7.16,7.14,1.13
000016.SH,2014/4/2,8538109757760.0,6915358456187.0,1540338989887.0,1250869386718.0,2.70322E+11,0.19,0.86,7.23,7.2,1.14
000016.SH,2014/4/3,8465614436378.0,6855612241146.0,1540340113285.0,1250870510116.0,2.70541E+11,0.21,0.96,7.16,7.14,1.13
000016.SH,2014/4/4,8505892410957.0,6888564200673.0,1540340113285.0,1250870510116.0,2.71876E+11,0.13,0.58,7.2,7.17,1.14
000016.SH,2014/4/8,8696604869865.0,7048016040710.0,1540382402501.0,1252677178850.0,2.71918E+11,0.35,1.59,7.36,7.34,1.16
000016.SH,2014/4/9,8710075961400.0,7060377907617.0,1540382402501.0,1252677178850.0,2.71918E+11,0.2,0.91,7.37,7.35,1.17
000016.SH,2014/4/10,8884560529335.0,7195839662934.0,1540382402501.0,1252677178850.0,2.71918E+11,0.39,1.78,7.51,7.49,1.19
000016.SH,2014/4/11,8851852104174.0,7174094667601.0,1540382402501.0,1252677178850.0,2.71918E+11,0.3,1.38,7.49,7.46,1.19
000016.SH,2014/4/14,8828472023332.0,7155630970647.0,1540382402501.0,1252677178850.0,2.71566E+11,0.17,0.77,7.47,7.45,1.18
000016.SH,2014/4/15,8667557035303.0,7027357496149.0,1540328100501.0,1252677178850.0,2.71566E+11,0.19,0.89,7.33,7.31,1.16
000016.SH,2014/4/16,8688929513606.0,7043167398958.0,1540328100501.0,1252677178850.0,2.71566E+11,0.15,0.7,7.34,7.33,1.16
000016.SH,2014/4/17,8660278802892.0,7022774438864.0,1540328100501.0,1252677178850.0,2.71566E+11,0.13,0.6,7.32,7.3,1.16
000016.SH,2014/4/18,8642886371436.0,7007157060416.0,1540328100501.0,1252677178850.0,2.71573E+11,0.15,0.71,7.28,7.28,1.16
000016.SH,2014/4/21,8520270321639.0,6908277359273.0,1540328100501.0,1252677178850.0,2.71573E+11,0.15,0.7,7.19,7.18,1.14
000016.SH,2014/4/22,8586442813512.0,6962010144518.0,1540328100501.0,1252677178850.0,2.71573E+11,0.16,0.76,7.25,7.23,1.15
000016.SH,2014/4/23,8574101797234.0,6954277667431.0,1540328100501.0,1252677178850.0,2.71584E+11,0.15,0.69,7.23,7.22,1.15
000016.SH,2014/4/24,8559862862917.0,6942584934887.0,1540328100501.0,1252677178850.0,2.71489E+11,0.13,0.59,7.19,7.2,1.14
000016.SH,2014/4/25,8515056625489.0,6902867776196.0,1540328100501.0,1252677178850.0,2.71489E+11,0.19,0.89,7.16,7.16,1.13
000016.SH,2014/4/28,8451238937078.0,6852267412229.0,1540328100501.0,1252677178850.0,2.69687E+11,0.16,0.73,7.09,7.07,1.11
000016.SH,2014/4/29,8491355686815.0,6884273704481.0,1540328100501.0,1252677178850.0,2.69687E+11,0.15,0.7,7.12,7.06,1.1
000016.SH,2014/4/30,8495173566717.0,6889277808233.0,1540328100501.0,1252677178850.0,2.69687E+11,0.15,0.7,7.14,7.01,1.08
000016.SH,2014/5/5,8457792786615.0,6857330690886.0,1540328100501.0,1252677178850.0,2.69687E+11,0.16,0.73,7.11,6.98,1.08
000016.SH,2014/5/6,8440968047450.0,6843204858399.0,1540328100501.0,1252677178850.0,2.69696E+11,0.14,0.65,7.09,6.97,1.08
000016.SH,2014/5/7,8405671601147.0,6813531416881.0,1540328100501.0,1252677178850.0,2.69088E+11,0.13,0.59,7.06,6.94,1.07
000016.SH,2014/5/8,8424041194895.0,6829158632091.0,1540328100501.0,1252677178850.0,2.67896E+11,0.14,0.64,7.08,6.95,1.08
000016.SH,2014/5/9,8447141616352.0,6847980765141.0,1540328100501.0,1252677178850.0,2.67896E+11,0.12,0.57,7.1,6.97,1.08
000016.SH,2014/5/12,8586880619122.0,6959999849942.0,1540328100501.0,1252677178850.0,2.67896E+11,0.23,1.05,7.22,7.09,1.1
000016.SH,2014/5/13,8574484287644.0,6952089843121.0,1540328100501.0,1252677178850.0,2.67896E+11,0.16,0.75,7.21,7.08,1.09
000016.SH,2014/5/14,8571892267186.0,6949267700321.0,1540328100501.0,1252677178850.0,2.67896E+11,0.12,0.57,7.2,7.08,1.09
000016.SH,2014/5/15,8524048067492.0,6909421790524.0,1540328100501.0,1252677178850.0,2.67896E+11,0.13,0.6,7.16,7.04,1.09
000016.SH,2014/5/16,8531351875135.0,6915646825105.0,1540328100501.0,1252677178850.0,2.67896E+11,0.11,0.5,7.17,7.04,1.09
000016.SH,2014/5/19,8421977190806.0,6825974981412.0,1540328100501.0,1252677178850.0,2.67896E+11,0.13,0.59,7.08,6.95,1.08
000016.SH,2014/5/20,8442689245966.0,6841783063653.0,1540328100501.0,1252677178850.0,2.67896E+11,0.1,0.46,7.09,6.97,1.08
000016.SH,2014/5/21,8514467678168.0,6900425064140.0,1540328100501.0,1252677178850.0,2.67896E+11,0.1,0.44,7.15,7.03,1.09
000016.SH,2014/5/22,8503254978181.0,6872452228692.0,1543897097697.0,1252677178850.0,2.67896E+11,0.12,0.58,7.15,7.02,1.09
000016.SH,2014/5/23,8562658320020.0,6930881257733.0,1545718297697.0,1256072662046.0,2.69619E+11,0.09,0.44,7.2,7.07,1.09
000016.SH,2014/5/26,8557541577773.0,6927495956488.0,1545718297697.0,1256072662046.0,2.69619E+11,0.1,0.45,7.19,7.07,1.09
000016.SH,2014/5/27,8539634496213.0,6911483347808.0,1545718305678.0,1256072670027.0,2.69619E+11,0.1,0.46,7.18,7.05,1.09
000016.SH,2014/5/28,8598769917219.0,6957393976137.0,1545718305678.0,1256072670027.0,2.69619E+11,0.12,0.58,7.23,7.1,1.1
000016.SH,2014/5/29,8598749959802.0,6946450208576.0,1546865343864.0,1256072672513.0,2.69796E+11,0.11,0.53,7.23,7.1,1.1
000016.SH,2014/5/30,8582266432859.0,6932889592347.0,1546865343864.0,1256072672513.0,2.69796E+11,0.11,0.5,7.21,7.09,1.09
000016.SH,2014/6/3,8583073552057.0,6932765140496.0,1546865343864.0,1256072672513.0,2.69796E+11,0.1,0.48,7.21,7.09,1.1
000016.SH,2014/6/4,8537627405958.0,6896762720692.0,1546865343864.0,1256072672513.0,2.69796E+11,0.11,0.51,7.17,7.05,1.09
000016.SH,2014/6/5,8600915989279.0,6944609752431.0,1546865343864.0,1256072672513.0,2.69796E+11,0.1,0.47,7.23,7.1,1.1
000016.SH,2014/6/6,8552721318656.0,6906176630829.0,1546865343864.0,1256072672513.0,2.69796E+11,0.1,0.45,7.19,7.06,1.1
000016.SH,2014/6/9,8584718571317.0,6930009196811.0,1546865343864.0,1256072672513.0,2.69796E+11,0.11,0.5,7.21,7.09,1.1
000016.SH,2014/6/10,8688818319731.0,7012226558648.0,1546865343864.0,1256072672513.0,2.69796E+11,0.15,0.7,7.3,7.17,1.11
000016.SH,2014/6/11,8673100856395.0,7000893215220.0,1546865343864.0,1256072672513.0,2.69796E+11,0.1,0.48,7.29,7.16,1.11
000016.SH,2014/6/12,8649199413597.0,6981583357923.0,1546865343864.0,1256072672513.0,2.69796E+11,0.11,0.52,7.27,7.14,1.11
000016.SH,2014/6/13,8739176181426.0,7051790188216.0,1546868976967.0,1256076305616.0,2.698E+11,0.17,0.81,7.34,7.22,1.12
000016.SH,2014/6/16,8849902175777.0,7161076726379.0,1530024519861.0,1245808281942.0,2.65929E+11,0.19,0.9,7.45,7.31,1.14
000016.SH,2014/6/17,8761563007652.0,7090558818564.0,1530024519861.0,1245808281942.0,2.66111E+11,0.13,0.62,7.38,7.24,1.13
000016.SH,2014/6/18,8715619812859.0,7053266032966.0,1530143113779.0,1245796499460.0,2.66103E+11,0.12,0.58,7.34,7.2,1.12
000016.SH,2014/6/19,8630073732427.0,6983760707171.0,1530143113779.0,1245796499460.0,2.66103E+11,0.14,0.64,7.27,7.13,1.11
000016.SH,2014/6/20,8582798933321.0,6950964107469.0,1530143117664.0,1245796503345.0,2.66103E+11,0.11,0.5,7.23,7.09,1.12
000016.SH,2014/6/23,8531181454251.0,6908285382935.0,1530143117664.0,1245796503345.0,2.66103E+11,0.1,0.49,7.19,7.05,1.11
000016.SH,2014/6/24,8557329661254.0,6930117996724.0,1530143122256.0,1245796507937.0,2.66103E+11,0.1,0.48,7.21,7.07,1.12
000016.SH,2014/6/25,8515955191002.0,6855073212091.0,1535920210676.0,1245796507937.0,2.66103E+11,0.09,0.44,7.17,7.04,1.12
000016.SH,2014/6/26,8552654930128.0,6927546765928.0,1535920210676.0,1250417999789.0,2.70657E+11,0.1,0.48,7.2,7.07,1.12
000016.SH,2014/6/27,8537934293786.0,6917659735056.0,1535920210676.0,1250417999789.0,2.70657E+11,0.13,0.6,7.19,7.06,1.12
000016.SH,2014/6/30,8573245662938.0,6944544371637.0,1535920210676.0,1250417999789.0,2.70657E+11,0.13,0.61,7.22,7.09,1.13
000016.SH,2014/7/1,8550434224255.0,6927023914247.0,1535920210676.0,1250417999789.0,2.70657E+11,0.12,0.56,7.2,7.07,1.12
000016.SH,2014/7/2,8575274603386.0,6945753577275.0,1535920212457.0,1250418001570.0,2.7053E+11,0.13,0.62,7.22,7.09,1.13
000016.SH,2014/7/3,8551175196768.0,6923766319403.0,1535931870236.0,1250429659349.0,2.70542E+11,0.14,0.64,7.2,7.07,1.13
000016.SH,2014/7/4,8556501754658.0,6920754881063.0,1536729569414.0,1250601719588.0,2.7064E+11,0.13,0.59,7.21,7.07,1.13
000016.SH,2014/7/7,8574134274969.0,6943432252947.0,1536729569414.0,1251276473765.0,2.70986E+11,0.13,0.59,7.22,7.09,1.13
000016.SH,2014/7/8,8576059764008.0,6944016117361.0,1536729569414.0,1251276473765.0,2.70986E+11,0.11,0.51,7.22,7.09,1.13
000016.SH,2014/7/9,8483947615486.0,6870903814351.0,1536729569414.0,1251276473765.0,2.70986E+11,0.15,0.69,7.15,7.01,1.12
000016.SH,2014/7/10,8480897561258.0,6869951807136.0,1536729569414.0,1251276473765.0,2.70986E+11,0.13,0.61,7.14,7.01,1.12
000016.SH,2014/7/11,8471707618447.0,6870792295926.0,1536729569414.0,1251276473765.0,2.72253E+11,0.15,0.67,7.14,7,1.13
000016.SH,2014/7/14,8522048981060.0,6912496704480.0,1536729569414.0,1251276473765.0,2.72253E+11,0.16,0.73,7.18,7.04,1.14
000016.SH,2014/7/15,8540137327377.0,6928304153217.0,1536729569414.0,1251276473765.0,2.72253E+11,0.17,0.79,7.19,7.06,1.14
000016.SH,2014/7/16,8537446861066.0,6904832779114.0,1537751026425.0,1251276473765.0,2.72253E+11,0.2,0.9,7.19,7.06,1.14
000016.SH,2014/7/17,8490873191926.0,6877989877876.0,1539511058333.0,1252279081660.0,2.73137E+11,0.13,0.6,7.15,7.02,1.13
000016.SH,2014/7/18,8505936114411.0,6903199109823.0,1539511058333.0,1253773696512.0,2.74147E+11,0.17,0.76,7.17,7.03,1.14
000016.SH,2014/7/21,8484945482094.0,6886393577308.0,1539511058333.0,1253773696512.0,2.74147E+11,0.13,0.61,7.15,7.01,1.13
000016.SH,2014/7/22,8557174321602.0,6943633213698.0,1539511058333.0,1253773696512.0,2.74147E+11,0.2,0.91,7.21,7.06,1.14
000016.SH,2014/7/23,8608966277884.0,6983068330208.0,1539511058333.0,1253773696512.0,2.74147E+11,0.23,1.04,7.25,7.1,1.15
000016.SH,2014/7/24,8768135348047.0,7109416756960.0,1539511058333.0,1253773696512.0,2.74147E+11,0.35,1.62,7.39,7.23,1.17
000016.SH,2014/7/25,8859657237418.0,7184244157148.0,1539511058333.0,1253773696512.0,2.74147E+11,0.25,1.14,7.46,7.31,1.18
000016.SH,2014/7/28,9117358301261.0,7382572342106.0,1539511058333.0,1253773696512.0,2.74147E+11,0.53,2.43,7.68,7.52,1.22
000016.SH,2014/7/29,9112383413369.0,7370460310577.0,1539511058333.0,1253773696512.0,2.74147E+11,0.37,1.71,7.68,7.52,1.22
000016.SH,2014/7/30,9104622146766.0,7367788594561.0,1539511058333.0,1253776024099.0,2.74147E+11,0.35,1.62,7.67,7.51,1.22
000016.SH,2014/7/31,9191447650490.0,7432448025384.0,1539511058333.0,1253776024099.0,2.74147E+11,0.28,1.27,7.74,7.58,1.23
000016.SH,2014/8/1,9134359386034.0,7391796658580.0,1539511058333.0,1253776024099.0,2.74147E+11,0.35,1.61,7.69,7.54,1.22
000016.SH,2014/8/4,9292667076207.0,7517613188158.0,1539511058333.0,1253776024099.0,2.74147E+11,0.36,1.62,7.83,7.67,1.25
000016.SH,2014/8/5,9234917934940.0,7474793996777.0,1539511058333.0,1253776024099.0,2.74147E+11,0.26,1.21,7.78,7.62,1.24
000016.SH,2014/8/6,9177414883252.0,7430249390246.0,1539511058333.0,1253776024099.0,2.74147E+11,0.26,1.2,7.73,7.57,1.23
000016.SH,2014/8/7,9035172819655.0,7315733070724.0,1539511058333.0,1253776024099.0,2.74147E+11,0.28,1.3,7.61,7.45,1.21
000016.SH,2014/8/8,9056771971361.0,7333003042558.0,1539511058333.0,1253776024099.0,2.74109E+11,0.23,1.04,7.63,7.47,1.21
000016.SH,2014/8/11,9181097734520.0,7448259347202.0,1539511058333.0,1256379252484.0,2.74254E+11,0.22,1.01,7.73,7.57,1.23
000016.SH,2014/8/12,9139582650475.0,7407202677757.0,1541643159728.0,1256379252484.0,2.74254E+11,0.2,0.91,7.7,7.53,1.22
000016.SH,2014/8/13,9139925685640.0,7406135717852.0,1541643159728.0,1256379252484.0,2.74254E+11,0.24,1.1,7.7,7.53,1.22
000016.SH,2014/8/14,9074920813756.0,7355211379227.0,1541643159728.0,1256379252484.0,2.74254E+11,0.22,1.02,7.64,7.46,1.21
000016.SH,2014/8/15,9157334379278.0,7420737793533.0,1541643159728.0,1256379252484.0,2.74254E+11,0.22,1,7.71,7.53,1.22
000016.SH,2014/8/18,9155581765850.0,7421329464832.0,1541643159728.0,1256679252484.0,2.74554E+11,0.21,0.96,7.71,7.53,1.22
000016.SH,2014/8/19,9174672331386.0,7438456329727.0,1541643159728.0,1256679252484.0,2.74152E+11,0.23,1.04,7.73,7.54,1.22
000016.SH,2014/8/20,9122384846847.0,7397531049360.0,1541643159728.0,1256679252484.0,2.74152E+11,0.19,0.88,7.68,7.5,1.21
000016.SH,2014/8/21,9049828849623.0,7337765875162.0,1541643159728.0,1256679252484.0,2.7393E+11,0.22,1,7.62,7.44,1.2
000016.SH,2014/8/22,9077621364493.0,7361777059500.0,1541643159728.0,1256821010617.0,2.7393E+11,0.19,0.87,7.65,7.45,1.2
000016.SH,2014/8/25,9029481521637.0,7324068778643.0,1541717380428.0,1256821010617.0,2.7398E+11,0.21,0.97,7.61,7.38,1.19
000016.SH,2014/8/26,8999838306899.0,7298381666106.0,1541717380428.0,1256821010617.0,2.7398E+11,0.19,0.86,7.58,7.35,1.19
000016.SH,2014/8/27,8999410078718.0,7298282953369.0,1541717380428.0,1256821010617.0,2.74281E+11,0.13,0.6,7.58,7.31,1.18
000016.SH,2014/8/28,8958273205295.0,7265813528265.0,1541717380428.0,1256821010617.0,2.74246E+11,0.17,0.76,7.55,7.24,1.17
000016.SH,2014/8/29,9022048312767.0,7316860095005.0,1541717380428.0,1256821010617.0,2.74246E+11,0.18,0.8,7.6,7.23,1.15
000016.SH,2014/9/1,9056403352607.0,7343841883247.0,1541717380428.0,1256821010617.0,2.74303E+11,0.18,0.81,7.63,7.23,1.15
000016.SH,2014/9/2,9159841205871.0,7425122720634.0,1541717380428.0,1256821010617.0,2.75879E+11,0.28,1.26,7.72,7.31,1.16
000016.SH,2014/9/3,9265323402852.0,7513403803859.0,1541717380428.0,1256821010617.0,2.75879E+11,0.31,1.39,7.8,7.4,1.18
000016.SH,2014/9/4,9341493542889.0,7574339784962.0,1541717380428.0,1256821010617.0,2.75879E+11,0.26,1.19,7.87,7.46,1.19
000016.SH,2014/9/5,9429954310016.0,7649953194806.0,1541717437146.0,1256821067335.0,2.75879E+11,0.33,1.52,7.94,7.53,1.2
000016.SH,2014/9/9,9378236960209.0,7609586669492.0,1541717437146.0,1256821067335.0,2.75879E+11,0.24,1.11,7.9,7.49,1.19
000016.SH,2014/9/10,9294456848219.0,7542913951316.0,1541717437146.0,1256821067335.0,2.75879E+11,0.23,1.06,7.83,7.42,1.18
000016.SH,2014/9/11,9257939323410.0,7513961408760.0,1541737392046.0,1256821067335.0,2.75879E+11,0.29,1.32,7.8,7.39,1.18
000016.SH,2014/9/12,9310697812357.0,7558302869906.0,1541737392046.0,1256821067335.0,2.75879E+11,0.23,1.03,7.84,7.44,1.18
000016.SH,2014/9/15,9281229883919.0,7535838445884.0,1541737392046.0,1256821067335.0,2.75879E+11,0.27,1.25,7.82,7.41,1.18
000016.SH,2014/9/16,9178493648291.0,7452844277795.0,1541737392046.0,1256841022235.0,2.75899E+11,0.4,1.83,7.73,7.33,1.17
000016.SH,2014/9/17,9197143130791.0,7468107807051.0,1541757025366.0,1256841022235.0,2.75899E+11,0.24,1.08,7.75,7.34,1.17
000016.SH,2014/9/18,9214170067706.0,7479453391350.0,1541757066318.0,1256841063187.0,2.75899E+11,0.27,1.21,7.76,7.36,1.17
000016.SH,2014/9/19,9231060641586.0,7491187658441.0,1541757066318.0,1256841063187.0,2.75899E+11,0.24,1.1,7.78,7.37,1.18
000016.SH,2014/9/22,9032520086942.0,7333505119560.0,1541757066318.0,1256860696507.0,2.75919E+11,0.24,1.09,7.61,7.21,1.15
000016.SH,2014/9/23,9078233658913.0,7371871382849.0,1541757066318.0,1256860696507.0,2.75919E+11,0.19,0.87,7.65,7.25,1.16
000016.SH,2014/9/24,9208705671335.0,7476406915783.0,1541757066318.0,1256860696507.0,2.75919E+11,0.36,1.64,7.76,7.35,1.18
000016.SH,2014/9/25,9194732083216.0,7466017534886.0,1541757066318.0,1256860696507.0,2.75919E+11,0.3,1.36,7.75,7.34,1.17
000016.SH,2014/9/26,9185416209444.0,7459010184103.0,1541757066318.0,1256860696507.0,2.75919E+11,0.21,0.95,7.74,7.34,1.17
000016.SH,2014/9/29,9193299732719.0,7445364361658.0,1549759657345.0,1256860696507.0,2.75919E+11,0.31,1.42,7.74,7.34,1.17
000016.SH,2014/9/30,9187492320933.0,7462703688325.0,1549759657345.0,1264731708586.0,2.79859E+11,0.26,1.19,7.74,7.34,1.17
000016.SH,2014/10/8,9225147329698.0,7493842548530.0,1549759657345.0,1264731708586.0,2.79927E+11,0.31,1.39,7.77,7.37,1.18
000016.SH,2014/10/9,9234374884818.0,7501685157588.0,1549866592367.0,1264838643608.0,2.80034E+11,0.32,1.44,7.78,7.37,1.18
000016.SH,2014/10/10,9171743534766.0,7451645275867.0,1549967056769.0,1264939108010.0,2.80134E+11,0.29,1.32,7.73,7.32,1.17
000016.SH,2014/10/13,9090022856223.0,7385915824905.0,1549967056769.0,1264939108010.0,2.80134E+11,0.27,1.21,7.66,7.26,1.16
000016.SH,2014/10/14,9070463082204.0,7370336125480.0,1549967056769.0,1264939108010.0,2.80134E+11,0.26,1.18,7.64,7.24,1.16
000016.SH,2014/10/15,9124388277919.0,7412159808282.0,1549967056769.0,1264939108010.0,2.80134E+11,0.27,1.23,7.69,7.29,1.16
000016.SH,2014/10/16,9122783173479.0,7408755620328.0,1549967056769.0,1264939108010.0,2.80134E+11,0.39,1.77,7.68,7.29,1.16
000016.SH,2014/10/17,9097442238223.0,7388242238451.0,1549967056769.0,1264939108010.0,2.80134E+11,0.34,1.54,7.66,7.27,1.16
000016.SH,2014/10/20,9114504213588.0,7401831657072.0,1549967056769.0,1264939108010.0,2.80134E+11,0.23,1.02,7.68,7.28,1.16
000016.SH,2014/10/21,9063831895700.0,7360740857665.0,1549967056769.0,1264939108010.0,2.80134E+11,0.24,1.08,7.64,7.24,1.16
000016.SH,2014/10/22,9058242687522.0,7351869687591.0,1549967056769.0,1264939108010.0,2.80134E+11,0.23,1.05,7.63,7.23,1.16
000016.SH,2014/10/23,9004587933968.0,7305201163519.0,1549967056769.0,1264939108010.0,2.80134E+11,0.27,1.21,7.59,7.19,1.15
000016.SH,2014/10/24,8996117163202.0,7298386306848.0,1549967056769.0,1264939108010.0,2.80134E+11,0.21,0.96,7.58,7.18,1.15
000016.SH,2014/10/27,8891680913667.0,7217017341187.0,1549967056769.0,1264939108010.0,2.80136E+11,0.2,0.88,7.49,7.1,1.13
000016.SH,2014/10/28,9013997389355.0,7316543401765.0,1549967056769.0,1264939108010.0,2.80136E+11,0.22,0.98,7.59,7.19,1.15
000016.SH,2014/10/29,9120097306537.0,7400056572815.0,1549967056769.0,1264939108010.0,2.80197E+11,0.32,1.43,7.68,7.22,1.15
000016.SH,2014/10/30,9185795622765.0,7453839239338.0,1549967056769.0,1264939108010.0,2.80197E+11,0.4,1.79,7.74,7.23,1.14
000016.SH,2014/10/31,9387515457722.0,7610425370981.0,1549967056769.0,1264939108010.0,2.79794E+11,0.66,2.98,7.91,7.34,1.15
000016.SH,2014/11/3,9341796389254.0,7577419458435.0,1549967056769.0,1264939108010.0,2.79734E+11,0.47,2.11,7.87,7.31,1.14
000016.SH,2014/11/4,9320601187327.0,7563307569828.0,1549967056769.0,1264939108010.0,2.79734E+11,0.46,2.09,7.85,7.29,1.14
000016.SH,2014/11/5,9261521091111.0,7512219895079.0,1549967056769.0,1264939108010.0,2.79951E+11,0.41,1.85,7.8,7.24,1.13
000016.SH,2014/11/6,9251445818254.0,7507453568914.0,1549967056769.0,1264939108010.0,2.79951E+11,0.32,1.44,7.79,7.24,1.13
000016.SH,2014/11/7,9251504521021.0,7503898263054.0,1549967056769.0,1264939108010.0,2.79951E+11,0.53,2.4,7.79,7.24,1.13
000016.SH,2014/11/10,9492153281655.0,7702094766980.0,1549967056769.0,1264939108010.0,2.79951E+11,0.68,3.06,8,7.43,1.16
000016.SH,2014/11/11,9660318298092.0,7831510386230.0,1549967056769.0,1264939108010.0,2.79951E+11,1.06,4.78,8.14,7.56,1.18
000016.SH,2014/11/12,9680212450062.0,7851045220803.0,1549967056769.0,1264939108010.0,2.79951E+11,0.52,2.36,8.15,7.57,1.18
000016.SH,2014/11/13,9680062160606.0,7846959402954.0,1549967056769.0,1264939108010.0,2.79951E+11,0.63,2.86,8.15,7.57,1.18
000016.SH,2014/11/14,9679587675485.0,7849723654250.0,1549967056769.0,1264939108010.0,2.79951E+11,0.48,2.19,8.15,7.57,1.18
000016.SH,2014/11/17,9584303498162.0,7780215404213.0,1549967056769.0,1264939108010.0,2.79951E+11,0.46,2.08,8.07,7.5,1.17
000016.SH,2014/11/18,9445433676020.0,7670553862326.0,1550492562682.0,1265464613923.0,2.80476E+11,0.44,1.97,7.96,7.39,1.15
000016.SH,2014/11/19,9396300462595.0,7629502580710.0,1550492562682.0,1265464613923.0,2.80476E+11,0.32,1.45,7.92,7.35,1.15
000016.SH,2014/11/20,9421082119942.0,7644141781433.0,1550492562682.0,1265464613923.0,2.80476E+11,0.3,1.33,7.94,7.37,1.15
000016.SH,2014/11/21,9576724156812.0,7766284427785.0,1550492562682.0,1265464613923.0,2.80476E+11,0.42,1.91,8.07,7.49,1.17
000016.SH,2014/11/24,9758406314926.0,7908745504943.0,1550492562682.0,1265464613923.0,2.80476E+11,0.83,3.74,8.22,7.63,1.19
000016.SH,2014/11/25,9864792188692.0,7995496656048.0,1550492562682.0,1265464613923.0,2.80476E+11,0.58,2.61,8.31,7.72,1.2
000016.SH,2014/11/26,10101150451573.0,8172960824597.0,1550492562682.0,1265464613923.0,2.80476E+11,0.74,3.33,8.51,7.9,1.23
000016.SH,2014/11/27,10256541511240.0,8286403209179.0,1550492562682.0,1265464613923.0,2.80476E+11,0.86,3.87,8.64,8.02,1.25
000016.SH,2014/11/28,10607058861972.0,8561866585031.0,1550495682802.0,1265464613923.0,2.80476E+11,1.28,5.79,8.93,8.3,1.29
000016.SH,2014/12/1,10593896988173.0,8554624405847.0,1550495682802.0,1265464613923.0,2.80476E+11,1.23,5.57,8.92,8.29,1.29
000016.SH,2014/12/2,11089447276236.0,8937020192884.0,1550700201944.0,1265669133065.0,2.8073E+11,1.21,5.46,9.34,8.67,1.35
000016.SH,2014/12/3,11087753122054.0,8947106105872.0,1550700201944.0,1265672253185.0,2.80733E+11,1.51,6.83,9.34,8.67,1.35
000016.SH,2014/12/4,11818569995841.0,9530349763152.0,1550700201944.0,1265672253185.0,2.80733E+11,1.36,6.14,9.96,9.24,1.44
000016.SH,2014/12/5,12292279038494.0,9927294319495.0,1550700201944.0,1265672253185.0,2.80733E+11,1.78,8.03,10.35,9.62,1.49
000016.SH,2014/12/8,12669955081081.0,10236852130137.0,1550700201944.0,1265672253185.0,2.80733E+11,1.57,7.09,10.67,9.91,1.54
000016.SH,2014/12/9,11824345030129.0,9548438731958.0,1551294264448.0,1265672259689.0,2.80733E+11,2.13,9.59,9.96,9.25,1.43
000016.SH,2014/12/10,12067136051893.0,9758321759222.0,1551294264448.0,1265672259689.0,2.80733E+11,1.5,6.77,10.16,9.44,1.46
000016.SH,2014/12/11,11764718822884.0,9520147413274.0,1551294264448.0,1265672259689.0,2.80733E+11,1.15,5.2,9.91,9.2,1.43
000016.SH,2014/12/12,11788976266133.0,9534518753524.0,1551294264448.0,1265672259689.0,2.80733E+11,0.88,3.97,9.93,9.22,1.42
000016.SH,2014/12/15,11958417309160.0,9708903125632.0,1585269364039.0,1286776086444.0,2.79939E+11,0.84,3.88,9.83,9.13,1.41
000016.SH,2014/12/16,12431386544185.0,10078122535113.0,1585269364039.0,1286776086444.0,2.79939E+11,1.15,5.29,10.22,9.49,1.47
000016.SH,2014/12/17,12840605588742.0,10398935249254.0,1585269364039.0,1286776086444.0,2.80169E+11,1.64,7.54,10.56,9.8,1.52
000016.SH,2014/12/18,12730194472937.0,10310219295483.0,1585269364039.0,1286776086444.0,2.80169E+11,1.23,5.66,10.47,9.72,1.5
000016.SH,2014/12/19,12950713108888.0,10501760040598.0,1585269364039.0,1286776086444.0,2.80169E+11,1.23,5.66,10.65,9.89,1.53
000016.SH,2014/12/22,13339283573742.0,10802446800402.0,1585269364039.0,1286776086444.0,2.80169E+11,1.7,7.79,10.97,10.19,1.57
000016.SH,2014/12/23,12902799616434.0,10441297319673.0,1585269364039.0,1286776086444.0,2.80169E+11,1.06,4.85,10.61,9.85,1.52
000016.SH,2014/12/24,12383002319942.0,10031130363550.0,1585269364039.0,1286776086444.0,2.80169E+11,0.96,4.41,10.18,9.46,1.46
000016.SH,2014/12/25,12878929309756.0,10427644377614.0,1585269364039.0,1286776086444.0,2.80169E+11,0.94,4.33,10.59,9.83,1.52
000016.SH,2014/12/26,13418342752916.0,10852297519470.0,1585269489707.0,1286776212112.0,2.80169E+11,1.18,5.43,11.03,10.25,1.58
000016.SH,2014/12/29,13576963344954.0,11007710295233.0,1585269489707.0,1288559357050.0,2.80504E+11,1.43,6.58,11.16,10.37,1.6
000016.SH,2014/12/30,13813712474562.0,11182114579366.0,1585269489707.0,1288559357050.0,2.80504E+11,1.16,5.33,11.36,10.55,1.63
000016.SH,2014/12/31,14196270001483.0,11495413488505.0,1585631654478.0,1288921521821.0,2.80866E+11,1.2,5.51,11.67,10.84,1.69
000016.SH,2015/1/5,14822675099403.0,12020258182663.0,1585631654478.0,1288921521821.0,2.80866E+11,1.42,6.5,12.19,11.32,1.74
000016.SH,2015/1/6,14749203414322.0,11986693505733.0,1587498346485.0,1290788213828.0,2.82733E+11,1.34,6.13,12.13,11.25,1.73
000016.SH,2015/1/7,14891428885270.0,12116498296910.0,1589480609425.0,1292770476768.0,2.84715E+11,0.99,4.51,12.25,11.36,1.74
000016.SH,2015/1/8,14450826637065.0,11764344725703.0,1589480609425.0,1292770476768.0,2.84715E+11,0.92,4.16,11.88,11.02,1.69
000016.SH,2015/1/9,14510103258807.0,11796595425574.0,1589480609425.0,1292770476768.0,2.84715E+11,1.21,5.49,11.93,11.06,1.7
000016.SH,2015/1/12,14309069145171.0,11616027558219.0,1589480609425.0,1292770476768.0,2.84715E+11,0.92,4.19,11.77,10.91,1.68
000016.SH,2015/1/13,14280041725811.0,11597163691435.0,1589728560238.0,1293018427581.0,2.84963E+11,0.6,2.7,11.74,10.89,1.67
000016.SH,2015/1/14,14253389592828.0,11568870763771.0,1589728560238.0,1293018427581.0,2.8497E+11,0.65,2.95,11.72,10.87,1.67
000016.SH,2015/1/15,14964817540342.0,12139141438274.0,1589728560238.0,1293018427581.0,2.8497E+11,0.87,3.93,12.31,11.41,1.75
000016.SH,2015/1/16,15170473357408.0,12302331769887.0,1589728560238.0,1293018427581.0,2.85035E+11,1.04,4.73,12.48,11.56,1.77
000016.SH,2015/1/19,13749133884901.0,11157136879020.0,1589728560238.0,1293018427581.0,2.85383E+11,1.08,4.91,11.31,10.48,1.61
000016.SH,2015/1/20,13870827495414.0,11259351451497.0,1589728560238.0,1293018427581.0,2.85383E+11,1.06,4.82,11.41,10.57,1.62
000016.SH,2015/1/21,14715154020057.0,11931929064960.0,1589728560238.0,1293018427581.0,2.85383E+11,1.15,5.21,12.1,11.21,1.72
000016.SH,2015/1/22,14723189321969.0,11939468677270.0,1589728560238.0,1293018427581.0,2.85383E+11,0.88,3.98,12.11,11.22,1.72
000016.SH,2015/1/23,14867438199834.0,12063555072645.0,1589728560238.0,1294633665678.0,2.86999E+11,0.96,4.34,12.23,11.31,1.74
000016.SH,2015/1/26,14885143323984.0,12091257791259.0,1589728560238.0,1294633665678.0,2.86999E+11,0.74,3.34,12.24,11.32,1.74
000016.SH,2015/1/27,14607935013328.0,11869366612892.0,1589728560238.0,1294633665678.0,2.86999E+11,0.9,4.06,12.01,11.11,1.71
000016.SH,2015/1/28,14328782178668.0,11651618600785.0,1589728560238.0,1294838023476.0,2.87203E+11,0.67,3.01,11.78,10.87,1.67
000016.SH,2015/1/29,14049666604300.0,11425800648827.0,1589728560238.0,1294838023476.0,2.87203E+11,0.63,2.83,11.55,10.66,1.64
000016.SH,2015/1/30,13775885430432.0,11204284103336.0,1589728560238.0,1294838023476.0,2.87203E+11,0.59,2.67,11.33,10.45,1.61
000016.SH,2015/2/2,13299209640134.0,10826342987987.0,1589728560238.0,1294838023476.0,2.87203E+11,0.65,2.95,10.94,10.09,1.55
000016.SH,2015/2/3,13751706640687.0,11187092765014.0,1589728560238.0,1294838023476.0,2.87203E+11,0.64,2.86,11.31,10.43,1.6
000016.SH,2015/2/4,13540721153345.0,11021631972074.0,1589806063435.0,1294915526673.0,2.87281E+11,0.6,2.7,11.14,10.27,1.58
000016.SH,2015/2/5,13370186012305.0,10881671742296.0,1590856202410.0,1295965665648.0,2.88331E+11,0.85,3.84,10.99,10.14,1.56
000016.SH,2015/2/6,13137816232235.0,10690619524311.0,1592171113930.0,1297280577168.0,2.89646E+11,0.59,2.66,10.8,9.97,1.53
000016.SH,2015/2/9,13339708814303.0,10849121331057.0,1592175144220.0,1297280577168.0,2.89646E+11,0.57,2.55,10.97,10.12,1.57
000016.SH,2015/2/10,13552284434978.0,11022226155134.0,1592175144220.0,1297280577168.0,2.89646E+11,0.53,2.38,11.14,10.28,1.6
000016.SH,2015/2/11,13583087909170.0,11045162273167.0,1592175144220.0,1297280577168.0,2.89646E+11,0.39,1.74,11.17,10.34,1.6
000016.SH,2015/2/12,13629297002642.0,11083084080220.0,1592174913220.0,1297284607458.0,2.8965E+11,0.47,2.09,11.21,10.38,1.6
000016.SH,2015/2/13,13704977776386.0,11149878639026.0,1593915588251.0,1299025282489.0,2.9139E+11,0.65,2.88,11.27,10.45,1.61
000016.SH,2015/2/16,13694041454230.0,11146900871913.0,1595512720000.0,1300622414238.0,2.9394E+11,0.48,2.13,11.26,10.45,1.61
000016.SH,2015/2/17,13787360668440.0,11219628463689.0,1595512720000.0,1300622414238.0,2.9394E+11,0.46,2.04,11.33,10.53,1.62
000016.SH,2015/2/25,13666206847486.0,11132478748504.0,1595512720000.0,1300623636558.0,2.93941E+11,0.49,2.18,11.23,10.43,1.6
000016.SH,2015/2/26,13994027240722.0,11400532784252.0,1595512720000.0,1300623636558.0,2.93941E+11,0.73,3.22,11.5,10.68,1.64
000016.SH,2015/2/27,14000120394074.0,11410014870009.0,1595512720000.0,1300623636558.0,2.93941E+11,0.66,2.91,11.51,10.69,1.64
000016.SH,2015/3/2,13999041321245.0,11409886649073.0,1595512720000.0,1300623636558.0,2.93941E+11,0.68,3,11.51,10.69,1.64
000016.SH,2015/3/3,13505039526017.0,11011726250540.0,1595512720000.0,1300623636558.0,2.93941E+11,0.7,3.11,11.1,10.31,1.59
000016.SH,2015/3/4,13506849416690.0,11015159804966.0,1595512741825.0,1300623658383.0,2.93941E+11,0.49,2.19,11.1,10.31,1.59
000016.SH,2015/3/5,13296490768515.0,10847218100339.0,1595512741825.0,1300623658383.0,2.93941E+11,0.6,2.65,10.92,10.15,1.56
000016.SH,2015/3/6,13341851732641.0,10878190709325.0,1595512741825.0,1300623658383.0,2.93941E+11,0.5,2.2,10.96,10.19,1.57
000016.SH,2015/3/9,13699819444935.0,11158769076544.0,1595512741825.0,1300623658383.0,2.93941E+11,0.82,3.61,11.23,10.45,1.61
000016.SH,2015/3/10,13481325284686.0,10984659501907.0,1595512741825.0,1300623658383.0,2.94102E+11,0.6,2.67,11.06,10.28,1.58
000016.SH,2015/3/11,13546027888376.0,11035639881989.0,1595512741825.0,1300623658383.0,2.94102E+11,0.54,2.38,11.11,10.33,1.59
000016.SH,2015/3/12,13950851471072.0,11357018685244.0,1595512741825.0,1300623658383.0,2.94102E+11,0.96,4.24,11.44,10.64,1.64
000016.SH,2015/3/13,13975841138583.0,11383534559047.0,1595512741825.0,1300623658383.0,2.94102E+11,0.8,3.54,11.46,10.66,1.64
000016.SH,2015/3/16,14223164873786.0,11599063183948.0,1595512741825.0,1301985762083.0,2.94112E+11,0.8,3.54,11.66,10.85,1.67
000016.SH,2015/3/17,14398529887529.0,11747954105513.0,1595512741825.0,1301985762083.0,2.94112E+11,1.01,4.49,11.79,10.98,1.69
000016.SH,2015/3/18,14739362568461.0,12025551869046.0,1595512741825.0,1301985762083.0,2.94112E+11,1.14,5.03,12.07,11.24,1.73
000016.SH,2015/3/19,14631636290285.0,11947584428383.0,1595512741825.0,1301985762083.0,2.91407E+11,1.03,4.58,11.88,11.16,1.72
000016.SH,2015/3/20,14815359020665.0,12094105616289.0,1595512741825.0,1301985762083.0,2.91407E+11,1.18,5.28,11.92,11.28,1.73
000016.SH,2015/3/23,15013510366715.0,12262965918207.0,1595512741825.0,1301985762083.0,2.91407E+11,1.09,4.88,12.35,11.6,1.76
000016.SH,2015/3/24,14879609161268.0,12162788406466.0,1595512741825.0,1301985762083.0,2.9144E+11,1.18,5.27,12.16,11.5,1.74
000016.SH,2015/3/25,14621486559871.0,11958800397160.0,1595512741825.0,1301985762083.0,2.9144E+11,1.02,4.54,11.75,11.28,1.7
000016.SH,2015/3/26,14907530110134.0,12215640800759.0,1595512741825.0,1303578264421.0,2.93E+11,1.02,4.55,11.98,11.5,1.73
000016.SH,2015/3/27,14839219919921.0,12158799902048.0,1595512741825.0,1303578264421.0,2.93E+11,0.92,4.09,11.98,11.67,1.71
000016.SH,2015/3/30,15301136929171.0,12535067488078.0,1595512741825.0,1303578264421.0,2.93934E+11,1.39,6.17,12.26,12.02,1.76
000016.SH,2015/3/31,15120567974541.0,12387428347573.0,1595512741825.0,1303578264421.0,2.93942E+11,1.35,5.98,12.05,11.88,1.73
000016.SH,2015/4/1,15313647929348.0,12548872477481.0,1595512741825.0,1303578264421.0,2.93942E+11,0.96,4.26,12.2,12.03,1.76
000016.SH,2015/4/2,15241766935388.0,12492320495230.0,1595512789810.0,1303578312406.0,2.93942E+11,0.94,4.16,12.14,11.97,1.75
000016.SH,2015/4/3,15330011088606.0,12567328224517.0,1595512789810.0,1303578312406.0,2.93942E+11,0.87,3.84,12.19,12.03,1.76
000016.SH,2015/4/7,15781219805630.0,12934204581843.0,1595512789810.0,1303578312406.0,2.93609E+11,1.23,5.45,12.55,12.39,1.81
000016.SH,2015/4/8,16094282323920.0,13186351739132.0,1595512789810.0,1303578312406.0,2.93609E+11,1.38,6.13,12.8,12.63,1.84
000016.SH,2015/4/9,15967774541694.0,13080864397401.0,1595512979810.0,1303578312406.0,2.93609E+11,1.36,6.02,12.7,12.53,1.83
000016.SH,2015/4/10,16223912025166.0,13276898398620.0,1595512979810.0,1303578312406.0,2.93609E+11,1.08,4.81,12.9,12.73,1.86
000016.SH,2015/4/13,16561908962645.0,13555005504503.0,1595512979810.0,1303578312406.0,2.93609E+11,1.3,5.77,13.17,13,1.9
000016.SH,2015/4/14,16506156672697.0,13525841717509.0,1595512979810.0,1303578312406.0,2.93609E+11,1.25,5.53,13.12,12.95,1.89
000016.SH,2015/4/15,16593743489777.0,13589744089692.0,1595512979810.0,1303578312406.0,2.93609E+11,1.37,6.1,13.18,13.02,1.9
000016.SH,2015/4/16,17259786908748.0,14136622776830.0,1595512979810.0,1303578312406.0,2.93609E+11,1.32,5.86,13.71,13.54,1.98
000016.SH,2015/4/17,17603847260675.0,14441970199884.0,1595512979810.0,1303578312406.0,2.93609E+11,1.59,7.07,13.96,13.81,2.01
000016.SH,2015/4/20,17136892333309.0,14094692315737.0,1595512979810.0,1303578312406.0,2.93609E+11,2.04,9.06,13.59,13.44,1.96
000016.SH,2015/4/21,17339091399192.0,14259814314193.0,1595512979810.0,1303578312406.0,2.93609E+11,1.41,6.28,13.72,13.6,1.98
000016.SH,2015/4/22,17700160270666.0,14555803909971.0,1595512979810.0,1303578312406.0,2.93613E+11,1.55,6.87,14.01,13.89,2.02
000016.SH,2015/4/23,17623836712388.0,14504396343798.0,1595512979810.0,1303578312406.0,2.93642E+11,1.36,6.03,13.95,13.81,2.01
000016.SH,2015/4/24,17415318716329.0,14351540121113.0,1595512979810.0,1303578312406.0,2.93676E+11,1.42,6.3,13.78,13.65,1.99
000016.SH,2015/4/27,18123096050176.0,14948094718524.0,1595512979810.0,1303578312406.0,2.93676E+11,1.54,6.82,14.33,14.25,2.06
000016.SH,2015/4/28,18081910562034.0,14890693307219.0,1595512979810.0,1303578312406.0,2.93555E+11,2.04,9.06,14.21,14.48,2.05
000016.SH,2015/4/29,17836845667939.0,14686542172394.0,1595512979810.0,1303578312406.0,2.93374E+11,1.13,5,14,14.17,1.98
000016.SH,2015/4/30,17564224611230.0,14470074850912.0,1595512979810.0,1303578312406.0,2.93065E+11,1.12,4.99,13.78,13.88,1.89
000016.SH,2015/5/4,17687680346430.0,14574250826091.0,1595512979810.0,1303578312406.0,2.93065E+11,1.02,4.55,13.88,13.98,1.91
000016.SH,2015/5/5,17024407112034.0,14023637242262.0,1595512979810.0,1303578312406.0,2.93065E+11,1.31,5.82,13.36,13.46,1.84
000016.SH,2015/5/6,16878158325673.0,13878876599497.0,1595513032222.0,1303578364818.0,2.93065E+11,1.14,5.05,13.25,13.34,1.82
000016.SH,2015/5/7,16512900762743.0,13573221219191.0,1595512770822.0,1303578103418.0,2.93099E+11,0.84,3.73,12.96,13.05,1.78
000016.SH,2015/5/8,16666809824969.0,13707655242971.0,1595512770822.0,1303578103418.0,2.93099E+11,0.79,3.52,13.08,13.17,1.8
000016.SH,2015/5/11,16974966670873.0,13946676649734.0,1596723792822.0,1303578103418.0,2.93099E+11,1.03,4.56,13.32,13.42,1.83
000016.SH,2015/5/12,17052469627659.0,14034925109571.0,1596723792822.0,1304317838345.0,2.93787E+11,1,4.45,13.38,13.48,1.84
000016.SH,2015/5/13,16799074929578.0,13822671837067.0,1596723792822.0,1304317838345.0,2.93787E+11,0.9,3.99,13.18,13.28,1.81
000016.SH,2015/5/14,16757742426723.0,13784369117849.0,1596723792822.0,1304317838345.0,2.93787E+11,0.81,3.59,13.15,13.24,1.81
000016.SH,2015/5/15,16382379157441.0,13512374456769.0,1596723792822.0,1314209603052.0,3.03679E+11,0.84,3.62,12.86,12.95,1.77
000016.SH,2015/5/18,16066991264837.0,13231948540924.0,1597771934042.0,1314209603052.0,3.03851E+11,0.66,2.86,12.61,12.7,1.73
000016.SH,2015/5/19,16617897283575.0,13688802879345.0,1597771934042.0,1314209603052.0,3.03851E+11,0.85,3.66,13.04,13.13,1.79
000016.SH,2015/5/20,16207070041920.0,13324340846330.0,1582634175322.0,1300897184275.0,2.99022E+11,0.96,4.17,12.79,12.88,1.75
000016.SH,2015/5/21,16509873635748.0,13551135360812.0,1589004248872.0,1306032422431.0,3.01373E+11,0.73,3.14,12.97,13.07,1.78
000016.SH,2015/5/22,17023015819631.0,13974503496793.0,1589004248872.0,1306032422431.0,3.01373E+11,1.15,4.98,13.37,13.47,1.83
000016.SH,2015/5/25,17530297135321.0,14403215108854.0,1589004248872.0,1306032422431.0,3.01373E+11,1.21,5.26,13.77,13.88,1.89
000016.SH,2015/5/26,17671960308318.0,14521630088711.0,1589004248872.0,1306032422431.0,3.01373E+11,1.13,4.91,13.88,13.99,1.9
000016.SH,2015/5/27,17650827111406.0,14453302497278.0,1591351314912.0,1306174422431.0,3.01515E+11,1.13,4.89,13.87,13.97,1.9
000016.SH,2015/5/28,16565299147483.0,13401072688620.0,1610971241497.0,1306174422431.0,3.01515E+11,1.36,5.91,13.02,13.11,1.78
000016.SH,2015/5/29,16510911546698.0,13350509488198.0,1612203441455.0,1309182246116.0,3.039E+11,1.02,4.4,12.97,13.07,1.77
000016.SH,2015/6/1,17608682206436.0,13912385307060.0,1625610971348.0,1309042246116.0,3.04314E+11,1.08,4.63,13.84,13.94,1.88
000016.SH,2015/6/2,17630891035801.0,13932432693063.0,1625610971348.0,1309042246116.0,3.04314E+11,1.03,4.43,13.85,13.96,1.88
000016.SH,2015/6/3,17547708222251.0,13966400241518.0,1625641824746.0,1312293171284.0,3.04829E+11,0.98,4.21,13.79,13.89,1.88
000016.SH,2015/6/4,17911577415973.0,14565143482005.0,1625641824746.0,1323431863577.0,3.08977E+11,1.39,5.97,14.07,14.18,1.91
000016.SH,2015/6/5,17987376647961.0,14635840323342.0,1626060319746.0,1323431863577.0,3.08977E+11,1.42,6.09,14.13,14.24,1.91
000016.SH,2015/6/8,18893427506687.0,15358016436352.0,1626060319746.0,1323431863577.0,3.0949E+11,1.88,8.02,14.84,14.95,2.01
000016.SH,2015/6/9,18673883219025.0,15168546747432.0,1626060319746.0,1323431863577.0,3.0949E+11,1.67,7.12,14.67,14.78,1.99
000016.SH,2015/6/10,18387707871076.0,14939998542195.0,1626060319746.0,1323431863577.0,3.0949E+11,1.17,5.02,14.45,14.55,1.96
000016.SH,2015/6/11,18265528474045.0,14836907606653.0,1626060319746.0,1323431863577.0,3.0949E+11,1.04,4.46,14.35,14.46,1.94
000016.SH,2015/6/12,18286822197802.0,14857427237962.0,1626060319746.0,1323431863577.0,3.0949E+11,1.1,4.69,14.37,14.47,1.95
000016.SH,2015/6/15,20083711343248.0,15982188820046.0,1963865071798.0,1563295702059.0,3.36967E+11,1.07,4.97,13.62,13.68,1.86
000016.SH,2015/6/16,19528294450039.0,15464096632036.0,1966223532407.0,1563295702059.0,3.36967E+11,1,4.63,13.24,13.3,1.81
000016.SH,2015/6/17,19801812264330.0,15738376932098.0,1966242443943.0,1565494416542.0,3.38321E+11,1.02,4.72,13.43,13.49,1.83
000016.SH,2015/6/18,18909764350954.0,15054088781758.0,1966242443943.0,1565494416542.0,3.38321E+11,0.88,4.06,12.82,12.88,1.75
000016.SH,2015/6/19,17899511643358.0,14249744798278.0,1966242443943.0,1565494416542.0,3.38321E+11,0.84,3.9,12.14,12.19,1.66
000016.SH,2015/6/23,18549368905575.0,14760462041478.0,1966242443943.0,1565513328078.0,3.3834E+11,0.87,4.01,12.58,12.63,1.72
000016.SH,2015/6/24,18899699724904.0,15019357687625.0,1967505212743.0,1565497051198.0,3.38391E+11,0.9,4.18,12.81,12.87,1.76
000016.SH,2015/6/25,18285779952331.0,14529334487018.0,1967505212743.0,1565497051198.0,3.38391E+11,1.02,4.73,12.4,12.46,1.7
000016.SH,2015/6/26,17156329014986.0,13630738562187.0,1969728979641.0,1567720818096.0,3.40646E+11,1.17,5.38,11.63,11.69,1.59
000016.SH,2015/6/29,17062608471749.0,13561499021069.0,1969728979641.0,1567720818096.0,3.40646E+11,1.35,6.22,11.57,11.62,1.58
000016.SH,2015/6/30,18125199353903.0,14389996381370.0,1969728979641.0,1567720818096.0,3.40646E+11,1.4,6.45,12.29,12.35,1.68
000016.SH,2015/7/1,17314692356510.0,13750961480491.0,1969728979641.0,1567999737935.0,3.40646E+11,1.08,4.99,11.74,11.79,1.61
000016.SH,2015/7/2,17542604451237.0,13919033002810.0,1969728979641.0,1567999737935.0,3.40646E+11,1.33,6.14,11.89,11.95,1.63
000016.SH,2015/7/3,16769784000145.0,13321397168732.0,1969728979641.0,1567999737935.0,3.40646E+11,1.18,5.41,11.37,11.42,1.57
000016.SH,2015/7/6,18100495786342.0,14370382295772.0,1969728979641.0,1567999737935.0,3.40646E+11,2.2,10.12,12.27,12.33,1.69
000016.SH,2015/7/7,18766160784964.0,14874198325571.0,1969728979641.0,1567999737935.0,3.40646E+11,2.23,10.28,12.72,12.78,1.77
000016.SH,2015/7/8,17734526866918.0,14033703364849.0,1971509908343.0,1567999737935.0,3.40646E+11,2.41,11.08,12.02,12.08,1.67
000016.SH,2015/7/9,18683725028834.0,14822437616311.0,1971509908343.0,1569297275297.0,3.41385E+11,1.73,7.94,12.67,12.72,1.76
000016.SH,2015/7/10,19157493212392.0,15205993242875.0,1971509908343.0,1569344615091.0,3.41363E+11,1.89,8.68,12.99,13.04,1.82
000016.SH,2015/7/13,18659767897105.0,14824772705672.0,1971509908343.0,1569344615091.0,3.41547E+11,1.49,6.83,12.65,12.7,1.77
000016.SH,2015/7/14,18099545022314.0,14369081683900.0,1971509908343.0,1569344615091.0,3.41547E+11,1.24,5.69,12.27,12.27,1.72
000016.SH,2015/7/15,18425109051297.0,14639878188375.0,1971509908343.0,1569344615091.0,3.41547E+11,1.18,5.44,12.49,12.49,1.75
000016.SH,2015/7/16,18274740105398.0,14475666724685.0,1976100435020.0,1569344615091.0,3.41577E+11,0.86,3.96,12.39,12.39,1.73
000016.SH,2015/7/17,18465595042441.0,14619804571291.0,1978326673110.0,1572081456231.0,3.43068E+11,0.83,3.8,12.52,12.52,1.75
000016.SH,2015/7/20,18488324928101.0,14676454770368.0,1979568673110.0,1574307694321.0,3.44638E+11,0.83,3.8,12.54,12.5,1.75
000016.SH,2015/7/21,18367841818938.0,14583070265562.0,1979568673110.0,1574307694321.0,3.44637E+11,0.74,3.36,12.45,12.42,1.74
000016.SH,2015/7/22,18185030218370.0,14443440873477.0,1979568673110.0,1574307694321.0,3.44637E+11,0.68,3.09,12.33,12.29,1.72
000016.SH,2015/7/23,18416464632583.0,14619494228106.0,1979568673110.0,1574312575121.0,3.44642E+11,0.72,3.3,12.49,12.45,1.75
000016.SH,2015/7/24,18151600657822.0,14419064629757.0,1979568673110.0,1574312575121.0,3.44642E+11,0.79,3.6,12.31,12.24,1.72
000016.SH,2015/7/27,16557545889969.0,12955578808446.0,1988708793815.0,1574312575121.0,3.44642E+11,0.87,3.96,11.23,11.16,1.57
000016.SH,2015/7/28,16387062968269.0,13001896152097.0,1988708793815.0,1579728907370.0,3.49675E+11,0.89,4.01,11.11,11.02,1.55
000016.SH,2015/7/29,16588099933917.0,13173136376714.0,1988708793815.0,1579728907370.0,3.49675E+11,0.59,2.66,11.25,11.15,1.57
000016.SH,2015/7/30,16253649904599.0,12918350375775.0,1988708793815.0,1579728907370.0,3.49675E+11,0.55,2.49,11.02,10.97,1.54
000016.SH,2015/7/31,16111970416172.0,12798873752431.0,1988708793815.0,1579728907370.0,3.49675E+11,0.47,2.14,10.92,10.87,1.53
000016.SH,2015/8/3,16123265522658.0,12795551290754.0,1988708793815.0,1579728907370.0,3.49675E+11,0.56,2.52,10.93,10.88,1.53
000016.SH,2015/8/4,16406700428906.0,13029523240885.0,1988708793815.0,1579728907370.0,3.49675E+11,0.42,1.89,11.12,11.07,1.55
000016.SH,2015/8/5,16107609429400.0,12795008922424.0,1988739697815.0,1579759811370.0,3.49706E+11,0.4,1.8,10.92,10.87,1.53
000016.SH,2015/8/6,15960685368370.0,12683424456615.0,1988739697815.0,1579759811370.0,3.49706E+11,0.3,1.37,10.82,10.77,1.51
000016.SH,2015/8/7,16169158740685.0,12796365978033.0,1988739697815.0,1573672022710.0,3.49719E+11,0.37,1.65,10.96,10.91,1.53
000016.SH,2015/8/10,16837612209099.0,13387127946404.0,1988739697815.0,1579961873246.0,3.49908E+11,0.69,3.13,11.42,11.36,1.59
000016.SH,2015/8/11,16708278142885.0,13293568775593.0,1988739697815.0,1579961873246.0,3.49908E+11,0.63,2.85,11.33,11.27,1.58
000016.SH,2015/8/12,16531670443407.0,13158976053659.0,1988739697815.0,1579961873246.0,3.49908E+11,0.48,2.15,11.21,11.15,1.56
000016.SH,2015/8/13,16619272109798.0,13229428562615.0,1988739697815.0,1579961873246.0,3.49908E+11,0.44,2,11.27,11.21,1.57
000016.SH,2015/8/14,16570648603764.0,13192090686158.0,1988739697815.0,1579961873246.0,3.49908E+11,0.46,2.08,11.24,11.18,1.57
000016.SH,2015/8/17,16368011047385.0,13013085642087.0,1988739697815.0,1579383822021.0,3.49908E+11,0.45,2.03,11.1,11.04,1.55
000016.SH,2015/8/18,15742266602414.0,12521661054860.0,1988739697815.0,1579383822021.0,3.49908E+11,0.64,2.89,10.67,10.61,1.49
000016.SH,2015/8/19,15710004354638.0,12498909503377.0,1988739697815.0,1579383822021.0,3.51217E+11,0.57,2.58,10.65,10.59,1.49
000016.SH,2015/8/20,15274332720258.0,12149210077111.0,1988739697815.0,1579383822021.0,3.51217E+11,0.43,1.95,10.36,10.29,1.45
000016.SH,2015/8/21,14829692641955.0,11797782900333.0,1988739697815.0,1579383822021.0,3.51217E+11,0.5,2.23,10.05,9.96,1.4
000016.SH,2015/8/24,13538193774159.0,10812836716208.0,1988739697815.0,1585925632690.0,3.5081E+11,0.73,3.29,9.18,9.1,1.28
000016.SH,2015/8/25,12515696741327.0,9999256454990.0,1988739697815.0,1585925632690.0,3.50816E+11,0.75,3.38,8.49,8.41,1.18
000016.SH,2015/8/26,12708458344392.0,10147049625915.0,1988739697815.0,1585925632690.0,3.50815E+11,0.78,3.54,8.62,8.53,1.2
000016.SH,2015/8/27,13537200577638.0,10796891522870.0,1988739697815.0,1585925632690.0,3.53525E+11,0.74,3.3,9.18,9.01,1.27
000016.SH,2015/8/28,13951332879112.0,11132664411396.0,1988739697815.0,1585925632690.0,3.53871E+11,0.73,3.26,9.46,9.38,1.29
000016.SH,2015/8/31,14120199444936.0,11262380467948.0,1988739697815.0,1585925632690.0,3.55606E+11,0.74,3.3,9.57,9.41,1.29
000016.SH,2015/9/1,14456708890570.0,11516887669935.0,1988739697815.0,1585925632690.0,3.54508E+11,1,4.47,9.8,9.63,1.32
000016.SH,2015/9/2,14697111440766.0,11693048038067.0,1988739697815.0,1585925632690.0,3.54487E+11,1.05,4.68,9.96,9.79,1.34
000016.SH,2015/9/7,13921394646292.0,11086449602960.0,1988739697815.0,1585925632690.0,3.54487E+11,0.54,2.42,9.44,9.28,1.27
000016.SH,2015/9/8,14136997016546.0,11254692474045.0,1988739697815.0,1585925632690.0,3.54487E+11,0.39,1.75,9.59,9.42,1.29
000016.SH,2015/9/9,14344787704666.0,11423398172211.0,1988739697815.0,1585925632690.0,3.54487E+11,0.49,2.17,9.73,9.56,1.31
000016.SH,2015/9/10,14256487114772.0,11353484474370.0,1988739697815.0,1585925632690.0,3.54487E+11,0.33,1.5,9.67,9.5,1.3
000016.SH,2015/9/11,14147291529266.0,11267695770434.0,1988739697815.0,1585925632690.0,3.54487E+11,0.23,1.02,9.59,9.43,1.29
000016.SH,2015/9/14,14245848421734.0,11347525156134.0,1988739697815.0,1585925632690.0,3.54487E+11,0.53,2.39,9.66,9.49,1.3
000016.SH,2015/9/15,14051552493349.0,11189753300029.0,1988739697815.0,1585925632690.0,3.54487E+11,0.35,1.57,9.53,9.36,1.28
000016.SH,2015/9/16,14410777467751.0,11481155467410.0,1988739697815.0,1585925632690.0,3.54487E+11,0.35,1.58,9.77,9.6,1.32
000016.SH,2015/9/17,14153506358594.0,11272168858216.0,1988739697815.0,1585925632690.0,3.54487E+11,0.35,1.58,9.6,9.43,1.29
000016.SH,2015/9/18,14107839655767.0,11234239729838.0,1988739697815.0,1585925632690.0,3.54487E+11,0.23,1.02,9.57,9.4,1.29
000016.SH,2015/9/21,14172652650567.0,11285689026490.0,1988739697815.0,1585925632690.0,3.54487E+11,0.23,1.04,9.61,9.44,1.3
000016.SH,2015/9/22,14304283413332.0,11384026283325.0,1988742256905.0,1585928191780.0,3.5449E+11,0.27,1.2,9.7,9.53,1.31
000016.SH,2015/9/23,13947927499437.0,11101639167741.0,1988742256905.0,1585928191780.0,3.5449E+11,0.22,0.97,9.46,9.29,1.28
000016.SH,2015/9/24,13992682743022.0,11135440175839.0,1988742256905.0,1585928191780.0,3.5449E+11,0.16,0.71,9.49,9.32,1.28
000016.SH,2015/9/25,14018952107018.0,11155735313892.0,1988742256905.0,1585928191780.0,3.5449E+11,0.23,1.02,9.51,9.34,1.28
000016.SH,2015/9/28,13902795031819.0,11062642056151.0,1988742256905.0,1585928191780.0,3.5449E+11,0.13,0.57,9.43,9.26,1.27
000016.SH,2015/9/29,13625245498304.0,10842164503890.0,1988742256905.0,1585928191780.0,3.5449E+11,0.16,0.72,9.24,9.08,1.25
000016.SH,2015/9/30,13682709305121.0,10891087758686.0,1988742256905.0,1585928191780.0,3.5449E+11,0.16,0.71,9.28,9.12,1.25
000016.SH,2015/10/8,13979731232310.0,11131277977633.0,1988742256905.0,1585928191780.0,3.5449E+11,0.25,1.11,9.48,9.31,1.28
000016.SH,2015/10/9,14144758491758.0,11252336359831.0,1988742256905.0,1585928191780.0,3.5449E+11,0.21,0.93,9.59,9.42,1.3
000016.SH,2015/10/12,14521065630662.0,11551219011977.0,1988742256905.0,1585928191780.0,3.5449E+11,0.39,1.76,9.85,9.68,1.33
000016.SH,2015/10/13,14417344177818.0,11471306014879.0,1988742256905.0,1585928191780.0,3.5449E+11,0.23,1.04,9.78,9.61,1.32
000016.SH,2015/10/14,14353997116767.0,11476278521231.0,1988742256905.0,1589658886063.0,3.5449E+11,0.26,1.18,9.73,9.56,1.32
000016.SH,2015/10/15,14582848301838.0,11657357491200.0,1988742256905.0,1589658886063.0,3.5449E+11,0.3,1.32,9.89,9.72,1.34
000016.SH,2015/10/16,14743434376228.0,11785247680594.0,1988742256905.0,1589658886063.0,3.5449E+11,0.38,1.7,10,9.82,1.35
000016.SH,2015/10/19,14696496950090.0,11741754696307.0,1988742256905.0,1589658886063.0,3.5449E+11,0.33,1.5,9.96,9.79,1.35
000016.SH,2015/10/20,14826363919340.0,11845266385038.0,1988742256905.0,1589658886063.0,3.5449E+11,0.29,1.32,10.05,9.88,1.36
000016.SH,2015/10/21,14971145733671.0,11947818556332.0,1988742256905.0,1589658886063.0,3.5449E+11,0.61,2.76,10.15,9.98,1.37
000016.SH,2015/10/22,14845692785665.0,11849899370505.0,1988742256905.0,1589658886063.0,3.5449E+11,0.34,1.54,10.07,9.89,1.36
000016.SH,2015/10/23,14876181718950.0,11874680173903.0,1988742256905.0,1589658886063.0,3.54533E+11,0.31,1.38,10.09,9.92,1.36
000016.SH,2015/10/26,14915760119649.0,11911132832627.0,1988742256905.0,1589658886063.0,3.54533E+11,0.33,1.49,10.11,9.96,1.36
000016.SH,2015/10/27,14881262162152.0,11880341187892.0,1988742256905.0,1589658886063.0,3.54116E+11,0.29,1.32,10.09,9.95,1.36
000016.SH,2015/10/28,14696373225768.0,11736437785685.0,1988742256905.0,1589658886063.0,3.53587E+11,0.26,1.16,9.96,9.8,1.34
000016.SH,2015/10/29,14654476558642.0,11709753850142.0,1988742256905.0,1589658886063.0,3.54195E+11,0.18,0.83,9.94,10.56,1.33
000016.SH,2015/10/30,14646337082908.0,11699542914336.0,1988742256905.0,1589658886063.0,3.54195E+11,0.23,1.05,9.93,10.09,1.33
000016.SH,2015/11/2,14425430544784.0,11523790438382.0,1988742256905.0,1589658886063.0,3.5188E+11,0.21,0.94,9.78,9.91,1.3
000016.SH,2015/11/3,14336735693210.0,11452147838337.0,1988742256905.0,1589658886063.0,3.54407E+11,0.17,0.77,9.72,9.85,1.29
000016.SH,2015/11/4,14921783705115.0,11904318318348.0,1988742256905.0,1589658886063.0,3.54407E+11,0.39,1.75,10.12,10.26,1.34
000016.SH,2015/11/5,15339990952716.0,12236764743091.0,1988678314947.0,1589594944105.0,3.54344E+11,0.94,4.2,10.4,10.54,1.38
000016.SH,2015/11/6,15587006818690.0,12425277336841.0,1988678314947.0,1589594944105.0,3.54344E+11,0.64,2.88,10.57,10.71,1.4
000016.SH,2015/11/9,15928856267623.0,12699340198570.0,1988678314947.0,1589594944105.0,3.54353E+11,0.84,3.76,10.8,10.95,1.43
000016.SH,2015/11/10,15844771514729.0,12629740977246.0,1988678314947.0,1589594944105.0,3.54353E+11,0.57,2.56,10.74,10.89,1.42
000016.SH,2015/11/11,15734719273284.0,12539563308051.0,1988678314947.0,1589594944105.0,3.54353E+11,0.42,1.87,10.67,10.81,1.41
000016.SH,2015/11/12,15547695062721.0,12389942406247.0,1988678314947.0,1589594944105.0,3.54353E+11,0.37,1.65,10.54,10.69,1.4
000016.SH,2015/11/13,15343776487461.0,12226617607145.0,1988678314947.0,1589594944105.0,3.54353E+11,0.35,1.58,10.4,10.55,1.38
000016.SH,2015/11/16,15387868330805.0,12263303108014.0,1988678314947.0,1589594944105.0,3.54353E+11,0.27,1.2,10.43,10.58,1.38
000016.SH,2015/11/17,15435596834002.0,12298012745019.0,1988678314947.0,1589594944105.0,3.54353E+11,0.43,1.93,10.47,10.61,1.39
000016.SH,2015/11/18,15384573734789.0,12262760314198.0,1988678314947.0,1589594944105.0,3.54353E+11,0.38,1.69,10.43,10.57,1.38
000016.SH,2015/11/19,15487063298859.0,12344940150953.0,1988678314947.0,1589594944105.0,3.54353E+11,0.26,1.18,10.5,10.64,1.39
000016.SH,2015/11/20,15446471950439.0,12319072723625.0,1988678314947.0,1589594944105.0,3.54353E+11,0.3,1.36,10.47,10.62,1.39
000016.SH,2015/11/23,15378521747470.0,12266570394179.0,1988678314947.0,1589594944105.0,3.54353E+11,0.28,1.24,10.43,10.57,1.38
000016.SH,2015/11/24,15331469701692.0,12227085806190.0,1988678314947.0,1589594944105.0,3.54353E+11,0.26,1.16,10.4,10.54,1.38
000016.SH,2015/11/25,15408018057930.0,12292934929276.0,1988678314947.0,1589594944105.0,3.54353E+11,0.27,1.2,10.45,10.59,1.38
000016.SH,2015/11/26,15374886957636.0,12265734995323.0,1988678314947.0,1589594944105.0,3.54353E+11,0.28,1.27,10.42,10.57,1.38
000016.SH,2015/11/27,14651989891939.0,11692640624237.0,1988678314947.0,1589594944105.0,3.54353E+11,0.35,1.58,9.93,10.07,1.32
000016.SH,2015/11/30,14702003384053.0,11728760954318.0,1988678314947.0,1589594944105.0,3.54353E+11,0.33,1.48,9.97,10.1,1.32
000016.SH,2015/12/1,14698155855545.0,11733250857848.0,1988678314947.0,1589594944105.0,3.54353E+11,0.26,1.18,9.97,10.1,1.32
000016.SH,2015/12/2,15369861948064.0,12261942751267.0,1988678314947.0,1589594944105.0,3.54353E+11,0.51,2.31,10.42,10.56,1.38
000016.SH,2015/12/3,15549812919797.0,12397853546483.0,1988678314947.0,1589594944105.0,3.54356E+11,0.51,2.31,10.54,10.69,1.4
000016.SH,2015/12/4,15127731032363.0,12068094449853.0,1988678314947.0,1589594944105.0,3.54356E+11,0.3,1.35,10.26,10.4,1.36
000016.SH,2015/12/7,15061470408733.0,12022214715030.0,1988678314947.0,1589594944105.0,3.54356E+11,0.18,0.82,10.21,10.35,1.35
000016.SH,2015/12/8,14820220564415.0,11831879531855.0,1988678314947.0,1589594944105.0,3.54356E+11,0.21,0.95,10.05,10.19,1.33
000016.SH,2015/12/9,14877999234989.0,11875346833491.0,1988678314947.0,1589594944105.0,3.54356E+11,0.18,0.8,10.09,10.23,1.34
000016.SH,2015/12/10,14791683803260.0,11804215494053.0,1988678314947.0,1589594944105.0,3.54356E+11,0.2,0.9,10.03,10.17,1.33
000016.SH,2015/12/11,14705906629637.0,11728799565086.0,1988678314947.0,1589594944105.0,3.54356E+11,0.2,0.89,9.97,10.11,1.32
000016.SH,2015/12/14,15599198322890.0,12119230186373.0,2026949382087.0,1598048135014.0,3.61589E+11,0.3,1.31,10.49,10.51,1.38
000016.SH,2015/12/15,15395077036484.0,11969751744080.0,2026949382087.0,1598048135014.0,3.61589E+11,0.22,0.96,10.35,10.37,1.36
000016.SH,2015/12/16,15387670143153.0,11963399643035.0,2026949382087.0,1598048135014.0,3.61589E+11,0.18,0.79,10.34,10.37,1.36
000016.SH,2015/12/17,15557345585120.0,12094404715369.0,2026949382087.0,1598048135014.0,3.61589E+11,0.28,1.22,10.46,10.48,1.37
000016.SH,2015/12/18,15595815885068.0,12129103266453.0,2026949382087.0,1598048135014.0,3.61589E+11,0.34,1.49,10.48,10.51,1.38
000016.SH,2015/12/21,15930154742997.0,12395355999281.0,2026949382087.0,1598048135014.0,3.61589E+11,0.46,2.04,10.71,10.73,1.41
000016.SH,2015/12/22,15894791618842.0,12365969775411.0,2026949382087.0,1598048135014.0,3.61589E+11,0.32,1.42,10.69,10.71,1.4
000016.SH,2015/12/23,15921406363222.0,12384982985321.0,2026949382087.0,1598048135014.0,3.61589E+11,0.43,1.89,10.7,10.73,1.41
000016.SH,2015/12/24,15819340643306.0,12311687207039.0,2026949382087.0,1598048135014.0,3.61589E+11,0.3,1.34,10.63,10.66,1.4
000016.SH,2015/12/25,15845071155109.0,12333840151198.0,2026949382087.0,1598048135014.0,3.61589E+11,0.19,0.82,10.65,10.68,1.4
000016.SH,2015/12/28,15429249486212.0,12013915600496.0,2026949382087.0,1598048135014.0,3.61589E+11,0.3,1.33,10.37,10.4,1.36
000016.SH,2015/12/29,15538507035460.0,12098876079305.0,2026949382087.0,1598048135014.0,3.61589E+11,0.17,0.76,10.45,10.47,1.37
000016.SH,2015/12/30,15523202944557.0,12089623138366.0,2026949382087.0,1598048135014.0,3.61589E+11,0.18,0.79,10.44,10.46,1.37
000016.SH,2015/12/31,15435783734766.0,12016803071555.0,2026949382087.0,1598048135014.0,3.66326E+11,0.19,0.82,10.38,10.4,1.36
000016.SH,2016/1/4,14617884926535.0,11400220788549.0,2026949382087.0,1598048135014.0,3.6633E+11,0.22,0.95,9.83,9.85,1.29
000016.SH,2016/1/5,14685371883722.0,11455016268370.0,2026949382087.0,1598048135014.0,3.66651E+11,0.3,1.31,9.87,9.89,1.3
000016.SH,2016/1/6,14917571344035.0,11636845371420.0,2026949382087.0,1598048135014.0,3.66651E+11,0.24,1.04,10.03,10.04,1.32
000016.SH,2016/1/7,14116130729780.0,11066098400348.0,2026949382087.0,1600920855064.0,3.6891E+11,0.07,0.3,9.49,9.5,1.25
000016.SH,2016/1/8,14371224480976.0,11271053621098.0,2026950851337.0,1602757186698.0,3.69829E+11,0.32,1.39,9.66,9.68,1.27
000016.SH,2016/1/11,13786151041818.0,10821820187513.0,2026950851337.0,1602838850448.0,3.69829E+11,0.3,1.31,9.27,9.28,1.22
000016.SH,2016/1/12,13853016912751.0,10873470774176.0,2026950851337.0,1602838850448.0,3.69829E+11,0.22,0.95,9.31,9.33,1.22
000016.SH,2016/1/13,13662282955654.0,10728799154500.0,2026950851337.0,1602838850448.0,3.69829E+11,0.2,0.87,9.18,9.2,1.2
000016.SH,2016/1/14,13791313422278.0,10829346966112.0,2026950851337.0,1602838850448.0,3.69829E+11,0.23,0.99,9.27,9.29,1.22
000016.SH,2016/1/15,13373558866633.0,10506098925456.0,2026950851337.0,1602838850448.0,3.69829E+11,0.22,0.94,8.99,9,1.18
000016.SH,2016/1/18,13332003498746.0,10473585782660.0,2026950851337.0,1602838850448.0,3.69829E+11,0.17,0.72,8.96,8.98,1.17
000016.SH,2016/1/19,13696247367546.0,10756208488394.0,2026950851337.0,1602838850448.0,3.69829E+11,0.23,1.01,9.21,9.22,1.21
000016.SH,2016/1/20,13511132758354.0,10608344244640.0,2026950851337.0,1602838850448.0,3.69829E+11,0.24,1.06,9.08,9.1,1.19
000016.SH,2016/1/21,13222346452790.0,10387305411176.0,2026950851337.0,1602838850448.0,3.69829E+11,0.21,0.93,8.89,8.9,1.16
000016.SH,2016/1/22,13369630236433.0,10492933089464.0,2029098320876.0,1602838850448.0,3.69829E+11,0.17,0.73,8.99,9,1.18
000016.SH,2016/1/25,13395858619843.0,10515012370835.0,2029098320876.0,1602838850448.0,3.69829E+11,0.14,0.59,9.01,9.02,1.18
000016.SH,2016/1/26,12659626891867.0,9950616997490.0,2029098320876.0,1602838850448.0,3.69829E+11,0.24,1.02,8.51,8.53,1.11
000016.SH,2016/1/27,12691380800062.0,9981498727942.0,2029098320876.0,1602838850448.0,3.69829E+11,0.25,1.06,8.53,8.54,1.12
000016.SH,2016/1/28,12481483624169.0,9819567166851.0,2029098320876.0,1602838850448.0,3.69828E+11,0.19,0.8,8.39,8.4,1.1
000016.SH,2016/1/29,12805893430877.0,10063132399216.0,2029098320876.0,1602838850448.0,3.69828E+11,0.24,1.03,8.61,8.61,1.12
000016.SH,2016/2/1,12547213633937.0,9860684723879.0,2029098320876.0,1602838850448.0,3.69828E+11,0.17,0.74,8.43,8.49,1.1
000016.SH,2016/2/2,12718760863335.0,9993170749499.0,2029098320876.0,1602838850448.0,3.69807E+11,0.16,0.71,8.55,8.6,1.12
000016.SH,2016/2/3,12580719010932.0,9886182684079.0,2029098320876.0,1602838850448.0,3.69807E+11,0.14,0.59,8.46,8.51,1.1
000016.SH,2016/2/4,12700983233974.0,9981741900636.0,2029098320876.0,1602838850448.0,3.69807E+11,0.16,0.68,8.54,8.59,1.12
000016.SH,2016/2/5,12652836306928.0,9952922436788.0,2029098320876.0,1602838850448.0,3.69807E+11,0.13,0.55,8.51,8.56,1.11
000016.SH,2016/2/15,12519417448460.0,9852055224066.0,2029098320876.0,1602838850448.0,3.69807E+11,0.12,0.51,8.42,8.47,1.1
000016.SH,2016/2/16,12857980037087.0,10110926229501.0,2029098320876.0,1602838850448.0,3.69807E+11,0.19,0.83,8.64,8.7,1.13
000016.SH,2016/2/17,12972257253553.0,10203417354643.0,2029098320876.0,1602838850448.0,3.69807E+11,0.21,0.93,8.72,8.77,1.14
000016.SH,2016/2/18,12926759457291.0,10167702327424.0,2029098320876.0,1602838850448.0,3.69807E+11,0.19,0.84,8.69,8.75,1.13
000016.SH,2016/2/19,12879558881567.0,10129042261609.0,2029098320876.0,1602838850448.0,3.69807E+11,0.14,0.59,8.66,8.72,1.13
000016.SH,2016/2/22,13214295102153.0,10377616573599.0,2029098320876.0,1602838850448.0,3.69807E+11,0.24,1.06,8.88,8.94,1.16
000016.SH,2016/2/23,13070131125079.0,10270531065875.0,2029098320876.0,1602838850448.0,3.69807E+11,0.17,0.73,8.79,8.85,1.15
000016.SH,2016/2/24,13144813541861.0,10333016280074.0,2029098320876.0,1602838850448.0,3.69807E+11,0.16,0.71,8.84,8.9,1.15
000016.SH,2016/2/25,12493103318925.0,9833498280416.0,2029098320876.0,1602838850448.0,3.69807E+11,0.26,1.15,8.4,8.45,1.1
000016.SH,2016/2/26,12650974469811.0,9958741449737.0,2029098320876.0,1602838850448.0,3.69807E+11,0.16,0.71,8.5,8.56,1.11
000016.SH,2016/2/29,12586127333147.0,9920639320823.0,2029098320876.0,1602838850448.0,3.69807E+11,0.24,1.06,8.46,8.52,1.1
000016.SH,2016/3/1,12742680437112.0,10035972483728.0,2029098320876.0,1602838850448.0,3.69696E+11,0.18,0.8,8.53,8.62,1.12
000016.SH,2016/3/2,13163776880153.0,10361170326089.0,2029098320876.0,1602838850448.0,3.69696E+11,0.32,1.38,8.81,8.9,1.16
000016.SH,2016/3/3,13227086606145.0,10415187318850.0,2029098320876.0,1602838850448.0,3.69696E+11,0.28,1.23,8.85,8.95,1.16
000016.SH,2016/3/4,13674676408570.0,10770061737834.0,2029098320876.0,1602838850448.0,3.69696E+11,0.54,2.33,9.15,9.25,1.2
000016.SH,2016/3/7,13601068745912.0,10707149201144.0,2029098320876.0,1602838850448.0,3.69667E+11,0.25,1.08,9.1,9.2,1.19
000016.SH,2016/3/8,13642261656637.0,10740037484969.0,2029098320876.0,1602838850448.0,3.69667E+11,0.24,1.06,9.13,9.23,1.2
000016.SH,2016/3/9,13644998139390.0,10745255842184.0,2029098320876.0,1602838850448.0,3.69667E+11,0.24,1.03,9.13,9.23,1.2
000016.SH,2016/3/10,13335618452406.0,10509208647049.0,2029098320876.0,1602838850448.0,3.69667E+11,0.13,0.56,8.92,9.02,1.17
000016.SH,2016/3/11,13418997191395.0,10563749016278.0,2029098320876.0,1602838850448.0,3.69667E+11,0.15,0.66,8.98,9.08,1.18
000016.SH,2016/3/14,13470440746620.0,10597372413456.0,2029098320876.0,1602838850448.0,3.69667E+11,0.22,0.95,8.98,9.12,1.18
000016.SH,2016/3/15,13564429492705.0,10676187706272.0,2029098320876.0,1602838850448.0,3.69667E+11,0.22,0.94,9.05,9.18,1.19
000016.SH,2016/3/16,13765148887890.0,10837431972093.0,2029098320876.0,1602841207528.0,3.69669E+11,0.38,1.63,9.09,9.33,1.21
000016.SH,2016/3/17,13737268658029.0,10806766371295.0,2029098320876.0,1602841207528.0,3.69669E+11,0.24,1.03,9.07,9.33,1.21
000016.SH,2016/3/18,13785903596423.0,10838398635639.0,2029098320876.0,1602841207528.0,3.69669E+11,0.39,1.68,9.11,9.34,1.21
000016.SH,2016/3/21,14009828868556.0,10995230859539.0,2029098320876.0,1602841207528.0,3.69669E+11,0.49,2.12,9.24,9.49,1.23
000016.SH,2016/3/22,13902930500567.0,10907691906402.0,2030097831208.0,1602841207528.0,3.69669E+11,0.32,1.37,9.17,9.41,1.22
000016.SH,2016/3/23,13915774876544.0,10961723895737.0,2030097831208.0,1604999871035.0,3.71266E+11,0.22,0.95,9.18,9.42,1.22
000016.SH,2016/3/24,13688983255463.0,10789445016157.0,2030097831208.0,1604999871035.0,3.71266E+11,0.21,0.91,9.43,9.35,1.2
000016.SH,2016/3/25,13756322046426.0,10838159987757.0,2030097831208.0,1604999871035.0,3.71266E+11,0.14,0.61,9.61,9.39,1.2
000016.SH,2016/3/28,13641948368065.0,10752227859821.0,2030097831208.0,1604999871035.0,3.71266E+11,0.16,0.7,9.49,9.31,1.19
000016.SH,2016/3/29,13533670815043.0,10668254754753.0,2030097831208.0,1604999871035.0,3.71266E+11,0.16,0.69,9.4,9.23,1.18
000016.SH,2016/3/30,13855498320524.0,10918776717586.0,2030097831208.0,1604999871035.0,3.707E+11,0.22,0.96,9.62,9.36,1.21
000016.SH,2016/3/31,13836517843650.0,10906621832442.0,2030097831208.0,1604999871035.0,3.69367E+11,0.2,0.87,9.49,9.33,1.18
000016.SH,2016/4/1,13910731067927.0,10965099882969.0,2030097831208.0,1604999871035.0,3.68112E+11,0.22,0.95,9.53,9.38,1.19
000016.SH,2016/4/5,13976926072957.0,11013063242845.0,2030097831208.0,1604999871035.0,3.68112E+11,0.24,1.06,9.58,9.42,1.2
000016.SH,2016/4/6,13921302930045.0,10974696613411.0,2030097831208.0,1604999871035.0,3.68112E+11,0.18,0.77,9.54,9.38,1.19
000016.SH,2016/4/7,13751210829074.0,10842615513623.0,2030097831208.0,1604999871035.0,3.68112E+11,0.16,0.7,9.4,9.27,1.18
000016.SH,2016/4/8,13653043175978.0,10766662336417.0,2030097831208.0,1604999871035.0,3.68112E+11,0.14,0.62,9.33,9.2,1.17
000016.SH,2016/4/11,13808604175724.0,10883683252413.0,2030097831208.0,1604999871035.0,3.68112E+11,0.19,0.82,9.44,9.31,1.18
000016.SH,2016/4/12,13786349861230.0,10868038768395.0,2030097831208.0,1604999871035.0,3.68112E+11,0.12,0.53,9.43,9.29,1.18
000016.SH,2016/4/13,13978695180597.0,11014427262407.0,2030097831208.0,1604999871035.0,3.68112E+11,0.32,1.39,9.56,9.42,1.2
000016.SH,2016/4/14,14001553545594.0,11032320914834.0,2030097831208.0,1604999871035.0,3.68112E+11,0.16,0.68,9.58,9.44,1.2
000016.SH,2016/4/15,13987149917421.0,11023573140274.0,2030097831208.0,1604999871035.0,3.68112E+11,0.15,0.65,9.57,9.43,1.2
000016.SH,2016/4/18,13818612640677.0,10892776160696.0,2030097831208.0,1604999871035.0,3.68112E+11,0.15,0.66,9.46,9.32,1.18
000016.SH,2016/4/19,13839326816821.0,10909415545057.0,2030097831208.0,1604999871035.0,3.68112E+11,0.11,0.5,9.44,9.32,1.18
000016.SH,2016/4/20,13757153718202.0,10841649878104.0,2030097831208.0,1604999871035.0,3.68112E+11,0.3,1.29,9.41,9.28,1.18
000016.SH,2016/4/21,13702702527610.0,10801217166472.0,2030097831208.0,1604999871035.0,3.68039E+11,0.19,0.83,9.37,9.24,1.17
000016.SH,2016/4/22,13730979722217.0,10828785309910.0,2030097831208.0,1604999871035.0,3.67998E+11,0.13,0.55,9.38,9.26,1.17
000016.SH,2016/4/25,13673864966548.0,10785074419950.0,2030097831208.0,1604999871035.0,3.67989E+11,0.11,0.47,9.28,9.22,1.17
000016.SH,2016/4/26,13710480177263.0,10840983749960.0,2030097831208.0,1607900219073.0,3.67989E+11,0.1,0.42,9.3,9.25,1.17
000016.SH,2016/4/27,13656849976687.0,10801769967102.0,2030097831208.0,1607900219073.0,3.67989E+11,0.09,0.39,9.25,9.2,1.16
000016.SH,2016/4/28,13650402586731.0,10798668825572.0,2030117521208.0,1607900219073.0,3.67989E+11,0.11,0.47,9.23,9.23,1.16
000016.SH,2016/4/29,13587009194473.0,10749411132994.0,2030117521208.0,1607900219073.0,3.67989E+11,0.1,0.43,9.2,9.35,1.13
000016.SH,2016/5/3,13719546444954.0,10857554649080.0,2030117521208.0,1607900219073.0,3.67989E+11,0.16,0.7,9.29,9.46,1.13
000016.SH,2016/5/4,13674853279987.0,10821694187585.0,2030117521208.0,1607900219073.0,3.67989E+11,0.11,0.47,9.26,9.43,1.12
000016.SH,2016/5/5,13670943133979.0,10818983859698.0,2030117521208.0,1607900219073.0,3.67989E+11,0.09,0.4,9.25,9.43,1.12
000016.SH,2016/5/6,13402124152223.0,10607681423257.0,2030117521208.0,1607900219073.0,3.67989E+11,0.15,0.67,9.07,9.24,1.1
000016.SH,2016/5/9,13156429669105.0,10417858433454.0,2030117521208.0,1607900219073.0,3.68147E+11,0.15,0.65,8.9,9.07,1.08
000016.SH,2016/5/10,13144425328650.0,10412273993696.0,2030117521208.0,1607900219073.0,3.66909E+11,0.11,0.47,8.9,9.07,1.08
000016.SH,2016/5/11,13197974456212.0,10456093153116.0,2030117521208.0,1607900219073.0,3.666E+11,0.11,0.49,8.93,9.1,1.09
000016.SH,2016/5/12,13208054407810.0,10463219852268.0,2030117521208.0,1607900219073.0,3.666E+11,0.11,0.49,8.94,9.11,1.09
000016.SH,2016/5/13,13179740848291.0,10439942793591.0,2030117521208.0,1607900219073.0,3.666E+11,0.1,0.42,8.92,9.09,1.08
000016.SH,2016/5/16,13221628747423.0,10511590495997.0,2030117521208.0,1614200219073.0,3.666E+11,0.08,0.37,8.95,9.12,1.1
000016.SH,2016/5/17,13211487075314.0,10501530540359.0,2030117521208.0,1614200219073.0,3.666E+11,0.09,0.41,8.94,9.11,1.1
000016.SH,2016/5/18,13197812629156.0,10488940615220.0,2030117521208.0,1614200219073.0,3.666E+11,0.14,0.63,8.93,9.1,1.1
000016.SH,2016/5/19,13168963363921.0,10465000068129.0,2030117521208.0,1614200219073.0,3.666E+11,0.09,0.38,8.91,9.08,1.1
000016.SH,2016/5/20,13223040625138.0,10509377168238.0,2030117521208.0,1614200219073.0,3.666E+11,0.09,0.38,8.95,9.12,1.1
000016.SH,2016/5/23,13235187381763.0,10519401336667.0,2030117521208.0,1614200219073.0,3.666E+11,0.09,0.4,8.96,9.13,1.11
000016.SH,2016/5/24,13170595641038.0,10469807833625.0,2030117521208.0,1614200219073.0,3.666E+11,0.08,0.36,8.91,9.08,1.1
000016.SH,2016/5/25,13193002872184.0,10506992988154.0,2030117521208.0,1615614080292.0,3.666E+11,0.07,0.31,8.93,9.1,1.1
000016.SH,2016/5/26,13217938785395.0,10526189147370.0,2030117521208.0,1615614080292.0,3.666E+11,0.08,0.36,8.95,9.12,1.1
000016.SH,2016/5/27,13212926048425.0,10524244582935.0,2030117521208.0,1615801580292.0,3.66787E+11,0.07,0.29,8.94,9.11,1.1
000016.SH,2016/5/30,13312230953696.0,10603133901050.0,2030117521208.0,1615801580292.0,3.66787E+11,0.11,0.48,9.01,9.18,1.11
000016.SH,2016/5/31,13672727844434.0,10882941330908.0,2030117521208.0,1615801580292.0,3.66787E+11,0.25,1.11,9.25,9.43,1.14
000016.SH,2016/6/1,13584972832953.0,10814390374693.0,2030117521208.0,1615801580292.0,3.66787E+11,0.16,0.69,9.19,9.37,1.13
000016.SH,2016/6/2,13575380348729.0,10808570361084.0,2030117521208.0,1615801580292.0,3.66787E+11,0.1,0.45,9.19,9.36,1.13
000016.SH,2016/6/3,13653244747723.0,10874938755586.0,2030117521208.0,1615801580292.0,3.66787E+11,0.13,0.56,9.24,9.42,1.14
000016.SH,2016/6/6,13584538576241.0,10816241422618.0,2030117521208.0,1615801580292.0,3.66787E+11,0.08,0.37,9.19,9.37,1.14
000016.SH,2016/6/7,13600340913242.0,10827214071441.0,2030117521208.0,1615801580292.0,3.66787E+11,0.09,0.38,9.2,9.38,1.14
000016.SH,2016/6/8,13576689707406.0,10810074420866.0,2030117521208.0,1615801580292.0,3.66787E+11,0.1,0.45,9.19,9.36,1.13
000016.SH,2016/6/13,13234914984824.0,10506595920629.0,2024810273581.0,1605689262994.0,3.68008E+11,0.13,0.57,9.07,9.27,1.12
000016.SH,2016/6/14,13296547171497.0,10553814918593.0,2024810273581.0,1605689262994.0,3.68008E+11,0.1,0.42,9.12,9.32,1.12
000016.SH,2016/6/15,13353995734467.0,10599209698210.0,2024810273581.0,1605689262994.0,3.68008E+11,0.12,0.53,9.16,9.36,1.13
000016.SH,2016/6/16,13276130699933.0,10536342243046.0,2024810273581.0,1605689262994.0,3.68008E+11,0.11,0.49,9.1,9.3,1.12
000016.SH,2016/6/17,13307662411843.0,10562475946201.0,2024810273581.0,1605689262994.0,3.68008E+11,0.11,0.48,9.12,9.32,1.13
000016.SH,2016/6/20,13325798805759.0,10576831852374.0,2024810273581.0,1605689262994.0,3.68008E+11,0.08,0.33,9.14,9.34,1.13
000016.SH,2016/6/21,13328480625143.0,10577566113382.0,2024810273581.0,1605689262994.0,3.68008E+11,0.11,0.48,9.14,9.34,1.13
000016.SH,2016/6/22,13405996443355.0,10638600669961.0,2024810273581.0,1605689262994.0,3.68008E+11,0.08,0.37,9.19,9.39,1.13
000016.SH,2016/6/23,13365887852614.0,10573784691003.0,2026775571756.0,1605689262994.0,3.68019E+11,0.1,0.42,9.16,9.36,1.13
000016.SH,2016/6/24,13177682855137.0,10452712029021.0,2027874472928.0,1607554610136.0,3.69061E+11,0.14,0.61,9.04,9.23,1.11
000016.SH,2016/6/27,13271604903514.0,10585508180415.0,2027874472928.0,1610803619361.0,3.71685E+11,0.1,0.44,9.1,9.3,1.12
000016.SH,2016/6/28,13300893769118.0,10608909900989.0,2027874472928.0,1610803619361.0,3.71685E+11,0.11,0.47,9.12,9.32,1.12
000016.SH,2016/6/29,13423965411480.0,10698569275572.0,2028404577637.0,1610803619361.0,3.71685E+11,0.18,0.79,9.2,9.41,1.13
000016.SH,2016/6/30,13439072796190.0,10712366376634.0,2028404577637.0,1610803619361.0,3.71685E+11,0.13,0.55,9.21,9.42,1.13
000016.SH,2016/7/1,13465742291074.0,10747739845852.0,2028404577637.0,1611381670586.0,3.72264E+11,0.1,0.43,9.23,9.43,1.13
000016.SH,2016/7/4,13678345200936.0,10919019245853.0,2028404577637.0,1611381670586.0,3.72264E+11,0.19,0.83,9.38,9.58,1.15
000016.SH,2016/7/5,13721266946332.0,10954807254706.0,2028404577823.0,1611381670772.0,3.72264E+11,0.2,0.87,9.41,9.61,1.15
000016.SH,2016/7/6,13707609528486.0,10948132417731.0,2028404577823.0,1611381670772.0,3.72264E+11,0.15,0.66,9.4,9.6,1.15
000016.SH,2016/7/7,13679975466335.0,10916035624513.0,2028404577823.0,1611381670772.0,3.72264E+11,0.17,0.72,9.38,9.58,1.16
000016.SH,2016/7/8,13494422803051.0,10755344886581.0,2029274577823.0,1611351380253.0,3.72795E+11,0.12,0.52,9.25,9.45,1.15
000016.SH,2016/7/11,13533506030539.0,10768360327862.0,2031809023771.0,1611351380253.0,3.72795E+11,0.18,0.77,9.28,9.48,1.15
000016.SH,2016/7/12,13796985954128.0,11002995633511.0,2031809023771.0,1613885826201.0,3.74631E+11,0.25,1.07,9.46,9.67,1.18
000016.SH,2016/7/13,13817396607801.0,11021311114770.0,2031809023771.0,1613932082000.0,3.74677E+11,0.27,1.16,9.47,9.68,1.18
000016.SH,2016/7/14,13763213217016.0,10986633603687.0,2031809023771.0,1615167603235.0,3.75913E+11,0.15,0.64,9.44,9.64,1.18
000016.SH,2016/7/15,13778542534923.0,10999410639529.0,2031809023771.0,1615167603235.0,3.75913E+11,0.13,0.57,9.45,9.65,1.18
000016.SH,2016/7/18,13765706140237.0,11000084165411.0,2031809023771.0,1616409603235.0,3.77155E+11,0.18,0.78,9.44,9.65,1.18
000016.SH,2016/7/19,13682345901015.0,10931119578611.0,2031809023771.0,1616409603235.0,3.77215E+11,0.13,0.58,9.38,9.59,1.17
000016.SH,2016/7/20,13628247703739.0,10889796968052.0,2031809023771.0,1616409603235.0,3.77215E+11,0.09,0.39,9.34,9.55,1.17
000016.SH,2016/7/21,13673520515717.0,10927642118784.0,2031809023771.0,1616409603235.0,3.77215E+11,0.11,0.48,9.37,9.58,1.17
000016.SH,2016/7/22,13577002068413.0,10848946424355.0,2031809023771.0,1616409603235.0,3.77215E+11,0.11,0.49,9.31,9.55,1.16
000016.SH,2016/7/25,13579944492449.0,10853364288079.0,2031809023771.0,1616409603235.0,3.77215E+11,0.09,0.39,9.31,9.57,1.16
000016.SH,2016/7/26,13704218764729.0,10957913928804.0,2031809023771.0,1616409603235.0,3.77215E+11,0.11,0.49,9.4,9.66,1.18
000016.SH,2016/7/27,13650284616142.0,10910949046423.0,2031809023771.0,1616409603235.0,3.77215E+11,0.23,1.01,9.36,9.62,1.17
000016.SH,2016/7/28,13590287921795.0,10870133289357.0,2031809023771.0,1616409603235.0,3.77215E+11,0.16,0.69,9.32,9.58,1.17
000016.SH,2016/7/29,13563485017613.0,10847276247409.0,2031811219484.0,1616411798948.0,3.77217E+11,0.12,0.5,9.3,9.58,1.16
000016.SH,2016/8/1,13545519631841.0,10832582909406.0,2031811219484.0,1616411798948.0,3.77217E+11,0.12,0.53,9.29,9.6,1.16
000016.SH,2016/8/2,13563383520990.0,10845697493000.0,2031811219484.0,1616411798948.0,3.77217E+11,0.08,0.33,9.3,9.6,1.16
000016.SH,2016/8/3,13532729193031.0,10821786031357.0,2031874928574.0,1616409580808.0,3.77215E+11,0.09,0.41,9.28,9.58,1.16
000016.SH,2016/8/4,13524063195217.0,10816466391248.0,2031874932326.0,1616409584560.0,3.77215E+11,0.09,0.4,9.27,9.57,1.16
000016.SH,2016/8/5,13539932770082.0,10829139159240.0,2031874932326.0,1616409584560.0,3.77215E+11,0.1,0.43,9.28,9.59,1.16
000016.SH,2016/8/8,13611247303923.0,10887169161408.0,2031874932326.0,1616409584560.0,3.77215E+11,0.1,0.44,9.33,9.64,1.17
000016.SH,2016/8/9,13700447609065.0,10959618868256.0,2031874932326.0,1616409584560.0,3.77215E+11,0.14,0.61,9.39,9.7,1.18
000016.SH,2016/8/10,13676694240015.0,10938604734395.0,2031874932326.0,1616409584560.0,3.77215E+11,0.11,0.46,9.38,9.69,1.17
000016.SH,2016/8/11,13740020465518.0,10987786722226.0,2031874932326.0,1616409584560.0,3.77215E+11,0.16,0.7,9.42,9.73,1.18
000016.SH,2016/8/12,14001124220275.0,11192667684942.0,2031874932326.0,1616409584560.0,3.77839E+11,0.21,0.91,9.6,9.92,1.2
000016.SH,2016/8/15,14361600863164.0,11474761188619.0,2031874932326.0,1616409584560.0,3.77839E+11,0.39,1.69,9.85,10.17,1.23
000016.SH,2016/8/16,14158990973777.0,11316277608430.0,2031874932326.0,1616409584560.0,3.77839E+11,0.38,1.62,9.71,10.03,1.22
000016.SH,2016/8/17,14136812111305.0,11298301077803.0,2031874932326.0,1616409584560.0,3.77839E+11,0.19,0.82,9.69,10.01,1.21
000016.SH,2016/8/18,14100552072404.0,11257778739771.0,2032554932326.0,1616409584560.0,3.77839E+11,0.21,0.9,9.67,9.96,1.21
000016.SH,2016/8/19,14143308876151.0,11291987983030.0,2032554932326.0,1616409584560.0,3.77143E+11,0.18,0.77,9.7,9.99,1.21
000016.SH,2016/8/22,14098760242008.0,11256821006916.0,2032554932326.0,1616409584560.0,3.77166E+11,0.16,0.69,9.67,9.98,1.21
000016.SH,2016/8/23,14132904700243.0,11281938421641.0,2032554932326.0,1616409584560.0,3.77166E+11,0.14,0.61,9.69,10.02,1.21
000016.SH,2016/8/24,14095093965246.0,11254203324853.0,2032554932326.0,1616409584560.0,3.77166E+11,0.11,0.48,9.66,9.98,1.21
000016.SH,2016/8/25,14046926715333.0,11213210191222.0,2032554932326.0,1616409584560.0,3.77155E+11,0.14,0.58,9.63,9.98,1.2
000016.SH,2016/8/26,14017078684817.0,11187361033030.0,2032554932326.0,1616409584560.0,3.77075E+11,0.1,0.44,9.61,10.1,1.2
000016.SH,2016/8/29,13992072093413.0,11167099938820.0,2032554932326.0,1616409584560.0,3.76947E+11,0.12,0.53,9.59,10.19,1.19
000016.SH,2016/8/30,14061049685983.0,11224174211864.0,2032554932326.0,1616409584560.0,3.7588E+11,0.12,0.53,9.64,10.26,1.21
000016.SH,2016/8/31,14118821194804.0,11270816695783.0,2032554932326.0,1616409584560.0,3.7588E+11,0.1,0.45,9.68,10.29,1.21
000016.SH,2016/9/1,14057710968935.0,11222847449792.0,2033161775922.0,1616898283625.0,3.76369E+11,0.12,0.51,9.64,10.24,1.19
000016.SH,2016/9/2,14096530523580.0,11252181590362.0,2033161775922.0,1616898283625.0,3.76369E+11,0.13,0.54,9.66,10.27,1.19
000016.SH,2016/9/5,14091495989245.0,11249538420724.0,2033161775922.0,1616898283625.0,3.76369E+11,0.11,0.47,9.66,10.27,1.19
000016.SH,2016/9/6,14084207126795.0,11244762354832.0,2033161775882.0,1616898283585.0,3.76369E+11,0.13,0.56,9.66,10.26,1.19
000016.SH,2016/9/7,14106043802878.0,11261421346972.0,2033161775882.0,1616898283585.0,3.76369E+11,0.14,0.59,9.67,10.28,1.2
000016.SH,2016/9/8,14101860847128.0,11256746069873.0,2033161775882.0,1616898283585.0,3.76369E+11,0.09,0.38,9.67,10.28,1.19
000016.SH,2016/9/9,14058496520427.0,11219769018180.0,2033161775882.0,1616898283585.0,3.76369E+11,0.11,0.46,9.64,10.25,1.19
000016.SH,2016/9/12,13873695571816.0,11070621648341.0,2033161775882.0,1616898283585.0,3.76369E+11,0.21,0.92,9.51,10.11,1.18
000016.SH,2016/9/13,13828743697931.0,11039170116744.0,2033161775882.0,1616898283585.0,3.76369E+11,0.09,0.4,9.48,10.08,1.17
000016.SH,2016/9/14,13703533463198.0,10942739910044.0,2033161775882.0,1616898283585.0,3.76369E+11,0.11,0.48,9.4,9.99,1.16
000016.SH,2016/9/19,13772732261968.0,10995041228493.0,2033185864682.0,1616898283585.0,3.76369E+11,0.09,0.38,9.44,10.04,1.17
000016.SH,2016/9/20,13746991177198.0,10974123993176.0,2033185864682.0,1616898283585.0,3.76369E+11,0.07,0.29,9.43,10.02,1.16
000016.SH,2016/9/21,13768514442058.0,10989655124251.0,2033185864682.0,1616898283585.0,3.76369E+11,0.08,0.33,9.44,10.03,1.17
000016.SH,2016/9/22,13850872426869.0,11055619984235.0,2033185864682.0,1616898283585.0,3.76369E+11,0.1,0.41,9.5,10.09,1.17
000016.SH,2016/9/23,13842941603096.0,11049698795920.0,2033185864682.0,1616898283585.0,3.76369E+11,0.07,0.31,9.49,10.09,1.17
000016.SH,2016/9/26,13667753657382.0,10910042138305.0,2033185864682.0,1616898283585.0,3.76369E+11,0.1,0.45,9.37,9.96,1.16
000016.SH,2016/9/27,13729527738315.0,10960975222464.0,2033185864682.0,1616898283585.0,3.76369E+11,0.08,0.33,9.41,10.01,1.16
000016.SH,2016/9/28,13668896770554.0,10913539436444.0,2033185864682.0,1616898283585.0,3.76369E+11,0.06,0.25,9.37,9.96,1.16
000016.SH,2016/9/29,13731846718499.0,10964541637184.0,2033185864682.0,1616898283585.0,3.76369E+11,0.07,0.32,9.41,10.01,1.17
000016.SH,2016/9/30,13733314419995.0,10967843564527.0,2033185864682.0,1616898283585.0,3.76369E+11,0.06,0.25,9.42,10.01,1.17
000016.SH,2016/10/10,13907272403951.0,11092389699288.0,2034077151464.0,1616809169187.0,3.76368E+11,0.12,0.51,9.54,10.14,1.18
000016.SH,2016/10/11,13936668655851.0,11121466305806.0,2034077151464.0,1616809169187.0,3.76368E+11,0.13,0.56,9.56,10.16,1.18
000016.SH,2016/10/12,13890382476235.0,11082964984326.0,2034077151464.0,1616809169187.0,3.76368E+11,0.1,0.41,9.52,10.12,1.18
000016.SH,2016/10/13,13889289763212.0,11085507472247.0,2034077151464.0,1616809169187.0,3.75603E+11,0.11,0.49,9.52,10.12,1.18
000016.SH,2016/10/14,13933099783529.0,11124178142157.0,2034077151464.0,1616809169187.0,3.75603E+11,0.15,0.64,9.55,10.15,1.18
000016.SH,2016/10/17,13838610418586.0,11048354886112.0,2034077151464.0,1616809169187.0,3.75603E+11,0.14,0.62,9.49,10.08,1.17
000016.SH,2016/10/18,14022553918032.0,11194705523652.0,2034077151464.0,1616809169187.0,3.75603E+11,0.2,0.85,9.61,10.22,1.19
000016.SH,2016/10/19,14021047294245.0,11196438939276.0,2034077151464.0,1616809169187.0,3.75603E+11,0.18,0.78,9.61,10.22,1.19
000016.SH,2016/10/20,14027393435893.0,11202955845904.0,2034077151464.0,1616809169187.0,3.75603E+11,0.12,0.53,9.62,10.22,1.19
000016.SH,2016/10/21,14134502968427.0,11289645263878.0,2034077151464.0,1616809169187.0,3.75603E+11,0.22,0.95,9.69,10.3,1.2
000016.SH,2016/10/24,14309913746752.0,11429794668874.0,2034077151464.0,1616809169187.0,3.75927E+11,0.31,1.32,9.81,10.43,1.21
000016.SH,2016/10/25,14272920089747.0,11401982901547.0,2034077151464.0,1616809169187.0,3.75927E+11,0.2,0.86,9.79,10.4,1.21
000016.SH,2016/10/26,14191385201330.0,11339083134457.0,2034077151464.0,1616809169187.0,3.75927E+11,0.17,0.72,9.73,10.34,1.2
000016.SH,2016/10/27,14152212669055.0,11307091385703.0,2034077151464.0,1616809169187.0,3.76007E+11,0.15,0.62,9.7,10.33,1.2
000016.SH,2016/10/28,14182400230612.0,11329160381739.0,2034077151464.0,1616809169187.0,3.76007E+11,0.17,0.75,9.72,10.24,1.19
000016.SH,2016/10/31,14154708851304.0,11308107851158.0,2034077151464.0,1616809169187.0,3.76007E+11,0.12,0.53,9.7,10.14,1.14
000016.SH,2016/11/1,14212525736666.0,11351646547854.0,2034077151464.0,1616809169187.0,3.76007E+11,0.14,0.59,9.74,10.19,1.15
000016.SH,2016/11/2,14094582373248.0,11258025410602.0,2034077151464.0,1616809169187.0,3.76009E+11,0.14,0.59,9.66,10.1,1.14
000016.SH,2016/11/3,14238380964021.0,11372877120397.0,2034077151464.0,1616809169187.0,3.75728E+11,0.25,1.09,9.76,10.33,1.15
000016.SH,2016/11/4,14215236169928.0,11357682059140.0,2034077151464.0,1616809169187.0,3.75728E+11,0.22,0.96,9.75,10.41,1.15
000016.SH,2016/11/7,14255311367175.0,11391816183891.0,2034077151464.0,1616809169187.0,3.75728E+11,0.16,0.69,9.77,10.22,1.15
000016.SH,2016/11/8,14305053648139.0,11430164265888.0,2034077151464.0,1616809169187.0,3.75728E+11,0.2,0.87,9.81,10.25,1.16
000016.SH,2016/11/9,14194362679643.0,11344194201686.0,2034077151464.0,1616809169187.0,3.75728E+11,0.23,0.99,9.73,10.17,1.15
000016.SH,2016/11/10,14354654013607.0,11470081974478.0,2034077151464.0,1616809169187.0,3.75728E+11,0.21,0.92,9.84,10.29,1.16
000016.SH,2016/11/11,14456201512818.0,11546805914952.0,2034077151464.0,1616809169187.0,3.75728E+11,0.35,1.52,9.91,10.36,1.17
000016.SH,2016/11/14,14528452442367.0,11603723183414.0,2034077151464.0,1616809169187.0,3.75728E+11,0.38,1.64,9.96,10.41,1.17
000016.SH,2016/11/15,14475487229359.0,11560824214899.0,2034077151464.0,1616809169187.0,3.75728E+11,0.21,0.92,9.92,10.37,1.17
000016.SH,2016/11/16,14472878207043.0,11558170620694.0,2034077151464.0,1616809169187.0,3.75728E+11,0.2,0.87,9.92,10.37,1.17
000016.SH,2016/11/17,14497599618037.0,11579816649462.0,2034077151464.0,1616809169187.0,3.75728E+11,0.22,0.94,9.94,10.39,1.17
000016.SH,2016/11/18,14445904599515.0,11539847958672.0,2034077151464.0,1616809169187.0,3.75728E+11,0.21,0.92,9.9,10.35,1.17
000016.SH,2016/11/21,14640890605738.0,11689272885538.0,2034077151464.0,1616809169187.0,3.75728E+11,0.36,1.53,10.04,10.49,1.18
000016.SH,2016/11/22,14804741672269.0,11820372759238.0,2034077151464.0,1616809169187.0,3.75728E+11,0.41,1.76,10.15,10.61,1.2
000016.SH,2016/11/23,14823866795396.0,11838331385721.0,2034077151464.0,1616809169187.0,3.75728E+11,0.33,1.44,10.16,10.62,1.2
000016.SH,2016/11/24,14837762516614.0,11848590779074.0,2034077151464.0,1616809169187.0,3.75728E+11,0.23,0.99,10.17,10.63,1.2
000016.SH,2016/11/25,14985670428502.0,11969876069802.0,2034077151464.0,1616809169187.0,3.72728E+11,0.27,1.19,10.27,10.74,1.21
000016.SH,2016/11/28,15097329972820.0,12062957710797.0,2034077151464.0,1616809169187.0,3.72728E+11,0.48,2.08,10.35,10.82,1.22
000016.SH,2016/11/29,15286179398708.0,12224484782339.0,2034077151464.0,1616809169187.0,3.72728E+11,0.58,2.5,10.48,10.95,1.24
000016.SH,2016/11/30,15093505415846.0,12073380286457.0,2034077151464.0,1616809169187.0,3.72728E+11,0.43,1.85,10.35,10.82,1.22
000016.SH,2016/12/1,15172816238469.0,12143469069176.0,2034077151464.0,1616809169187.0,3.72728E+11,0.46,1.97,10.4,10.87,1.23
000016.SH,2016/12/2,15154598125406.0,12128551138377.0,2034077151464.0,1616809169187.0,3.72728E+11,0.48,2.08,10.39,10.86,1.23
000016.SH,2016/12/5,14927037323566.0,11936732889638.0,2034077151464.0,1616809169187.0,3.72728E+11,0.45,1.94,10.23,10.7,1.21
000016.SH,2016/12/6,14873313005183.0,11896470203529.0,2034077151464.0,1616809169187.0,3.72728E+11,0.26,1.14,10.2,10.66,1.2
000016.SH,2016/12/7,14918466617447.0,11930574680347.0,2034077151464.0,1616809169187.0,3.72728E+11,0.22,0.97,10.23,10.69,1.21
000016.SH,2016/12/8,14920164792543.0,11934488289198.0,2034077151464.0,1616809169187.0,3.72728E+11,0.25,1.06,10.23,10.69,1.21
000016.SH,2016/12/9,15154742680913.0,12116767010412.0,2034077151464.0,1616809169187.0,3.72728E+11,0.42,1.82,10.39,10.86,1.23
000016.SH,2016/12/12,14918405625376.0,11909998482939.0,1963198774336.0,1566775920112.0,3.53835E+11,0.45,1.99,10.22,10.6,1.22
000016.SH,2016/12/13,14833819820332.0,11849724063623.0,1963198774336.0,1566775920112.0,3.53835E+11,0.26,1.16,10.16,10.54,1.21
000016.SH,2016/12/14,14794415067269.0,11812134953611.0,1963198774336.0,1566775920112.0,3.53835E+11,0.3,1.32,10.14,10.51,1.21
000016.SH,2016/12/15,14447471979774.0,11544065031202.0,1963198774336.0,1566775920112.0,3.53835E+11,0.27,1.2,9.9,10.26,1.18
000016.SH,2016/12/16,14403607812632.0,11510456969764.0,1963198774336.0,1566775920112.0,3.53835E+11,0.2,0.86,9.87,10.23,1.18
000016.SH,2016/12/19,14369402102861.0,11483785287957.0,1963198774336.0,1566775920112.0,3.53835E+11,0.15,0.68,9.84,10.21,1.17
000016.SH,2016/12/20,14283763182367.0,11418617349356.0,1963198774336.0,1566775920112.0,3.53835E+11,0.19,0.85,9.79,10.15,1.17
000016.SH,2016/12/21,14454539695953.0,11559057687024.0,1963198774336.0,1566775920112.0,3.53835E+11,0.26,1.14,9.9,10.27,1.18
000016.SH,2016/12/22,14479572400859.0,11582723397125.0,1963198774336.0,1566775920112.0,3.53835E+11,0.19,0.83,9.92,10.29,1.18
000016.SH,2016/12/23,14403963141979.0,11524520575300.0,1963198774336.0,1566775920112.0,3.53901E+11,0.21,0.93,9.87,10.23,1.18
000016.SH,2016/12/26,14501062303886.0,11600326271514.0,1963198774336.0,1566775920112.0,3.53901E+11,0.19,0.85,9.93,10.3,1.18
000016.SH,2016/12/27,14413087973188.0,11530357206680.0,1963198774336.0,1566775920112.0,3.53901E+11,0.16,0.7,9.87,10.24,1.18
000016.SH,2016/12/28,14363376443939.0,11488711232854.0,1963198774336.0,1566775920112.0,3.53901E+11,0.15,0.66,9.84,10.2,1.17
000016.SH,2016/12/29,14335333228336.0,11466782998989.0,1963198774336.0,1566775920112.0,3.53901E+11,0.15,0.68,9.82,10.18,1.17
000016.SH,2016/12/30,14394575203561.0,11512171993444.0,1963198774336.0,1566775920112.0,3.53901E+11,0.16,0.72,9.86,10.23,1.17
000016.SH,2017/1/3,14550244388847.0,11633022885902.0,1963198774336.0,1566775920112.0,3.53901E+11,0.17,0.73,9.97,10.34,1.19
000016.SH,2017/1/4,14626012103022.0,11700226933950.0,1963198774336.0,1566775920112.0,3.53901E+11,0.17,0.74,10.02,10.4,1.19
000016.SH,2017/1/5,14680078243491.0,11747198376210.0,1963198774336.0,1566775920112.0,3.53901E+11,0.17,0.75,10.06,10.44,1.2
000016.SH,2017/1/6,14674818347463.0,11748017508253.0,1963198774336.0,1566775920112.0,3.53901E+11,0.17,0.75,10.05,10.43,1.2
000016.SH,2017/1/9,14733695990088.0,11793280330110.0,1963213970936.0,1566775920112.0,3.53901E+11,0.17,0.75,10.09,10.47,1.2
000016.SH,2017/1/10,14690316249851.0,11760756281666.0,1963213970936.0,1566775920112.0,3.53901E+11,0.15,0.68,10.06,10.44,1.2
000016.SH,2017/1/11,14624564868050.0,11700375820978.0,1963213970936.0,1566775920112.0,3.53901E+11,0.17,0.76,10.02,10.4,1.19
000016.SH,2017/1/12,14608207924445.0,11686497908259.0,1963213970936.0,1566775920112.0,3.53901E+11,0.14,0.63,10.01,10.4,1.19
000016.SH,2017/1/13,14699669968133.0,11755495478234.0,1963213970936.0,1566775920112.0,3.53901E+11,0.18,0.78,10.07,10.46,1.2
000016.SH,2017/1/16,14891924602261.0,11907027609995.0,1963213970936.0,1566775920112.0,3.53901E+11,0.38,1.68,10.2,10.6,1.21
000016.SH,2017/1/17,14858072075083.0,11883457141981.0,1963213970936.0,1566775920112.0,3.53901E+11,0.12,0.54,10.18,10.58,1.21
000016.SH,2017/1/18,14922511703059.0,11937662759973.0,1963213970936.0,1566775920112.0,3.53901E+11,0.13,0.57,10.22,10.62,1.22
000016.SH,2017/1/19,14874895134328.0,11887472406319.0,1964624076691.0,1566775920112.0,3.53901E+11,0.13,0.6,10.19,10.59,1.21
000016.SH,2017/1/20,14908619567109.0,11913128202102.0,1964624076691.0,1566775920112.0,3.53903E+11,0.11,0.49,10.21,10.62,1.21
000016.SH,2017/1/23,14945216567953.0,11933594430097.0,1965281971427.0,1567179729634.0,3.53903E+11,0.12,0.55,10.24,10.65,1.22
000016.SH,2017/1/24,15053754194369.0,12023313726501.0,1965281971427.0,1567179729634.0,3.53903E+11,0.13,0.57,10.31,10.72,1.22
000016.SH,2017/1/25,15069969156961.0,12038689344398.0,1965281971427.0,1567179729634.0,3.53903E+11,0.11,0.5,10.32,10.76,1.22
000016.SH,2017/1/26,15096463879144.0,12055768021482.0,1965281971427.0,1567179729634.0,3.53903E+11,0.12,0.53,10.34,10.79,1.23
000016.SH,2017/2/3,14942970697239.0,11936764184991.0,1965281971427.0,1567179729634.0,3.53903E+11,0.09,0.41,10.24,10.68,1.21
000016.SH,2017/2/6,14977580815379.0,11960561498924.0,1965281971427.0,1567179729634.0,3.53903E+11,0.13,0.56,10.26,10.7,1.22
000016.SH,2017/2/7,14937023831144.0,11926363321350.0,1965282600410.0,1567180358617.0,3.53903E+11,0.11,0.48,10.23,10.67,1.21
000016.SH,2017/2/8,14963754203321.0,11947181932135.0,1965282600410.0,1567180358617.0,3.53903E+11,0.15,0.68,10.25,10.69,1.22
000016.SH,2017/2/9,15019574833537.0,11990585938128.0,1965282600410.0,1567180358617.0,3.53903E+11,0.2,0.89,10.29,10.73,1.22
000016.SH,2017/2/10,15108872660847.0,12062496588090.0,1965282600410.0,1567180358617.0,3.53903E+11,0.25,1.11,10.35,10.79,1.23
000016.SH,2017/2/13,15184603036397.0,12120999233300.0,1965282600410.0,1567180358617.0,3.53903E+11,0.22,0.98,10.4,10.85,1.23
000016.SH,2017/2/14,15160233801257.0,12101750725266.0,1965282600410.0,1567180358617.0,3.53903E+11,0.15,0.68,10.39,10.83,1.23
000016.SH,2017/2/15,15208336922558.0,12136110652769.0,1965282600410.0,1567180358617.0,3.53903E+11,0.25,1.1,10.42,10.87,1.24
000016.SH,2017/2/16,15206658523547.0,12129852338843.0,1965282600410.0,1567180358617.0,3.53903E+11,0.19,0.84,10.42,10.86,1.24
000016.SH,2017/2/17,15098633963496.0,12044247717465.0,1965282600410.0,1567180358617.0,3.53903E+11,0.2,0.88,10.34,10.79,1.23
000016.SH,2017/2/20,15270652530856.0,12182015376241.0,1965282600410.0,1567180358617.0,3.56903E+11,0.29,1.25,10.46,10.91,1.24
000016.SH,2017/2/21,15296172819034.0,12197691583007.0,1965282600410.0,1566920228617.0,3.56675E+11,0.21,0.91,10.52,10.93,1.24
000016.SH,2017/2/22,15326483233246.0,12222584446128.0,1965282600410.0,1566920228617.0,3.56675E+11,0.16,0.69,10.54,10.95,1.25
000016.SH,2017/2/23,15256846287610.0,12166890948729.0,1965296800410.0,1566920228617.0,3.56675E+11,0.15,0.66,10.49,10.9,1.25
000016.SH,2017/2/24,15236146844749.0,12154351612001.0,1965296800410.0,1566920228617.0,3.56675E+11,0.16,0.72,10.48,10.89,1.24
000016.SH,2017/2/27,15111207871611.0,12054426437876.0,1965296800410.0,1566920228617.0,3.56675E+11,0.15,0.67,10.39,10.8,1.23
000016.SH,2017/2/28,15126607549814.0,12067505500360.0,1965296800410.0,1566920228617.0,3.56675E+11,0.11,0.47,10.4,10.81,1.24
000016.SH,2017/3/1,15134214626575.0,12074608385469.0,1965296800410.0,1566920228617.0,3.56675E+11,0.18,0.78,10.41,10.81,1.24
000016.SH,2017/3/2,15040954948219.0,11998651371844.0,1965296800410.0,1566920228617.0,3.56675E+11,0.15,0.65,10.35,10.75,1.23
000016.SH,2017/3/3,14956004985343.0,11930320397252.0,1965296800410.0,1566920228617.0,3.56675E+11,0.13,0.57,10.29,10.69,1.22
000016.SH,2017/3/6,14954798821156.0,11932207866084.0,1965296800410.0,1566920228617.0,3.56675E+11,0.13,0.59,10.29,10.68,1.22
000016.SH,2017/3/7,15007307629290.0,11973344989780.0,1965296800410.0,1566920228617.0,3.56675E+11,0.13,0.57,10.32,10.72,1.23
000016.SH,2017/3/8,15025920683910.0,11992307060385.0,1965296800410.0,1566920228617.0,3.56675E+11,0.16,0.68,10.34,10.74,1.23
000016.SH,2017/3/9,14938592697059.0,11919044346705.0,1965296800410.0,1566920228617.0,3.56675E+11,0.17,0.75,10.28,10.67,1.22
000016.SH,2017/3/10,14882339287220.0,11877595615961.0,1965296800410.0,1566920228617.0,3.56675E+11,0.11,0.5,10.24,10.63,1.22
000016.SH,2017/3/13,14978433318073.0,11950829135322.0,1965296800410.0,1566920228617.0,3.56675E+11,0.16,0.69,10.3,10.7,1.22
000016.SH,2017/3/14,14994323752103.0,11962841026391.0,1965296800410.0,1566920228617.0,3.56675E+11,0.12,0.53,10.31,10.71,1.22
000016.SH,2017/3/15,15004212686225.0,11973539000649.0,1965296800410.0,1566920228617.0,3.56675E+11,0.13,0.59,10.32,10.72,1.23
000016.SH,2017/3/16,15071038938176.0,12025955961666.0,1965296800410.0,1566920228617.0,3.56675E+11,0.19,0.85,10.39,10.78,1.23
000016.SH,2017/3/17,14948672170223.0,11928745716502.0,1965296800410.0,1566920228617.0,3.56675E+11,0.2,0.86,10.31,10.69,1.22
000016.SH,2017/3/20,15029592546181.0,12014477258162.0,1965296800410.0,1568019689982.0,3.57026E+11,0.17,0.76,10.32,10.7,1.23
000016.SH,2017/3/21,15075101873370.0,12053803374987.0,1965296800410.0,1568019689982.0,3.57026E+11,0.18,0.81,10.35,10.74,1.23
000016.SH,2017/3/22,14948942903350.0,11958356637916.0,1965296800410.0,1568019689982.0,3.57026E+11,0.21,0.92,10.26,10.65,1.22
000016.SH,2017/3/23,14973023717649.0,11973165382978.0,1965296800410.0,1568019689982.0,3.57026E+11,0.17,0.75,10.28,10.66,1.22
000016.SH,2017/3/24,15083790652597.0,12063187813388.0,1965296800410.0,1568019689982.0,3.57026E+11,0.26,1.12,10.47,10.71,1.23
000016.SH,2017/3/27,15088265199793.0,12061560126127.0,1965296800410.0,1568019689982.0,3.57026E+11,0.23,0.99,10.34,10.63,1.23
000016.SH,2017/3/28,15035482941201.0,12019348378667.0,1965296800410.0,1568019689982.0,3.5701E+11,0.16,0.7,10.3,10.59,1.23
000016.SH,2017/3/29,15038385003881.0,12023875579935.0,1965296787428.0,1568019677000.0,3.57205E+11,0.19,0.81,10.3,10.58,1.22
000016.SH,2017/3/30,15027350813871.0,12012888076053.0,1965296787428.0,1568019677000.0,3.57205E+11,0.2,0.87,10.46,10.57,1.22
000016.SH,2017/3/31,15130502535348.0,12096808770581.0,1965296787428.0,1568019677000.0,3.57174E+11,0.19,0.83,10.76,10.65,1.23
000016.SH,2017/4/5,15260989825749.0,12204826134417.0,1965296787428.0,1568019677000.0,3.57174E+11,0.26,1.12,10.88,10.81,1.23
000016.SH,2017/4/6,15284371041088.0,12228231809867.0,1965296787428.0,1568019677000.0,3.57174E+11,0.25,1.1,10.88,10.82,1.23
000016.SH,2017/4/7,15308846903196.0,12249224632222.0,1965296787428.0,1568019677000.0,3.57174E+11,0.23,1.01,10.9,10.84,1.24
000016.SH,2017/4/10,15249618745624.0,12204095779602.0,1965296787428.0,1568019677000.0,3.57174E+11,0.2,0.88,10.86,10.8,1.23
000016.SH,2017/4/11,15292042684668.0,12201774102264.0,1968058641428.0,1567980214885.0,3.5759E+11,0.25,1.1,10.9,10.84,1.23
000016.SH,2017/4/12,15292924723969.0,12203798999158.0,1968058641428.0,1567980214885.0,3.5759E+11,0.21,0.94,10.91,10.84,1.23
000016.SH,2017/4/13,15232399788101.0,12156138402127.0,1968058641428.0,1567980214885.0,3.5759E+11,0.15,0.64,10.84,10.81,1.23
000016.SH,2017/4/14,15150503562567.0,12091441673421.0,1968058641428.0,1567980214885.0,3.5759E+11,0.16,0.68,10.78,10.75,1.22
000016.SH,2017/4/17,15163306495842.0,12102764186988.0,1968058641428.0,1567980214885.0,3.5759E+11,0.17,0.74,10.78,10.76,1.22
000016.SH,2017/4/18,15026463803327.0,12000348340557.0,1968058641428.0,1567980214885.0,3.5759E+11,0.15,0.66,10.66,10.67,1.21
000016.SH,2017/4/19,14909595981977.0,11906116643940.0,1968058641428.0,1567980214885.0,3.5759E+11,0.18,0.78,10.58,10.59,1.2
000016.SH,2017/4/20,14932317966519.0,11929176985563.0,1968058641428.0,1567980214885.0,3.5759E+11,0.17,0.74,10.59,10.61,1.2
000016.SH,2017/4/21,15049038122264.0,12015155673140.0,1968058641428.0,1567980214885.0,3.5759E+11,0.17,0.76,10.68,10.69,1.21
000016.SH,2017/4/24,15033354533408.0,11996916954871.0,1968058641428.0,1567980214885.0,3.5759E+11,0.2,0.87,10.67,10.68,1.21
000016.SH,2017/4/25,15038056079461.0,12004721685133.0,1968058641428.0,1567980214885.0,3.5759E+11,0.12,0.54,10.67,10.67,1.21
000016.SH,2017/4/26,15066900943474.0,12019750170711.0,1968058641428.0,1567980214885.0,3.5759E+11,0.17,0.74,10.66,10.67,1.21
000016.SH,2017/4/27,15139090453352.0,12074573307733.0,1968058641428.0,1567968614885.0,3.5759E+11,0.19,0.83,10.75,10.69,1.21
000016.SH,2017/4/28,15130205341833.0,12062224965544.0,1968058641428.0,1567968614885.0,3.5759E+11,0.13,0.58,10.74,10.42,1.2
000016.SH,2017/5/2,15031103303869.0,11984343018992.0,1968058641428.0,1567968614885.0,3.5686E+11,0.1,0.45,10.65,10.3,1.17
000016.SH,2017/5/3,14974341820939.0,11939661267768.0,1968058641428.0,1567968614885.0,3.56859E+11,0.12,0.53,10.61,10.26,1.16
000016.SH,2017/5/4,14965765256420.0,11932079398960.0,1968058641428.0,1567968614885.0,3.56713E+11,0.13,0.58,10.6,10.26,1.16
000016.SH,2017/5/5,14952843635159.0,11922562790197.0,1968058641428.0,1567968614885.0,3.56784E+11,0.2,0.87,10.59,10.25,1.16
000016.SH,2017/5/8,15010126111250.0,11958506285848.0,1968058641428.0,1567968614885.0,3.56784E+11,0.22,0.97,10.63,10.29,1.17
000016.SH,2017/5/9,14954062781807.0,11912514416376.0,1968107575228.0,1567966758125.0,3.56778E+11,0.1,0.45,10.59,10.25,1.16
000016.SH,2017/5/10,15006959948047.0,11943744007545.0,1968107575228.0,1567966758125.0,3.56778E+11,0.14,0.63,10.63,10.29,1.17
000016.SH,2017/5/11,15131029863648.0,12049336378512.0,1968107575228.0,1567966758125.0,3.56778E+11,0.18,0.8,10.72,10.37,1.18
000016.SH,2017/5/12,15354476614461.0,12220329683546.0,1968107575228.0,1567966758125.0,3.56776E+11,0.18,0.81,10.88,10.52,1.19
000016.SH,2017/5/15,15381382952819.0,12247832434413.0,1968107575228.0,1567966758125.0,3.56765E+11,0.15,0.66,10.89,10.54,1.2
000016.SH,2017/5/16,15320234649008.0,12203849675536.0,1968107575228.0,1567966758125.0,3.5676E+11,0.15,0.67,10.85,10.5,1.19
000016.SH,2017/5/17,15190363381357.0,12103211454014.0,1968107575228.0,1567966758125.0,3.56757E+11,0.13,0.58,10.76,10.41,1.18
000016.SH,2017/5/18,15163226331916.0,12083459116773.0,1968107575228.0,1567966758125.0,3.56755E+11,0.11,0.48,10.74,10.39,1.18
000016.SH,2017/5/19,15177357860685.0,12099034430141.0,1968107575228.0,1567966758125.0,3.56755E+11,0.09,0.4,10.75,10.4,1.18
000016.SH,2017/5/22,15319940721148.0,12204683115167.0,1968107575228.0,1567966758125.0,3.56755E+11,0.15,0.64,10.85,10.5,1.19
000016.SH,2017/5/23,15548441578611.0,12388875016705.0,1968107575228.0,1567966758125.0,3.56755E+11,0.22,0.97,11.01,10.66,1.21
000016.SH,2017/5/24,15513859651997.0,12362123464419.0,1968107575228.0,1567966758125.0,3.56755E+11,0.15,0.64,10.99,10.63,1.21
000016.SH,2017/5/25,15849059670667.0,12533319928460.0,1975311291247.0,1567966758125.0,3.56755E+11,0.32,1.41,11.23,10.86,1.23
000016.SH,2017/5/26,15861928016438.0,12626565394178.0,1975311291247.0,1574452242102.0,3.60267E+11,0.2,0.86,11.23,10.87,1.23
000016.SH,2017/5/31,15920780894332.0,12675965462177.0,1975311291247.0,1574741969160.0,3.60432E+11,0.19,0.83,11.28,10.91,1.24
000016.SH,2017/6/1,16053533894957.0,12778879960601.0,1975311291247.0,1574741969160.0,3.60432E+11,0.2,0.85,11.37,11,1.25
000016.SH,2017/6/2,15934218727096.0,12689577787186.0,1975311291247.0,1574741969160.0,3.60432E+11,0.15,0.66,11.29,10.92,1.24
000016.SH,2017/6/5,15700629212349.0,12505451044540.0,1975311291247.0,1574741969160.0,3.60433E+11,0.18,0.8,11.12,10.76,1.22
000016.SH,2017/6/6,15758675444689.0,12546951184551.0,1975311291247.0,1574741969160.0,3.6043E+11,0.11,0.48,11.16,10.8,1.23
000016.SH,2017/6/7,15855806141254.0,12628082592337.0,1975311291247.0,1574741969160.0,3.6043E+11,0.17,0.75,11.23,10.87,1.23
000016.SH,2017/6/8,15955649063548.0,12703268440549.0,1975311291247.0,1574741969160.0,3.6043E+11,0.14,0.61,11.3,10.94,1.24
000016.SH,2017/6/9,16003480049637.0,12739636223139.0,1975310811247.0,1574741969160.0,3.6043E+11,0.21,0.94,11.34,10.97,1.25
000016.SH,2017/6/12,16079499994518.0,12529808791693.0,1954873789575.0,1538101589895.0,3.54763E+11,0.17,0.73,11.43,11.05,1.26
000016.SH,2017/6/13,16044784997602.0,12505629901753.0,1954873789575.0,1538101589895.0,3.54763E+11,0.11,0.49,11.41,11.03,1.26
000016.SH,2017/6/14,15866618435452.0,12368993082070.0,1954873789575.0,1538101589895.0,3.54763E+11,0.14,0.62,11.28,10.9,1.25
000016.SH,2017/6/15,15751749778385.0,12276324682579.0,1954873789575.0,1538101589895.0,3.54763E+11,0.13,0.58,11.2,10.83,1.24
000016.SH,2017/6/16,15693115814291.0,12224799243550.0,1954873789575.0,1538101589895.0,3.54763E+11,0.11,0.47,11.16,10.79,1.24
000016.SH,2017/6/19,15796331562567.0,12294478843594.0,1954873789575.0,1538101589895.0,3.54764E+11,0.13,0.58,11.23,10.86,1.24
000016.SH,2017/6/20,15774449096654.0,12289739311719.0,1954873789575.0,1539078390945.0,3.55741E+11,0.12,0.5,11.21,10.84,1.24
000016.SH,2017/6/21,15869914884915.0,12363999632346.0,1954873789575.0,1539078390945.0,3.55741E+11,0.13,0.57,11.28,10.91,1.25
000016.SH,2017/6/22,15996535887515.0,12463829033252.0,1954873789575.0,1539078390945.0,3.55741E+11,0.28,1.23,11.37,10.99,1.26
000016.SH,2017/6/23,16073744155640.0,12525058334463.0,1954873789575.0,1539078390945.0,3.55741E+11,0.19,0.83,11.43,11.05,1.27
000016.SH,2017/6/26,16102336312847.0,12553927333202.0,1954873789575.0,1539078390945.0,3.55741E+11,0.26,1.12,11.45,11.07,1.27
000016.SH,2017/6/27,16127108691326.0,12572950285209.0,1954873789575.0,1539078390945.0,3.55741E+11,0.18,0.76,11.46,11.08,1.27
000016.SH,2017/6/28,16040746185619.0,12509579481307.0,1954873789575.0,1539078390945.0,3.55741E+11,0.18,0.79,11.4,11.02,1.26
000016.SH,2017/6/29,16137253438184.0,12579096439266.0,1954873789575.0,1539078390945.0,3.55741E+11,0.13,0.56,11.47,11.09,1.27
000016.SH,2017/6/30,16162599226408.0,12599444946042.0,1954873789575.0,1539078390945.0,3.55741E+11,0.12,0.53,11.49,11.11,1.27
000016.SH,2017/7/3,16101781678680.0,12551481708790.0,1954873789575.0,1539078390945.0,3.55741E+11,0.12,0.51,11.45,11.07,1.27
000016.SH,2017/7/4,16043911717586.0,12509438481531.0,1954873789575.0,1539078390945.0,3.55741E+11,0.15,0.66,11.4,11.03,1.26
000016.SH,2017/7/5,16189091114337.0,12613881004001.0,1954873789575.0,1539078390945.0,3.55741E+11,0.13,0.58,11.51,11.13,1.28
000016.SH,2017/7/6,16228776125138.0,12643265000814.0,1954873789575.0,1539078390945.0,3.55741E+11,0.14,0.63,11.54,11.15,1.28
000016.SH,2017/7/7,16170627287684.0,12600166460251.0,1954873789575.0,1539078390945.0,3.55741E+11,0.15,0.63,11.49,11.11,1.28
000016.SH,2017/7/10,16167208422766.0,12597008397433.0,1954873789575.0,1539078390945.0,3.55741E+11,0.16,0.71,11.49,11.11,1.28
000016.SH,2017/7/11,16240675834034.0,12659058585033.0,1954873789575.0,1539078390945.0,3.55741E+11,0.22,0.95,11.54,11.16,1.3
000016.SH,2017/7/12,16213531281481.0,12614806143935.0,1957915124712.0,1539078390945.0,3.55741E+11,0.24,1.04,11.53,11.14,1.3
000016.SH,2017/7/13,16409528981842.0,12778670004650.0,1957915124712.0,1542119726082.0,3.57643E+11,0.28,1.2,11.66,11.28,1.32
000016.SH,2017/7/14,16476848840851.0,12834825804271.0,1957915124712.0,1542119726082.0,3.57659E+11,0.22,0.94,11.71,11.32,1.33
000016.SH,2017/7/17,16669826950655.0,12988044107136.0,1957915124712.0,1542119726082.0,3.57659E+11,0.39,1.7,11.85,11.46,1.35
000016.SH,2017/7/18,16607055979697.0,12937552065032.0,1957915124712.0,1542119726082.0,3.57659E+11,0.26,1.1,11.8,11.42,1.34
000016.SH,2017/7/19,16718808497089.0,13012103680790.0,1957915124712.0,1542119726082.0,3.57659E+11,0.32,1.36,11.88,11.5,1.35
000016.SH,2017/7/20,16775032641033.0,13055731594568.0,1959716459712.0,1542119726082.0,3.57659E+11,0.24,1.05,11.92,11.54,1.36
000016.SH,2017/7/21,16663592887874.0,12987005644724.0,1959716459712.0,1542299861082.0,3.57839E+11,0.19,0.83,11.84,11.47,1.35
000016.SH,2017/7/24,16716993110529.0,13027116731653.0,1959716459712.0,1542299861082.0,3.57839E+11,0.21,0.92,11.88,11.51,1.35
000016.SH,2017/7/25,16736645238686.0,13047348977404.0,1959716459712.0,1542299861082.0,3.57839E+11,0.22,0.96,11.9,11.5,1.35
000016.SH,2017/7/26,16799658110269.0,13094175156213.0,1959716459712.0,1542299861082.0,3.57839E+11,0.23,0.99,11.94,11.55,1.36
000016.SH,2017/7/27,16760167776953.0,13060489185007.0,1959716459712.0,1542299861082.0,3.57839E+11,0.2,0.86,11.91,11.52,1.35
000016.SH,2017/7/28,16742854045097.0,13058505447388.0,1959716459712.0,1542299861082.0,3.57839E+11,0.14,0.61,11.9,11.5,1.35
000016.SH,2017/7/31,16733951438597.0,13050863096537.0,1959716459712.0,1542299861082.0,3.57839E+11,0.19,0.8,11.89,11.49,1.35
000016.SH,2017/8/1,16982832443316.0,13232112079649.0,1959716459712.0,1542305624082.0,3.57845E+11,0.22,0.95,12.07,11.66,1.37
000016.SH,2017/8/2,17018908073729.0,13297167457821.0,1959716459712.0,1546991034660.0,3.6253E+11,0.27,1.16,12.1,11.69,1.38
000016.SH,2017/8/3,16837037225392.0,13158897585186.0,1959716459712.0,1546991034660.0,3.6253E+11,0.21,0.88,11.97,11.56,1.36
000016.SH,2017/8/4,16771135714950.0,13108422201091.0,1959716459712.0,1546991034660.0,3.6253E+11,0.18,0.77,11.92,11.52,1.36
000016.SH,2017/8/7,16779252115612.0,13117565587214.0,1959716459712.0,1546991034660.0,3.6253E+11,0.17,0.72,11.93,11.52,1.36
000016.SH,2017/8/8,16801313739393.0,13148876905284.0,1959716459712.0,1548933285519.0,3.58065E+11,0.17,0.72,11.94,11.54,1.36
000016.SH,2017/8/9,16631540079602.0,13027768846597.0,1959716459712.0,1548933285519.0,3.58065E+11,0.16,0.69,11.82,11.42,1.34
000016.SH,2017/8/10,16598565570925.0,13006340052388.0,1959716459712.0,1548933285519.0,3.58065E+11,0.18,0.79,11.8,11.4,1.34
000016.SH,2017/8/11,16419160898930.0,12870759597816.0,1959987065984.0,1548933285519.0,3.58065E+11,0.23,0.98,11.67,11.28,1.33
000016.SH,2017/8/14,16459430455178.0,12900947910301.0,1959987065984.0,1548933285519.0,3.58071E+11,0.17,0.73,11.7,11.31,1.33
000016.SH,2017/8/15,16587839225212.0,12997985649094.0,1959987065984.0,1548933285519.0,3.58071E+11,0.18,0.78,11.79,11.4,1.34
000016.SH,2017/8/16,16533719116940.0,12949760176751.0,1959987065984.0,1548933285519.0,3.58071E+11,0.13,0.57,11.75,11.36,1.34
000016.SH,2017/8/17,16590188301044.0,12994380910910.0,1959987065984.0,1548933285519.0,3.58071E+11,0.13,0.57,11.79,11.4,1.34
000016.SH,2017/8/18,16625358943937.0,13018398036763.0,1959987065984.0,1548933285519.0,3.58191E+11,0.13,0.56,11.82,11.41,1.34
000016.SH,2017/8/21,16652248571637.0,13043922522835.0,1959987065984.0,1548933285519.0,3.55486E+11,0.13,0.55,11.84,11.43,1.34
000016.SH,2017/8/22,16776440439928.0,13137457521097.0,1959987065984.0,1548933285519.0,3.55486E+11,0.18,0.76,11.93,11.52,1.35
000016.SH,2017/8/23,16916564461400.0,13242732083796.0,1959987065984.0,1548933285519.0,3.55486E+11,0.22,0.98,12.02,11.6,1.36
000016.SH,2017/8/24,16877607986118.0,13217932166845.0,1959987065984.0,1548933285519.0,3.55486E+11,0.19,0.84,12,11.58,1.36
000016.SH,2017/8/25,17324217366912.0,13553945597315.0,1959987065984.0,1548933285519.0,3.55475E+11,0.31,1.34,12.31,11.93,1.4
000016.SH,2017/8/28,17443095406057.0,13624852376446.0,1959987065984.0,1548933285519.0,3.56292E+11,0.39,1.7,12.4,11.97,1.4
000016.SH,2017/8/29,17488113702124.0,13652724041255.0,1959987065984.0,1548933285519.0,3.56292E+11,0.23,0.99,12.43,11.99,1.4
000016.SH,2017/8/30,17383667090186.0,13568150811503.0,1959987065984.0,1548933285519.0,3.56297E+11,0.27,1.18,12.36,11.87,1.39
000016.SH,2017/8/31,17262017177606.0,13467610247603.0,1959987065984.0,1548933285519.0,3.56297E+11,0.26,1.13,12.27,11.65,1.36
000016.SH,2017/9/1,17189618002604.0,13413627481436.0,1959987065984.0,1548933285519.0,3.51194E+11,0.28,1.23,12.22,11.6,1.35
000016.SH,2017/9/4,17259895218047.0,13478718242691.0,1959987065984.0,1548933288719.0,3.51194E+11,0.21,0.95,12.27,11.65,1.36
000016.SH,2017/9/5,17373957647663.0,13562158459668.0,1959987065984.0,1548933288719.0,3.51194E+11,0.2,0.87,12.35,11.73,1.37
000016.SH,2017/9/6,17319814382274.0,13514078028798.0,1961235382482.0,1548933288719.0,3.51194E+11,0.2,0.89,12.31,11.69,1.36
000016.SH,2017/9/7,17186282225581.0,13409985696138.0,1961235382482.0,1548933288719.0,3.51194E+11,0.18,0.79,12.22,11.6,1.35
000016.SH,2017/9/8,17154770762865.0,13386621095543.0,1961235382482.0,1548933288719.0,3.51194E+11,0.16,0.7,12.19,11.58,1.35
000016.SH,2017/9/11,17099805768768.0,13349126445122.0,1961235382482.0,1548933288719.0,3.51194E+11,0.19,0.83,12.15,11.54,1.35
000016.SH,2017/9/12,17184559253470.0,13414694470449.0,1961235382482.0,1548933288719.0,3.51194E+11,0.2,0.88,12.22,11.6,1.35
000016.SH,2017/9/13,17150332872640.0,13387883040279.0,1961235382482.0,1548933288719.0,3.53695E+11,0.14,0.6,12.19,11.58,1.35
000016.SH,2017/9/14,17048824848305.0,13313352971679.0,1961235382482.0,1548933288719.0,3.53695E+11,0.18,0.81,12.12,11.51,1.34
000016.SH,2017/9/15,16960881812421.0,13240820010685.0,1961235382482.0,1548933288719.0,3.53695E+11,0.22,0.98,12.06,11.45,1.34
000016.SH,2017/9/18,16969853624177.0,13246347912717.0,1961235382482.0,1548933288719.0,3.53695E+11,0.21,0.94,12.06,11.46,1.34
000016.SH,2017/9/19,16964122776510.0,13244522712616.0,1961235382482.0,1548933288719.0,3.53695E+11,0.19,0.85,12.06,11.45,1.34
000016.SH,2017/9/20,16921183319244.0,13209376012310.0,1961235382482.0,1548933288719.0,3.53695E+11,0.16,0.72,12.03,11.42,1.33
000016.SH,2017/9/21,17044951002594.0,13309277034674.0,1961235382482.0,1548933288719.0,3.53695E+11,0.21,0.9,12.12,11.51,1.34
000016.SH,2017/9/22,17087160953756.0,13345215933129.0,1961235382482.0,1548933288719.0,3.53695E+11,0.17,0.75,12.15,11.53,1.35
000016.SH,2017/9/25,17190596401391.0,13428657147220.0,1961235382482.0,1548933288719.0,3.53695E+11,0.21,0.9,12.22,11.6,1.35
000016.SH,2017/9/26,17184016841334.0,13425555475918.0,1961235382482.0,1548933288719.0,3.53695E+11,0.12,0.55,12.21,11.6,1.35
000016.SH,2017/9/27,17061945133531.0,13335255265770.0,1961235382482.0,1548933288719.0,3.53695E+11,0.13,0.57,12.13,11.52,1.35
000016.SH,2017/9/28,17052310605241.0,13328749607184.0,1961235382482.0,1548933288719.0,3.53695E+11,0.14,0.61,12.12,11.51,1.34
000016.SH,2017/9/29,17051384775706.0,13321849770129.0,1961235382482.0,1548933288719.0,3.53695E+11,0.13,0.57,12.12,11.51,1.34
000016.SH,2017/10/9,17141390519547.0,13396100262063.0,1961235382482.0,1548933288719.0,3.53695E+11,0.27,1.17,12.18,11.57,1.35
000016.SH,2017/10/10,17153596702857.0,13406984387680.0,1961235405941.0,1548933312178.0,3.53695E+11,0.19,0.85,12.19,11.58,1.35
000016.SH,2017/10/11,17240688892652.0,13481989847429.0,1961235405941.0,1548933312178.0,3.53695E+11,0.16,0.7,12.26,11.64,1.36
000016.SH,2017/10/12,17261459826386.0,13493920987133.0,1961235405941.0,1548933312178.0,3.53695E+11,0.15,0.68,12.27,11.65,1.36
000016.SH,2017/10/13,17215249954979.0,13456820403208.0,1961235405941.0,1548933312178.0,3.53695E+11,0.12,0.54,12.24,11.62,1.35
000016.SH,2017/10/16,17324782598005.0,13549304452929.0,1961235405941.0,1548933312178.0,3.53695E+11,0.17,0.72,12.31,11.69,1.36
000016.SH,2017/10/17,17269688547529.0,13507589339578.0,1961235405941.0,1549187272835.0,3.53949E+11,0.12,0.51,12.28,11.66,1.36
000016.SH,2017/10/18,17486963631071.0,13683469420153.0,1961235405941.0,1549187272835.0,3.53949E+11,0.18,0.8,12.43,11.8,1.37
000016.SH,2017/10/19,17530528404118.0,13727583752139.0,1961235405941.0,1549187272835.0,3.53949E+11,0.18,0.81,12.46,11.83,1.38
000016.SH,2017/10/20,17379988405644.0,13608195835538.0,1961235405941.0,1549215701133.0,3.53977E+11,0.1,0.45,12.35,11.73,1.37
000016.SH,2017/10/23,17332307967894.0,13566431551643.0,1961235405941.0,1549215701133.0,3.53977E+11,0.13,0.55,12.32,11.7,1.36
000016.SH,2017/10/24,17448849990120.0,13654695938757.0,1961235405941.0,1549215701133.0,3.53977E+11,0.16,0.7,12.4,11.78,1.37
000016.SH,2017/10/25,17396845042331.0,13615354073679.0,1961235405941.0,1549215701133.0,3.53977E+11,0.13,0.56,12.37,11.74,1.37
000016.SH,2017/10/26,17417586795668.0,13634994783479.0,1961235405941.0,1549215701133.0,3.53977E+11,0.27,1.17,12.38,11.7,1.37
000016.SH,2017/10/27,17622798524941.0,13801216667300.0,1961235405941.0,1549215701133.0,3.54275E+11,0.26,1.14,12.53,11.74,1.38
000016.SH,2017/10/30,17705690197207.0,13865762107688.0,1961235405941.0,1549215701133.0,3.68537E+11,0.31,1.3,12.59,11.65,1.37
000016.SH,2017/10/31,17578246824570.0,13760946913580.0,1961235405941.0,1549215701133.0,3.80418E+11,0.21,0.85,12.5,11.47,1.34
000016.SH,2017/11/1,17626782164021.0,13803258880060.0,1961235405941.0,1549215701133.0,3.66957E+11,0.3,1.26,12.53,11.5,1.35
000016.SH,2017/11/2,17707410950430.0,13813590101382.0,1970272760233.0,1549215701133.0,3.75019E+11,0.24,1,12.59,11.56,1.35
000016.SH,2017/11/3,17717764457450.0,13824252459918.0,1970272760233.0,1549215701133.0,3.75019E+11,0.25,1.04,12.59,11.56,1.35
000016.SH,2017/11/6,17645448779162.0,13774996236145.0,1970272760233.0,1549215701133.0,3.74638E+11,0.21,0.89,12.54,11.51,1.34
000016.SH,2017/11/7,17834470043252.0,13913174487509.0,1970272760233.0,1549215701133.0,3.74638E+11,0.32,1.32,12.68,11.64,1.36
000016.SH,2017/11/8,17800023907129.0,13887935904279.0,1970272765159.0,1549215706059.0,3.74638E+11,0.29,1.2,12.65,11.62,1.35
000016.SH,2017/11/9,17833911820477.0,13910593177773.0,1970272765159.0,1549215706059.0,3.74771E+11,0.21,0.87,12.68,11.64,1.35
000016.SH,2017/11/10,17856711071704.0,13918504023529.0,1970272765159.0,1549215706059.0,3.74771E+11,0.29,1.18,12.69,11.65,1.35
000016.SH,2017/11/13,17964927785582.0,14005293121891.0,1970272765159.0,1549215706059.0,3.74771E+11,0.31,1.29,12.77,11.72,1.36
000016.SH,2017/11/14,17894817717151.0,13951621326100.0,1970272765159.0,1549215706059.0,3.74771E+11,0.23,0.96,12.72,11.68,1.36
000016.SH,2017/11/15,17779586677364.0,13867993295271.0,1970272765159.0,1549215706059.0,3.74774E+11,0.21,0.88,12.64,11.6,1.35
000016.SH,2017/11/16,17821694655955.0,13951131034713.0,1970272257659.0,1552142016017.0,3.777E+11,0.21,0.85,12.67,11.63,1.35
000016.SH,2017/11/17,18160542286656.0,14207072210531.0,1970272257659.0,1552142016017.0,3.777E+11,0.44,1.81,12.91,11.85,1.38
000016.SH,2017/11/20,18205062335989.0,14242297372531.0,1970272257659.0,1552142016017.0,3.777E+11,0.28,1.16,12.94,11.88,1.38
000016.SH,2017/11/21,18366426856276.0,14353776028446.0,1970272257659.0,1552142016017.0,3.777E+11,0.41,1.69,13.06,11.99,1.39
000016.SH,2017/11/22,18611571355090.0,14557641020061.0,1970272257659.0,1552142016017.0,3.777E+11,0.48,1.97,13.23,12.15,1.41
000016.SH,2017/11/23,18234873593461.0,14270109284064.0,1970272257659.0,1552142016017.0,3.777E+11,0.43,1.77,12.96,11.9,1.38
000016.SH,2017/11/24,18205228850993.0,14247369335840.0,1970272257659.0,1552142016017.0,3.77713E+11,0.29,1.2,12.94,11.88,1.38
000016.SH,2017/11/27,18077263115179.0,14151063858613.0,1970272257659.0,1552142016017.0,3.77713E+11,0.32,1.33,12.85,11.8,1.37
000016.SH,2017/11/28,17926477834400.0,14037273197314.0,1970272257659.0,1552142016017.0,3.77713E+11,0.2,0.81,12.74,11.7,1.36
000016.SH,2017/11/29,17916649390379.0,14030582655483.0,1970272257659.0,1552142016017.0,3.77713E+11,0.23,0.95,12.74,11.69,1.36
000016.SH,2017/11/30,17783891076403.0,13934051664329.0,1970272257659.0,1552142016017.0,3.77713E+11,0.23,0.95,12.64,11.61,1.35
000016.SH,2017/12/1,17682011923899.0,13858508185409.0,1970272257659.0,1552142016017.0,3.77713E+11,0.2,0.82,12.57,11.54,1.34
000016.SH,2017/12/4,17760876223179.0,13923903891976.0,1970272257659.0,1552258016017.0,3.77829E+11,0.17,0.71,12.62,11.59,1.35
000016.SH,2017/12/5,18053954066069.0,14146538614865.0,1970272257659.0,1552258016017.0,3.77829E+11,0.38,1.58,12.83,11.78,1.37
000016.SH,2017/12/6,17869809444214.0,14000612610507.0,1970272258127.0,1552258016485.0,3.77829E+11,0.2,0.84,12.7,11.66,1.35
000016.SH,2017/12/7,17712941168139.0,13879050021663.0,1970272258127.0,1552258016485.0,3.77829E+11,0.18,0.74,12.59,11.56,1.34
000016.SH,2017/12/8,17740608461567.0,13892428917821.0,1970272258127.0,1552258016485.0,3.77829E+11,0.16,0.67,12.61,11.58,1.34
000016.SH,2017/12/11,18243403038166.0,14273076842000.0,2013852045435.0,1582603522181.0,3.82295E+11,0.18,0.75,12.89,11.68,1.37
000016.SH,2017/12/12,17969451712592.0,14065703024893.0,2013850672185.0,1582603522181.0,3.82295E+11,0.16,0.68,12.69,11.51,1.34
000016.SH,2017/12/13,18082032549191.0,14156806275923.0,2013850672185.0,1582603522181.0,3.82296E+11,0.14,0.59,12.77,11.58,1.35
000016.SH,2017/12/14,17944290583073.0,14054214769801.0,2013850672185.0,1582603522181.0,3.82296E+11,0.14,0.6,12.68,11.49,1.34
000016.SH,2017/12/15,17785683208613.0,13928063366725.0,2013850672185.0,1582603522181.0,3.82296E+11,0.17,0.7,12.56,11.39,1.33
000016.SH,2017/12/18,17859451674748.0,13991448357515.0,2013850672185.0,1582603522181.0,3.82296E+11,0.13,0.54,12.62,11.44,1.34
000016.SH,2017/12/19,18085934972191.0,14156414552531.0,2013850672185.0,1582603522181.0,3.82296E+11,0.15,0.62,12.78,11.58,1.35
000016.SH,2017/12/20,18121279696262.0,14192006521591.0,2013850672185.0,1582603522181.0,3.82296E+11,0.18,0.74,12.8,11.6,1.36
000016.SH,2017/12/21,18180658852912.0,14236811215571.0,2013850672185.0,1582603522181.0,3.82279E+11,0.16,0.67,12.84,11.64,1.36
000016.SH,2017/12/22,18132831731386.0,14207804119293.0,2013850672185.0,1582603522181.0,3.82279E+11,0.12,0.5,12.81,11.61,1.36
000016.SH,2017/12/25,18153170303331.0,14213535599122.0,2019660675470.0,1582603522181.0,3.82279E+11,0.17,0.69,12.82,11.62,1.35
000016.SH,2017/12/26,18292808891134.0,14317539265429.0,2019688185470.0,1582603525466.0,3.82281E+11,0.17,0.71,12.92,11.71,1.37
000016.SH,2017/12/27,18064701465389.0,14149333617419.0,2019688185470.0,1582603525466.0,3.82281E+11,0.2,0.84,12.76,11.57,1.35
000016.SH,2017/12/28,18195920553962.0,14261907204608.0,2019688185470.0,1582603525466.0,3.82281E+11,0.22,0.9,12.85,11.65,1.36
000016.SH,2017/12/29,18231459527547.0,14292622543481.0,2019688185470.0,1582603525466.0,3.82281E+11,0.18,0.75,12.88,11.67,1.36
000016.SH,2018/1/2,18515417408271.0,14485060119111.0,2023361362712.0,1582616657258.0,3.82294E+11,0.34,1.41,13.08,11.86,1.38
000016.SH,2018/1/3,18551599316803.0,14518070793878.0,2023361362712.0,1582616657258.0,3.82294E+11,0.3,1.26,13.1,11.88,1.38
000016.SH,2018/1/4,18616001072293.0,14581365349031.0,2023361362712.0,1582616657258.0,3.82294E+11,0.28,1.14,13.15,11.92,1.39
000016.SH,2018/1/5,18693219770273.0,14647527028980.0,2023361362712.0,1582616657258.0,3.82294E+11,0.32,1.31,13.2,11.97,1.39
000016.SH,2018/1/8,18765773763936.0,14708933454183.0,2023361362712.0,1582616657258.0,3.82294E+11,0.37,1.52,13.26,12.02,1.4
000016.SH,2018/1/9,18817535270487.0,14754204411681.0,2023361362712.0,1582616657258.0,3.82294E+11,0.26,1.06,13.29,12.05,1.4
000016.SH,2018/1/10,19025161627433.0,14935591759116.0,2023361362712.0,1582616657258.0,3.82294E+11,0.37,1.51,13.44,12.18,1.42
000016.SH,2018/1/11,19077644240967.0,14968346284047.0,2023361362712.0,1582616657258.0,3.82294E+11,0.27,1.11,13.48,12.22,1.42
000016.SH,2018/1/12,19173257756981.0,15044388390646.0,2023361362712.0,1582616657258.0,3.82294E+11,0.24,1,13.54,12.27,1.43
000016.SH,2018/1/15,19401274225721.0,15212739636444.0,2023361362712.0,1582616657258.0,3.82294E+11,0.41,1.7,13.7,12.4,1.44
000016.SH,2018/1/16,19494870459021.0,15269732771719.0,2023361362712.0,1582755868394.0,3.82433E+11,0.41,1.68,13.77,12.45,1.45
000016.SH,2018/1/17,19637348799625.0,15373581461460.0,2023361362712.0,1582755868394.0,3.82433E+11,0.58,2.38,13.87,12.55,1.46
000016.SH,2018/1/18,19937149445590.0,15608642971565.0,2023528190912.0,1582755868394.0,3.82433E+11,0.55,2.29,14.08,12.73,1.48
000016.SH,2018/1/19,20077754899378.0,15729098228518.0,2023528190912.0,1583233734622.0,3.82911E+11,0.6,2.48,14.18,12.82,1.49
000016.SH,2018/1/22,20087426725355.0,15738706275809.0,2023528190912.0,1583233734622.0,3.82914E+11,0.49,2.02,14.19,12.83,1.49
000016.SH,2018/1/23,20535015856609.0,16095491527078.0,2023528190912.0,1583862265506.0,3.83543E+11,0.64,2.65,14.51,13.11,1.52
000016.SH,2018/1/24,20579242518650.0,16141461795872.0,2023528190912.0,1583862265506.0,3.83543E+11,0.63,2.58,14.54,13.13,1.52
000016.SH,2018/1/25,20448775770853.0,16055071114005.0,2023528190912.0,1583862265506.0,3.83543E+11,0.49,2.02,14.44,13.04,1.51
000016.SH,2018/1/26,20546182686710.0,16128973763578.0,2023528190912.0,1583862265506.0,3.83543E+11,0.52,2.14,14.51,13.1,1.52
000016.SH,2018/1/29,20363694249029.0,15988357358993.0,2023528190912.0,1583862265506.0,3.83543E+11,0.46,1.9,14.38,12.97,1.51
000016.SH,2018/1/30,20027722846102.0,15722879414207.0,2023528190912.0,1583862265506.0,3.83543E+11,0.34,1.42,14.15,12.76,1.48
000016.SH,2018/1/31,20228403950302.0,15886512037266.0,2023528190912.0,1583862265506.0,3.83543E+11,0.35,1.45,14.29,12.88,1.5
000016.SH,2018/2/1,20443229670209.0,16058685551653.0,2023528190912.0,1583862265506.0,3.83543E+11,0.46,1.88,14.44,13.02,1.51
000016.SH,2018/2/2,20566080537406.0,16160961049181.0,2023528190912.0,1583862265506.0,3.83543E+11,0.33,1.38,14.53,13.1,1.52
000016.SH,2018/2/5,20889380823068.0,16403183121404.0,2023528196451.0,1583862271045.0,3.83543E+11,0.45,1.87,14.76,13.31,1.55
000016.SH,2018/2/6,20426829006719.0,16049969974876.0,2023528196451.0,1583862271045.0,3.83543E+11,0.62,2.57,14.43,13.01,1.51
000016.SH,2018/2/7,19768571938263.0,15519636151404.0,2023528246099.0,1583862320693.0,3.83543E+11,0.6,2.47,13.96,12.59,1.47
000016.SH,2018/2/8,19109354224785.0,15008050471986.0,2023528246099.0,1583862320693.0,3.83543E+11,0.46,1.91,13.5,12.17,1.42
000016.SH,2018/2/9,18287680835977.0,14382009191929.0,2023528246099.0,1583862320693.0,3.83543E+11,0.58,2.4,12.92,11.65,1.36
000016.SH,2018/2/12,18179648532165.0,14302182824993.0,2023528246099.0,1583862320693.0,3.83543E+11,0.29,1.21,12.84,11.58,1.35
000016.SH,2018/2/13,18460867148668.0,14522798522009.0,2023528246099.0,1583862320693.0,3.83543E+11,0.29,1.22,13.04,11.76,1.37
000016.SH,2018/2/14,18548999223978.0,14590260889212.0,2023528246099.0,1583874320693.0,3.83555E+11,0.16,0.66,13.1,11.79,1.38
000016.SH,2018/2/22,18963517135726.0,14921732887813.0,2023528246099.0,1583874320693.0,3.83555E+11,0.25,1.02,13.4,12.05,1.41
000016.SH,2018/2/23,19117954828022.0,15038260945642.0,2023528246099.0,1583874320693.0,3.83555E+11,0.24,1,13.5,12.15,1.42
000016.SH,2018/2/26,19241967165285.0,15125081442351.0,2023528246099.0,1583874320693.0,3.83555E+11,0.32,1.31,13.59,12.23,1.43
000016.SH,2018/2/27,18881946659595.0,14843132452226.0,2023528246099.0,1583874320693.0,3.83555E+11,0.29,1.2,13.34,12,1.4
000016.SH,2018/2/28,18569929987325.0,14598119131581.0,2023528246099.0,1583874320693.0,3.83555E+11,0.24,1.01,13.12,11.8,1.38
000016.SH,2018/3/1,18613040147727.0,14633519862875.0,2023528246099.0,1583874320693.0,3.83555E+11,0.2,0.84,13.15,11.83,1.38
000016.SH,2018/3/2,18458636822714.0,14518490399253.0,2023528246099.0,1583874320693.0,3.83555E+11,0.19,0.78,13.04,11.73,1.37
000016.SH,2018/3/5,18476739894147.0,14509028984801.0,2027328142381.0,1583874320840.0,3.84268E+11,0.19,0.78,13.05,11.74,1.37
000016.SH,2018/3/6,18614014613222.0,14607093573350.0,2027328151429.0,1583874329888.0,3.84268E+11,0.3,1.24,13.15,11.83,1.38
000016.SH,2018/3/7,18571425990255.0,14574973026991.0,2027328151429.0,1583874329888.0,3.84252E+11,0.24,0.99,13.12,11.81,1.38
000016.SH,2018/3/8,18592433520286.0,14589352027468.0,2027328151429.0,1583874329888.0,3.84252E+11,0.18,0.75,13.13,11.82,1.38
000016.SH,2018/3/9,18624212936713.0,14609338528795.0,2027328151429.0,1583874329888.0,3.84252E+11,0.2,0.82,13.16,11.84,1.38
000016.SH,2018/3/12,18631020887369.0,14610152595692.0,2027327954679.0,1583874329888.0,3.84252E+11,0.28,1.17,13.16,11.85,1.38
000016.SH,2018/3/13,18540089631712.0,14546943735049.0,2027327954679.0,1583874329888.0,3.84252E+11,0.26,1.06,13.03,11.75,1.36
000016.SH,2018/3/14,18457656000673.0,14491227906546.0,2027327954679.0,1583874329888.0,3.84252E+11,0.2,0.8,12.97,11.7,1.36
000016.SH,2018/3/15,18559236444011.0,14572125912459.0,2027327954679.0,1583874329888.0,3.84252E+11,0.17,0.68,13.04,11.76,1.36
000016.SH,2018/3/16,18394948558094.0,14428381659759.0,2027327954679.0,1581974565687.0,3.84251E+11,0.17,0.71,12.93,11.66,1.35
000016.SH,2018/3/19,18524957911801.0,14518137862099.0,2027327954679.0,1581974565687.0,3.84251E+11,0.16,0.68,13.02,11.74,1.36
000016.SH,2018/3/20,18633845698248.0,14604658896805.0,2027327954679.0,1581974565687.0,3.84251E+11,0.17,0.71,13.09,11.81,1.37
000016.SH,2018/3/21,18567636209584.0,14552006832752.0,2027327954679.0,1581974565687.0,3.8427E+11,0.21,0.87,12.8,11.64,1.36
000016.SH,2018/3/22,18451330666917.0,14456994194535.0,2027327954679.0,1581974565687.0,3.8427E+11,0.19,0.79,12.72,11.57,1.35
000016.SH,2018/3/23,18033468278988.0,14161189473707.0,2027327954679.0,1584004782850.0,3.88483E+11,0.4,1.61,12.19,11.32,1.32
000016.SH,2018/3/26,17613715637736.0,13832466395755.0,2027327954679.0,1584004782850.0,3.88483E+11,0.27,1.1,11.63,11.06,1.29
000016.SH,2018/3/27,17644816726163.0,13855637705479.0,2027327954679.0,1584004782850.0,3.88483E+11,0.25,1.01,11.58,11.07,1.3
000016.SH,2018/3/28,17369268664035.0,13638416838071.0,2027327954679.0,1584004782850.0,3.88226E+11,0.22,0.89,11.25,10.86,1.28
000016.SH,2018/3/29,17649582917686.0,13860503891404.0,2027327954679.0,1584004782850.0,3.77343E+11,0.27,1.12,11.42,11.04,1.3
000016.SH,2018/3/30,17523514921086.0,13765847925163.0,2027327954679.0,1584004782850.0,3.75464E+11,0.2,0.84,11.1,10.91,1.28
000016.SH,2018/4/2,17408692653059.0,13679050181691.0,2027327954679.0,1584004782850.0,3.75464E+11,0.22,0.92,11.03,10.84,1.27
000016.SH,2018/4/3,17264177279483.0,13562220676500.0,2027327954728.0,1584004782899.0,3.75464E+11,0.18,0.76,10.94,10.75,1.26
000016.SH,2018/4/4,17253951113877.0,13562674479113.0,2027327957512.0,1584004785683.0,3.75464E+11,0.17,0.71,10.93,10.74,1.26
000016.SH,2018/4/9,17341244874895.0,13626826400939.0,2027327957512.0,1584004785683.0,3.75464E+11,0.17,0.7,10.99,10.8,1.27
000016.SH,2018/4/10,17788616844444.0,13969936594879.0,2027327957512.0,1584004785683.0,3.75464E+11,0.24,1.01,11.2,11.05,1.3
000016.SH,2018/4/11,17886634300892.0,14057265034612.0,2028121818512.0,1585904549884.0,3.77364E+11,0.25,1.03,11.26,11.11,1.31
000016.SH,2018/4/12,17659665306397.0,13881092524696.0,2028121818512.0,1585904549884.0,3.77364E+11,0.16,0.69,11.09,10.95,1.29
000016.SH,2018/4/13,17504371343937.0,13757571738092.0,2028121818512.0,1585904549884.0,3.77364E+11,0.14,0.58,11,10.86,1.28
000016.SH,2018/4/16,17093863431735.0,13438325072983.0,2028121818512.0,1585904549884.0,3.77364E+11,0.23,0.97,10.74,10.6,1.25
000016.SH,2018/4/17,16929095083888.0,13306732802768.0,2028121818512.0,1585904549884.0,3.77364E+11,0.17,0.72,10.61,10.5,1.24
000016.SH,2018/4/18,17094264718297.0,13432954846690.0,2028121818512.0,1585904549884.0,3.77364E+11,0.2,0.84,10.72,10.6,1.25
000016.SH,2018/4/19,17257352151490.0,13571554310487.0,2028121818512.0,1585904549884.0,3.77364E+11,0.16,0.69,10.82,10.7,1.26
000016.SH,2018/4/20,17071026766571.0,13438209648871.0,2028121818512.0,1587448951424.0,3.78909E+11,0.18,0.74,10.7,10.59,1.25
000016.SH,2018/4/23,17170216337274.0,13508091266289.0,2028121818512.0,1587448951424.0,3.78909E+11,0.16,0.67,10.76,10.64,1.26
000016.SH,2018/4/24,17503628813566.0,13769397255115.0,2028121818512.0,1587448951424.0,3.78909E+11,0.25,1.04,10.95,10.84,1.28
000016.SH,2018/4/25,17336809819480.0,13643535449586.0,2028121818512.0,1587448951424.0,3.78909E+11,0.15,0.62,10.81,10.73,1.27
000016.SH,2018/4/26,17157805772178.0,13508841213582.0,2028121818512.0,1587448951424.0,3.78909E+11,0.15,0.62,10.7,10.62,1.25
000016.SH,2018/4/27,17221213432742.0,13556365698686.0,2028121818512.0,1587448951424.0,3.78909E+11,0.18,0.75,10.73,10.56,1.25
000016.SH,2018/5/2,17202911174700.0,13538621111727.0,2028121818512.0,1587448951424.0,3.80238E+11,0.17,0.7,10.67,10.36,1.23
000016.SH,2018/5/3,17278865092880.0,13595223479637.0,2028121818660.0,1587482962384.0,3.80272E+11,0.17,0.69,10.71,10.4,1.24
000016.SH,2018/5/4,17176391119745.0,13518393463263.0,2028121819356.0,1587482963080.0,3.80272E+11,0.13,0.55,10.65,10.34,1.23
000016.SH,2018/5/7,17412464243974.0,13713558951687.0,2028121819356.0,1587482963080.0,3.80272E+11,0.17,0.7,10.8,10.48,1.24
000016.SH,2018/5/8,17599973883539.0,13857925806221.0,2028121819356.0,1587482963080.0,3.80272E+11,0.2,0.83,10.91,10.6,1.26
000016.SH,2018/5/9,17597577496116.0,13858184491124.0,2028121819356.0,1587482963080.0,3.80272E+11,0.13,0.53,10.91,10.6,1.26
000016.SH,2018/5/10,17679815635211.0,13927062765893.0,2028121819356.0,1587482963080.0,3.80272E+11,0.12,0.52,10.96,10.64,1.26
000016.SH,2018/5/11,17686312835858.0,13934386729149.0,2028121819356.0,1587482963080.0,3.80272E+11,0.15,0.62,10.97,10.65,1.26
000016.SH,2018/5/14,17798691122890.0,14028518475724.0,2028121819356.0,1587483359382.0,3.80272E+11,0.17,0.71,11.04,10.72,1.27
000016.SH,2018/5/15,17786733420489.0,14018110467140.0,2028121819356.0,1587483359382.0,3.80272E+11,0.14,0.59,11.03,10.71,1.27
000016.SH,2018/5/16,17550020934475.0,13834922149094.0,2028121819356.0,1587483359382.0,3.80272E+11,0.14,0.57,10.88,10.57,1.25
000016.SH,2018/5/17,17491170158459.0,13790564663265.0,2028121819356.0,1587483359382.0,3.80272E+11,0.11,0.44,10.84,10.53,1.25
000016.SH,2018/5/18,17848519293976.0,14080974160004.0,2028121819356.0,1587483359382.0,3.80272E+11,0.14,0.6,11.07,10.75,1.27
000016.SH,2018/5/21,17859920525391.0,14083530369398.0,2028121819356.0,1587503359382.0,3.80241E+11,0.17,0.73,11.07,10.75,1.27
000016.SH,2018/5/22,17755690495741.0,14007165098825.0,2028121819356.0,1587503359382.0,3.80229E+11,0.15,0.61,11.01,10.69,1.27
000016.SH,2018/5/23,17412281742719.0,13732027130310.0,2028121819356.0,1587503359382.0,3.80229E+11,0.16,0.67,10.8,10.48,1.24
000016.SH,2018/5/24,17302646189451.0,13644639877571.0,2028121819356.0,1587503359382.0,3.80229E+11,0.12,0.52,10.73,10.42,1.24
000016.SH,2018/5/25,17227078237469.0,13579105413302.0,2028121819356.0,1587503359382.0,3.80229E+11,0.13,0.52,10.68,10.37,1.23
000016.SH,2018/5/28,17249784543005.0,13602232330913.0,2028121819356.0,1587503359382.0,3.80229E+11,0.12,0.49,10.69,10.39,1.24
000016.SH,2018/5/29,17200256065749.0,13566997623045.0,2028121819356.0,1587503359382.0,3.80229E+11,0.17,0.71,10.66,10.36,1.23
000016.SH,2018/5/30,16800760943901.0,13266899288550.0,2028121819356.0,1587503359382.0,3.80229E+11,0.15,0.64,10.42,10.12,1.2
000016.SH,2018/5/31,17067344934051.0,13485731539962.0,2028121819356.0,1587503359382.0,3.80229E+11,0.17,0.7,10.58,10.28,1.22
000016.SH,2018/6/1,17024366640983.0,13452584530855.0,2028121819356.0,1587503359382.0,3.80229E+11,0.13,0.54,10.56,10.25,1.22
000016.SH,2018/6/4,17252364152457.0,13643479313943.0,2028121819356.0,1587553597117.0,3.80279E+11,0.14,0.59,10.7,10.39,1.24
000016.SH,2018/6/5,17259204059393.0,13648034063267.0,2028121819455.0,1587553597216.0,3.80278E+11,0.14,0.58,10.7,10.39,1.24
000016.SH,2018/6/6,17170783366141.0,13580551001743.0,2028121846137.0,1587553623898.0,3.80278E+11,0.13,0.54,10.65,10.34,1.23
000016.SH,2018/6/7,17209307852715.0,13611788514817.0,2028121846137.0,1587565223898.0,3.8029E+11,0.15,0.62,10.67,10.36,1.24
000016.SH,2018/6/8,16948049376554.0,13410333904288.0,2028121846137.0,1587569059376.0,3.80293E+11,0.16,0.68,10.51,10.2,1.22
000016.SH,2018/6/11,17379252018407.0,13739302520445.0,1995158605288.0,1571914518923.0,3.6449E+11,0.13,0.54,10.8,10.47,1.27
000016.SH,2018/6/12,17522817973288.0,13861085841959.0,1995158605288.0,1571914518923.0,3.6449E+11,0.13,0.54,10.89,10.56,1.28
000016.SH,2018/6/13,17433284249578.0,13795277767031.0,1995158605288.0,1571914518923.0,3.6449E+11,0.12,0.53,10.83,10.5,1.28
000016.SH,2018/6/14,17446599477313.0,13799369283507.0,1995158605288.0,1571914518923.0,3.6449E+11,0.14,0.59,10.84,10.51,1.28
000016.SH,2018/6/15,17475237826727.0,13824055861163.0,1995158605288.0,1571914518923.0,3.64502E+11,0.16,0.7,10.86,10.53,1.28
000016.SH,2018/6/19,17145892297201.0,13577279583830.0,1995148015959.0,1571925879969.0,3.64514E+11,0.37,1.58,10.66,10.33,1.26
000016.SH,2018/6/20,17068541853428.0,13530175315634.0,1995148015959.0,1571925879969.0,3.64514E+11,0.15,0.65,10.61,10.28,1.25
000016.SH,2018/6/21,16918662635830.0,13429338518735.0,1995148015959.0,1571925879969.0,3.64514E+11,0.16,0.68,10.52,10.19,1.24
000016.SH,2018/6/22,16918749461056.0,13425159249239.0,1995148015959.0,1571925879969.0,3.64514E+11,0.13,0.54,10.52,10.19,1.24
000016.SH,2018/6/25,16642157957115.0,13212993533585.0,1995148015959.0,1571925879969.0,3.64514E+11,0.15,0.64,10.34,10.03,1.22
000016.SH,2018/6/26,16438673807195.0,13093630207049.0,1995148015959.0,1575584471080.0,3.66225E+11,0.17,0.72,10.22,9.9,1.21
000016.SH,2018/6/27,16235577267271.0,12928513431859.0,1995148016057.0,1575584471178.0,3.66052E+11,0.17,0.75,10.09,9.78,1.19
000016.SH,2018/6/28,16111668197312.0,12825688305108.0,1995148016057.0,1575584471178.0,3.66052E+11,0.15,0.62,10.01,9.71,1.19
000016.SH,2018/6/29,16411661744687.0,12992812947937.0,2007143780187.0,1575584471178.0,3.66052E+11,0.13,0.57,10.2,9.89,1.21
000016.SH,2018/7/2,15803966802690.0,12636418566340.0,2007143780187.0,1596421938606.0,3.73138E+11,0.16,0.7,9.82,9.52,1.16
000016.SH,2018/7/3,15856949602330.0,12654242809640.0,2007143780187.0,1596421938606.0,3.73135E+11,0.18,0.78,9.86,9.55,1.17
000016.SH,2018/7/4,15861731799863.0,12596775147944.0,2032332697110.0,1596421938656.0,3.73135E+11,0.12,0.53,9.86,9.56,1.16
000016.SH,2018/7/5,15938318863101.0,12629309938916.0,2039629766860.0,1596421938656.0,3.73135E+11,0.16,0.68,9.91,9.6,1.17
000016.SH,2018/7/6,16074269543390.0,12769936845900.0,2039629766860.0,1602332292525.0,3.84719E+11,0.16,0.65,9.99,9.68,1.18
000016.SH,2018/7/9,16532495023536.0,13129190971157.0,2039629766860.0,1602332292525.0,3.82909E+11,0.15,0.64,10.28,9.96,1.21
000016.SH,2018/7/10,16560570216001.0,13157330408185.0,2039629766860.0,1602332292525.0,3.82909E+11,0.13,0.56,10.29,9.98,1.21
000016.SH,2018/7/11,16304284419749.0,12958527265588.0,2039629766860.0,1602332292525.0,3.82909E+11,0.13,0.54,10.13,9.82,1.19
000016.SH,2018/7/12,16597352151839.0,13181665746617.0,2039629766860.0,1602332292525.0,3.82909E+11,0.17,0.71,10.32,10,1.22
000016.SH,2018/7/13,16431670228693.0,13065687276143.0,2039629766860.0,1602332292525.0,3.82909E+11,0.12,0.52,10.21,9.9,1.22
000016.SH,2018/7/16,16219006164641.0,12910811717140.0,2039629766860.0,1602641172833.0,3.82909E+11,0.12,0.52,10.08,9.76,1.2
000016.SH,2018/7/17,16076032847707.0,12771623185833.0,2042752080860.0,1602641172833.0,3.82909E+11,0.1,0.44,9.99,9.68,1.2
000016.SH,2018/7/18,16017379492412.0,12743688876897.0,2042752080860.0,1604125623528.0,3.84385E+11,0.11,0.46,9.95,9.64,1.19
000016.SH,2018/7/19,16007262353723.0,12736223852591.0,2042752080860.0,1604125623528.0,3.84385E+11,0.13,0.53,9.95,9.64,1.19
000016.SH,2018/7/20,16499314779358.0,13113871767385.0,2042752080860.0,1604125623528.0,3.84385E+11,0.21,0.9,10.25,9.93,1.23
000016.SH,2018/7/23,16752072200860.0,13312572603331.0,2042752114965.0,1604125657633.0,3.82485E+11,0.25,1.04,10.41,10.08,1.25
000016.SH,2018/7/24,16977455429647.0,13522807740044.0,2042752114965.0,1608837699517.0,3.87198E+11,0.3,1.26,10.55,10.21,1.26
000016.SH,2018/7/25,16977594109657.0,13524116181558.0,2042752114965.0,1608837699517.0,3.87198E+11,0.16,0.68,10.55,10.19,1.26
000016.SH,2018/7/26,16804184478640.0,13384332163291.0,2042752114965.0,1608837699517.0,3.87198E+11,0.16,0.65,10.44,10.09,1.25
000016.SH,2018/7/27,16772002748805.0,13360392525215.0,2042752114965.0,1608837699517.0,3.87198E+11,0.12,0.49,10.42,10.08,1.25
000016.SH,2018/7/30,16881148085778.0,13442280610021.0,2042752114965.0,1608837699517.0,3.87198E+11,0.15,0.63,10.49,10.14,1.26
000016.SH,2018/7/31,16966580702979.0,13512760914737.0,2042752114965.0,1608837699517.0,3.87198E+11,0.13,0.52,10.54,10.19,1.26
000016.SH,2018/8/1,16617076013303.0,13240069023049.0,2042752114965.0,1608837699517.0,3.87198E+11,0.17,0.71,10.33,9.98,1.24
000016.SH,2018/8/2,16303495254732.0,12997110738020.0,2042752114965.0,1608837699517.0,3.86916E+11,0.18,0.77,10.13,9.78,1.21
000016.SH,2018/8/3,16203332084329.0,12913987058881.0,2042752115217.0,1608837699769.0,3.86916E+11,0.13,0.56,10.07,9.72,1.21
000016.SH,2018/8/6,16190828873275.0,12886221887698.0,2043840846417.0,1608837699769.0,3.87578E+11,0.16,0.66,10.06,9.71,1.2
000016.SH,2018/8/7,16675549564544.0,13278436385746.0,2043840846417.0,1608837699769.0,3.87578E+11,0.18,0.77,10.36,10,1.24
000016.SH,2018/8/8,16498983556719.0,13141578742039.0,2043840846417.0,1608837699769.0,3.87578E+11,0.15,0.61,10.25,9.9,1.23
000016.SH,2018/8/9,16767652789212.0,13355207130927.0,2043840860944.0,1608837714296.0,3.87554E+11,0.17,0.69,10.42,10.06,1.25
000016.SH,2018/8/10,16706067808681.0,13310554654441.0,2043840860944.0,1608837714296.0,3.87554E+11,0.12,0.5,10.38,10.02,1.24
000016.SH,2018/8/13,16541401753484.0,13180718156790.0,2043840860944.0,1608837714296.0,3.87554E+11,0.14,0.59,10.28,9.92,1.23
000016.SH,2018/8/14,16527600175794.0,13169754832900.0,2043840860944.0,1608837714296.0,3.87554E+11,0.11,0.44,10.27,9.91,1.23
000016.SH,2018/8/15,16184534050568.0,12902203419479.0,2043840860944.0,1608837714296.0,3.87554E+11,0.12,0.51,10.06,9.71,1.2
000016.SH,2018/8/16,16136652385156.0,12854269134455.0,2043840860944.0,1608837714296.0,3.87554E+11,0.16,0.66,10.03,9.67,1.2
000016.SH,2018/8/17,15989579344763.0,12734146269230.0,2043840860944.0,1608837714296.0,3.87554E+11,0.13,0.53,9.94,9.59,1.19
000016.SH,2018/8/20,16257109432379.0,12941020754053.0,2043840860944.0,1608837714296.0,3.87554E+11,0.14,0.59,10.1,9.75,1.21
000016.SH,2018/8/21,16463970988980.0,13108274522518.0,2043840860944.0,1608837714296.0,3.87554E+11,0.15,0.63,10.23,9.87,1.23
000016.SH,2018/8/22,16398370729768.0,13047276858138.0,2043840860944.0,1608837714296.0,3.88269E+11,0.1,0.41,10.19,9.76,1.22
000016.SH,2018/8/23,16456204446333.0,13086173495643.0,2043840860944.0,1608837714296.0,3.88269E+11,0.12,0.49,10.23,9.77,1.22
000016.SH,2018/8/24,16558046027353.0,13162505573309.0,2043840860944.0,1608837714296.0,3.88269E+11,0.13,0.53,10.29,9.85,1.23
000016.SH,2018/8/27,16839184955594.0,13397069722305.0,2043840860944.0,1608837714296.0,3.83018E+11,0.18,0.74,10.47,9.94,1.24
000016.SH,2018/8/28,16774084832860.0,13346188158043.0,2043840860944.0,1608837714296.0,3.83018E+11,0.13,0.56,10.43,9.88,1.24
000016.SH,2018/8/29,16759846304940.0,13321399979436.0,2043840860944.0,1608837714296.0,3.90738E+11,0.11,0.47,10.42,9.81,1.22
000016.SH,2018/8/30,16579553293979.0,13182190315691.0,2043840860944.0,1608837714296.0,3.90911E+11,0.11,0.47,10.3,9.7,1.21
000016.SH,2018/8/31,16592007176554.0,13184833994197.0,2043840860944.0,1608837714296.0,3.90911E+11,0.16,0.67,10.31,9.61,1.2
000016.SH,2018/9/3,16567583384984.0,13156985638939.0,2043840860944.0,1608837714296.0,3.90911E+11,0.11,0.47,10.3,9.6,1.2
000016.SH,2018/9/4,16766557245580.0,13301165721656.0,2043840860944.0,1608837714296.0,3.90258E+11,0.13,0.53,10.42,9.71,1.21
000016.SH,2018/9/5,16422231958425.0,13028020028171.0,2043840860944.0,1608837714296.0,3.74054E+11,0.13,0.57,10.21,9.51,1.19
000016.SH,2018/9/6,16335213758703.0,12943224929090.0,2043840860944.0,1608837714296.0,3.74054E+11,0.13,0.56,10.15,9.46,1.18
000016.SH,2018/9/7,16424970227469.0,13021848558807.0,2043840860944.0,1608837714296.0,3.74054E+11,0.11,0.49,10.21,9.51,1.19
000016.SH,2018/9/10,16304378807666.0,12934915158482.0,2043840860944.0,1608837714296.0,3.74678E+11,0.11,0.48,10.13,9.44,1.18
000016.SH,2018/9/11,16244320869461.0,12887692287995.0,2043840860944.0,1608837714296.0,3.74674E+11,0.11,0.48,10.1,9.41,1.18
000016.SH,2018/9/12,16150610056422.0,12808088667788.0,2044475610233.0,1608837714296.0,3.74674E+11,0.1,0.45,10.04,9.35,1.17
000016.SH,2018/9/13,16410684759173.0,13009780215858.0,2044475610233.0,1608837714296.0,3.74678E+11,0.13,0.57,10.2,9.5,1.19
000016.SH,2018/9/14,16455139931265.0,13054662389569.0,2044475610233.0,1608837714296.0,3.74678E+11,0.1,0.44,10.23,9.53,1.19
000016.SH,2018/9/17,16312454371869.0,12940734983930.0,2044475610233.0,1608871537660.0,3.75573E+11,0.09,0.36,10.14,9.45,1.18
000016.SH,2018/9/18,16625793126660.0,13189345912824.0,2044475610233.0,1608871537660.0,3.75573E+11,0.14,0.61,10.33,9.63,1.21
000016.SH,2018/9/19,16823995408406.0,13357966448352.0,2044475610233.0,1608871537660.0,3.75573E+11,0.18,0.77,10.46,9.74,1.22
000016.SH,2018/9/20,16841700278290.0,13373037890920.0,2044475610233.0,1608871537660.0,3.75583E+11,0.14,0.61,10.47,9.75,1.22
000016.SH,2018/9/21,17384939625078.0,13798686159043.0,2044475610233.0,1608871537660.0,3.75593E+11,0.26,1.11,10.8,10.07,1.26
000016.SH,2018/9/25,17235112434501.0,13677933924483.0,2044523915233.0,1608871537660.0,3.78076E+11,0.15,0.64,10.71,9.98,1.25
000016.SH,2018/9/26,17445966518684.0,13853898928126.0,2044523915233.0,1608871537660.0,3.78106E+11,0.21,0.89,10.84,10.1,1.27
000016.SH,2018/9/27,17419170614981.0,13844961690686.0,2044523915233.0,1608871537660.0,3.78106E+11,0.14,0.61,10.83,10.09,1.26
000016.SH,2018/9/28,17632825167387.0,14004243671553.0,2046101988322.0,1608871537660.0,3.78106E+11,0.18,0.76,10.96,10.21,1.28
000016.SH,2018/10/8,16893881047659.0,13409601454280.0,2046429718322.0,1608871537660.0,3.78106E+11,0.21,0.89,10.5,9.78,1.22
000016.SH,2018/10/9,16959629783493.0,13471972443658.0,2046429718322.0,1608871537660.0,3.78111E+11,0.13,0.57,10.54,9.82,1.21
000016.SH,2018/10/10,17016360958583.0,13511950834667.0,2046429718322.0,1608871537660.0,3.78111E+11,0.13,0.54,10.58,9.86,1.23
000016.SH,2018/10/11,16327324272352.0,12971328042948.0,2046429718322.0,1608871537660.0,3.78111E+11,0.23,0.98,10.15,9.46,1.18
000016.SH,2018/10/12,16658351029945.0,13239059453065.0,2046429718322.0,1608871537660.0,3.78012E+11,0.18,0.77,10.35,9.65,1.21
000016.SH,2018/10/15,16430405708418.0,13056753298939.0,2046429718322.0,1608871537660.0,3.78012E+11,0.13,0.54,10.21,9.52,1.19
000016.SH,2018/10/16,16479740339802.0,13091584716554.0,2046429718322.0,1608871537660.0,3.77998E+11,0.12,0.52,10.24,9.54,1.19
000016.SH,2018/10/17,16592354101480.0,13178195380249.0,2046429718322.0,1608871537660.0,3.77998E+11,0.15,0.66,10.31,9.61,1.2
000016.SH,2018/10/18,,,,,,0.14,,10.01,,
000016.SH,2018/10/19,16566346994147.0,13139477030173.0,2046429718322.0,1608871537660.0,3.77998E+11,0.2,0.83,10.3,9.6,1.2
000016.SH,2018/10/22,17139818761687.0,13586711665977.0,2046429718322.0,1608871537660.0,3.77998E+11,0.29,1.23,10.65,9.93,1.24
000016.SH,2018/10/23,16677690256664.0,13210362728616.0,2046429718322.0,1608871537660.0,3.77998E+11,0.22,0.94,10.37,9.66,1.21
000016.SH,2018/10/24,16775853919100.0,13274361515791.0,2046429718322.0,1608871537660.0,3.77998E+11,0.23,0.98,10.43,9.72,1.22
000016.SH,2018/10/25,16822417449597.0,13299049792163.0,2046429718322.0,1608871537660.0,3.77998E+11,0.19,0.82,10.46,9.72,1.22
000016.SH,2018/10/26,16767233174797.0,13265910790056.0,2046458877822.0,1608871537660.0,3.78003E+11,0.18,0.76,10.42,9.75,1.21
000016.SH,2018/10/29,16371121625903.0,12937457445058.0,2046723877822.0,1608871537660.0,3.82404E+11,0.18,0.75,10.17,9.5,1.17
000016.SH,2018/10/30,16507535287955.0,13035661610195.0,2046723877822.0,1608871537660.0,3.82404E+11,0.2,0.85,10.26,9.57,1.18
000016.SH,2018/10/31,16685815459278.0,13189654676631.0,2046723877822.0,1608871537660.0,3.82404E+11,0.21,0.9,10.37,9.47,1.16
000016.SH,2018/11/1,16656231884629.0,13167823341226.0,2046723877822.0,1608871537660.0,3.82404E+11,0.23,0.99,10.35,9.46,1.16
000016.SH,2018/11/2,17078031070445.0,13503351874196.0,2046723877822.0,1608871537660.0,3.86947E+11,0.29,1.22,10.61,9.7,1.19
000016.SH,2018/11/5,16902462422943.0,13357912445228.0,2046723512522.0,1608871537660.0,3.86947E+11,0.18,0.73,10.51,9.6,1.17
000016.SH,2018/11/6,16848999433496.0,13309433892002.0,2046723512522.0,1608871537660.0,3.86947E+11,0.14,0.57,10.47,9.57,1.17
000016.SH,2018/11/7,16723561292461.0,13211953740454.0,2046723512522.0,1608871537660.0,3.86947E+11,0.16,0.68,10.39,9.49,1.16
000016.SH,2018/11/8,16753366343722.0,13239979268365.0,2046723512522.0,1608871537660.0,3.86947E+11,0.13,0.52,10.41,9.51,1.16
000016.SH,2018/11/9,16378098585646.0,12948530456839.0,2046723512522.0,1608871537660.0,3.86947E+11,0.17,0.72,10.18,9.3,1.14
000016.SH,2018/11/12,16434855470413.0,12988688400882.0,2046723512522.0,1608871537660.0,3.86947E+11,0.14,0.59,10.21,9.33,1.14
000016.SH,2018/11/13,16509523400549.0,13048173906653.0,2046723512623.0,1608871537761.0,3.86947E+11,0.17,0.72,10.26,9.37,1.15
000016.SH,2018/11/14,16264197974660.0,12848689443950.0,2046723147623.0,1608871537761.0,3.86947E+11,0.17,0.7,10.11,9.23,1.13
000016.SH,2018/11/15,16450406291979.0,12979143529462.0,2046723147623.0,1608871537761.0,3.86947E+11,0.15,0.64,10.22,9.34,1.14
000016.SH,2018/11/16,16447514625452.0,12976070467730.0,2046723147623.0,1608871537761.0,3.86947E+11,0.2,0.81,10.22,9.34,1.14
000016.SH,2018/11/19,16638092423368.0,13129617377662.0,2046723147623.0,1608871537761.0,3.86947E+11,0.18,0.77,10.34,9.45,1.16
000016.SH,2018/11/20,16366583162472.0,12923976461545.0,2046723147623.0,1608871537761.0,3.86947E+11,0.17,0.7,10.17,9.29,1.14
000016.SH,2018/11/21,16359281159905.0,12919145734337.0,2046723147623.0,1608871537761.0,3.86947E+11,0.14,0.57,10.17,9.29,1.14
000016.SH,2018/11/22,16297572563037.0,12873526389415.0,2046723147623.0,1608871537761.0,3.86947E+11,0.1,0.42,10.13,9.25,1.13
000016.SH,2018/11/23,16068000218191.0,12692333810789.0,2046723147623.0,1608871537761.0,3.86947E+11,0.13,0.55,9.99,9.12,1.12
000016.SH,2018/11/26,16071069405664.0,12690322893196.0,2046723147623.0,1608871537761.0,3.86947E+11,0.1,0.42,9.99,9.12,1.12
000016.SH,2018/11/27,16012622462594.0,12640127994550.0,2046723147623.0,1608871537761.0,3.86947E+11,0.09,0.39,9.95,9.09,1.11
000016.SH,2018/11/28,16158507555323.0,12756457276033.0,2046723147623.0,1608871537761.0,3.86947E+11,0.11,0.44,10.04,9.17,1.12
000016.SH,2018/11/29,16040563653090.0,12668964460720.0,2046723147623.0,1608871537761.0,3.86947E+11,0.12,0.51,9.97,9.11,1.11
000016.SH,2018/11/30,16178110280737.0,12780454300226.0,2046723147623.0,1608871537761.0,3.86942E+11,0.12,0.5,10.05,9.18,1.12
000016.SH,2018/12/3,16531349001260.0,13065260807008.0,2046723147623.0,1608871537761.0,3.86942E+11,0.22,0.91,10.27,9.39,1.15
000016.SH,2018/12/4,16567382494069.0,13093629505553.0,2046729161596.0,1608871537761.0,3.86942E+11,0.15,0.62,10.3,9.41,1.15
000016.SH,2018/12/5,16476647384715.0,13030071440517.0,2046729161596.0,1608871537761.0,3.86942E+11,0.13,0.53,10.24,9.35,1.14
000016.SH,2018/12/6,16216200119197.0,12823035966968.0,2046729161596.0,1608871537761.0,3.86942E+11,0.13,0.56,10.08,9.21,1.13
000016.SH,2018/12/7,16212790534921.0,12815945558550.0,2046729161596.0,1608871537761.0,3.86942E+11,0.09,0.38,10.08,9.2,1.13
000016.SH,2018/12/10,16111525970196.0,12741387381192.0,2046729161596.0,1608871537761.0,3.86845E+11,0.11,0.45,10.01,9.15,1.13
000016.SH,2018/12/11,16129184809507.0,12755716350582.0,2046729161596.0,1608871537761.0,3.8684E+11,0.08,0.33,10.02,9.16,1.13
000016.SH,2018/12/12,16193229623122.0,12806473882970.0,2046729161596.0,1608871537761.0,3.8684E+11,0.09,0.37,10.06,9.19,1.13
000016.SH,2018/12/13,16392992380592.0,12970096670268.0,2046729161596.0,1608871537761.0,3.8684E+11,0.17,0.73,10.19,9.31,1.15
000016.SH,2018/12/14,16212474745076.0,12829684020766.0,2046729161596.0,1608871537761.0,3.8684E+11,0.16,0.67,10.08,9.2,1.13
000016.SH,2018/12/17,18164410124258.0,12967274471734.0,2291318993540.0,1607388103895.0,3.88493E+11,0.13,0.55,9.77,8.95,1.13
000016.SH,2018/12/18,17979494626014.0,12827220767100.0,2291318993540.0,1607388103895.0,3.88493E+11,0.13,0.53,9.67,8.85,1.12
000016.SH,2018/12/19,17794171195484.0,12693854555890.0,2291321758213.0,1607388103895.0,3.88493E+11,0.12,0.48,9.57,8.76,1.11
000016.SH,2018/12/20,17561665519315.0,12537207000087.0,2291321758213.0,1607388103895.0,3.88493E+11,0.17,0.69,9.45,8.65,1.09
000016.SH,2018/12/21,17400551430811.0,12425777884628.0,2291321758213.0,1607388103895.0,3.88493E+11,0.15,0.64,9.36,8.57,1.08
000016.SH,2018/12/24,17441455924134.0,12458976227663.0,2291321758213.0,1607390868568.0,3.88495E+11,0.11,0.47,9.38,8.59,1.09
000016.SH,2018/12/25,17338055816718.0,12380640092362.0,2291321758213.0,1607390868568.0,3.88459E+11,0.15,0.62,9.33,8.54,1.08
000016.SH,2018/12/26,17288370357905.0,12340764506891.0,2291321758213.0,1607390868568.0,3.88459E+11,0.1,0.41,9.3,8.51,1.08
000016.SH,2018/12/27,17229971475255.0,12301145298683.0,2291321758213.0,1607390868568.0,3.88459E+11,0.17,0.69,9.27,8.49,1.07
000016.SH,2018/12/28,17306288642446.0,12355541930389.0,2291321758213.0,1607390868568.0,3.88286E+11,0.15,0.63,9.31,8.52,1.08
000016.SH,2019/1/2,17051068330107.0,12182460380130.0,2291321758213.0,1607390868568.0,3.89545E+11,0.13,0.54,9.17,8.4,1.06
000016.SH,2019/1/3,17104139393540.0,12215340382639.0,2291321758213.0,1607390868568.0,3.89545E+11,0.12,0.49,9.2,8.42,1.06
000016.SH,2019/1/4,17396685132722.0,12427548123719.0,2291321758939.0,1607390869294.0,3.88932E+11,0.16,0.67,9.36,8.57,1.08
000016.SH,2019/1/7,17383384878917.0,12423460448900.0,2291321758939.0,1607390869294.0,3.88914E+11,0.16,0.65,9.35,8.56,1.08
000016.SH,2019/1/8,17319212133338.0,12376773655426.0,2291321758939.0,1607390869294.0,3.89098E+11,0.11,0.47,9.32,8.53,1.08
000016.SH,2019/1/9,17496861928008.0,12501199440893.0,2291327080139.0,1607390869294.0,3.89098E+11,0.18,0.74,9.41,8.62,1.09
000016.SH,2019/1/10,17425454115948.0,12458465722016.0,2291327080139.0,1607390869294.0,3.89098E+11,0.14,0.57,9.37,8.58,1.08
000016.SH,2019/1/11,17557736806303.0,12556901769096.0,2291327080139.0,1606790959294.0,3.93142E+11,0.11,0.47,9.44,8.64,1.09
000016.SH,2019/1/14,17398178163410.0,12441683216156.0,2291327080139.0,1606790959294.0,3.93142E+11,0.1,0.42,9.36,8.57,1.08
000016.SH,2019/1/15,17649009986678.0,12627826418375.0,2291327080139.0,1606790959294.0,3.93142E+11,0.14,0.57,9.49,8.68,1.1
000016.SH,2019/1/16,17676104592716.0,12647279202776.0,2291327080139.0,1606790959294.0,3.93142E+11,0.11,0.46,9.51,8.69,1.1
000016.SH,2019/1/17,17644095138420.0,12614160348528.0,2291327080139.0,1606790959294.0,3.93142E+11,0.13,0.55,9.49,8.68,1.1
000016.SH,2019/1/18,17976899599799.0,12843707017929.0,2291327080139.0,1606790959294.0,3.93142E+11,0.19,0.77,9.67,8.84,1.12
000016.SH,2019/1/21,18108795758994.0,12937942862001.0,2291336646839.0,1606790959294.0,3.93142E+11,0.16,0.67,9.74,8.91,1.12
000016.SH,2019/1/22,17892064890073.0,12781223590306.0,2291335299089.0,1606805365514.0,3.93156E+11,0.12,0.49,9.62,8.8,1.11
000016.SH,2019/1/23,17902036600542.0,12780882133859.0,2291335299089.0,1606805365514.0,3.93156E+11,0.1,0.41,9.63,8.81,1.11
000016.SH,2019/1/24,17983168643257.0,12838367471958.0,2291335299089.0,1606805365514.0,3.93156E+11,0.13,0.52,9.67,8.84,1.11
000016.SH,2019/1/25,18192897231150.0,12983737782220.0,2291335299089.0,1606805365514.0,3.93156E+11,0.16,0.65,9.79,8.95,1.12
000016.SH,2019/1/28,18171859673884.0,12970753980023.0,2291335299089.0,1606805365514.0,3.93156E+11,0.15,0.6,9.77,8.98,1.12
000016.SH,2019/1/29,18295879831847.0,13062169758041.0,2291339083997.0,1606805365514.0,3.93156E+11,0.14,0.56,9.84,9.04,1.13
000016.SH,2019/1/30,18214299364400.0,12990513771131.0,2291339083997.0,1606805365514.0,3.93156E+11,0.11,0.45,9.8,9,1.13
000016.SH,2019/1/31,18532558262863.0,13204607174298.0,2291339083997.0,1606805365514.0,3.93156E+11,0.17,0.68,9.97,9.18,1.15
000016.SH,2019/2/1,18609261742446.0,13263678503332.0,2291339083997.0,1606805365514.0,3.93874E+11,0.14,0.56,10.01,9.22,1.15
000016.SH,2019/2/11,18719049253493.0,13350664210556.0,2291339090100.0,1606805371617.0,3.93874E+11,0.16,0.64,10.07,9.27,1.16
000016.SH,2019/2/12,18717239939616.0,13334919504954.0,2290028833720.0,1605495115237.0,3.93874E+11,0.16,0.65,10.07,9.27,1.16
000016.SH,2019/2/13,19118989149053.0,13568187135490.0,2291744823926.0,1605495115237.0,3.93913E+11,0.25,1.01,10.28,9.47,1.18
000016.SH,2019/2/14,19027014775304.0,13514264799290.0,2291744823926.0,1605611715637.0,3.9403E+11,0.17,0.7,10.23,9.42,1.17
000016.SH,2019/2/15,18626080002498.0,13239085278599.0,2291744823926.0,1605611715637.0,3.9403E+11,0.19,0.77,10.02,9.22,1.15
000016.SH,2019/2/18,19054514498627.0,13540940062089.0,2291744823926.0,1605611715637.0,3.94037E+11,0.23,0.95,10.24,9.44,1.17
000016.SH,2019/2/19,19040786981682.0,13524536635316.0,2291744823926.0,1605611715637.0,3.94037E+11,0.24,0.96,10.24,9.43,1.17
000016.SH,2019/2/20,19109085062891.0,13580452460356.0,2291744823926.0,1605611715637.0,3.94037E+11,0.19,0.76,10.27,9.46,1.18
000016.SH,2019/2/21,19004417240587.0,13509310405553.0,2291744823926.0,1605611715637.0,3.94037E+11,0.22,0.89,10.22,9.41,1.17
000016.SH,2019/2/22,19241764663794.0,13675097439744.0,2291744823926.0,1605611715637.0,3.94037E+11,0.26,1.05,10.34,9.53,1.19
000016.SH,2019/2/25,20393455428443.0,14461122568918.0,2291744823926.0,1605611715637.0,3.94037E+11,0.6,2.46,10.96,10.1,1.26
000016.SH,2019/2/26,20058105267374.0,14234199733918.0,2291744823926.0,1605611715637.0,3.94037E+11,0.54,2.21,10.78,9.93,1.24
000016.SH,2019/2/27,20203865262304.0,14335989951868.0,2291744823926.0,1605611715637.0,3.94037E+11,0.47,1.92,10.86,10,1.24
000016.SH,2019/2/28,20084032669387.0,14266954127305.0,2291744823926.0,1605611715637.0,3.94037E+11,0.29,1.18,10.79,9.94,1.24
000016.SH,2019/3/1,20567908185348.0,14617873428409.0,2291744823926.0,1605611715637.0,3.94037E+11,0.35,1.42,11.06,10.19,1.27
000016.SH,2019/3/4,20663390444566.0,14677068011232.0,2291744825842.0,1605611717553.0,3.94037E+11,0.57,2.34,11.11,10.24,1.27
000016.SH,2019/3/5,20606903722546.0,14637969114508.0,2291744825842.0,1605611717553.0,3.94114E+11,0.38,1.53,11.08,10.21,1.27
000016.SH,2019/3/6,20739722646790.0,14713648580684.0,2291744825842.0,1605611717553.0,3.94114E+11,0.43,1.76,11.15,10.28,1.28
000016.SH,2019/3/7,20424686979341.0,14477737761675.0,2291757986440.0,1605611722151.0,3.94114E+11,0.46,1.86,10.98,10.12,1.26
000016.SH,2019/3/8,19636744191569.0,13937742153323.0,2291757986440.0,1605611722151.0,3.94114E+11,0.45,1.83,10.55,9.73,1.21
000016.SH,2019/3/11,19817855377551.0,14060047528924.0,2291757986440.0,1605611722151.0,3.94114E+11,0.32,1.32,10.65,9.82,1.22
000016.SH,2019/3/12,19905691592935.0,14117496853545.0,2291757326440.0,1605611722151.0,3.94605E+11,0.4,1.64,10.7,9.86,1.23
000016.SH,2019/3/13,19826976592078.0,14079621141913.0,2291757326440.0,1605611722151.0,3.94605E+11,0.34,1.37,10.55,9.8,1.22
000016.SH,2019/3/14,19809166436337.0,14081364066661.0,2291757326440.0,1605611722151.0,3.94605E+11,0.27,1.1,10.52,9.78,1.22
000016.SH,2019/3/15,19952977304870.0,14175115619185.0,2291757326440.0,1605611722151.0,3.94605E+11,0.27,1.12,10.6,9.85,1.23
000016.SH,2019/3/18,20378459672402.0,14494457627520.0,2291757326440.0,1605611722151.0,3.94605E+11,0.38,1.56,10.83,10.06,1.25
000016.SH,2019/3/19,20286723923716.0,14413110653487.0,2291757326440.0,1605611722151.0,3.94605E+11,0.27,1.1,10.78,10.02,1.25
000016.SH,2019/3/20,20258759740920.0,14395390379312.0,2291757326440.0,1605611722151.0,3.94605E+11,0.25,1.02,10.76,10.01,1.25
000016.SH,2019/3/21,20218366540100.0,14369456612539.0,2291757326440.0,1605611722151.0,3.94605E+11,0.27,1.11,10.74,9.99,1.24
000016.SH,2019/3/22,20167716387520.0,14344729886714.0,2291757326440.0,1605611722151.0,3.94605E+11,0.22,0.91,10.48,9.95,1.24
000016.SH,2019/3/25,19634737546688.0,13970208258700.0,2291757326440.0,1605611722151.0,3.96529E+11,0.32,1.31,10.07,9.68,1.21
000016.SH,2019/3/26,19511805192491.0,13883986784056.0,2291757326440.0,1605611722151.0,3.96529E+11,0.25,1.01,10,9.62,1.2
000016.SH,2019/3/27,19694008260423.0,14011289993129.0,2291757326440.0,1605611722151.0,3.96528E+11,0.21,0.85,10.1,9.71,1.21
000016.SH,2019/3/28,19579565466470.0,13902379667346.0,2292490590049.0,1605611722151.0,3.96528E+11,0.2,0.8,10.08,9.72,1.2
000016.SH,2019/3/29,20189449959323.0,14398338487099.0,2292490590049.0,1606345707985.0,3.96971E+11,0.37,1.5,10.27,10.01,1.23
000016.SH,2019/4/1,20568553309467.0,14644021236440.0,2292490590049.0,1606345707985.0,3.96744E+11,0.49,1.96,10.37,10.24,1.25
000016.SH,2019/4/2,20553116996956.0,14618073988242.0,2292490590049.0,1606345707985.0,3.96744E+11,0.38,1.54,10.35,10.24,1.25
000016.SH,2019/4/3,20740096725290.0,14751493695633.0,2292490608418.0,1606345726354.0,3.96744E+11,0.4,1.63,10.45,10.33,1.26
000016.SH,2019/4/4,21014173557489.0,14937626825234.0,2292490608418.0,1606345726354.0,3.96744E+11,0.45,1.84,10.59,10.47,1.28
000016.SH,2019/4/8,21095748781650.0,15021243377554.0,2292490608418.0,1606345726354.0,3.96744E+11,0.46,1.88,10.63,10.51,1.28
000016.SH,2019/4/9,21027361531847.0,14975385600007.0,2292490608418.0,1606345726354.0,3.96744E+11,0.32,1.28,10.59,10.48,1.28
000016.SH,2019/4/10,21033412279122.0,14999044376218.0,2292490608418.0,1606345726354.0,3.96744E+11,0.3,1.23,10.6,10.48,1.28
000016.SH,2019/4/11,20751970154690.0,14793508996661.0,2292490608418.0,1606345726354.0,3.96744E+11,0.27,1.08,10.45,10.34,1.26
000016.SH,2019/4/12,20731348510472.0,14772366156669.0,2292490608418.0,1606345726354.0,3.96744E+11,0.2,0.82,10.42,10.31,1.26
000016.SH,2019/4/15,20818756589467.0,14809579803039.0,2292490608418.0,1606345726354.0,3.96744E+11,0.36,1.47,10.46,10.35,1.26
000016.SH,2019/4/16,21490763595229.0,15257370900897.0,2292490608418.0,1606345726354.0,3.96115E+11,0.44,1.79,10.78,10.69,1.3
000016.SH,2019/4/17,21504612092718.0,15244963492662.0,2292490608418.0,1606345726354.0,3.96752E+11,0.31,1.26,10.79,10.69,1.31
000016.SH,2019/4/18,21404165581902.0,15170668078899.0,2292684608418.0,1606345726354.0,3.96752E+11,0.25,1,10.74,10.64,1.3
000016.SH,2019/4/19,21590087191799.0,15324452042418.0,2292684608418.0,1606345726354.0,3.96752E+11,0.25,1.01,10.83,10.73,1.31
000016.SH,2019/4/22,21101958039601.0,15003686419435.0,2292684608418.0,1606345726354.0,3.96752E+11,0.35,1.43,10.55,10.48,1.28
000016.SH,2019/4/23,21114838908418.0,15013483445338.0,2292684608418.0,1606345726354.0,3.96752E+11,0.26,1.04,10.55,10.49,1.28
000016.SH,2019/4/24,21071487474778.0,14983422243279.0,2292684608418.0,1606345726354.0,3.96123E+11,0.22,0.89,10.53,10.46,1.28
000016.SH,2019/4/25,20747752064109.0,14756497782031.0,2292684608418.0,1606345726354.0,3.96123E+11,0.24,0.98,10.34,10.31,1.26
000016.SH,2019/4/26,20543592516774.0,14604869936471.0,2292703137168.0,1606345726354.0,3.96123E+11,0.23,0.92,10.24,10.14,1.24
000016.SH,2019/4/29,20792778920978.0,14783072951889.0,2292702974818.0,1606345726354.0,3.96123E+11,0.24,0.99,10.36,10.21,1.25
000016.SH,2019/4/30,20819522144545.0,14807820851493.0,2292702974818.0,1606345726354.0,3.96123E+11,0.2,0.81,10.36,10.05,1.22
000016.SH,2019/5/6,19925884544017.0,14192806287524.0,2292702974818.0,1606345726354.0,3.97307E+11,0.39,1.57,9.91,9.62,1.17
000016.SH,2019/5/7,19899691613407.0,14176316214973.0,2292702974818.0,1606364255104.0,3.97326E+11,0.22,0.89,9.9,9.6,1.16
000016.SH,2019/5/8,19601846049872.0,14016455891954.0,2292702986258.0,1606978694061.0,3.9748E+11,0.19,0.76,9.75,9.46,1.15
000016.SH,2019/5/9,19265556441697.0,13774209160684.0,2292702986258.0,1606978694061.0,3.9748E+11,0.19,0.77,9.58,9.3,1.13
000016.SH,2019/5/10,19785638488023.0,14156188018359.0,2292702986258.0,1606978694061.0,3.97922E+11,0.25,0.99,9.84,9.55,1.16
000016.SH,2019/5/13,19464246608212.0,13920599817838.0,2292702986258.0,1606978694061.0,3.97922E+11,0.17,0.67,9.68,9.39,1.14
000016.SH,2019/5/14,19366130596948.0,13851378921796.0,2292852169610.0,1606978694061.0,3.97914E+11,0.16,0.66,9.63,9.35,1.13
000016.SH,2019/5/15,19695144188990.0,14094874104737.0,2292852169610.0,1606978694061.0,3.97914E+11,0.19,0.77,9.8,9.51,1.15
000016.SH,2019/5/16,19742826943523.0,14139281292336.0,2292852169610.0,1606978694061.0,3.97914E+11,0.18,0.73,9.82,9.53,1.16
000016.SH,2019/5/17,19421947327150.0,13911224224754.0,2292852169610.0,1606978694061.0,3.97914E+11,0.19,0.76,9.66,9.37,1.14
000016.SH,2019/5/20,19412307458118.0,13887374262622.0,2292852169610.0,1606978694061.0,3.98327E+11,0.19,0.78,9.66,9.37,1.14
000016.SH,2019/5/21,19554734765760.0,13985448351285.0,2292852169610.0,1606978694061.0,3.98147E+11,0.17,0.68,9.73,9.44,1.14
000016.SH,2019/5/22,19479789627810.0,13922037570810.0,2292852169610.0,1606978694061.0,3.98147E+11,0.14,0.58,9.69,9.4,1.14
000016.SH,2019/5/23,19290172961787.0,13783600037082.0,2292852169610.0,1606978694061.0,3.9821E+11,0.17,0.7,9.6,9.31,1.13
000016.SH,2019/5/24,19369937203446.0,13841948924166.0,2292852169610.0,1606978694061.0,3.9821E+11,0.13,0.53,9.64,9.35,1.13
000016.SH,2019/5/27,19470978974493.0,13917387061472.0,2292852169610.0,1606978694061.0,3.9821E+11,0.17,0.68,9.69,9.4,1.14
000016.SH,2019/5/28,19613262084487.0,14029253730468.0,2292852169610.0,1606978694061.0,3.9821E+11,0.22,0.87,9.76,9.47,1.15
000016.SH,2019/5/29,19645286639036.0,14049816420809.0,2292852169610.0,1606978694061.0,3.9821E+11,0.16,0.63,9.77,9.48,1.15
000016.SH,2019/5/30,19617389780510.0,14030902986089.0,2292851949338.0,1606978694061.0,3.9821E+11,0.15,0.61,9.76,9.47,1.15
000016.SH,2019/5/31,19505652347131.0,13935848331152.0,2292852418088.0,1606978694061.0,3.9821E+11,0.14,0.56,9.7,9.41,1.14
000016.SH,2019/6/3,19561197072172.0,13984259672511.0,2292852418088.0,1606978694061.0,3.9821E+11,0.17,0.68,9.73,9.44,1.15
000016.SH,2019/6/4,19490214985515.0,13920425093019.0,2292852418088.0,1606978694061.0,3.9821E+11,0.14,0.56,9.7,9.41,1.14
000016.SH,2019/6/5,19535701667856.0,13939457295459.0,2292852418088.0,1606978694061.0,3.9821E+11,0.16,0.65,9.72,9.43,1.15
000016.SH,2019/6/6,19454315707815.0,13877689173116.0,2292852418088.0,1606979162811.0,3.9821E+11,0.13,0.54,9.68,9.39,1.14
000016.SH,2019/6/10,19653916940470.0,14032100739573.0,2292852418088.0,1607470045127.0,3.98701E+11,0.17,0.68,9.78,9.49,1.15
000016.SH,2019/6/11,19965548454443.0,14270850879264.0,2292852418088.0,1607470045127.0,3.98701E+11,0.25,1.02,9.93,9.64,1.17
000016.SH,2019/6/12,19859391256465.0,14203268029573.0,2292852418088.0,1607470045127.0,3.98701E+11,0.16,0.66,9.88,9.59,1.17
000016.SH,2019/6/13,19823631825075.0,14180625341795.0,2292852418088.0,1607470045127.0,3.98701E+11,0.15,0.59,9.86,9.57,1.17
000016.SH,2019/6/14,19769207593308.0,14141283590789.0,2292852418088.0,1607470045127.0,3.98701E+11,0.16,0.66,9.84,9.54,1.16
000016.SH,2019/6/17,20217194695359.0,14127421953590.0,2321968407938.0,1587628325944.0,3.94814E+11,0.13,0.52,10.13,9.81,1.19
000016.SH,2019/6/18,20285726625187.0,14161181716403.0,2321968376591.0,1587628325944.0,3.94814E+11,0.14,0.55,10.17,9.85,1.19
000016.SH,2019/6/19,20442087298024.0,14245709262463.0,2321968376833.0,1587628326186.0,3.94814E+11,0.26,1.04,10.25,9.92,1.21
000016.SH,2019/6/20,20998182182052.0,14641253130286.0,2322718513193.0,1588964937853.0,3.95601E+11,0.36,1.45,10.53,10.19,1.24
000016.SH,2019/6/21,20971794780220.0,14626732887102.0,2322718513193.0,1588964937853.0,3.95601E+11,0.29,1.18,10.51,10.18,1.24
000016.SH,2019/6/24,21040976229770.0,14681873878954.0,2322718513193.0,1588964937853.0,3.95601E+11,0.18,0.73,10.55,10.21,1.24
000016.SH,2019/6/25,20794377983220.0,14511379534980.0,2322718513193.0,1588964937853.0,3.95601E+11,0.24,0.96,10.42,10.09,1.23
000016.SH,2019/6/26,20767570884170.0,14500897199252.0,2322793526833.0,1588964937853.0,3.95601E+11,0.15,0.61,10.41,10.08,1.22
000016.SH,2019/6/27,20930400824069.0,14627752813342.0,2322793526833.0,1589039951493.0,3.95792E+11,0.21,0.85,10.49,10.16,1.23
000016.SH,2019/6/28,20861474661293.0,14567597234284.0,2322793526833.0,1589039951493.0,3.95792E+11,0.15,0.6,10.46,10.13,1.23
000016.SH,2019/7/1,21257031635183.0,14852061677450.0,2322793526833.0,1589039951493.0,3.95792E+11,0.27,1.08,10.66,10.32,1.26
000016.SH,2019/7/2,21244139969343.0,14826449608874.0,2323261588064.0,1589040000349.0,3.95792E+11,0.22,0.87,10.65,10.31,1.26
000016.SH,2019/7/3,21012695806061.0,14646791694004.0,2326540018015.0,1589327451029.0,3.95921E+11,0.21,0.86,10.53,10.2,1.25
000016.SH,2019/7/4,20975127415209.0,14633843105045.0,2326540018015.0,1590886124259.0,3.97448E+11,0.21,0.83,10.51,10.18,1.25
000016.SH,2019/7/5,21009518648952.0,14656936779277.0,2326540018015.0,1590886124259.0,3.97448E+11,0.15,0.6,10.53,10.2,1.25
000016.SH,2019/7/8,20574291969064.0,14348512601086.0,2326540018015.0,1590886124259.0,3.97448E+11,0.21,0.85,10.31,9.99,1.22
000016.SH,2019/7/9,20466521416969.0,14282047241741.0,2326540018015.0,1590886124259.0,3.97448E+11,0.13,0.54,10.26,9.93,1.22
000016.SH,2019/7/10,20324600520928.0,14249997564657.0,2326540018015.0,1590886124259.0,3.9741E+11,0.12,0.48,10.19,9.87,1.22
000016.SH,2019/7/11,20401870054386.0,14301067948039.0,2326540018015.0,1590886124259.0,3.9741E+11,0.13,0.53,10.23,9.9,1.22
000016.SH,2019/7/12,20547431549573.0,14376976177183.0,2326540018015.0,1590886124259.0,3.9741E+11,0.13,0.54,10.3,9.97,1.23
000016.SH,2019/7/15,20537691652728.0,14367565940752.0,2326541246981.0,1590887353225.0,3.97411E+11,0.18,0.71,10.3,9.97,1.23
000016.SH,2019/7/16,20462990727529.0,14310366464665.0,2326541246981.0,1590887353225.0,3.97411E+11,0.11,0.44,10.26,9.94,1.23
000016.SH,2019/7/17,20385983789119.0,14254947239552.0,2326541246981.0,1590887353225.0,3.97411E+11,0.11,0.46,10.22,9.9,1.22
000016.SH,2019/7/18,20302958632602.0,14176927802160.0,2326541246981.0,1590887353225.0,3.97411E+11,0.12,0.49,10.18,9.85,1.22
000016.SH,2019/7/19,20488269398907.0,14316209519205.0,2326541246981.0,1590887353225.0,3.97411E+11,0.14,0.56,10.27,9.92,1.23
000016.SH,2019/7/22,20398510185631.0,14266082505657.0,2326541246981.0,1590887353225.0,3.97411E+11,0.15,0.59,10.23,9.88,1.22
000016.SH,2019/7/23,20421636959625.0,14269623525003.0,2326541246981.0,1590887353225.0,3.97411E+11,0.13,0.51,10.24,9.89,1.22
000016.SH,2019/7/24,20595115691934.0,14369299034428.0,2326541246981.0,1590887353225.0,3.97411E+11,0.16,0.65,10.32,9.97,1.23
000016.SH,2019/7/25,20710570724997.0,14454306467262.0,2326541246981.0,1590887353225.0,3.97411E+11,0.14,0.58,10.38,10.01,1.24
000016.SH,2019/7/26,20730460563176.0,14482522476261.0,2326541246981.0,1590887353225.0,3.97411E+11,0.15,0.59,10.39,10.02,1.24
000016.SH,2019/7/29,20680436777725.0,14447212482151.0,2326541246981.0,1590887353225.0,3.97411E+11,0.14,0.56,10.37,10,1.24
000016.SH,2019/7/30,20775383282225.0,14508363023014.0,2326541246981.0,1590887353225.0,3.97549E+11,0.14,0.57,10.41,10.04,1.24
000016.SH,2019/7/31,20614802830411.0,14389041287190.0,2326541246981.0,1590887353225.0,3.97549E+11,0.15,0.6,10.33,9.96,1.23
000016.SH,2019/8/1,20449562134366.0,14271720551194.0,2326536220705.0,1590887353225.0,3.97549E+11,0.15,0.61,10.25,9.88,1.22
000016.SH,2019/8/2,20131631401580.0,14088062281367.0,2326536229681.0,1591976093401.0,3.98638E+11,0.19,0.75,10.09,9.73,1.2
000016.SH,2019/8/5,19764586428578.0,13829323235346.0,2326536229932.0,1591976093401.0,3.98635E+11,0.18,0.71,9.91,9.55,1.18
000016.SH,2019/8/6,19569704431276.0,13693025833407.0,2326536229932.0,1591976093401.0,3.98635E+11,0.23,0.93,9.81,9.46,1.17
000016.SH,2019/8/7,19480402052701.0,13637707529679.0,2326536229932.0,1591976093652.0,3.98635E+11,0.15,0.62,9.77,9.41,1.16
000016.SH,2019/8/8,19711830632781.0,13797950729856.0,2326536229932.0,1591976093652.0,3.98635E+11,0.18,0.74,9.88,9.53,1.18
000016.SH,2019/8/9,19653094481461.0,13759756911061.0,2326536229932.0,1591976093652.0,3.98635E+11,0.16,0.64,9.85,9.5,1.18
000016.SH,2019/8/12,19939772898439.0,13969054272318.0,2326536229932.0,1591976093652.0,3.98635E+11,0.14,0.56,10,9.64,1.19
000016.SH,2019/8/13,19754578362503.0,13838735188695.0,2326535559932.0,1591976093652.0,3.98635E+11,0.13,0.54,9.9,9.55,1.18
000016.SH,2019/8/14,19821377339932.0,13897354281017.0,2326535559932.0,1591976093652.0,3.98399E+11,0.16,0.66,9.94,9.58,1.19
000016.SH,2019/8/15,19878803873484.0,13926642501320.0,2326535559932.0,1591976093652.0,3.98399E+11,0.16,0.63,9.96,9.61,1.19
000016.SH,2019/8/16,19896263327688.0,13939624838501.0,2326535559932.0,1591976093652.0,3.98399E+11,0.15,0.61,9.97,9.53,1.19
000016.SH,2019/8/19,20174822125578.0,14135191799273.0,2326535559932.0,1591976093652.0,3.98399E+11,0.26,1.05,10.11,9.65,1.2
000016.SH,2019/8/20,20118765066121.0,14122000204902.0,2326535559932.0,1591976093652.0,3.98399E+11,0.19,0.75,10.09,9.63,1.2
000016.SH,2019/8/21,20112204558158.0,14105547931026.0,2326535559932.0,1591976093652.0,3.98399E+11,0.14,0.54,10.08,9.63,1.2
000016.SH,2019/8/22,20105625542156.0,14124889866542.0,2326535559932.0,1591976093652.0,3.98399E+11,0.13,0.51,10.08,9.63,1.2
000016.SH,2019/8/23,20297622138615.0,14265916299246.0,2326535559932.0,1591976093652.0,3.98399E+11,0.15,0.61,10.17,9.68,1.21
000016.SH,2019/8/26,19982244376024.0,14044804897843.0,2326535559932.0,1591976093652.0,3.98399E+11,0.17,0.66,10.02,9.5,1.19
000016.SH,2019/8/27,20170122178836.0,14174601802788.0,2326533886232.0,1591976093652.0,3.98399E+11,0.22,0.9,10.11,9.59,1.2
000016.SH,2019/8/28,20037334875021.0,14086091699058.0,2326533886232.0,1591976093652.0,3.98399E+11,0.15,0.59,10.04,9.53,1.19
000016.SH,2019/8/29,19981453059441.0,14041042280806.0,2326533886232.0,1591976093652.0,3.93978E+11,0.14,0.57,10.02,9.46,1.19
000016.SH,2019/8/30,20047914004308.0,14112249984033.0,2326533886232.0,1591976093652.0,3.98627E+11,0.16,0.65,10.05,9.47,1.19
000016.SH,2019/9/2,20179850046137.0,14200939793735.0,2326533886232.0,1591976093652.0,3.98631E+11,0.19,0.75,10.12,9.5,1.19
000016.SH,2019/9/3,20184801812789.0,14197301725440.0,2326533890832.0,1591976098252.0,3.98631E+11,0.16,0.65,10.12,9.5,1.19
000016.SH,2019/9/4,20414285178125.0,14340730256558.0,2326533899647.0,1591976107067.0,3.98631E+11,0.24,0.94,10.23,9.61,1.21
000016.SH,2019/9/5,20640922045712.0,14484359076768.0,2326533899647.0,1591976107067.0,3.98631E+11,0.33,1.33,10.35,9.71,1.22
000016.SH,2019/9/6,20776350254642.0,14576431402005.0,2326526637647.0,1592000415571.0,3.98655E+11,0.2,0.79,10.41,9.78,1.23
000016.SH,2019/9/9,20786861426037.0,14585542563893.0,2326526637647.0,1592000415571.0,3.98655E+11,0.24,0.97,10.42,9.78,1.23
000016.SH,2019/9/10,20723185643129.0,14536325740996.0,2326526637647.0,1592000415571.0,3.98655E+11,0.23,0.9,10.39,9.75,1.22
000016.SH,2019/9/11,20714720206100.0,14497262094936.0,2326526637647.0,1592000415571.0,3.98655E+11,0.22,0.88,10.38,9.75,1.22
000016.SH,2019/9/12,20903703609177.0,14632396418165.0,2326526637647.0,1592000415571.0,3.98655E+11,0.2,0.8,10.48,9.84,1.24
000016.SH,2019/9/16,20845108044619.0,14614498537169.0,2326526637647.0,1592000415571.0,3.98655E+11,0.2,0.82,10.45,9.81,1.23
000016.SH,2019/9/17,20538157107046.0,14412542071762.0,2326526637647.0,1592000415571.0,3.98655E+11,0.19,0.77,10.3,9.67,1.21
000016.SH,2019/9/18,20585285189714.0,14464334312851.0,2326526637647.0,1592000415571.0,3.98655E+11,0.15,0.59,10.32,9.69,1.22
000016.SH,2019/9/19,20618976318388.0,14483501617055.0,2326526637647.0,1592000415571.0,3.98655E+11,0.13,0.53,10.34,9.7,1.22
000016.SH,2019/9/20,20678980140075.0,14525129976213.0,2326526299298.0,1592019045571.0,3.98674E+11,0.19,0.76,10.37,9.73,1.22
000016.SH,2019/9/23,20461704373877.0,14380588406285.0,2326526299298.0,1592019045571.0,3.98674E+11,0.15,0.6,10.26,9.63,1.21
000016.SH,2019/9/24,20514673880154.0,14411426314127.0,2328252927038.0,1592019045571.0,3.98674E+11,0.14,0.57,10.28,9.66,1.21
000016.SH,2019/9/25,20419302865724.0,14338767243259.0,2328252927038.0,1592019045571.0,3.98674E+11,0.14,0.57,10.24,9.61,1.21
000016.SH,2019/9/26,20450002415976.0,14367591887062.0,2328287766426.0,1593142755390.0,3.99797E+11,0.2,0.79,10.25,9.62,1.21
000016.SH,2019/9/27,20438919170180.0,14357119895052.0,2328287766426.0,1593142755390.0,3.99792E+11,0.14,0.58,10.25,9.62,1.21
000016.SH,2019/9/30,20255748837072.0,14244573617596.0,2328287766426.0,1593142755390.0,3.99792E+11,0.12,0.48,10.15,9.53,1.2
000016.SH,2019/10/8,20387555442184.0,14327002856390.0,2328287770155.0,1593142759119.0,3.99792E+11,0.16,0.62,10.22,9.6,1.21
000016.SH,2019/10/9,20423864352542.0,14335172057044.0,2328287770406.0,1593142759370.0,3.99792E+11,0.16,0.65,10.24,9.61,1.21
000016.SH,2019/10/10,20498900207672.0,14390672563422.0,2328287770406.0,1593142759370.0,4.23811E+11,0.14,0.52,10.28,9.65,1.21
000016.SH,2019/10/11,20782325775049.0,14592039984835.0,2328334174812.0,1593189163776.0,4.23858E+11,0.2,0.74,10.42,9.78,1.23
000016.SH,2019/10/14,21004132508738.0,14737097766392.0,2328334174812.0,1593189163776.0,4.23968E+11,0.27,1,10.53,9.89,1.24
000016.SH,2019/10/15,21004919608900.0,14745283427127.0,2328334174812.0,1593189163776.0,4.23968E+11,0.16,0.6,10.53,9.89,1.24
000016.SH,2019/10/16,20932474078840.0,14697982555082.0,2328334174812.0,1593189163776.0,4.24012E+11,0.16,0.62,10.49,9.84,1.24
000016.SH,2019/10/17,20970552799907.0,14724333075173.0,2328334174812.0,1593189163776.0,4.24012E+11,0.12,0.45,10.51,9.86,1.24
000016.SH,2019/10/18,20712668946026.0,14535714297905.0,2328334174812.0,1593189163776.0,4.24012E+11,0.15,0.58,10.38,9.74,1.22
000016.SH,2019/10/21,20847098113210.0,14611703284662.0,2328334174812.0,1593189163776.0,4.24012E+11,0.15,0.57,10.45,9.8,1.23
000016.SH,2019/10/22,20875074661471.0,14627411506282.0,2328333774812.0,1593189163776.0,4.23998E+11,0.13,0.5,10.46,9.81,1.23
000016.SH,2019/10/23,20829564541993.0,14586422465571.0,2328333774812.0,1593189163776.0,4.24012E+11,0.14,0.53,10.44,9.79,1.23
000016.SH,2019/10/24,20891358057979.0,14620601121904.0,2328333774812.0,1593189163776.0,4.24012E+11,0.15,0.58,10.47,9.82,1.23
000016.SH,2019/10/25,20933463300531.0,14671803351731.0,2328333774812.0,1593189163776.0,4.24016E+11,0.15,0.58,10.49,9.79,1.23
000016.SH,2019/10/28,20984182653675.0,14718678875931.0,2328333774812.0,1593189163776.0,4.23979E+11,0.18,0.67,10.52,9.78,1.22
000016.SH,2019/10/29,20864171034001.0,14654005936763.0,2328333774812.0,1593189163776.0,4.23979E+11,0.14,0.51,10.46,9.72,1.21
000016.SH,2019/10/30,20843748262997.0,14623375212153.0,2328333774812.0,1593189163776.0,4.23979E+11,0.14,0.51,10.45,9.6,1.2
000016.SH,2019/10/31,20829228510488.0,14622453886135.0,2328340309812.0,1593189163776.0,3.98976E+11,0.16,0.66,10.44,9.57,1.17
000016.SH,2019/11/1,21036237128116.0,14778510238190.0,2328340309812.0,1593189163776.0,4.12324E+11,0.18,0.7,10.55,9.67,1.19
000016.SH,2019/11/4,21165815003956.0,14867767808175.0,2328340309812.0,1593189163776.0,4.12324E+11,0.19,0.75,10.61,9.73,1.19
000016.SH,2019/11/5,21300374706567.0,14957029682282.0,2328340309952.0,1593189163916.0,4.1232E+11,0.24,0.93,10.68,9.79,1.2
000016.SH,2019/11/6,21299406865811.0,14942480831268.0,2328340309952.0,1593189163916.0,4.1232E+11,0.18,0.71,10.68,9.79,1.2
000016.SH,2019/11/7,21246732566375.0,14911443049987.0,2328340309952.0,1593189163916.0,4.1232E+11,0.15,0.57,10.65,9.77,1.2
000016.SH,2019/11/8,21081416170475.0,14805367747368.0,2328340318512.0,1593289609157.0,4.12421E+11,0.18,0.69,10.57,9.69,1.19
000016.SH,2019/11/11,20764405999626.0,14584954978475.0,2328340797334.0,1593289609157.0,4.12421E+11,0.18,0.69,10.41,9.54,1.17
000016.SH,2019/11/12,20801962427421.0,14610969625145.0,2328340797334.0,1593289609157.0,4.12421E+11,0.13,0.5,10.43,9.56,1.17
000016.SH,2019/11/13,20721704569749.0,14574670440586.0,2328340797334.0,1593289609157.0,4.12421E+11,0.14,0.55,10.39,9.52,1.17
000016.SH,2019/11/14,20692705046601.0,14556954634667.0,2328340797334.0,1593289609157.0,4.12421E+11,0.14,0.54,10.37,9.51,1.17
000016.SH,2019/11/15,20622072840988.0,14506504307930.0,2328340797334.0,1593289609157.0,4.12421E+11,0.14,0.53,10.34,9.48,1.16
000016.SH,2019/11/18,20750766091194.0,14721470712746.0,2328340797334.0,1604387467792.0,4.15835E+11,0.15,0.57,10.4,9.54,1.17
000016.SH,2019/11/19,20840252445392.0,14789731198382.0,2328345509718.0,1604387467792.0,4.15835E+11,0.15,0.58,10.45,9.58,1.17
000016.SH,2019/11/20,20645780488570.0,14658731410677.0,2328345509718.0,1604387467792.0,4.15835E+11,0.14,0.54,10.35,9.49,1.16
000016.SH,2019/11/21,20561555672292.0,14589879851627.0,2328345509718.0,1604387467792.0,4.15835E+11,0.14,0.53,10.31,9.45,1.16
000016.SH,2019/11/22,20435870746295.0,14482559325797.0,2328345509718.0,1604387467792.0,4.15835E+11,0.17,0.64,10.24,9.39,1.15
000016.SH,2019/11/25,20675057420182.0,14659161528419.0,2328345509718.0,1604387467792.0,4.15835E+11,0.21,0.8,10.36,9.5,1.17
000016.SH,2019/11/26,20664795520483.0,14646069156478.0,2328345509718.0,1604235267792.0,4.15683E+11,0.19,0.73,10.36,9.5,1.16
000016.SH,2019/11/27,20668238731740.0,14651789733568.0,2328354557168.0,1604244315242.0,4.15692E+11,0.13,0.49,10.36,9.5,1.16
000016.SH,2019/11/28,20546240094091.0,14572420165690.0,2328360203368.0,1604249961442.0,4.15698E+11,0.11,0.43,10.3,9.44,1.16
000016.SH,2019/11/29,20339753131640.0,14403020942654.0,2328357474718.0,1604249961442.0,4.15698E+11,0.13,0.5,10.2,9.35,1.15
000016.SH,2019/12/2,20361395453170.0,14412178612861.0,2328357474718.0,1604249961442.0,4.15698E+11,0.13,0.51,10.21,9.36,1.15
000016.SH,2019/12/3,20404632593587.0,14433021219979.0,2328403894918.0,1604296381642.0,4.15698E+11,0.12,0.46,10.23,9.38,1.15
000016.SH,2019/12/4,20319193810799.0,14376428117603.0,2328403894918.0,1604296381642.0,4.15744E+11,0.12,0.47,10.19,9.34,1.14
000016.SH,2019/12/5,20461822050931.0,14477913787911.0,2328403894918.0,1604296381642.0,4.15744E+11,0.14,0.54,10.26,9.41,1.15
000016.SH,2019/12/6,20524595076500.0,14543117311479.0,2328403894918.0,1604296381642.0,4.15744E+11,0.13,0.51,10.29,9.43,1.16
000016.SH,2019/12/9,20514399828115.0,14538456764962.0,2328403894918.0,1604526423642.0,4.15974E+11,0.16,0.6,10.28,9.43,1.16
000016.SH,2019/12/10,20509554309332.0,14542259476604.0,2328403894918.0,1604526423642.0,4.15974E+11,0.13,0.49,10.28,9.43,1.16
000016.SH,2019/12/11,20604894107320.0,14606683271986.0,2328403894918.0,1604526423642.0,4.15974E+11,0.15,0.57,10.33,9.47,1.16
000016.SH,2019/12/12,20539664824285.0,14546559865666.0,2328403894918.0,1604526423642.0,4.15974E+11,0.13,0.5,10.3,9.44,1.16
000016.SH,2019/12/13,20998456312940.0,14854973118559.0,2328403894918.0,1604526423642.0,4.15974E+11,0.26,1.01,10.53,9.65,1.18
000016.SH,2019/12/16,20882939488693.0,14664582513893.0,2275912990365.0,1556726321228.0,3.95727E+11,0.21,0.84,10.76,9.81,1.21
000016.SH,2019/12/17,21121562455361.0,14830239646775.0,2275912990365.0,1556726321228.0,3.95727E+11,0.3,1.2,10.88,9.92,1.22
000016.SH,2019/12/18,21101547252345.0,14811388627803.0,2276077653893.0,1556890984756.0,3.95891E+11,0.21,0.82,10.87,9.91,1.22
000016.SH,2019/12/19,21087843542935.0,14806437998735.0,2276077653893.0,1556890984756.0,3.95891E+11,0.17,0.68,10.87,9.91,1.22
000016.SH,2019/12/20,21055542760290.0,14781024713886.0,2276077653893.0,1556890984756.0,3.95891E+11,0.16,0.63,10.85,9.89,1.22
000016.SH,2019/12/23,20830535748378.0,14641380146210.0,2276079231603.0,1556892562466.0,3.95893E+11,0.18,0.69,10.73,9.78,1.21
000016.SH,2019/12/24,20891796602522.0,14681099805968.0,2276079231603.0,1556892562466.0,3.95893E+11,0.14,0.56,10.77,9.81,1.21
000016.SH,2019/12/25,20833828901007.0,14633785001140.0,2276079231603.0,1556892562466.0,3.95893E+11,0.14,0.54,10.74,9.79,1.21
000016.SH,2019/12/26,21010616485265.0,14748943161886.0,2276079231603.0,1556892562466.0,3.95893E+11,0.15,0.58,10.83,9.87,1.22
000016.SH,2019/12/27,21050598733655.0,14799722823723.0,2276001473684.0,1556814804547.0,3.95815E+11,0.22,0.87,10.85,9.89,1.22
000016.SH,2019/12/30,21283241115720.0,14968093284525.0,2276000727434.0,1556814804547.0,3.96375E+11,0.28,1.1,10.97,10,1.23
000016.SH,2019/12/31,21281403294139.0,14964092398761.0,2276000310434.0,1556814804547.0,3.96375E+11,0.2,0.78,10.97,10,1.23
000016.SH,2020/1/2,21478775835930.0,15086512247435.0,2276000310434.0,1556814804547.0,3.96425E+11,0.32,1.26,11.07,10.09,1.24
000016.SH,2020/1/3,21445514282362.0,15047096869262.0,2276016710130.0,1556818261499.0,3.96425E+11,0.24,0.94,11.05,10.07,1.24
000016.SH,2020/1/6,21361691109296.0,15008805637544.0,2276016714406.0,1556818265775.0,3.96439E+11,0.31,1.2,11.01,10.03,1.24
000016.SH,2020/1/7,21443632956594.0,15069841476531.0,2276016714406.0,1556818265775.0,3.96439E+11,0.22,0.87,11.05,10.07,1.24
000016.SH,2020/1/8,21200699032892.0,14919712819069.0,2276016714406.0,1556818265775.0,3.96439E+11,0.24,0.95,10.92,9.96,1.23
000016.SH,2020/1/9,21316195397045.0,14999104434351.0,2276016714406.0,1556818265775.0,3.9645E+11,0.21,0.84,10.98,9.99,1.23
000016.SH,2020/1/10,21305968054322.0,14998146176655.0,2276016714406.0,1556818265775.0,3.9645E+11,0.18,0.72,10.98,9.99,1.23
000016.SH,2020/1/13,21419840167981.0,15065314683285.0,2276016714406.0,1556818265775.0,3.9645E+11,0.19,0.74,11.04,10.04,1.24
000016.SH,2020/1/14,21364530148782.0,15018200702862.0,2276016714406.0,1556818265775.0,3.9645E+11,0.23,0.89,11.01,10.02,1.24
000016.SH,2020/1/15,21203716171502.0,14899433560100.0,2276016714406.0,1556818265775.0,3.9645E+11,0.18,0.71,10.93,9.94,1.23
000016.SH,2020/1/16,21048557367433.0,14791677073033.0,2276016714406.0,1556824305775.0,3.96456E+11,0.18,0.71,10.85,9.86,1.22
000016.SH,2020/1/17,21078670888549.0,14819916166776.0,2276016714406.0,1558234411530.0,3.97161E+11,0.15,0.59,10.86,9.87,1.22
000016.SH,2020/1/20,21170651184855.0,14869145681488.0,2276016714406.0,1558421468228.0,3.97217E+11,0.18,0.69,10.91,9.91,1.22
000016.SH,2020/1/21,20850812288909.0,14634730496277.0,2276016714406.0,1558421468228.0,3.97215E+11,0.21,0.83,10.74,9.76,1.2
000016.SH,2020/1/22,20919441895860.0,14646812446095.0,2276016714406.0,1558421468228.0,3.97215E+11,0.21,0.83,10.78,9.8,1.2
000016.SH,2020/1/23,20430470155342.0,14294524474527.0,2276016714406.0,1558421468228.0,3.97215E+11,0.27,1.08,10.53,9.56,1.18
000016.SH,2020/2/3,18998223636529.0,13323505830069.0,2276016714406.0,1558423639969.0,3.97217E+11,0.38,1.48,9.79,8.89,1.09
000016.SH,2020/2/4,19423678237216.0,13607142444482.0,2276016714406.0,1558423639969.0,3.97217E+11,0.37,1.44,10.01,9.09,1.12
000016.SH,2020/2/5,19518712791528.0,13672391172312.0,2276016714611.0,1558423640174.0,3.97217E+11,0.28,1.11,10.06,9.14,1.12
000016.SH,2020/2/6,19731641517273.0,13831080935447.0,2276016714611.0,1558423640174.0,3.97217E+11,0.27,1.06,10.17,9.24,1.14
000016.SH,2020/2/7,19670510459262.0,13797801678759.0,2276016716875.0,1558423642438.0,3.97217E+11,0.22,0.87,10.14,9.21,1.13
000016.SH,2020/2/10,19661034224769.0,13795029219709.0,2276016716875.0,1558423642438.0,3.97217E+11,0.22,0.85,10.13,9.2,1.13
000016.SH,2020/2/11,19854894086755.0,13935208982153.0,2276016716875.0,1558423642438.0,3.97217E+11,0.23,0.91,10.23,9.3,1.14
000016.SH,2020/2/12,19944259012328.0,14003763644180.0,2276016716875.0,1558423642438.0,3.97217E+11,0.2,0.79,10.28,9.34,1.15
000016.SH,2020/2/13,19790314560967.0,13912853405899.0,2276016716875.0,1558423642438.0,3.97217E+11,0.24,0.94,10.2,9.26,1.14
000016.SH,2020/2/14,19899207717110.0,13991756857294.0,2276016716875.0,1558536170238.0,3.97329E+11,0.23,0.88,10.25,9.32,1.15
000016.SH,2020/2/17,20258393003133.0,14232560453975.0,2276016716875.0,1558536170238.0,3.97329E+11,0.29,1.14,10.44,9.48,1.17
000016.SH,2020/2/18,20094790934256.0,14118654570205.0,2276016716875.0,1558536170238.0,3.97329E+11,0.24,0.96,10.35,9.41,1.16
000016.SH,2020/2/19,20100612203134.0,14130764382932.0,2276016716875.0,1558536170238.0,3.97329E+11,0.26,1.01,10.36,9.41,1.16
000016.SH,2020/2/20,20423662078549.0,14347368832251.0,2276016716875.0,1558536170238.0,3.97329E+11,0.32,1.26,10.52,9.56,1.18
000016.SH,2020/2/21,20394397818099.0,14315386804643.0,2276016716875.0,1558536170238.0,3.97329E+11,0.3,1.18,10.29,9.58,1.17
000016.SH,2020/2/24,20168652659332.0,14136372509506.0,2276016716875.0,1558536170238.0,3.97329E+11,0.31,1.22,10.17,9.48,1.16
000016.SH,2020/2/25,19996422232831.0,14015138102451.0,2276016716875.0,1558536170238.0,3.97329E+11,0.34,1.34,10.09,9.4,1.15
000016.SH,2020/2/26,19978267632092.0,14025333865988.0,2276016716875.0,1558536170238.0,3.97329E+11,0.4,1.58,10.08,9.39,1.15
000016.SH,2020/2/27,20018784312762.0,14050914346765.0,2276008518875.0,1558536170238.0,3.97329E+11,0.27,1.06,10.1,9.41,1.15
000016.SH,2020/2/28,19419597725807.0,13661223283862.0,2276008518875.0,1558536170238.0,3.97329E+11,0.38,1.47,9.79,9.13,1.12
000016.SH,2020/3/2,19921069573862.0,14028194293029.0,2276008518875.0,1558536170238.0,3.97329E+11,0.35,1.38,10.05,9.36,1.14
000016.SH,2020/3/3,19997666142173.0,14094161843226.0,2276008518977.0,1558536170340.0,3.97329E+11,0.34,1.34,10.09,9.4,1.15
000016.SH,2020/3/4,20119835130017.0,14183108972645.0,2276008518977.0,1558536170340.0,3.97329E+11,0.27,1.07,10.15,9.46,1.16
000016.SH,2020/3/5,20555735227979.0,14481301470028.0,2276008518977.0,1558536170340.0,3.97329E+11,0.39,1.52,10.37,9.66,1.18
000016.SH,2020/3/6,20237322511751.0,14267653716905.0,2276008524515.0,1558536175878.0,3.97329E+11,0.27,1.05,10.21,9.51,1.16
000016.SH,2020/3/9,19697134115178.0,13877744583898.0,2276008524515.0,1558536175878.0,3.97329E+11,0.38,1.48,9.93,9.26,1.13
000016.SH,2020/3/10,19995171247096.0,14103424016176.0,2276008524515.0,1559049654696.0,3.97329E+11,0.31,1.21,10.08,9.4,1.15
000016.SH,2020/3/11,19798678248543.0,13967609686603.0,2276008524515.0,1559049654696.0,3.97329E+11,0.23,0.92,9.99,9.3,1.14
000016.SH,2020/3/12,19557829679751.0,13780575593662.0,2276008524515.0,1559049654696.0,3.97329E+11,0.24,0.93,9.86,9.19,1.12
000016.SH,2020/3/13,19299394212317.0,13585137487026.0,2276818392144.0,1559049654696.0,3.97329E+11,0.31,1.23,9.73,9.07,1.11
000016.SH,2020/3/16,18770529635059.0,13214043273533.0,2276818392144.0,1559049654696.0,3.97329E+11,0.3,1.18,9.47,8.82,1.08
000016.SH,2020/3/17,18701686417510.0,13160355608269.0,2276818392144.0,1559049654696.0,3.97364E+11,0.27,1.05,9.43,8.79,1.07
000016.SH,2020/3/18,18346358171659.0,12900780767968.0,2276818392144.0,1559049654696.0,3.97364E+11,0.24,0.95,9.25,8.62,1.05
000016.SH,2020/3/19,17952553162526.0,12621268766052.0,2276818392144.0,1559049654696.0,3.97364E+11,0.32,1.25,9.05,8.44,1.03
000016.SH,2020/3/20,18304678268835.0,12882214568670.0,2276818392144.0,1559049654696.0,3.97364E+11,0.24,0.94,9.22,8.6,1.05
000016.SH,2020/3/23,17835226780508.0,12572395397905.0,2276818392144.0,1559049654696.0,3.97364E+11,0.21,0.82,8.86,8.38,1.02
000016.SH,2020/3/24,18357604435375.0,12934298749035.0,2276818392144.0,1559049654696.0,3.97364E+11,0.24,0.93,9.12,8.62,1.05
000016.SH,2020/3/25,18710905370188.0,13198913658866.0,2276787900119.0,1559019162671.0,3.97344E+11,0.25,0.97,9.29,8.79,1.07
000016.SH,2020/3/26,18637595895016.0,13143141728573.0,2276787900119.0,1559019162671.0,3.97314E+11,0.18,0.71,9.01,8.71,1.07
000016.SH,2020/3/27,18717223924779.0,13203461330477.0,2276787900119.0,1559019162671.0,3.97314E+11,0.23,0.89,9.05,8.73,1.07
000016.SH,2020/3/30,18651949901360.0,13162062128264.0,2276787900119.0,1559019162671.0,3.97314E+11,0.22,0.86,8.84,8.65,1.06
000016.SH,2020/3/31,18558530748329.0,13116709741819.0,2276787900119.0,1559019162671.0,4.07062E+11,0.19,0.74,8.68,8.57,1.05
000016.SH,2020/4/1,18515022736542.0,13070485621766.0,2276787900119.0,1559019162671.0,4.1116E+11,0.18,0.67,8.66,8.55,1.05
000016.SH,2020/4/2,18776267492057.0,13267693091007.0,2276797186924.0,1559028449476.0,4.10936E+11,0.18,0.7,8.78,8.67,1.06
000016.SH,2020/4/3,18659658342780.0,13190290352939.0,2276797187931.0,1559028450483.0,4.10945E+11,0.16,0.59,8.73,8.62,1.06
000016.SH,2020/4/7,18916587432506.0,13392388781659.0,2276797187931.0,1559591364283.0,4.11618E+11,0.23,0.87,8.85,8.73,1.07
000016.SH,2020/4/8,18811266466369.0,13323497393412.0,2276797187931.0,1559591364283.0,4.11618E+11,0.16,0.62,8.8,8.69,1.06
000016.SH,2020/4/9,18850560257487.0,13347578324971.0,2276797187931.0,1559894678683.0,4.11941E+11,0.15,0.58,8.82,8.7,1.07
000016.SH,2020/4/10,18804137327767.0,13319196953496.0,2276797187931.0,1559894678683.0,4.12074E+11,0.16,0.62,8.8,8.68,1.06
000016.SH,2020/4/13,18739974479253.0,13293564979581.0,2276797187931.0,1559894678683.0,4.12074E+11,0.12,0.47,8.77,8.65,1.06
000016.SH,2020/4/14,18989862200327.0,13462600349808.0,2276797187931.0,1559894678683.0,4.12074E+11,0.17,0.65,8.93,8.78,1.07
000016.SH,2020/4/15,18891318436154.0,13385529762226.0,2276786629731.0,1559894678683.0,4.12074E+11,0.15,0.56,8.88,8.74,1.07
000016.SH,2020/4/16,18921881018199.0,13398557061669.0,2276786629731.0,1559894678683.0,4.12074E+11,0.15,0.56,8.86,8.75,1.07
000016.SH,2020/4/17,19159420709244.0,13588219385953.0,2276786629731.0,1559894678683.0,4.12022E+11,0.22,0.85,8.97,8.86,1.09
000016.SH,2020/4/20,19186848737361.0,13601156770390.0,2276786629731.0,1559894678683.0,4.12022E+11,0.18,0.67,8.98,8.87,1.09
000016.SH,2020/4/21,18973803687431.0,13451560834251.0,2276786629731.0,1559894678683.0,4.12022E+11,0.16,0.61,8.88,8.77,1.07
000016.SH,2020/4/22,19052498160628.0,13528509550546.0,2276786107485.0,1559894678683.0,4.12022E+11,0.13,0.5,8.89,8.8,1.08
000016.SH,2020/4/23,18997672134036.0,13503255535679.0,2276786107485.0,1559894678683.0,4.12022E+11,0.16,0.6,8.85,8.78,1.07
000016.SH,2020/4/24,18856839741593.0,13408154552209.0,2276786107485.0,1559894678683.0,4.12022E+11,0.13,0.48,8.77,8.83,1.07
000016.SH,2020/4/27,19017338436966.0,13529906910527.0,2276786107485.0,1559894678683.0,4.11979E+11,0.15,0.56,8.8,8.9,1.07
000016.SH,2020/4/28,19081673643749.0,13568488453288.0,2276786107485.0,1559894678683.0,4.11979E+11,0.17,0.66,8.83,8.92,1.07
000016.SH,2020/4/29,19269949574967.0,13680590450959.0,2276786107485.0,1559894678683.0,4.11979E+11,0.16,0.62,8.9,8.98,1.06
000016.SH,2020/4/30,19393864480632.0,13756122401571.0,2276786107485.0,1559894678683.0,4.11979E+11,0.19,0.74,8.95,9.37,1.07
000016.SH,2020/5/6,19336108748562.0,13741466352332.0,2276786107485.0,1559894678683.0,4.1192E+11,0.23,0.86,8.92,9.34,1.06
000016.SH,2020/5/7,19263801110545.0,13701893145025.0,2276786107536.0,1559894678734.0,4.11927E+11,0.15,0.58,8.89,9.31,1.06
000016.SH,2020/5/8,19380142452327.0,13783117893103.0,2276786107536.0,1559894678734.0,4.11927E+11,0.17,0.66,8.95,9.36,1.07
000016.SH,2020/5/11,19413989711679.0,13796424082869.0,2276786108291.0,1559894679489.0,4.28445E+11,0.16,0.59,8.96,9.38,1.07
000016.SH,2020/5/12,19352794131421.0,13761698660782.0,2276786108291.0,1559897988440.0,4.28447E+11,0.14,0.5,8.93,9.35,1.07
000016.SH,2020/5/13,19351330061939.0,13757174283222.0,2276786108291.0,1559897988440.0,4.28447E+11,0.12,0.43,8.93,9.35,1.06
000016.SH,2020/5/14,19144051145699.0,13617947330965.0,2276786108291.0,1559897988440.0,4.28447E+11,0.13,0.46,8.84,9.25,1.05
000016.SH,2020/5/15,19079165236481.0,13569031273170.0,2276786108291.0,1560051808492.0,4.28447E+11,0.12,0.45,8.81,9.22,1.05
000016.SH,2020/5/18,19156709479350.0,13644127588036.0,2276786108291.0,1560080916795.0,4.28476E+11,0.15,0.53,8.84,9.26,1.05
000016.SH,2020/5/19,19299073850557.0,13735583585377.0,2276786108291.0,1560080916795.0,4.28476E+11,0.15,0.53,8.91,9.33,1.06
000016.SH,2020/5/20,19285957210460.0,13722697413459.0,2276786108291.0,1560080916795.0,4.28485E+11,0.13,0.47,8.9,9.32,1.06
000016.SH,2020/5/21,19226465664190.0,13689279692498.0,2276786108291.0,1560080916795.0,4.28485E+11,0.12,0.45,8.87,9.29,1.06
000016.SH,2020/5/22,18819348065168.0,13400114582313.0,2276786108291.0,1560080916795.0,4.28485E+11,0.17,0.61,8.69,9.09,1.04
000016.SH,2020/5/25,18861181521613.0,13379588623744.0,2277670566681.0,1560080916795.0,4.28485E+11,0.12,0.44,8.71,9.11,1.04
000016.SH,2020/5/26,18949308822646.0,13506693672237.0,2277670566681.0,1560963539782.0,4.29022E+11,0.12,0.42,8.75,9.16,1.04
000016.SH,2020/5/27,18917733347810.0,13473439612646.0,2277670566681.0,1560963539782.0,4.29022E+11,0.13,0.46,8.73,9.14,1.04
000016.SH,2020/5/28,19039201604954.0,13548510487413.0,2277670566681.0,1560963539782.0,4.29022E+11,0.15,0.53,8.79,9.2,1.05
000016.SH,2020/5/29,18961845328498.0,13506660767557.0,2277670566681.0,1560963539782.0,4.29022E+11,0.14,0.5,8.75,9.16,1.04
000016.SH,2020/6/1,19310627019238.0,13764291205625.0,2277670566681.0,1560963539782.0,4.29022E+11,0.18,0.66,8.91,9.33,1.06
000016.SH,2020/6/2,19411756077101.0,13827610025776.0,2277670566681.0,1560963539782.0,4.29027E+11,0.17,0.62,8.96,9.38,1.07
000016.SH,2020/6/3,19464292690169.0,13860862833599.0,2277670566681.0,1560963539782.0,4.29027E+11,0.18,0.65,8.98,9.4,1.07
000016.SH,2020/6/4,19401532463634.0,13787751816828.0,2278331017293.0,1560963539782.0,4.29027E+11,0.14,0.51,8.95,9.37,1.07
000016.SH,2020/6/5,19488403214031.0,13881618164475.0,2278331017293.0,1561367293963.0,4.29299E+11,0.14,0.5,9,9.42,1.07
000016.SH,2020/6/8,19576790678373.0,13943833110977.0,2278331017293.0,1561367293963.0,4.29299E+11,0.19,0.68,9.04,9.46,1.08
000016.SH,2020/6/9,19679731376876.0,14021163860339.0,2278331017293.0,1561367293963.0,4.29309E+11,0.16,0.57,9.08,9.51,1.08
000016.SH,2020/6/10,19553993810483.0,13935922941998.0,2278331017293.0,1561367293963.0,4.29309E+11,0.15,0.53,9.03,9.45,1.08
000016.SH,2020/6/11,19350915857756.0,13793461254502.0,2278331017293.0,1561367293963.0,4.29309E+11,0.19,0.68,8.93,9.35,1.07
000016.SH,2020/6/12,19349195524586.0,13805947887621.0,2278331017293.0,1561367293963.0,4.29309E+11,0.22,0.79,8.93,9.35,1.07
000016.SH,2020/6/15,18087453798211.0,13481038693199.0,2098426001571.0,1506672618325.0,4.06502E+11,0.19,0.72,9.42,9.89,1.12
000016.SH,2020/6/16,18317199221957.0,13655399783376.0,2098426001571.0,1506672618325.0,4.06502E+11,0.16,0.6,9.54,10.02,1.13
000016.SH,2020/6/17,18295237722613.0,13650892602475.0,2098426001571.0,1506672618325.0,4.06502E+11,0.15,0.55,9.52,10.01,1.13
000016.SH,2020/6/18,18314871243376.0,13666884164772.0,2098426001571.0,1506672618325.0,4.06502E+11,0.18,0.68,9.53,10.02,1.13
000016.SH,2020/6/19,18510358121997.0,13804827447380.0,2098426001571.0,1506672618325.0,4.06502E+11,0.25,0.91,9.64,10.12,1.14
000016.SH,2020/6/22,18487871407687.0,13784292035070.0,2098957638859.0,1507204924868.0,4.0652E+11,0.25,0.92,9.62,10.11,1.14
000016.SH,2020/6/23,18463416354727.0,13789248769016.0,2098957638859.0,1507204924868.0,4.0652E+11,0.18,0.68,9.61,10.1,1.14
000016.SH,2020/6/24,18596801619235.0,13870212653293.0,2098959193786.0,1507204924868.0,4.0652E+11,0.2,0.74,9.68,10.17,1.15
000016.SH,2020/6/29,18492119144457.0,13808620369815.0,2099381856963.0,1507226671665.0,4.06542E+11,0.22,0.8,9.63,10.11,1.14
000016.SH,2020/6/30,18482659272839.0,13791688286751.0,2099381856963.0,1507226671665.0,4.06542E+11,0.18,0.66,9.62,10.11,1.14
000016.SH,2020/7/1,18832326297008.0,14061515886154.0,2099381856963.0,1507226671665.0,4.06542E+11,0.28,1.05,9.8,10.3,1.17
000016.SH,2020/7/2,19333869374110.0,14403184956332.0,2099381856963.0,1507232670324.0,4.06548E+11,0.45,1.65,10.06,10.57,1.2
000016.SH,2020/7/3,19859602820140.0,14765186474493.0,2099407587994.0,1507240315105.0,4.06554E+11,0.52,1.92,10.34,10.86,1.23
000016.SH,2020/7/6,21270405408749.0,15818968227680.0,2099407587994.0,1508351235224.0,4.06571E+11,0.81,3,11.07,11.63,1.32
000016.SH,2020/7/7,21261522961212.0,15874382114131.0,2099407587994.0,1508351235224.0,4.06571E+11,0.72,2.67,11.07,11.63,1.32
000016.SH,2020/7/8,21526492865935.0,16034481523574.0,2099451562949.0,1508351235224.0,4.06571E+11,0.61,2.25,11.21,11.77,1.33
000016.SH,2020/7/9,21609952488995.0,16106005618313.0,2099451562949.0,1508413296429.0,4.07058E+11,0.56,2.09,11.25,11.82,1.34
000016.SH,2020/7/10,20887057878641.0,15616486328682.0,2099451130176.0,1508413296429.0,4.07058E+11,0.52,1.94,10.87,11.42,1.3
000016.SH,2020/7/13,21067515602787.0,15757233836241.0,2099451130176.0,1508413296429.0,4.07058E+11,0.53,1.97,10.97,11.52,1.31
000016.SH,2020/7/14,20824730628737.0,15567692614721.0,2099451131514.0,1508413297767.0,4.07103E+11,0.51,1.89,10.84,11.39,1.3
000016.SH,2020/7/15,20527177428994.0,15352310935325.0,2099451131514.0,1508413297767.0,4.07103E+11,0.47,1.73,10.69,11.23,1.29
000016.SH,2020/7/16,19688369300771.0,14718725823692.0,2099452282966.0,1509022098468.0,4.07836E+11,0.49,1.83,10.25,10.77,1.24
000016.SH,2020/7/17,19761022841771.0,14800126410914.0,2099452282966.0,1509022098468.0,4.07836E+11,0.33,1.21,10.29,10.81,1.24
000016.SH,2020/7/20,20390567340154.0,15245300337357.0,2099460224661.0,1509322098468.0,4.08519E+11,0.42,1.54,10.61,11.15,1.28
000016.SH,2020/7/21,20370547626208.0,15259267627418.0,2099460224661.0,1509322098468.0,4.08519E+11,0.29,1.09,10.6,11.13,1.28
000016.SH,2020/7/22,20383897596519.0,15281037096604.0,2099460224661.0,1509322098468.0,4.08519E+11,0.36,1.33,10.61,11.14,1.28
000016.SH,2020/7/23,20252682433057.0,15205427119779.0,2099460224661.0,1509322098468.0,4.08519E+11,0.37,1.36,10.54,11.07,1.27
000016.SH,2020/7/24,19585218099354.0,14693617469198.0,2099460224661.0,1509324048177.0,4.08521E+11,0.4,1.48,10.2,10.7,1.23
000016.SH,2020/7/27,19593708841352.0,14706636738894.0,2099460224661.0,1509324048177.0,4.08221E+11,0.25,0.92,10.2,10.7,1.24
000016.SH,2020/7/28,19701295389304.0,14800510476965.0,2099459921731.0,1509324048177.0,4.08219E+11,0.24,0.87,10.26,10.76,1.25
000016.SH,2020/7/29,20060965264826.0,15041812563900.0,2099572884058.0,1509324048177.0,4.08271E+11,0.29,1.07,10.44,10.95,1.27
000016.SH,2020/7/30,19930516736647.0,14965256226597.0,2099572884058.0,1509324048177.0,4.08271E+11,0.24,0.88,10.38,10.86,1.26
000016.SH,2020/7/31,20006422243952.0,15024067203133.0,2099572884058.0,1509324048177.0,4.08271E+11,0.28,1.05,10.41,10.9,1.26
000016.SH,2020/8/3,20186453884630.0,15149033061393.0,2099572884058.0,1509324048177.0,4.08271E+11,0.32,1.18,10.51,11,1.28
000016.SH,2020/8/4,20421217103194.0,15319352356811.0,2099572884058.0,1509324048177.0,4.08271E+11,0.41,1.53,10.63,11.13,1.29
000016.SH,2020/8/5,20274768914934.0,15217596488478.0,2099572656315.0,1509323820434.0,4.08271E+11,0.3,1.12,10.55,11.05,1.28
000016.SH,2020/8/6,20349080721185.0,15232601548148.0,2099640861715.0,1509323820434.0,4.08271E+11,0.32,1.2,10.59,11.09,1.29
000016.SH,2020/8/7,20168850936670.0,15084509561764.0,2101203366497.0,1509323825216.0,4.08613E+11,0.32,1.2,10.5,10.99,1.27
000016.SH,2020/8/10,20364581342442.0,15198893492651.0,2101203366497.0,1509323825216.0,4.08613E+11,0.35,1.3,10.6,11.1,1.28
000016.SH,2020/8/11,20222578353331.0,15119073331683.0,2101203366497.0,1509323825216.0,4.08613E+11,0.36,1.32,10.53,11.02,1.28
000016.SH,2020/8/12,20205885978572.0,15077246869066.0,2101203366497.0,1509317860068.0,4.08607E+11,0.34,1.25,10.52,11.01,1.27
000016.SH,2020/8/13,20157166996442.0,15045960387482.0,2101203366497.0,1509317860068.0,4.08607E+11,0.25,0.91,10.49,10.97,1.27
000016.SH,2020/8/14,20478608634468.0,15289783857706.0,2101203366497.0,1509317860068.0,4.08607E+11,0.24,0.9,10.66,11.14,1.29
000016.SH,2020/8/17,21031931723059.0,15682597858782.0,2101203366497.0,1509317860068.0,4.0863E+11,0.5,1.86,10.95,11.45,1.33
000016.SH,2020/8/18,21025750242718.0,15698095846437.0,2101203366497.0,1509317860068.0,4.0863E+11,0.31,1.16,10.95,11.44,1.33
000016.SH,2020/8/19,20663043812203.0,15395063759807.0,2102450828493.0,1509326375377.0,4.08638E+11,0.29,1.09,10.76,11.25,1.3
000016.SH,2020/8/20,20398107633003.0,15219118308170.0,2102450828493.0,1510266501986.0,4.09096E+11,0.25,0.91,10.62,11.11,1.29
000016.SH,2020/8/21,20492417709026.0,15295219691158.0,2102450139668.0,1510266501986.0,4.09096E+11,0.19,0.69,10.67,11.16,1.29
000016.SH,2020/8/24,20494334233608.0,15317329671262.0,2102450139668.0,1510266501986.0,4.09096E+11,0.2,0.73,10.67,11.2,1.29
000016.SH,2020/8/25,20525415029320.0,15366521156408.0,2102450139668.0,1510266501986.0,4.09096E+11,0.19,0.7,10.68,11.22,1.3
000016.SH,2020/8/26,20326900871427.0,15234575902636.0,2102450139668.0,1510266501986.0,4.09096E+11,0.22,0.8,10.58,11.13,1.28
000016.SH,2020/8/27,20377527386329.0,15271526499689.0,2102450139668.0,1510266501986.0,4.09096E+11,0.19,0.69,10.61,11.13,1.29
000016.SH,2020/8/28,20754507245109.0,15558867293657.0,2102450139668.0,1510266501986.0,4.08961E+11,0.26,0.95,10.8,11.58,1.31
000016.SH,2020/8/31,20584972199179.0,15448783294019.0,2102450139668.0,1510266501986.0,4.08967E+11,0.32,1.17,10.72,12.19,1.28
000016.SH,2020/9/1,20626189239027.0,15500342362413.0,2102450149331.0,1510417136464.0,4.08734E+11,0.2,0.75,10.74,12.21,1.29
000016.SH,2020/9/2,20542705913266.0,15442876451199.0,2102450150065.0,1510417137198.0,4.08734E+11,0.24,0.87,10.69,12.16,1.28
000016.SH,2020/9/3,20452622132425.0,15378303111327.0,2102450150065.0,1510417137198.0,4.08734E+11,0.21,0.76,10.65,12.11,1.28
000016.SH,2020/9/4,20304859951732.0,15280101921810.0,2102450150065.0,1511665453696.0,4.08734E+11,0.19,0.7,10.57,12.02,1.27
000016.SH,2020/9/7,20000505287571.0,15044206803029.0,2102450150330.0,1511647178800.0,4.08716E+11,0.22,0.8,10.41,11.84,1.25
000016.SH,2020/9/8,20265514975230.0,15221808731252.0,2102450150330.0,1511647178800.0,4.08716E+11,0.21,0.79,10.55,12,1.27
000016.SH,2020/9/9,20005524321372.0,15022140418330.0,2102450150330.0,1511647178800.0,4.08716E+11,0.2,0.74,10.41,11.84,1.25
000016.SH,2020/9/10,20053890109911.0,15071593587569.0,2102450150330.0,1511647178800.0,4.08716E+11,0.2,0.73,10.44,11.87,1.25
000016.SH,2020/9/11,20135048198787.0,15145484339038.0,2102450150330.0,1511647178800.0,4.08719E+11,0.16,0.58,10.48,11.92,1.26
000016.SH,2020/9/14,20248928955177.0,15240399262086.0,2102450150330.0,1511647178800.0,4.08719E+11,0.14,0.52,10.54,11.99,1.27
000016.SH,2020/9/15,20329919765499.0,15302106539811.0,2102450150330.0,1511647178800.0,4.08719E+11,0.14,0.52,10.58,12.03,1.27
000016.SH,2020/9/16,20245395123674.0,15232220631377.0,2102450150330.0,1511647178800.0,4.08719E+11,0.15,0.54,10.54,11.98,1.27
000016.SH,2020/9/17,20078714357872.0,15092398660968.0,2102440238130.0,1511647178800.0,4.08719E+11,0.16,0.57,10.45,11.89,1.26
000016.SH,2020/9/18,20602764180529.0,15465678678481.0,2102473091888.0,1511647178800.0,4.08745E+11,0.29,1.09,10.73,12.2,1.29
000016.SH,2020/9/21,20397861402448.0,15309330070329.0,2102473091888.0,1511647178800.0,4.08745E+11,0.2,0.73,10.62,12.07,1.28
000016.SH,2020/9/22,20164066719045.0,15145155057648.0,2102473091888.0,1511647178800.0,4.08745E+11,0.18,0.66,10.5,11.94,1.26
000016.SH,2020/9/23,20132902607513.0,15136031051228.0,2102473154608.0,1511681933029.0,4.0878E+11,0.14,0.5,10.48,11.92,1.26
000016.SH,2020/9/24,19893528024922.0,14948005065421.0,2102473154608.0,1511681933029.0,4.0878E+11,0.17,0.63,10.36,11.78,1.25
000016.SH,2020/9/25,19928154652602.0,14974510104934.0,2102535844898.0,1511681933029.0,4.0878E+11,0.14,0.51,10.37,11.8,1.25
000016.SH,2020/9/28,20051488433957.0,15084765278284.0,2102535844898.0,1511681933029.0,4.0878E+11,0.14,0.51,10.44,11.87,1.26
000016.SH,2020/9/29,19984982572293.0,15029434124144.0,2102535844898.0,1511681933029.0,4.0878E+11,0.13,0.47,10.4,11.83,1.25
000016.SH,2020/9/30,19927357148898.0,14996615926630.0,2102557319359.0,1511681933029.0,4.0878E+11,0.15,0.56,10.37,11.8,1.25
000016.SH,2020/10/9,20154290334792.0,15170094413312.0,2102557320421.0,1511681934091.0,4.08781E+11,0.16,0.6,10.49,11.93,1.26
000016.SH,2020/10/12,20674634282302.0,15564691569754.0,2102562546863.0,1511687160533.0,4.08786E+11,0.26,0.97,10.76,12.24,1.29
000016.SH,2020/10/13,20632856544692.0,15537772424255.0,2102563291205.0,1511709379336.0,4.08811E+11,0.18,0.68,10.74,12.2,1.29
000016.SH,2020/10/14,20536942798748.0,15464129119813.0,2102563291205.0,1511709379336.0,4.08811E+11,0.17,0.63,10.69,12.15,1.29
000016.SH,2020/10/15,20591947225629.0,15501259697466.0,2102563291205.0,1511709379336.0,4.08811E+11,0.18,0.67,10.72,12.18,1.29
000016.SH,2020/10/16,20706521002271.0,15580166908638.0,2102559624775.0,1511709379336.0,4.08811E+11,0.23,0.85,10.78,12.25,1.3
000016.SH,2020/10/19,20636612074254.0,15518281064625.0,2102559624775.0,1511709379336.0,4.08811E+11,0.27,1.01,10.74,12.21,1.29
000016.SH,2020/10/20,20627750871890.0,15538008527712.0,2102559624775.0,1511709379336.0,4.08814E+11,0.17,0.65,10.74,12.2,1.29
000016.SH,2020/10/21,20778445980668.0,15652725299838.0,2102559624775.0,1511709379336.0,4.08814E+11,0.21,0.77,10.82,12.29,1.3
000016.SH,2020/10/22,20707810583019.0,15606403226017.0,2102559624775.0,1511739618536.0,4.08844E+11,0.18,0.67,10.78,12.25,1.3
000016.SH,2020/10/23,20588297691949.0,15501508631316.0,2102559624775.0,1511739618536.0,4.08844E+11,0.22,0.83,10.72,12.17,1.29
000016.SH,2020/10/26,20339439517307.0,15307731150246.0,2102559624775.0,1511739618536.0,4.08844E+11,0.23,0.85,10.59,12.01,1.27
000016.SH,2020/10/27,20320401582735.0,15285410206009.0,2102584591475.0,1511739618536.0,4.08848E+11,0.17,0.63,10.58,12,1.27
000016.SH,2020/10/28,20355956002496.0,15340558374045.0,2102584591475.0,1511739932106.0,4.09051E+11,0.19,0.69,10.6,12,1.27
000016.SH,2020/10/29,20329218992605.0,15343661833845.0,2102584591475.0,1511739932106.0,4.09051E+11,0.2,0.74,10.58,11.74,1.26
000016.SH,2020/10/30,20110772725842.0,15183301465822.0,2102584591475.0,1511739932106.0,4.09047E+11,0.24,0.87,10.47,11.37,1.24
000016.SH,2020/11/2,20035917221444.0,15196130327837.0,2102584591475.0,1520876354468.0,4.1599E+11,0.23,0.83,10.43,11.44,1.21
000016.SH,2020/11/3,20275588362024.0,15368294817223.0,2102584591790.0,1520797354783.0,4.16227E+11,0.22,0.82,10.55,11.58,1.23
000016.SH,2020/11/4,20323620788342.0,15414039215241.0,2102584591790.0,1520797354783.0,4.16291E+11,0.19,0.68,10.58,11.61,1.23
000016.SH,2020/11/5,20478016271801.0,15535597942521.0,2102584591790.0,1520797354783.0,4.16291E+11,0.21,0.75,10.66,11.69,1.24
000016.SH,2020/11/6,20437855556156.0,15490485709874.0,2104127145776.0,1522339908769.0,4.17834E+11,0.23,0.84,10.64,11.67,1.24
000016.SH,2020/11/9,20771861605440.0,15734179427192.0,2104127145776.0,1522339908769.0,4.17834E+11,0.29,1.05,10.81,11.86,1.26
000016.SH,2020/11/10,20784668452703.0,15722484296462.0,2104127871454.0,1522339908769.0,4.17834E+11,0.27,1,10.82,11.87,1.26
000016.SH,2020/11/11,20798798581051.0,15747380404372.0,2104127871454.0,1522339908769.0,4.17834E+11,0.27,0.97,10.83,11.88,1.26
000016.SH,2020/11/12,20677557577285.0,15660339813546.0,2104127871454.0,1522340099071.0,4.17834E+11,0.18,0.65,10.76,11.81,1.25
000016.SH,2020/11/13,20360902244563.0,15417278324118.0,2104127871454.0,1522340824749.0,4.17835E+11,0.23,0.83,10.6,11.63,1.23
000016.SH,2020/11/16,20578717139928.0,15571410438958.0,2104127871454.0,1522340824749.0,4.17835E+11,0.21,0.77,10.71,11.75,1.24
000016.SH,2020/11/17,20595165230637.0,15585038167714.0,2104127813004.0,1522340824749.0,4.17835E+11,0.22,0.79,10.72,11.76,1.25
000016.SH,2020/11/18,20684301052780.0,15629104847595.0,2104127813004.0,1522340824749.0,4.17835E+11,0.29,1.04,10.77,11.81,1.25
000016.SH,2020/11/19,20797955610800.0,15738014106366.0,2104127813004.0,1522340824749.0,4.17835E+11,0.21,0.78,10.83,11.88,1.26
000016.SH,2020/11/20,20761700681864.0,15724225965543.0,2104127813004.0,1522340824749.0,4.17835E+11,0.2,0.71,10.81,11.86,1.26
000016.SH,2020/11/23,21074186480811.0,15984160983473.0,2104127813004.0,1522340824749.0,4.17835E+11,0.32,1.18,10.97,12.03,1.27
000016.SH,2020/11/24,20931975449899.0,15876028982461.0,2104127813004.0,1522340824749.0,4.17835E+11,0.22,0.82,10.9,11.95,1.27
000016.SH,2020/11/25,20840399833160.0,15779189594312.0,2104127813004.0,1522340824749.0,4.17835E+11,0.27,0.97,10.85,11.9,1.26
000016.SH,2020/11/26,20966568285287.0,15870357013070.0,2104127813004.0,1522340824749.0,4.17851E+11,0.22,0.8,10.91,11.97,1.27
000016.SH,2020/11/27,21367756919428.0,16173246760984.0,2104127813004.0,1522344958263.0,4.17855E+11,0.35,1.29,11.12,12.2,1.29
000016.SH,2020/11/30,21193237042200.0,16024588090373.0,2104127813004.0,1522344958263.0,4.17855E+11,0.55,2.02,11.03,12.1,1.28
000016.SH,2020/12/1,21644157755252.0,16360284286281.0,2104127813004.0,1522344958263.0,4.17855E+11,0.34,1.26,11.27,12.36,1.31
000016.SH,2020/12/2,21558491639775.0,16308819429022.0,2104127813056.0,1522344958315.0,4.17855E+11,0.26,0.94,11.22,12.31,1.3
000016.SH,2020/12/3,21482790565470.0,16244462953953.0,2104127813056.0,1522344958315.0,4.17855E+11,0.24,0.86,11.18,12.27,1.3
000016.SH,2020/12/4,21421680548037.0,16223986483283.0,2104127813056.0,1522344958315.0,4.17869E+11,0.22,0.8,11.15,12.23,1.3
000016.SH,2020/12/7,21197265682768.0,16078708113035.0,2104127827948.0,1522344973207.0,4.17869E+11,0.23,0.85,11.03,12.1,1.28
000016.SH,2020/12/8,21115668509992.0,16055927272365.0,2104127827948.0,1523369037711.0,4.18893E+11,0.19,0.69,10.99,12.06,1.28
000016.SH,2020/12/9,20966705640991.0,15943909109638.0,2104127827948.0,1523369037711.0,4.18893E+11,0.2,0.73,10.91,11.97,1.27
000016.SH,2020/12/10,20885463811757.0,15920488328626.0,2104127827948.0,1530764375929.0,4.26288E+11,0.19,0.69,10.87,11.93,1.26
000016.SH,2020/12/11,20756115954536.0,15815726887291.0,2104127827948.0,1530764375929.0,4.26288E+11,0.25,0.91,10.8,11.85,1.26
000016.SH,2020/12/14,20077075969981.0,15841363338441.0,1616686088402.0,1239727155290.0,3.5692E+11,0.2,0.7,12.52,13.75,1.49
000016.SH,2020/12/15,20021054137116.0,15808306605526.0,1616660578885.0,1239727155290.0,3.56925E+11,0.21,0.73,12.49,13.72,1.48
000016.SH,2020/12/16,20096948726844.0,15878365049335.0,1616660578885.0,1239727155290.0,3.56925E+11,0.18,0.63,12.54,13.77,1.49
000016.SH,2020/12/17,20362934719585.0,16081635824136.0,1616659655877.0,1239727408750.0,3.56965E+11,0.22,0.76,12.7,13.95,1.51
000016.SH,2020/12/18,20204140358164.0,15955671067062.0,1616663678662.0,1239729139735.0,3.56967E+11,0.21,0.74,12.6,13.84,1.49
000016.SH,2020/12/21,20258459117528.0,16016299067785.0,1616663678662.0,1239812506468.0,3.56983E+11,0.22,0.75,12.64,13.88,1.5
000016.SH,2020/12/22,19920718994765.0,15787992883303.0,1616663678662.0,1239812506468.0,3.56983E+11,0.28,0.98,12.43,13.65,1.47
000016.SH,2020/12/23,20085441072407.0,15856365772643.0,1619111958476.0,1239812506468.0,3.56983E+11,0.22,0.76,12.53,13.76,1.49
000016.SH,2020/12/24,20051998917395.0,15838793328632.0,1619111958476.0,1239812506468.0,3.56983E+11,0.16,0.56,12.51,13.74,1.48
000016.SH,2020/12/25,20160893893587.0,15935187863899.0,1619111958476.0,1239812506468.0,3.56983E+11,0.17,0.59,12.58,13.81,1.49
000016.SH,2020/12/28,20195128022322.0,15984423294779.0,1619111958476.0,1239812506468.0,3.56983E+11,0.21,0.74,12.6,13.83,1.49
000016.SH,2020/12/29,20178546994709.0,15946761700032.0,1619111958476.0,1239812506468.0,3.56983E+11,0.21,0.73,12.59,13.82,1.49
000016.SH,2020/12/30,20399705717051.0,16139183311745.0,1619222268035.0,1239812506468.0,3.56983E+11,0.22,0.75,12.73,13.98,1.51
000016.SH,2020/12/31,20757059758472.0,16420911161495.0,1619222268035.0,1239812506468.0,3.57053E+11,0.3,1.02,12.95,14.22,1.53
000016.SH,2021/1/4,20735786153308.0,16416775915622.0,1619222268035.0,1239812506468.0,3.57089E+11,0.35,1.22,12.93,14.21,1.53
000016.SH,2021/1/5,20848897839375.0,16536784627445.0,1619222274853.0,1239812513286.0,3.57089E+11,0.38,1.32,13.01,14.28,1.54
000016.SH,2021/1/6,21162455841406.0,16782705842430.0,1619225531793.0,1239815770226.0,3.57097E+11,0.36,1.26,13.2,14.5,1.56
000016.SH,2021/1/7,21473556047513.0,17057331855203.0,1619225531793.0,1239815770226.0,3.57097E+11,0.35,1.2,13.4,14.71,1.59
000016.SH,2021/1/8,21415635427907.0,16992607532998.0,1619225531793.0,1239815770226.0,3.57097E+11,0.34,1.16,13.36,14.67,1.58
000016.SH,2021/1/11,21305268980923.0,16929541006714.0,1619225499571.0,1239815770226.0,3.57097E+11,0.38,1.33,13.29,14.6,1.57
000016.SH,2021/1/12,21951117323422.0,17438311144540.0,1619225499571.0,1239826296933.0,3.57103E+11,0.39,1.35,13.69,15.04,1.62
000016.SH,2021/1/13,21847346510636.0,17350240687219.0,1619225499571.0,1238914260933.0,3.56201E+11,0.45,1.55,13.63,14.97,1.61
000016.SH,2021/1/14,21645795415174.0,17176299212265.0,1619225499571.0,1238914260933.0,3.56201E+11,0.41,1.43,13.5,14.83,1.6
000016.SH,2021/1/15,21682477727258.0,17185353271626.0,1619225880151.0,1238914260933.0,3.56201E+11,0.45,1.56,13.53,14.76,1.58
000016.SH,2021/1/18,21763649630553.0,17245284837919.0,1619225880151.0,1239160312326.0,3.56201E+11,0.34,1.19,13.58,14.82,1.59
000016.SH,2021/1/19,21609359042276.0,17106509102153.0,1619225880151.0,1239163710466.0,3.56549E+11,0.35,1.2,13.48,14.71,1.58
000016.SH,2021/1/20,21572096633456.0,17098367787504.0,1619225880151.0,1239164091046.0,3.5655E+11,0.28,0.96,13.46,14.68,1.58
000016.SH,2021/1/21,21694101342650.0,17344006003591.0,1619225880151.0,1263484092913.0,3.77808E+11,0.29,0.97,13.53,14.77,1.58
000016.SH,2021/1/22,21549902669663.0,17252645116373.0,1619225880151.0,1263484092913.0,3.77808E+11,0.3,1.01,13.44,14.65,1.57
000016.SH,2021/1/25,21781029296342.0,17463293816392.0,1619225880151.0,1263484092913.0,3.77808E+11,0.3,0.99,13.59,14.79,1.59
000016.SH,2021/1/26,21402817787554.0,17159749775932.0,1619225880151.0,1263484092913.0,3.77808E+11,0.23,0.78,13.35,14.54,1.56
000016.SH,2021/1/27,21410680255962.0,17160550693112.0,1619225880151.0,1263473566206.0,3.77797E+11,0.23,0.76,13.36,14.54,1.56
000016.SH,2021/1/28,21048777494679.0,16872519603471.0,1619222137951.0,1263518147297.0,3.77842E+11,0.24,0.8,13.13,14.27,1.54
000016.SH,2021/1/29,20941343144290.0,16798458825100.0,1619226106561.0,1263518147297.0,3.77842E+11,0.26,0.87,13.06,14.19,1.53
000016.SH,2021/2/1,21071383167743.0,16908753048326.0,1619226106561.0,1263520583762.0,3.77844E+11,0.23,0.78,13.14,14.26,1.56
000016.SH,2021/2/2,21149575699037.0,17006532693281.0,1619385589425.0,1263520583867.0,3.77878E+11,0.23,0.76,13.19,14.31,1.56
000016.SH,2021/2/3,21119714007906.0,17017619506179.0,1619385589425.0,1263520583867.0,3.77878E+11,0.25,0.84,13.17,14.29,1.54
000016.SH,2021/2/4,21226155257125.0,17117257369983.0,1619387467022.0,1263520583867.0,3.77878E+11,0.26,0.88,13.29,14.17,1.54
000016.SH,2021/2/5,21399210317969.0,17289724571510.0,1619387467817.0,1263911131537.0,3.78268E+11,0.33,1.1,13.4,14.28,1.56
000016.SH,2021/2/8,21571690600990.0,17454246326962.0,1619387467817.0,1263911131537.0,3.78586E+11,0.26,0.88,13.51,14.4,1.57
000016.SH,2021/2/9,21887284613110.0,17726313843867.0,1619387566049.0,1263913009134.0,3.78588E+11,0.26,0.86,13.71,14.61,1.6
000016.SH,2021/2/10,22316185731058.0,18101489109402.0,1619387566049.0,1263913009134.0,3.78588E+11,0.31,1.03,13.98,14.9,1.63
000016.SH,2021/2/18,22316772939124.0,18042607910134.0,1619393117693.0,1264026500778.0,3.78702E+11,0.41,1.35,13.98,14.9,1.63
000016.SH,2021/2/19,22363085906467.0,18048677127146.0,1619395799449.0,1264026500778.0,3.78702E+11,0.34,1.13,14.01,14.93,1.63
000016.SH,2021/2/22,21881410437128.0,17612234564946.0,1619395799449.0,1264026500778.0,3.78702E+11,0.46,1.55,13.7,14.61,1.6
000016.SH,2021/2/23,21965353662615.0,17685853249229.0,1619395799449.0,1264026500778.0,3.78702E+11,0.34,1.15,13.76,14.66,1.6
000016.SH,2021/2/24,21471201010732.0,17246845704031.0,1619395897449.0,1264026500778.0,3.78702E+11,0.31,1.04,13.45,14.33,1.57
000016.SH,2021/2/25,21750854250215.0,17442119741608.0,1619398699481.0,1264026500778.0,3.78702E+11,0.37,1.23,13.62,14.52,1.59
000016.SH,2021/2/26,21232174486322.0,17030571250617.0,1619398699481.0,1264026500778.0,3.78702E+11,0.33,1.1,13.3,14.17,1.55
000016.SH,2021/3/1,21349953492351.0,17153606852305.0,1619400133680.0,1264026598778.0,3.78702E+11,0.27,0.89,13.37,14.26,1.56
000016.SH,2021/3/2,20996416354738.0,16845994547389.0,1619657182307.0,1264026598778.0,3.78702E+11,0.28,0.93,13.15,14.03,1.53
000016.SH,2021/3/3,21541836189889.0,17282317382588.0,1619657182307.0,1264026598778.0,3.78702E+11,0.29,0.97,13.49,14.39,1.57
000016.SH,2021/3/4,21096723820082.0,16893512337143.0,1619657182307.0,1264026598778.0,3.78706E+11,0.29,0.96,13.21,14.09,1.54
000016.SH,2021/3/5,21080265253418.0,16892911538900.0,1619657408242.0,1264026633621.0,3.78706E+11,0.29,0.95,13.2,14.08,1.54
000016.SH,2021/3/8,20606786292109.0,16465814415999.0,1619657408242.0,1264026633621.0,3.78706E+11,0.33,1.1,12.91,13.76,1.5
000016.SH,2021/3/9,20312421046062.0,16228635495061.0,1619636449073.0,1264026633621.0,3.78706E+11,0.34,1.12,12.72,13.55,1.48
000016.SH,2021/3/10,20324068541255.0,16261384788074.0,1619636468719.0,1264026633621.0,3.78706E+11,0.22,0.74,12.73,13.56,1.48
000016.SH,2021/3/11,20782168327909.0,16637672947167.0,1619636468719.0,1264026633621.0,3.78706E+11,0.25,0.82,13.01,13.87,1.51
000016.SH,2021/3/12,20798862233898.0,16648774387778.0,1619636468719.0,1264026633621.0,3.78706E+11,0.28,0.93,13.02,13.88,1.52
000016.SH,2021/3/15,20603967712194.0,16477816865520.0,1619636468719.0,1264026633621.0,3.78706E+11,0.3,0.99,12.9,13.75,1.5
000016.SH,2021/3/16,20773775352979.0,16609572238499.0,1619681575141.0,1264026633621.0,3.78749E+11,0.22,0.75,13.01,13.84,1.51
000016.SH,2021/3/17,20684070234269.0,16561374696588.0,1619681575141.0,1264026633621.0,3.78749E+11,0.21,0.69,12.95,13.78,1.51
000016.SH,2021/3/18,20731500469514.0,16620931118119.0,1619681791253.0,1264026633621.0,3.75558E+11,0.19,0.62,12.98,13.81,1.51
000016.SH,2021/3/19,20214771192689.0,16194257120439.0,1619681791253.0,1264026633621.0,3.75558E+11,0.27,0.92,12.63,13.47,1.47
000016.SH,2021/3/22,20373691547570.0,16325814673631.0,1619681791253.0,1264026633621.0,3.75558E+11,0.21,0.7,12.7,13.57,1.49
000016.SH,2021/3/23,20277960581317.0,16234852842528.0,1619681791253.0,1264026633621.0,3.78908E+11,0.2,0.67,12.64,13.51,1.49
000016.SH,2021/3/24,20060333374247.0,16061905525135.0,1619681791253.0,1264089323911.0,3.78971E+11,0.2,0.68,12.51,13.37,1.47
000016.SH,2021/3/25,20007640369192.0,16018283673795.0,1619681791253.0,1264089323911.0,3.78971E+11,0.18,0.61,12.48,13.32,1.46
000016.SH,2021/3/26,20299697622598.0,16262337703546.0,1619681791253.0,1264089323911.0,3.78971E+11,0.2,0.65,12.95,13.49,1.48
000016.SH,2021/3/29,20410164324652.0,16361206052926.0,1619681791253.0,1264089323911.0,3.78971E+11,0.22,0.74,13.31,13.37,1.47
000016.SH,2021/3/30,20591772078803.0,16517865092358.0,1619683522694.0,1264091055352.0,3.87781E+11,0.2,0.66,13.44,13.49,1.48
000016.SH,2021/3/31,20447113316093.0,16396836449896.0,1619684685709.0,1264092218367.0,3.77305E+11,0.24,0.79,13.32,13.26,1.46
000016.SH,2021/4/1,20627130686693.0,16556821275044.0,1619779311600.0,1264186844258.0,3.77402E+11,0.17,0.57,13.4,13.38,1.48
000016.SH,2021/4/2,20779863272360.0,16713562254128.0,1619797630284.0,1264186847829.0,3.69208E+11,0.19,0.63,13.5,13.48,1.49
000016.SH,2021/4/6,20656083734301.0,16602964062815.0,1619798227586.0,1264187445131.0,3.69208E+11,0.14,0.49,13.42,13.4,1.48
000016.SH,2021/4/7,20525463487217.0,16476879114948.0,1619798227586.0,1264187445131.0,3.724E+11,0.18,0.61,13.34,13.31,1.47
000016.SH,2021/4/8,20584184511149.0,16525024565274.0,1619798227586.0,1264141957131.0,3.72355E+11,0.15,0.52,13.38,13.35,1.48
000016.SH,2021/4/9,20313557764661.0,16306504371658.0,1619781323919.0,1264360336256.0,3.72573E+11,0.16,0.53,13.2,13.17,1.46
000016.SH,2021/4/12,20192000894651.0,16215592873355.0,1619781323919.0,1264360336256.0,3.72547E+11,0.2,0.67,13.12,13.05,1.45
000016.SH,2021/4/13,20109658603225.0,16133341541122.0,1619781323919.0,1264360336256.0,3.72547E+11,0.17,0.57,13.07,13,1.44
000016.SH,2021/4/14,20136024912590.0,16155702958759.0,1619781323919.0,1264360336256.0,3.72547E+11,0.15,0.52,13.09,13.04,1.44
000016.SH,2021/4/15,19961530524102.0,16017222397444.0,1619781323919.0,1264360336256.0,3.72547E+11,0.17,0.57,12.97,12.92,1.43
000016.SH,2021/4/16,20080005034903.0,16120422913158.0,1619781323919.0,1264360336256.0,3.72547E+11,0.15,0.5,13.03,13,1.44
000016.SH,2021/4/19,20372394535079.0,16360212252017.0,1619781323919.0,1264360336256.0,3.72547E+11,0.22,0.73,13.19,13.17,1.46
000016.SH,2021/4/20,20310846724317.0,16308289172386.0,1619781323919.0,1264360336256.0,3.72547E+11,0.17,0.57,13.13,13.13,1.45
000016.SH,2021/4/21,20298686789879.0,16301879424051.0,1619781441798.0,1264360336256.0,3.72547E+11,0.16,0.56,13.1,13.11,1.45
000016.SH,2021/4/22,20156808443589.0,16184670973079.0,1619781143476.0,1264360511256.0,3.72547E+11,0.18,0.61,12.99,12.97,1.44
000016.SH,2021/4/23,20301356558827.0,16322020015576.0,1619781143476.0,1264360511256.0,3.72547E+11,0.16,0.55,13.09,13.05,1.45
000016.SH,2021/4/26,20000567557176.0,16083499043533.0,1619781143476.0,1264360511256.0,3.69197E+11,0.2,0.7,12.89,12.81,1.43
000016.SH,2021/4/27,20042233073097.0,16126466405823.0,1619781143476.0,1264360511256.0,3.69197E+11,0.16,0.56,12.92,12.83,1.43
000016.SH,2021/4/28,20029180164191.0,16103114486949.0,1619781143476.0,1264360511256.0,3.69197E+11,0.18,0.61,12.92,12.81,1.43
000016.SH,2021/4/29,20243970287595.0,16268914628189.0,1619781143476.0,1264360511256.0,3.69197E+11,0.25,0.85,13.06,12.47,1.43
000016.SH,2021/4/30,20072086927933.0,16155834401809.0,1619781143476.0,1264360582093.0,3.71673E+11,0.27,0.92,13.01,11.87,1.39
000016.SH,2021/5/6,19915884923823.0,16029260224101.0,1619811243966.0,1264360582093.0,3.90551E+11,0.24,0.77,12.91,11.78,1.38
000016.SH,2021/5/7,19763806759524.0,15895733742640.0,1619811244548.0,1264360781762.0,3.90551E+11,0.24,0.77,12.81,11.69,1.37
000016.SH,2021/5/10,19789854037932.0,16008502580836.0,1619811244548.0,1264994566349.0,3.91026E+11,0.22,0.72,12.83,11.7,1.38
000016.SH,2021/5/11,19978204638688.0,16180318944541.0,1619811244548.0,1264994566349.0,3.91037E+11,0.2,0.64,12.95,11.81,1.39
000016.SH,2021/5/12,20068905986716.0,16264522310951.0,1619827223821.0,1264997912532.0,3.9104E+11,0.19,0.61,13.01,11.87,1.39
000016.SH,2021/5/13,19896641141540.0,16130144883006.0,1619827223821.0,1264997912532.0,3.91042E+11,0.17,0.56,12.89,11.76,1.38
000016.SH,2021/5/14,20370772169821.0,16488164653505.0,1619832107851.0,1264997912532.0,3.91042E+11,0.27,0.88,13.2,12.04,1.42
000016.SH,2021/5/17,20505677254156.0,16494630961947.0,1620804240813.0,1264997912532.0,3.91042E+11,0.24,0.77,13.29,12.12,1.43
000016.SH,2021/5/18,20545966393331.0,16656487474610.0,1620804240813.0,1265970045494.0,3.91295E+11,0.19,0.61,13.32,12.15,1.43
000016.SH,2021/5/19,20385722279475.0,16531167246965.0,1620804240813.0,1265970045494.0,3.91295E+11,0.19,0.61,13.21,12.05,1.42
000016.SH,2021/5/20,20425596781967.0,16554791298714.0,1620804240813.0,1265970045494.0,3.91295E+11,0.19,0.61,13.24,12.08,1.42
000016.SH,2021/5/21,20218321849200.0,16368775278534.0,1620993999405.0,1265970045494.0,6.92181E+11,0.16,0.3,13.1,11.95,1.41
000016.SH,2021/5/24,20288644159912.0,16454434304529.0,1620993999405.0,1266145781591.0,6.33007E+11,0.18,0.36,13.15,12,1.41
000016.SH,2021/5/25,21005401946966.0,17050091950280.0,1620993999405.0,1266145781591.0,6.33007E+11,0.35,0.7,13.61,12.42,1.46
000016.SH,2021/5/26,21088223246617.0,17117518909707.0,1620993999405.0,1266145781591.0,3.90124E+11,0.27,0.89,13.67,12.47,1.47
000016.SH,2021/5/27,21130799053707.0,17155838339416.0,1620993513692.0,1266173826929.0,3.90152E+11,0.24,0.77,13.69,12.49,1.47
000016.SH,2021/5/28,21103786501068.0,17134544175975.0,1620993513692.0,1266173826929.0,3.91462E+11,0.23,0.73,13.68,12.48,1.47
000016.SH,2021/5/31,21010072548599.0,17069305165665.0,1620992486620.0,1266173826929.0,3.91462E+11,0.21,0.67,13.62,12.42,1.46
000016.SH,2021/6/1,20994439101878.0,17068510902096.0,1620990059380.0,1266173826929.0,3.91462E+11,0.22,0.72,13.61,12.41,1.46
000016.SH,2021/6/2,20896398638703.0,16985181084544.0,1620990059380.0,1266173826929.0,3.91462E+11,0.22,0.71,13.54,12.35,1.45
000016.SH,2021/6/3,20765420626686.0,16898872585633.0,1620990059910.0,1268086034409.0,3.92989E+11,0.21,0.66,13.46,12.28,1.44
000016.SH,2021/6/4,20881071465943.0,16993244211003.0,1620990059910.0,1268086034409.0,3.92989E+11,0.23,0.73,13.53,12.35,1.45
000016.SH,2021/6/7,20860336244992.0,16974667118060.0,1620990172891.0,1268086147390.0,3.92989E+11,0.2,0.65,13.52,12.33,1.45
000016.SH,2021/6/8,20765017626033.0,16819347327994.0,1621480299610.0,1268195077390.0,3.93098E+11,0.21,0.66,13.46,12.28,1.44
000016.SH,2021/6/9,20819313493734.0,16931959694763.0,1621480358549.0,1268617748459.0,3.9346E+11,0.22,0.69,13.49,12.31,1.45
000016.SH,2021/6/10,20868242698371.0,16918323679182.0,1622546604815.0,1268617748459.0,3.9346E+11,0.23,0.73,13.52,12.34,1.45
000016.SH,2021/6/11,20741107142557.0,16894874703443.0,1622546604815.0,1269679001385.0,3.94106E+11,0.32,1.03,13.44,12.26,1.44
000016.SH,2021/6/15,21057138686531.0,17291374780291.0,1549967870004.0,1250839553389.0,3.80445E+11,0.3,0.99,13.89,12.66,1.51
000016.SH,2021/6/16,20904369630160.0,17161567323751.0,1549987406127.0,1250839553389.0,3.80445E+11,0.25,0.83,13.79,12.57,1.5
000016.SH,2021/6/17,20775744752313.0,17063894191141.0,1549987406127.0,1250839553389.0,3.80445E+11,0.24,0.77,13.71,12.49,1.47
000016.SH,2021/6/18,20628433629834.0,16921539004706.0,1549987406127.0,1250839553389.0,3.80445E+11,0.29,0.95,13.61,12.4,1.46
000016.SH,2021/6/21,20489645274257.0,16879895250477.0,1549983859614.0,1253226219738.0,3.82831E+11,0.24,0.8,13.52,12.32,1.45
000016.SH,2021/6/22,20700000025561.0,17059772061864.0,1549983859614.0,1253226219738.0,3.82831E+11,0.26,0.85,13.66,12.45,1.47
000016.SH,2021/6/23,20696957046917.0,16927012798049.0,1551532279965.0,1253226434446.0,3.82831E+11,0.24,0.77,13.65,12.45,1.47
000016.SH,2021/6/24,20781019861874.0,17126001137057.0,1551532728420.0,1254773406573.0,3.8405E+11,0.23,0.75,13.71,12.5,1.47
000016.SH,2021/6/25,21066132153044.0,17347071935949.0,1551532888454.0,1254773406573.0,3.8405E+11,0.29,0.94,13.9,12.67,1.49
000016.SH,2021/6/28,20937209393508.0,17269046410627.0,1551533001151.0,1254883828829.0,3.8416E+11,0.24,0.77,13.81,12.59,1.48
000016.SH,2021/6/29,20697083274795.0,17078145013453.0,1552304609704.0,1255655437382.0,3.84932E+11,0.23,0.75,13.65,12.45,1.47
000016.SH,2021/6/30,20771965278332.0,17136761644787.0,1552304888491.0,1255655674685.0,3.84932E+11,0.2,0.65,13.7,12.49,1.47
000016.SH,2021/7/1,20920852635410.0,17291818590085.0,1552289129934.0,1255663934724.0,3.84934E+11,0.24,0.77,13.8,12.58,1.49
000016.SH,2021/7/2,20288368207713.0,16763955144553.0,1552288851147.0,1255663857455.0,3.84934E+11,0.28,0.9,13.38,12.2,1.45
000016.SH,2021/7/5,20290458611631.0,16628943084548.0,1552638076885.0,1255664277569.0,3.84934E+11,0.25,0.8,13.39,12.2,1.45
000016.SH,2021/7/6,20268778394943.0,16711368381583.0,1552634959009.0,1256011520875.0,3.85045E+11,0.23,0.76,13.37,12.18,1.45
000016.SH,2021/7/7,20292492507495.0,16735464848820.0,1552636589323.0,1256011622004.0,3.85045E+11,0.21,0.7,13.39,12.19,1.46
000016.SH,2021/7/8,20000569084213.0,16497605439940.0,1552637203618.0,1256011622004.0,3.85045E+11,0.27,0.88,13.19,12.02,1.44
000016.SH,2021/7/9,19924179861598.0,16422466483988.0,1552637203618.0,1256011622004.0,3.85045E+11,0.25,0.82,13.14,11.97,1.43
000016.SH,2021/7/12,19942670650113.0,16444212468064.0,1552637203618.0,1256011622004.0,3.85045E+11,0.31,1,13.16,11.98,1.44
000016.SH,2021/7/13,20018206357141.0,16520130101863.0,1552637208039.0,1256012240720.0,3.85045E+11,0.25,0.82,13.21,12.03,1.47
000016.SH,2021/7/14,19731283015355.0,16296230969963.0,1552638740879.0,1256012374770.0,3.85045E+11,0.28,0.9,13.02,11.85,1.45
000016.SH,2021/7/15,20056529047778.0,16567164164820.0,1552638740879.0,1256012374770.0,3.85046E+11,0.25,0.83,13.23,12.05,1.47
000016.SH,2021/7/16,19867578834695.0,16365768822133.0,1553056210605.0,1256015138494.0,3.85467E+11,0.22,0.71,13.11,11.94,1.46
000016.SH,2021/7/19,19914843829619.0,16449567364018.0,1553056210605.0,1256432608220.0,3.85798E+11,0.24,0.77,13.14,11.96,1.46
000016.SH,2021/7/20,19853324171406.0,16416861774948.0,1553056601468.0,1256432619751.0,3.85798E+11,0.21,0.67,13.1,11.92,1.46
000016.SH,2021/7/21,19855939908248.0,16406888997646.0,1553056601468.0,1256432619751.0,3.85798E+11,0.27,0.87,13.1,11.92,1.46
000016.SH,2021/7/22,19926180625576.0,16441232592839.0,1553062228500.0,1256438246783.0,3.85803E+11,0.29,0.96,13.15,11.96,1.47
000016.SH,2021/7/23,19770454699017.0,16298853732426.0,1553062228500.0,1256438246783.0,3.85809E+11,0.29,0.96,13.04,11.87,1.45
000016.SH,2021/7/26,19086215355923.0,15734121786920.0,1553062228500.0,1256438246783.0,3.85809E+11,0.35,1.15,12.59,11.46,1.4
000016.SH,2021/7/27,18598025864292.0,15329428643458.0,1553062228500.0,1256438246783.0,3.85809E+11,0.4,1.29,12.27,11.16,1.37
000016.SH,2021/7/28,18690857338053.0,15442535631425.0,1553062228500.0,1256506628019.0,3.85877E+11,0.32,1.05,12.33,11.22,1.38
000016.SH,2021/7/29,18766477595516.0,15500500847355.0,1553062228500.0,1256506628019.0,3.85877E+11,0.28,0.92,12.38,11.25,1.38
000016.SH,2021/7/30,18521441927878.0,15267862493689.0,1553061781300.0,1256506628019.0,3.85882E+11,0.26,0.84,12.22,11.07,1.36
000016.SH,2021/8/2,18927957863457.0,15600612549639.0,1553061911695.0,1256506628019.0,3.85882E+11,0.36,1.18,12.49,11.28,1.39
000016.SH,2021/8/3,18962569192336.0,15633435756341.0,1553062661001.0,1256506628228.0,3.85882E+11,0.31,1.01,12.51,11.3,1.39
000016.SH,2021/8/4,18961840504804.0,15644025838933.0,1553062661001.0,1256506628228.0,3.85882E+11,0.27,0.87,12.51,11.3,1.39
000016.SH,2021/8/5,18903577643105.0,15604613082055.0,1553062662690.0,1256506629917.0,3.85881E+11,0.25,0.83,12.47,11.27,1.39
000016.SH,2021/8/6,18759800999824.0,15478836795174.0,1553062721653.0,1256506688880.0,3.85882E+11,0.24,0.78,12.38,11.18,1.38
000016.SH,2021/8/9,18992942477462.0,15664237786606.0,1553062721653.0,1256506688880.0,3.85882E+11,0.31,1,12.53,11.32,1.4
000016.SH,2021/8/10,19275533681847.0,15915044264806.0,1553062721653.0,1256506688880.0,3.85882E+11,0.26,0.84,12.72,11.49,1.42
000016.SH,2021/8/11,19200747329906.0,15841109723305.0,1553062662690.0,1256506688880.0,3.85882E+11,0.32,1.04,12.67,11.44,1.41
000016.SH,2021/8/12,19006939268354.0,15675376976481.0,1553062662690.0,1256506688880.0,3.85882E+11,0.26,0.84,12.54,11.33,1.4
000016.SH,2021/8/13,18962719239029.0,15633051389983.0,1553062662690.0,1256506688880.0,3.85882E+11,0.22,0.73,12.51,11.3,1.4
000016.SH,2021/8/16,19024045140647.0,15672661958958.0,1553062662690.0,1256506688880.0,3.85882E+11,0.26,0.84,12.55,11.29,1.4
000016.SH,2021/8/17,18670761928332.0,15359736296914.0,1553062781231.0,1256506688880.0,3.85882E+11,0.32,1.03,12.32,11.08,1.37
000016.SH,2021/8/18,18956790870171.0,15543714419048.0,1553062781231.0,1256506688880.0,3.85433E+11,0.36,1.18,12.51,11.24,1.39
000016.SH,2021/8/19,18661289748435.0,15334998298340.0,1553062781231.0,1256506688880.0,3.85433E+11,0.36,1.17,12.31,11.07,1.37
000016.SH,2021/8/20,18349608263249.0,15049369665034.0,1553062781231.0,1256506688880.0,3.85433E+11,0.31,1,12.11,10.88,1.35
000016.SH,2021/8/23,18463683504371.0,15150521451771.0,1553062781231.0,1256506688880.0,3.82243E+11,0.25,0.83,12.18,10.95,1.36
000016.SH,2021/8/24,18696591737587.0,15365607106646.0,1553062781231.0,1256506688880.0,3.85433E+11,0.3,0.99,12.33,11.08,1.37
000016.SH,2021/8/25,18752462100179.0,15435539458327.0,1553062781231.0,1256506688880.0,3.85433E+11,0.27,0.87,12.37,11.12,1.38
000016.SH,2021/8/26,18424623260277.0,15153945293820.0,1553062781231.0,1256506688880.0,3.85433E+11,0.25,0.82,12.16,10.93,1.35
000016.SH,2021/8/27,18583484883347.0,15307404117674.0,1553062990485.0,1261736142464.0,3.88323E+11,0.26,0.84,12.26,10.82,1.35
000016.SH,2021/8/30,18521350901097.0,15266684432177.0,1553062990485.0,1261736142464.0,3.88323E+11,0.36,1.16,12.22,10.51,1.33
000016.SH,2021/8/31,18536563091276.0,15241030540688.0,1553062299486.0,1261736142464.0,3.81885E+11,0.41,1.35,12.23,10.41,1.32
000016.SH,2021/9/1,18932687316680.0,15550466796204.0,1553062312599.0,1261736155577.0,3.58605E+11,0.58,2.04,12.49,10.64,1.35
000016.SH,2021/9/2,18949145834308.0,15560860764397.0,1553062396209.0,1261736156209.0,3.58605E+11,0.41,1.44,12.5,10.64,1.35
000016.SH,2021/9/3,19046189897142.0,15638769620630.0,1553062396209.0,1261736156209.0,3.58605E+11,0.42,1.47,12.57,10.7,1.36
000016.SH,2021/9/6,19226786413179.0,15785298575353.0,1553062396771.0,1261736156771.0,3.58605E+11,0.36,1.28,12.68,10.8,1.37
000016.SH,2021/9/7,19449191768477.0,15965094281557.0,1553062396771.0,1261736156771.0,3.58605E+11,0.37,1.29,12.83,10.93,1.39
000016.SH,2021/9/8,19329426699499.0,15857615607364.0,1553062456041.0,1261736156771.0,3.58605E+11,0.33,1.17,12.75,10.86,1.38
000016.SH,2021/9/9,19345038471163.0,15881790428511.0,1553062456041.0,1261736156771.0,3.58605E+11,0.41,1.46,12.76,10.87,1.38
000016.SH,2021/9/10,19536785674953.0,16048654004814.0,1553063872983.0,1261736156771.0,3.58605E+11,0.49,1.71,12.89,10.97,1.39
000016.SH,2021/9/13,19597615021012.0,16075761061154.0,1553063893435.0,1261736177223.0,3.58605E+11,0.41,1.44,12.93,11.01,1.4
000016.SH,2021/9/14,19301393531310.0,15859365427663.0,1553063893435.0,1261736177223.0,3.58605E+11,0.45,1.59,12.73,10.84,1.38
000016.SH,2021/9/15,19136949611704.0,15720057433159.0,1553063893435.0,1261736177223.0,3.58605E+11,0.34,1.19,12.63,10.75,1.36
000016.SH,2021/9/16,19053933991634.0,15661439826809.0,1553043489808.0,1261736233671.0,3.58605E+11,0.36,1.27,12.57,10.7,1.36
000016.SH,2021/9/17,19143763967294.0,15749075909044.0,1553043489808.0,1261736908432.0,3.58606E+11,0.32,1.12,12.63,10.75,1.37
000016.SH,2021/9/22,19016305494807.0,15643112535033.0,1553043433360.0,1261736851984.0,3.58606E+11,0.32,1.13,12.55,10.68,1.36
000016.SH,2021/9/23,19036710881100.0,15658038415336.0,1553043463229.0,1261736881853.0,3.58606E+11,0.3,1.05,12.56,10.69,1.36
000016.SH,2021/9/24,19055820802686.0,15715523536000.0,1553043463229.0,1261726757653.0,3.58596E+11,0.28,0.99,12.57,10.7,1.36
000016.SH,2021/9/27,19353810121347.0,16024530223713.0,1553043413840.0,1261949404443.0,3.58818E+11,0.34,1.18,12.77,10.87,1.38
000016.SH,2021/9/28,19508046452144.0,16127846963229.0,1553043413840.0,1261949404443.0,3.58823E+11,0.3,1.06,12.87,10.96,1.4
000016.SH,2021/9/29,19365999006119.0,16004699593868.0,1553043615359.0,1261949404443.0,3.58823E+11,0.32,1.14,12.78,10.88,1.39
000016.SH,2021/9/30,19313016471346.0,15981677155345.0,1553043615359.0,1261939404453.0,3.58813E+11,0.24,0.83,12.74,10.85,1.38
000016.SH,2021/10/8,19675036379247.0,16265919946256.0,1553046748837.0,1261940492722.0,3.58814E+11,0.31,1.08,12.98,11.05,1.41
000016.SH,2021/10/11,19792790322857.0,16361256167533.0,1553050199571.0,1261952903240.0,3.58827E+11,0.3,1.07,13.06,11.12,1.42
000016.SH,2021/10/12,19674758465163.0,16288274129676.0,1553050321146.0,1261953024815.0,3.58827E+11,0.28,0.97,12.98,11.05,1.41
000016.SH,2021/10/13,19715392558837.0,16354422958843.0,1553050321146.0,1261953024815.0,3.58827E+11,0.23,0.8,13.01,11.07,1.41
000016.SH,2021/10/14,19602049658190.0,16251644844972.0,1553050321146.0,1261953024815.0,3.58827E+11,0.19,0.67,12.93,11.01,1.4
000016.SH,2021/10/15,19776827854807.0,16408543226043.0,1553050321146.0,1261953024815.0,3.58827E+11,0.26,0.91,13.05,11.11,1.41
000016.SH,2021/10/18,19489904024097.0,16141362901749.0,1553050321146.0,1261953024815.0,3.58827E+11,0.26,0.9,12.86,10.93,1.39
000016.SH,2021/10/19,19635515780704.0,16247716713413.0,1553050321146.0,1261953024815.0,3.58827E+11,0.23,0.81,12.95,10.99,1.4
000016.SH,2021/10/20,19565419555550.0,16206133723226.0,1553050380416.0,1261941540095.0,3.58824E+11,0.22,0.77,12.91,10.95,1.4
000016.SH,2021/10/21,19748673479932.0,16333927341183.0,1553050380416.0,1261941540095.0,3.58824E+11,0.25,0.87,13.03,11.06,1.41
000016.SH,2021/10/22,19860868931330.0,16449550820554.0,1553050380416.0,1261971589295.0,3.58854E+11,0.25,0.87,13.1,11.12,1.42
000016.SH,2021/10/25,19867878666965.0,16456368767523.0,1553050380416.0,1261983074015.0,3.54978E+11,0.22,0.8,13.11,11.07,1.42
000016.SH,2021/10/26,19723074631882.0,16339531993629.0,1553050380416.0,1261983074015.0,3.54978E+11,0.21,0.73,13.01,10.98,1.4
000016.SH,2021/10/27,19472530252489.0,16143819190103.0,1553050380416.0,1261983074015.0,3.54978E+11,0.22,0.79,12.85,10.84,1.39
000016.SH,2021/10/28,19329069128518.0,16028450123928.0,1553050380416.0,1261983074015.0,3.54978E+11,0.24,0.84,12.75,10.82,1.38
000016.SH,2021/10/29,19366701723063.0,16081614597019.0,1553050380416.0,1261983074015.0,3.50197E+11,0.28,0.99,12.78,11.08,1.36
000016.SH,2021/11/1,19284535546378.0,15985386601938.0,1553050380416.0,1261983990735.0,3.53087E+11,0.26,0.95,12.72,11,1.34
000016.SH,2021/11/2,19043802575173.0,15799099859842.0,1553051995055.0,1262194099716.0,3.53297E+11,0.31,1.12,12.56,10.86,1.33
000016.SH,2021/11/3,18917808855326.0,15680610490904.0,1553052101741.0,1262194099716.0,3.53297E+11,0.22,0.77,12.48,10.79,1.32
000016.SH,2021/11/4,19013397223508.0,15780745626264.0,1553052101741.0,1262194099716.0,3.53297E+11,0.21,0.75,12.54,10.84,1.32
000016.SH,2021/11/5,18953852313371.0,15739964136068.0,1553052101741.0,1262194099716.0,3.53297E+11,0.21,0.75,12.5,10.81,1.32
000016.SH,2021/11/8,18947541080323.0,15720349275963.0,1553052101741.0,1262194099716.0,3.53297E+11,0.2,0.73,12.5,10.81,1.32
000016.SH,2021/11/9,18873563937966.0,15662165176777.0,1553052101741.0,1262194099716.0,3.53E+11,0.19,0.67,12.45,10.76,1.31
000016.SH,2021/11/10,18763702264192.0,15569237922184.0,1553053546904.0,1262195544879.0,3.55081E+11,0.24,0.87,12.38,10.7,1.31
000016.SH,2021/11/11,19084193785340.0,15817195745245.0,1553053546904.0,1262195544879.0,3.55081E+11,0.3,1.07,12.59,10.88,1.33
000016.SH,2021/11/12,19019818631117.0,15766189693692.0,1553053546904.0,1262273650876.0,3.55081E+11,0.2,0.73,12.55,10.85,1.32
000016.SH,2021/11/15,19044286804157.0,15790734779854.0,1553053546904.0,1262273650876.0,3.55081E+11,0.18,0.63,12.56,10.86,1.33
000016.SH,2021/11/16,19044841948756.0,15807526472512.0,1553053546904.0,1262273650876.0,3.55072E+11,0.19,0.68,12.56,10.86,1.33
000016.SH,2021/11/17,18991686672489.0,15761305332011.0,1553053546904.0,1262273650876.0,3.55072E+11,0.16,0.56,12.53,10.83,1.32
000016.SH,2021/11/18,18823873937374.0,15619783507151.0,1553053546904.0,1262273650876.0,3.55072E+11,0.16,0.56,12.42,10.73,1.31
000016.SH,2021/11/19,19058002604258.0,15809497877722.0,1553053573955.0,1262273677927.0,3.55072E+11,0.2,0.72,12.57,10.87,1.33
000016.SH,2021/11/22,19040261780899.0,15799691425846.0,1553053573955.0,1262273677927.0,3.55072E+11,0.21,0.74,12.56,10.86,1.33
000016.SH,2021/11/23,19096433376028.0,15856848615397.0,1553053573955.0,1262273677927.0,3.55072E+11,0.21,0.75,12.6,10.89,1.33
000016.SH,2021/11/24,19178317577828.0,15926931356803.0,1553053579526.0,1262273683498.0,3.55107E+11,0.18,0.65,12.65,10.94,1.34
000016.SH,2021/11/25,19086551605165.0,15854118844800.0,1553053579526.0,1262273683498.0,3.55107E+11,0.17,0.59,12.59,10.88,1.33
000016.SH,2021/11/26,18896775934161.0,15704500932910.0,1553053597925.0,1262273701897.0,3.55107E+11,0.18,0.65,12.47,10.78,1.32
000016.SH,2021/11/29,18865677050954.0,15694402975130.0,1553053597925.0,1262273701897.0,3.55107E+11,0.22,0.77,12.45,10.76,1.31
000016.SH,2021/11/30,18780928628186.0,15606358189927.0,1553053597925.0,1262273701897.0,3.55107E+11,0.19,0.66,12.39,10.71,1.31
000016.SH,2021/12/1,18916297770269.0,15707441928080.0,1553053624303.0,1262273728275.0,3.55107E+11,0.2,0.7,12.48,10.79,1.32
000016.SH,2021/12/2,18984554874727.0,15763886434948.0,1553053730290.0,1262273834262.0,3.55107E+11,0.22,0.77,12.52,10.83,1.32
000016.SH,2021/12/3,19153971993383.0,15910383312059.0,1553053731133.0,1262273835105.0,3.55107E+11,0.22,0.77,12.64,10.92,1.33
000016.SH,2021/12/6,19178230110625.0,15921391908858.0,1553053731133.0,1262273835105.0,3.55107E+11,0.28,1,12.65,10.94,1.34
000016.SH,2021/12/7,19320372375915.0,16035553022337.0,1553053731133.0,1262273835105.0,3.55107E+11,0.3,1.06,12.75,11.02,1.35
000016.SH,2021/12/8,19548226975330.0,16435932918420.0,1553052265453.0,1278975540800.0,3.55428E+11,0.26,0.92,12.9,11.15,1.36
000016.SH,2021/12/9,19858826562843.0,16699743092501.0,1553052265453.0,1278975540800.0,3.55428E+11,0.33,1.2,13.1,11.32,1.38
000016.SH,2021/12/10,19794594688217.0,16650305808321.0,1553054775453.0,1278975540800.0,3.55428E+11,0.31,1.11,13.06,11.29,1.38
000016.SH,2021/12/13,21119860270396.0,17485272404749.0,1582291128895.0,1239542872390.0,3.27239E+11,0.32,1.21,14.03,11.67,1.49
000016.SH,2021/12/14,20990643258219.0,17399118579425.0,1582291128895.0,1239542872390.0,3.27241E+11,0.25,0.96,13.94,11.6,1.48
000016.SH,2021/12/15,20837293172495.0,17262638591113.0,1582291128895.0,1239542872390.0,3.27241E+11,0.2,0.76,13.84,11.51,1.47
000016.SH,2021/12/16,20947927337699.0,17345279181430.0,1582291128895.0,1239542872390.0,3.27241E+11,0.2,0.77,13.91,11.57,1.47
000016.SH,2021/12/17,20674991798886.0,17104005938417.0,1582291892674.0,1239543576899.0,3.27242E+11,0.21,0.8,13.73,11.42,1.45
000016.SH,2021/12/20,20559931916945.0,17011695855443.0,1582289818019.0,1239543576899.0,3.27052E+11,0.22,0.85,13.66,11.36,1.45
000016.SH,2021/12/21,20669230926296.0,17091944011318.0,1582289818019.0,1239543576899.0,3.27052E+11,0.2,0.75,13.73,11.42,1.45
000016.SH,2021/12/22,20590586166841.0,17035529346935.0,1582289818019.0,1239543576899.0,3.27052E+11,0.18,0.68,13.68,11.37,1.45
000016.SH,2021/12/23,20767697767773.0,17200504258905.0,1582289818019.0,1239543866794.0,3.27052E+11,0.17,0.65,13.79,11.47,1.46
000016.SH,2021/12/24,20745758052074.0,17213805367828.0,1582290076319.0,1239543866794.0,3.27052E+11,0.18,0.67,13.78,11.46,1.46
000016.SH,2021/12/27,20706620738480.0,17173631454657.0,1582290076319.0,1239543866794.0,3.27052E+11,0.16,0.6,13.75,11.44,1.46
000016.SH,2021/12/28,20815978442951.0,17259248945171.0,1582290076319.0,1239543866794.0,3.27052E+11,0.21,0.8,13.83,11.5,1.46
000016.SH,2021/12/29,20481075094377.0,16954739433177.0,1582290076319.0,1239543866794.0,3.25671E+11,0.16,0.62,13.6,11.31,1.44
000016.SH,2021/12/30,20562019256456.0,17033183946978.0,1582290076319.0,1239543866794.0,3.25671E+11,0.18,0.68,13.66,11.36,1.45
000016.SH,2021/12/31,20610553489694.0,17077780199761.0,1582290076319.0,1239543866794.0,3.25671E+11,0.17,0.63,13.69,11.39,1.45
000016.SH,2022/1/4,20608360699666.0,17064031591783.0,1582291260386.0,1239543866794.0,3.25671E+11,0.24,0.92,13.69,11.38,1.45
000016.SH,2022/1/5,20580905411540.0,17036869070653.0,1582292979389.0,1239545585797.0,3.25671E+11,0.3,1.14,13.67,11.37,1.45
000016.SH,2022/1/6,20348583435560.0,16838169961798.0,1582293381676.0,1239545988084.0,3.25674E+11,0.26,0.97,13.52,11.24,1.43
000016.SH,2022/1/7,20490628418393.0,16939051609085.0,1582293381676.0,1239545988084.0,3.25674E+11,0.33,1.25,13.61,11.32,1.44
000016.SH,2022/1/10,20554726920545.0,16995693638383.0,1582293381676.0,1239545988084.0,3.25656E+11,0.27,1.03,13.65,11.37,1.45
000016.SH,2022/1/11,20424242760654.0,16882039894861.0,1582293381676.0,1239545988084.0,3.25656E+11,0.25,0.94,13.57,11.27,1.43
000016.SH,2022/1/12,20544586098032.0,16989075049282.0,1582293408504.0,1239546014912.0,3.25656E+11,0.26,1,13.65,11.34,1.44
000016.SH,2022/1/13,20325082061873.0,16787493847942.0,1582293408504.0,1239546014912.0,3.25656E+11,0.28,1.07,13.5,11.2,1.43
000016.SH,2022/1/14,20000777752306.0,16525242334554.0,1582293191121.0,1239546014912.0,3.25656E+11,0.28,1.06,13.29,11.02,1.4
000016.SH,2022/1/17,20015702401374.0,16543394512665.0,1582292394619.0,1239546018410.0,3.25894E+11,0.22,0.83,13.3,10.99,1.4
000016.SH,2022/1/18,20290331914614.0,16777581964510.0,1582292394619.0,1239546018410.0,3.25894E+11,0.28,1.08,13.48,11.14,1.42
000016.SH,2022/1/19,20292167477374.0,16785066489316.0,1582292465743.0,1239740031362.0,3.26088E+11,0.25,0.95,13.48,11.14,1.42
000016.SH,2022/1/20,20549246994401.0,16993573272027.0,1582292570015.0,1239740135634.0,3.26088E+11,0.32,1.23,13.65,11.28,1.44
000016.SH,2022/1/21,20426367771307.0,16897618596521.0,1582292746124.0,1239740135634.0,3.26088E+11,0.26,0.99,13.57,11.22,1.43
000016.SH,2022/1/24,20371440997253.0,16870959757316.0,1582334159724.0,1241068251300.0,3.26088E+11,0.23,0.87,13.53,11.2,1.42
000016.SH,2022/1/25,19982262723095.0,16556248523830.0,1582334159832.0,1241068251408.0,3.26088E+11,0.24,0.93,13.27,10.98,1.4
000016.SH,2022/1/26,20116668294059.0,16663401983419.0,1582675908987.0,1241068427517.0,3.2609E+11,0.19,0.74,13.36,11.06,1.41
000016.SH,2022/1/27,19879836887197.0,16449661178363.0,1584226152632.0,1241068427517.0,3.27642E+11,0.25,0.95,13.2,10.92,1.39
000016.SH,2022/1/28,19512390896575.0,16120879523540.0,1584391987846.0,1241068427517.0,3.26883E+11,0.27,1.03,12.96,10.72,1.36
000016.SH,2022/2/7,19942276273144.0,16465583502516.0,1584395217124.0,1241459130642.0,3.34982E+11,0.29,1.09,13.25,10.96,1.39
000016.SH,2022/2/8,20069257504109.0,16545588444507.0,1584395217124.0,1241459130642.0,3.30471E+11,0.33,1.22,13.33,11.02,1.4
000016.SH,2022/2/9,20179401432370.0,16640974273280.0,1584395354438.0,1241459267956.0,3.30471E+11,0.32,1.18,13.4,11.09,1.41
000016.SH,2022/2/10,20260522638141.0,16704129879389.0,1584395322912.0,1241459309112.0,3.29219E+11,0.29,1.11,13.46,11.13,1.41
000016.SH,2022/2/11,20369840548751.0,16775862175021.0,1584395322912.0,1241459309112.0,3.29219E+11,0.35,1.32,13.53,11.19,1.42
000016.SH,2022/2/14,20117995053683.0,16594676274949.0,1584395322912.0,1241459309112.0,3.29219E+11,0.31,1.18,13.36,11.04,1.4
000016.SH,2022/2/15,20110391016562.0,16643830508254.0,1584395322912.0,1243011330757.0,3.30349E+11,0.24,0.89,13.36,11.04,1.4
000016.SH,2022/2/16,20203724947177.0,16716855971384.0,1584395322912.0,1243011330757.0,3.30349E+11,0.2,0.75,13.42,11.08,1.41
000016.SH,2022/2/17,20204407712612.0,16724726446790.0,1584378313272.0,1243011330757.0,3.30349E+11,0.2,0.77,13.42,11.08,1.41
000016.SH,2022/2/18,20332351405350.0,16828820844362.0,1584378313272.0,1243011330757.0,3.30349E+11,0.19,0.72,13.51,11.15,1.42
000016.SH,2022/2/21,20235100790129.0,16746118473076.0,1584378313272.0,1243997558844.0,3.31335E+11,0.21,0.8,13.44,11.1,1.41
000016.SH,2022/2/22,20025354709288.0,16573493260430.0,1584378313272.0,1243997558844.0,3.31335E+11,0.25,0.95,13.3,10.98,1.4
000016.SH,2022/2/23,20053624840738.0,16601521395822.0,1584378316022.0,1243997561594.0,3.31335E+11,0.24,0.9,13.32,11,1.4
000016.SH,2022/2/24,19741883228895.0,16349178684972.0,1584378424307.0,1243997669879.0,3.31336E+11,0.38,1.42,13.11,10.83,1.38
000016.SH,2022/2/25,19756497081656.0,16371873159790.0,1584378424307.0,1243997669879.0,3.31336E+11,0.29,1.08,13.12,10.84,1.38
000016.SH,2022/2/28,19788880843378.0,16405483201383.0,1584378424307.0,1243997669879.0,3.31336E+11,0.25,0.93,13.14,10.85,1.38
000016.SH,2022/3/1,20033601712150.0,16626730760353.0,1584381330657.0,1243997711691.0,3.31336E+11,0.22,0.83,13.31,10.99,1.4
000016.SH,2022/3/2,19968027352148.0,16574851190735.0,1584381330657.0,1243997711691.0,3.31336E+11,0.22,0.84,13.26,10.95,1.39
000016.SH,2022/3/3,19952140959990.0,16549032561369.0,1584381360727.0,1243997741761.0,3.31336E+11,0.3,1.12,13.25,10.94,1.39
000016.SH,2022/3/4,19751180507709.0,16385087947545.0,1584381361987.0,1243997743021.0,3.31339E+11,0.25,0.93,13.12,10.83,1.38
000016.SH,2022/3/7,19278449372947.0,15992615925834.0,1584381361987.0,1243997743021.0,3.31339E+11,0.34,1.29,12.81,10.57,1.34
000016.SH,2022/3/8,18986067628535.0,15776395364111.0,1584381361987.0,1243997743021.0,3.31332E+11,0.33,1.24,12.61,10.41,1.32
000016.SH,2022/3/9,18773374156185.0,15620246202554.0,1584381361987.0,1243997743021.0,3.31325E+11,0.38,1.43,12.47,10.29,1.31
000016.SH,2022/3/10,18868312432729.0,15707855781403.0,1584378119819.0,1243997997193.0,3.31326E+11,0.28,1.03,12.53,10.35,1.32
000016.SH,2022/3/11,18907642164936.0,15738682308929.0,1584377787095.0,1244396497193.0,3.31326E+11,0.29,1.1,12.56,10.28,1.32
000016.SH,2022/3/14,18449341825450.0,15338378696502.0,1584377787095.0,1244396497193.0,3.2813E+11,0.26,0.99,12.25,10.03,1.29
000016.SH,2022/3/15,17561075738797.0,14583092111917.0,1584377787095.0,1244396497193.0,3.3132E+11,0.42,1.57,11.55,9.54,1.22
000016.SH,2022/3/16,18210427625575.0,15128942029582.0,1584377787095.0,1244396497193.0,3.3132E+11,0.39,1.45,11.97,9.9,1.27
000016.SH,2022/3/17,18464046820977.0,15345693794791.0,1584377787095.0,1244396497193.0,3.3132E+11,0.35,1.3,12.14,10.03,1.29
000016.SH,2022/3/18,18695514404457.0,15522173144502.0,1584377787095.0,1244396497193.0,3.314E+11,0.33,1.25,12.59,10.27,1.3
000016.SH,2022/3/21,18562225140396.0,15416897208598.0,1584377789321.0,1244396499419.0,3.31402E+11,0.25,0.92,12.24,10.2,1.29
000016.SH,2022/3/22,18678407630453.0,15508751552118.0,1584377789321.0,1244396499419.0,3.31282E+11,0.25,0.93,12.32,10.27,1.3
000016.SH,2022/3/23,18738041776726.0,15707491940568.0,1584377822891.0,1246112699086.0,3.31352E+11,0.24,0.91,12.33,10.3,1.31
000016.SH,2022/3/24,18689887778276.0,15653764777432.0,1584377822891.0,1246112699086.0,3.31019E+11,0.22,0.84,12.28,10.27,1.3
000016.SH,2022/3/25,18470052903139.0,15463375697330.0,1584377822891.0,1246112699086.0,3.30999E+11,0.21,0.81,12,10.16,1.29
000016.SH,2022/3/28,18543600803317.0,15514773433624.0,1584377822891.0,1246112699086.0,3.30963E+11,0.26,0.97,11.67,10.17,1.29
000016.SH,2022/3/29,18527366195628.0,15503061960852.0,1584377822891.0,1246112699086.0,3.30963E+11,0.19,0.71,11.62,10.15,1.29
000016.SH,2022/3/30,18885334083738.0,15813898663470.0,1584377823179.0,1246112699374.0,3.30963E+11,0.27,1.03,11.82,10.34,1.31
000016.SH,2022/3/31,18851599121657.0,15779667111898.0,1584377823205.0,1246112699400.0,3.29705E+11,0.27,1.01,10.74,10.23,1.29
000016.SH,2022/4/1,19099915279231.0,15998411872323.0,1584377823205.0,1246112699400.0,3.29705E+11,0.27,1.03,10.44,10.32,1.31
000016.SH,2022/4/6,19085544171781.0,15973974155260.0,1584380043978.0,1246114651067.0,3.29707E+11,0.35,1.32,10.43,10.31,1.31
000016.SH,2022/4/7,18915246127261.0,15869723825111.0,1584380072978.0,1247273620267.0,3.29939E+11,0.26,0.99,10.34,10.22,1.29
000016.SH,2022/4/8,19055568476673.0,15986410082054.0,1584380073018.0,1247273620307.0,3.29939E+11,0.29,1.1,10.42,10.3,1.3
000016.SH,2022/4/11,18624848159510.0,15618921072326.0,1584380073018.0,1247480388032.0,3.30145E+11,0.29,1.09,10.18,10.06,1.27
000016.SH,2022/4/12,18883911682152.0,15842111635887.0,1584380073018.0,1247480388032.0,3.30145E+11,0.27,1.03,10.32,10.18,1.29
000016.SH,2022/4/13,18855331961824.0,15817051203727.0,1584378560687.0,1247480388084.0,3.30145E+11,0.25,0.94,10.31,10.17,1.29
000016.SH,2022/4/14,19100971852070.0,16040278328498.0,1584371251687.0,1247480388084.0,3.30145E+11,0.23,0.87,10.44,10.3,1.31
000016.SH,2022/4/15,19066578518265.0,16014270267949.0,1584371053317.0,1247480388084.0,3.30145E+11,0.24,0.9,10.42,10.28,1.3
000016.SH,2022/4/18,18763672062501.0,15775278391516.0,1584371053317.0,1247480388084.0,3.30145E+11,0.23,0.88,10.22,10.12,1.28
000016.SH,2022/4/19,18694347339077.0,15719023901392.0,1584371053317.0,1247480388084.0,3.31494E+11,0.23,0.86,10.18,10.08,1.27
000016.SH,2022/4/20,18520986475835.0,15580135687702.0,1584371053317.0,1247480388084.0,3.31494E+11,0.23,0.88,10.08,9.99,1.26
000016.SH,2022/4/21,18316170543433.0,15395901048966.0,1584371053317.0,1247480388084.0,3.31466E+11,0.26,0.99,9.97,9.87,1.25
000016.SH,2022/4/22,18472101080077.0,15514437785350.0,1584371054315.0,1247480389082.0,3.31466E+11,0.25,0.93,10.06,9.95,1.26
000016.SH,2022/4/25,17722137185622.0,14872004837600.0,1584371054315.0,1247480389082.0,3.31711E+11,0.36,1.34,9.66,9.56,1.2
000016.SH,2022/4/26,17693152798176.0,14882593992223.0,1584371054315.0,1247480389082.0,3.31711E+11,0.32,1.21,9.62,9.53,1.2
000016.SH,2022/4/27,17922108613300.0,15096154587701.0,1584371054315.0,1247494203687.0,3.31725E+11,0.34,1.27,9.74,9.65,1.22
000016.SH,2022/4/28,18151221997442.0,15312253764280.0,1584371054315.0,1247494203687.0,3.32037E+11,0.3,1.14,9.86,9.76,1.23
000016.SH,2022/4/29,18385377933222.0,15453515505301.0,1584792329683.0,1247494221438.0,3.32209E+11,0.33,1.25,9.99,9.94,1.24
000016.SH,2022/5/5,18372397778533.0,15480933654270.0,1584792329683.0,1247915479055.0,3.30996E+11,0.28,1.06,9.96,9.8,1.22
000016.SH,2022/5/6,17915416199660.0,15082811920660.0,1584792410876.0,1247915560248.0,3.30977E+11,0.22,0.83,9.71,9.56,1.19
000016.SH,2022/5/9,17816473625733.0,14983900755777.0,1584792410876.0,1247918088265.0,3.30979E+11,0.18,0.66,9.66,9.51,1.18
000016.SH,2022/5/10,17875144796794.0,15040115809097.0,1584792410876.0,1247918088265.0,3.30979E+11,0.28,1.04,9.69,9.54,1.18
000016.SH,2022/5/11,17957585807102.0,15115631457695.0,1584792410876.0,1247918088265.0,3.30979E+11,0.31,1.15,9.74,9.58,1.19
000016.SH,2022/5/12,17852770315789.0,15021531247440.0,1584792410876.0,1247921874386.0,3.30983E+11,0.21,0.78,9.68,9.53,1.18
000016.SH,2022/5/13,18064918755402.0,15201710392861.0,1584792410876.0,1247922839312.0,3.30984E+11,0.22,0.82,9.79,9.64,1.2
000016.SH,2022/5/16,17928331720328.0,15080430086449.0,1584808300444.0,1247938728880.0,3.31E+11,0.22,0.82,9.72,9.57,1.19
000016.SH,2022/5/17,18118504067957.0,15241492863020.0,1584808300444.0,1247938728880.0,3.31E+11,0.23,0.86,9.82,9.67,1.2
000016.SH,2022/5/18,18041665522820.0,15171082493457.0,1584808300444.0,1247938728880.0,3.31E+11,0.2,0.76,9.78,9.63,1.2
000016.SH,2022/5/19,18008763710905.0,15149537348877.0,1584808300444.0,1247938728880.0,3.31E+11,0.21,0.78,9.76,9.61,1.19
000016.SH,2022/5/20,18354104432195.0,15451635002961.0,1584808300444.0,1247938728880.0,3.31E+11,0.28,1.05,9.95,9.79,1.22
000016.SH,2022/5/23,18224078131302.0,15330180913582.0,1584808300444.0,1247965016332.0,3.31024E+11,0.23,0.86,9.88,9.72,1.21
000016.SH,2022/5/24,18003879655750.0,15145330468105.0,1584808569550.0,1247965016332.0,3.31024E+11,0.26,0.99,9.76,9.61,1.19
000016.SH,2022/5/25,18094785123244.0,15217315656333.0,1584808569550.0,1247965016332.0,3.31024E+11,0.19,0.72,9.81,9.65,1.2
000016.SH,2022/5/26,18106084829247.0,15226100518996.0,1584808569550.0,1247965016332.0,3.31024E+11,0.23,0.86,9.82,9.66,1.2
000016.SH,2022/5/27,18244165462554.0,15346779959145.0,1584808569550.0,1247965016332.0,3.31024E+11,0.23,0.88,9.89,9.73,1.21
000016.SH,2022/5/30,18289480642139.0,15393303356990.0,1584808569550.0,1247965016332.0,3.31024E+11,0.22,0.84,9.92,9.76,1.21
000016.SH,2022/5/31,18493156458822.0,15576496847888.0,1584808569550.0,1247965016332.0,3.31024E+11,0.26,0.98,10.03,9.87,1.23
000016.SH,2022/6/1,18397417847193.0,15490615194669.0,1584808569550.0,1247965016332.0,3.31024E+11,0.21,0.79,9.97,9.82,1.22
000016.SH,2022/6/2,18352866612532.0,15445270434345.0,1584808669680.0,1247965116462.0,3.31024E+11,0.2,0.76,9.95,9.79,1.22
000016.SH,2022/6/6,18508176883759.0,15450013060216.0,1586980794645.0,1247972060344.0,3.31063E+11,0.35,1.31,10.03,9.88,1.23
000016.SH,2022/6/7,18617001469367.0,15686025952832.0,1586980547002.0,1250137193486.0,3.32769E+11,0.29,1.1,10.09,9.93,1.23
000016.SH,2022/6/8,18825791440153.0,15879684420576.0,1586981367478.0,1250159799962.0,3.32791E+11,0.28,1.06,10.21,10.04,1.25
000016.SH,2022/6/9,18789249920917.0,15858999976463.0,1586981367478.0,1250477753247.0,3.33109E+11,0.31,1.18,10.19,10.03,1.25
000016.SH,2022/6/10,18964079160798.0,16011858098042.0,1586981369246.0,1250477755015.0,3.33109E+11,0.35,1.31,10.28,10.12,1.26
000016.SH,2022/6/13,18677648252704.0,15651846982937.0,1585649212718.0,1217164637967.0,3.3062E+11,0.39,1.43,10.47,10.27,1.31
000016.SH,2022/6/14,19021196845851.0,15923350445924.0,1585649171768.0,1217164637967.0,3.3062E+11,0.41,1.51,10.67,10.46,1.33
000016.SH,2022/6/15,19267387129479.0,16105491984320.0,1585649296332.0,1217164762531.0,3.3062E+11,0.56,2.06,10.8,10.6,1.35
000016.SH,2022/6/16,18984672541582.0,15891849096940.0,1585649296332.0,1217164762531.0,3.3062E+11,0.39,1.42,10.65,10.44,1.33
000016.SH,2022/6/17,19224993044518.0,16111266701540.0,1585649296332.0,1217164762531.0,3.3062E+11,0.33,1.22,10.78,10.57,1.35
000016.SH,2022/6/20,19079326086630.0,15996468959739.0,1585649296332.0,1217164762531.0,3.3062E+11,0.37,1.38,10.7,10.49,1.34
000016.SH,2022/6/21,19127567970101.0,16028128202675.0,1585649296332.0,1217164762531.0,3.3062E+11,0.46,1.69,10.73,10.52,1.35
000016.SH,2022/6/22,18931217731453.0,15859386076352.0,1585650060217.0,1217165526416.0,3.30625E+11,0.47,1.71,10.62,10.41,1.33
000016.SH,2022/6/23,19240162137160.0,16104069594598.0,1585650060217.0,1217165526416.0,3.30625E+11,0.52,1.9,10.79,10.58,1.36
000016.SH,2022/6/24,19391779752905.0,16245887239265.0,1585658210455.0,1217165720854.0,3.30687E+11,0.52,1.91,10.87,10.66,1.37
000016.SH,2022/6/27,19604852438303.0,16434875134882.0,1585658210455.0,1217165720854.0,3.30687E+11,0.5,1.86,10.99,10.78,1.38
000016.SH,2022/6/28,19694581382581.0,16526848275215.0,1585658946168.0,1217210925073.0,3.30762E+11,0.45,1.66,11.04,10.83,1.39
000016.SH,2022/6/29,19539690528284.0,16404371352406.0,1585659113112.0,1217211092017.0,3.30794E+11,0.42,1.53,10.96,10.74,1.38
000016.SH,2022/6/30,19772914399666.0,16618220642370.0,1585659134040.0,1217211112945.0,3.308E+11,0.36,1.33,11.09,10.87,1.4
000016.SH,2022/7/1,19694424388515.0,16554925835802.0,1585659291374.0,1217217187022.0,3.30806E+11,0.38,1.38,11.04,10.83,1.39
000016.SH,2022/7/4,19710819676046.0,16569926425299.0,1585659459478.0,1217217355126.0,3.30634E+11,0.34,1.24,11.05,10.84,1.4
000016.SH,2022/7/5,19759955134955.0,16611614274821.0,1585659484456.0,1217217380104.0,3.30632E+11,0.38,1.39,11.08,10.87,1.4
000016.SH,2022/7/6,19428343779296.0,16317336197101.0,1585659484456.0,1217217380104.0,3.30632E+11,0.36,1.34,10.89,10.68,1.38
000016.SH,2022/7/7,19396488455382.0,16285867918950.0,1585659060571.0,1217217380104.0,3.30632E+11,0.3,1.09,10.88,10.67,1.37
000016.SH,2022/7/8,19432052197424.0,16319407496439.0,1585662532571.0,1217219968300.0,3.30635E+11,0.28,1.04,10.9,10.69,1.38
000016.SH,2022/7/11,19118510888989.0,16043353451518.0,1585663097565.0,1217220533294.0,3.30635E+11,0.36,1.34,10.72,10.51,1.36
000016.SH,2022/7/12,18955127089524.0,15903514558030.0,1585727909216.0,1217274857045.0,3.30689E+11,0.31,1.16,10.63,10.42,1.36
000016.SH,2022/7/13,18857853299152.0,15829705586079.0,1585727909236.0,1217274857065.0,3.30689E+11,0.34,1.26,10.57,10.37,1.35
000016.SH,2022/7/14,18689689037614.0,15709113913800.0,1585727909236.0,1217274857065.0,3.30689E+11,0.39,1.45,10.48,10.28,1.34
000016.SH,2022/7/15,18338298199868.0,15414458566213.0,1585728540499.0,1217275488328.0,3.3069E+11,0.38,1.41,10.28,10.08,1.33
000016.SH,2022/7/18,18631078549448.0,15649915796054.0,1585728540499.0,1217273876461.0,3.30688E+11,0.3,1.12,10.45,10.24,1.35
000016.SH,2022/7/19,18594573592535.0,15610146432341.0,1585725681664.0,1217273876461.0,3.30688E+11,0.26,0.96,10.43,10.22,1.35
000016.SH,2022/7/20,18657612932299.0,15669416486727.0,1585664034164.0,1217273876461.0,3.30688E+11,0.21,0.77,10.46,10.26,1.35
000016.SH,2022/7/21,18396200470382.0,15446959962608.0,1585664034164.0,1217273876461.0,3.30688E+11,0.26,0.97,10.32,10.11,1.33
000016.SH,2022/7/22,18477396358591.0,15517259427629.0,1585664125852.0,1217273968149.0,3.30687E+11,0.23,0.84,10.36,10.16,1.34
000016.SH,2022/7/25,18432672667898.0,15482712974840.0,1585664125852.0,1217273968149.0,3.30687E+11,0.18,0.65,10.34,10.13,1.34
000016.SH,2022/7/26,18533268774476.0,15568290875082.0,1585664125930.0,1217273968227.0,3.30687E+11,0.21,0.77,10.39,10.19,1.34
000016.SH,2022/7/27,18366148595655.0,15429701725093.0,1585666678014.0,1217450569118.0,3.30811E+11,0.19,0.69,10.3,10.08,1.33
000016.SH,2022/7/28,18373558172843.0,15399924711886.0,1585972785792.0,1217450569118.0,3.30811E+11,0.23,0.86,10.3,10.09,1.33
000016.SH,2022/7/29,18185048394856.0,15262340436959.0,1586078916847.0,1217727568045.0,3.30995E+11,0.28,1.01,10.2,10,1.32
000016.SH,2022/8/1,18124030924078.0,15212609908871.0,1586078916847.0,1217727568045.0,3.30995E+11,0.23,0.85,10.16,9.97,1.31
000016.SH,2022/8/2,17810215494116.0,14952993421276.0,1586072490847.0,1217727727771.0,3.30995E+11,0.32,1.16,9.99,9.8,1.29
000016.SH,2022/8/3,17679378478770.0,14846359802807.0,1586072637374.0,1217727874298.0,3.28944E+11,0.25,0.94,9.91,9.71,1.28
000016.SH,2022/8/4,17862197843826.0,15006613536843.0,1586072637374.0,1217727874298.0,3.28944E+11,0.22,0.82,10.02,9.81,1.29
000016.SH,2022/8/5,18013150682164.0,15135353883887.0,1586094829321.0,1217750066245.0,3.28966E+11,0.23,0.86,10.1,9.9,1.31
000016.SH,2022/8/8,17947041903686.0,15076291286289.0,1586094279321.0,1217750066245.0,3.28966E+11,0.2,0.72,10.06,9.86,1.3
000016.SH,2022/8/9,17958615187098.0,15093149939143.0,1586094279321.0,1217752851959.0,3.28966E+11,0.18,0.67,10.07,9.87,1.3
000016.SH,2022/8/10,17790373269850.0,14945111063947.0,1586094279321.0,1217752851959.0,3.28966E+11,0.19,0.7,9.98,9.77,1.29
000016.SH,2022/8/11,18132793835294.0,15220641409358.0,1586094279321.0,1217752851959.0,3.28966E+11,0.24,0.9,10.17,9.96,1.31
000016.SH,2022/8/12,18203291741335.0,15286669471254.0,1586047434321.0,1217752851959.0,3.28966E+11,0.22,0.81,10.21,10,1.32
000016.SH,2022/8/15,18096940152801.0,15198208498630.0,1586047434321.0,1217752851959.0,3.28966E+11,0.22,0.8,10.15,9.93,1.31
000016.SH,2022/8/16,18008418677518.0,15120050430025.0,1586047685502.0,1217753103140.0,3.29081E+11,0.19,0.71,10.1,9.88,1.3
000016.SH,2022/8/17,18126960985824.0,15208791699809.0,1586047685502.0,1217753103140.0,3.29029E+11,0.23,0.85,10.16,9.95,1.31
000016.SH,2022/8/18,17952618175705.0,15050950507812.0,1586486136691.0,1217753108367.0,3.29029E+11,0.19,0.69,10.07,9.83,1.3
000016.SH,2022/8/19,17960605014344.0,15064399963607.0,1586486137095.0,1218191554733.0,3.29376E+11,0.23,0.86,10.07,9.83,1.3
000016.SH,2022/8/22,18030356217438.0,15173217716835.0,1586486137095.0,1232390423737.0,3.37964E+11,0.24,0.86,10.11,9.85,1.3
000016.SH,2022/8/23,17951891330104.0,15100516429638.0,1586486137095.0,1232390423737.0,3.37964E+11,0.2,0.74,10.07,9.81,1.3
000016.SH,2022/8/24,17853933433307.0,15009182777415.0,1586486170324.0,1232390456966.0,3.37964E+11,0.25,0.92,10.01,9.71,1.28
000016.SH,2022/8/25,18189252402474.0,15270511157277.0,1586588932224.0,1232390456966.0,3.37962E+11,0.26,0.95,10.2,9.88,1.31
000016.SH,2022/8/26,18165988852989.0,15258330682650.0,1586588935079.0,1232390459821.0,3.37897E+11,0.21,0.77,10.19,9.85,1.3
000016.SH,2022/8/29,18067371912203.0,15180688952380.0,1586588935079.0,1232499592483.0,3.37871E+11,0.2,0.74,10.13,9.76,1.28
000016.SH,2022/8/30,18054480780503.0,15164125758896.0,1586588935079.0,1232499592483.0,3.37988E+11,0.21,0.77,10.12,9.74,1.28
000016.SH,2022/8/31,18256590879942.0,15339244957709.0,1586588935079.0,1232499592483.0,3.37988E+11,0.32,1.18,10.24,9.75,1.27
000016.SH,2022/9/1,18095994252267.0,15197736959270.0,1586588935180.0,1232507602165.0,3.37956E+11,0.21,0.75,10.15,9.67,1.26
000016.SH,2022/9/2,17982733119983.0,15095592109458.0,1586588978773.0,1232507645758.0,3.37956E+11,0.18,0.67,10.08,9.61,1.25
000016.SH,2022/9/5,17987238239032.0,15083881675788.0,1586588979315.0,1232507646300.0,3.37991E+11,0.2,0.74,10.09,9.61,1.25
000016.SH,2022/9/6,18138598908214.0,15218428174789.0,1586592494351.0,1232508067401.0,3.37991E+11,0.24,0.86,10.17,9.69,1.26
000016.SH,2022/9/7,18050705316094.0,15137557707864.0,1586592494351.0,1232508067401.0,3.37991E+11,0.19,0.69,10.12,9.64,1.26
000016.SH,2022/9/8,18028173263566.0,15126537803781.0,1586592494351.0,1232508388698.0,3.37992E+11,0.2,0.72,10.11,9.63,1.26
000016.SH,2022/9/9,18320175232873.0,15375416148254.0,1586592494351.0,1232508388698.0,3.37992E+11,0.26,0.96,10.27,9.79,1.28
000016.SH,2022/9/13,18386595243175.0,15436090225920.0,1586592826093.0,1232508720440.0,3.37992E+11,0.24,0.89,10.31,9.82,1.28
000016.SH,2022/9/14,18248670251314.0,15332442530385.0,1586592864061.0,1232508758408.0,3.37992E+11,0.2,0.74,10.23,9.75,1.27
000016.SH,2022/9/15,18271945265347.0,15349426508486.0,1586592866935.0,1232508761282.0,3.37923E+11,0.27,1,10.25,9.76,1.27
000016.SH,2022/9/16,17856510317860.0,15010781639706.0,1586592674060.0,1232508792202.0,3.37923E+11,0.31,1.14,10.01,9.54,1.25
000016.SH,2022/9/19,17869412798767.0,15027344199206.0,1586592724468.0,1232508842610.0,3.37591E+11,0.22,0.81,10.02,9.55,1.25
000016.SH,2022/9/20,17768372052508.0,14949281320704.0,1586592724468.0,1232508842610.0,3.37591E+11,0.19,0.7,9.96,9.49,1.24
000016.SH,2022/9/21,17675343325363.0,14861576107284.0,1586605904114.0,1232508842610.0,3.37591E+11,0.19,0.71,9.91,9.44,1.24
000016.SH,2022/9/22,17618261827385.0,14804970730597.0,1586605904134.0,1232508842630.0,3.37591E+11,0.2,0.72,9.88,9.41,1.23
000016.SH,2022/9/23,17674836649107.0,14843856838599.0,1586604843161.0,1232508842630.0,3.37591E+11,0.25,0.9,9.91,9.44,1.24
000016.SH,2022/9/26,17493496128879.0,14709848072976.0,1586604843161.0,1232513642030.0,3.37596E+11,0.28,1.02,9.81,9.34,1.23
000016.SH,2022/9/27,17638112417606.0,14843965545220.0,1586604946299.0,1232654458113.0,3.37596E+11,0.21,0.77,9.89,9.42,1.24
000016.SH,2022/9/28,17506951665829.0,14734573734818.0,1586604957181.0,1232654468995.0,3.37596E+11,0.2,0.73,9.82,9.35,1.23
000016.SH,2022/9/29,17485849475797.0,14727721704427.0,1586605781386.0,1232632082775.0,3.37601E+11,0.21,0.77,9.8,9.34,1.22
000016.SH,2022/9/30,17523941955841.0,14753826212957.0,1586605781386.0,1232632082775.0,3.37634E+11,0.19,0.69,9.83,9.36,1.23
000016.SH,2022/10/10,17221458766300.0,14469400002378.0,1586604389992.0,1232634287206.0,3.38051E+11,0.27,1,9.66,9.2,1.21
000016.SH,2022/10/11,17172269676979.0,14427176435997.0,1586604544194.0,1232634441408.0,3.38051E+11,0.2,0.72,9.63,9.17,1.2
000016.SH,2022/10/12,17286875026519.0,14502491967742.0,1586604544194.0,1232634441408.0,3.38051E+11,0.23,0.85,9.69,9.23,1.21
000016.SH,2022/10/13,17098787685508.0,14334631525000.0,1586604544194.0,1232634441408.0,3.38051E+11,0.23,0.85,9.59,9.13,1.2
000016.SH,2022/10/14,17345107021274.0,14561520009184.0,1586604544194.0,1232634441408.0,3.38051E+11,0.27,0.99,9.73,9.27,1.21
000016.SH,2022/10/17,17358654470682.0,14563634924326.0,1586550131111.0,1232634442325.0,3.3803E+11,0.22,0.79,9.73,9.26,1.21
000016.SH,2022/10/18,17243462802475.0,14468685395369.0,1586550131111.0,1232634442325.0,3.3803E+11,0.17,0.62,9.67,9.2,1.21
000016.SH,2022/10/19,16954546834211.0,14208418807708.0,1586550131111.0,1232634442325.0,3.3803E+11,0.18,0.64,9.51,9.05,1.19
000016.SH,2022/10/20,16899862508093.0,14162473787581.0,1586550131391.0,1232634442605.0,3.3803E+11,0.19,0.71,9.48,9.02,1.18
000016.SH,2022/10/21,16836103478492.0,14106318065711.0,1586550131391.0,1232634442605.0,3.38031E+11,0.22,0.81,9.44,8.95,1.18
000016.SH,2022/10/24,16334296012621.0,13661225425989.0,1586549777939.0,1232634442605.0,3.38185E+11,0.32,1.18,9.16,8.68,1.14
000016.SH,2022/10/25,16329324497615.0,13656783092674.0,1586549777939.0,1232634610314.0,3.38201E+11,0.23,0.84,9.16,8.69,1.14
000016.SH,2022/10/26,16294137564974.0,13624501598569.0,1586549777985.0,1232634610360.0,3.38201E+11,0.3,1.08,9.14,8.67,1.14
000016.SH,2022/10/27,16186082224025.0,13509547880964.0,1586549785213.0,1232634617588.0,3.3822E+11,0.29,1.05,9.08,8.64,1.13
000016.SH,2022/10/28,15905816238648.0,13271463319989.0,1586549785213.0,1232664366988.0,3.38168E+11,0.26,0.96,8.92,8.46,1.11
000016.SH,2022/10/31,15625405124054.0,13039928346240.0,1586549786468.0,1232969610714.0,3.37825E+11,0.34,1.23,8.76,8.31,1.06
000016.SH,2022/11/1,16135438684157.0,13495343546124.0,1586550940313.0,1232969610714.0,3.37662E+11,0.41,1.48,9.05,8.58,1.1
000016.SH,2022/11/2,16253647185786.0,13601184569976.0,1586550944892.0,1232969615293.0,3.37662E+11,0.34,1.25,9.11,8.65,1.11
000016.SH,2022/11/3,16104718334084.0,13469616782008.0,1586550944892.0,1232969615293.0,3.37662E+11,0.23,0.85,9.03,8.57,1.1
000016.SH,2022/11/4,16588830142961.0,13888317380315.0,1586551079912.0,1232969750313.0,3.37662E+11,0.33,1.2,9.3,8.83,1.13
000016.SH,2022/11/7,16670140913727.0,13954857629011.0,1586551079912.0,1232969750313.0,3.37663E+11,0.33,1.2,9.35,8.87,1.14
000016.SH,2022/11/8,16583222906875.0,13870990500365.0,1586551164855.0,1232969835256.0,3.37663E+11,0.22,0.81,9.3,8.82,1.13
000016.SH,2022/11/9,16473862865770.0,13773128917115.0,1586551174855.0,1232969845256.0,3.38139E+11,0.2,0.74,9.24,8.76,1.12
000016.SH,2022/11/10,16489843666214.0,13781806402640.0,1586551202552.0,1232969872953.0,3.38139E+11,0.31,1.13,9.25,8.77,1.12
000016.SH,2022/11/11,16949058543513.0,14170976038330.0,1586551205152.0,1232969875553.0,3.38139E+11,0.5,1.82,9.5,9.02,1.15
000016.SH,2022/11/14,17041581168030.0,14240902978757.0,1586551205152.0,1232970419018.0,3.3814E+11,0.41,1.49,9.56,9.07,1.16
000016.SH,2022/11/15,17263007692857.0,14435939048294.0,1586551205152.0,1232970419018.0,3.3814E+11,0.3,1.08,9.68,9.18,1.18
000016.SH,2022/11/16,17198412726823.0,14387580766202.0,1586551205152.0,1232970419018.0,3.3814E+11,0.23,0.85,9.64,9.15,1.17
000016.SH,2022/11/17,17133658781343.0,14327166009167.0,1586551205152.0,1232970419018.0,3.3814E+11,0.22,0.81,9.61,9.12,1.17
000016.SH,2022/11/18,17052983311188.0,14260367549588.0,1586551241676.0,1232970455542.0,3.3814E+11,0.23,0.84,9.56,9.07,1.16
000016.SH,2022/11/21,16865716836865.0,14103015064647.0,1586551005368.0,1232970455634.0,3.3814E+11,0.21,0.76,9.46,8.97,1.15
000016.SH,2022/11/22,17051404172652.0,14241117563764.0,1586551005368.0,1232970455634.0,3.3814E+11,0.3,1.1,9.56,9.07,1.16
000016.SH,2022/11/23,17113488874905.0,14295669955544.0,1586551005368.0,1232970455634.0,3.3814E+11,0.29,1.06,9.6,9.1,1.17
000016.SH,2022/11/24,17020568699281.0,14210929039413.0,1586551005368.0,1232970455634.0,3.3814E+11,0.18,0.66,9.54,9.05,1.16
000016.SH,2022/11/25,17247829926093.0,14382314258224.0,1586560226712.0,1232970501156.0,3.3814E+11,0.33,1.22,9.67,9.18,1.17
000016.SH,2022/11/28,17021812559116.0,14195477212503.0,1586559284297.0,1232970538741.0,3.38139E+11,0.27,0.97,9.54,9.06,1.16
000016.SH,2022/11/29,17623367251238.0,14702571117495.0,1586559285297.0,1232970539741.0,3.38139E+11,0.4,1.45,9.88,9.38,1.2
000016.SH,2022/11/30,17667355350934.0,14723589140370.0,1586559285297.0,1232970539741.0,3.38139E+11,0.33,1.2,9.91,9.4,1.2
000016.SH,2022/12/1,17731453889879.0,14794248114274.0,1586559285297.0,1232970539741.0,3.38148E+11,0.36,1.31,9.94,9.43,1.21
000016.SH,2022/12/2,17632508119845.0,14717432133938.0,1586559298392.0,1232970552836.0,3.38148E+11,0.24,0.87,9.89,9.38,1.2
000016.SH,2022/12/5,18072703595287.0,15052917986576.0,1586559304461.0,1232970558905.0,3.38148E+11,0.44,1.62,10.13,9.61,1.23
000016.SH,2022/12/6,18113823293249.0,15103870084425.0,1586560027675.0,1232971282119.0,3.38149E+11,0.29,1.07,10.16,9.64,1.23
000016.SH,2022/12/7,17984710219182.0,15008424292480.0,1586560027675.0,1232971282119.0,3.38149E+11,0.28,1.02,10.08,9.57,1.22
000016.SH,2022/12/8,17990934279070.0,15009843677002.0,1586560027675.0,1232971282119.0,3.38149E+11,0.21,0.78,10.09,9.57,1.23
000016.SH,2022/12/9,18147589885570.0,15147642350029.0,1586560027675.0,1232971282119.0,3.38149E+11,0.31,1.13,10.18,9.65,1.24
000016.SH,2022/12/12,17829601959809.0,15162694780044.0,1502527151133.0,1221339256722.0,3.24474E+11,0.26,0.97,10.06,9.4,1.25
000016.SH,2022/12/13,17871912146819.0,15195986439598.0,1502527151133.0,1221339256722.0,3.24474E+11,0.23,0.88,10.08,9.43,1.26
000016.SH,2022/12/14,17922871379216.0,15246769901274.0,1502527151133.0,1221339256722.0,3.24474E+11,0.21,0.8,10.11,9.45,1.26
000016.SH,2022/12/15,17828823377357.0,15174820620374.0,1502529652533.0,1221339256722.0,3.24474E+11,0.19,0.71,10.06,9.4,1.26
000016.SH,2022/12/16,17935457008645.0,15258954071695.0,1502529652533.0,1221339256722.0,3.24474E+11,0.2,0.77,10.12,9.46,1.26
000016.SH,2022/12/19,17659734414930.0,15044132526407.0,1502530252533.0,1221475422299.0,3.24474E+11,0.22,0.81,9.96,9.32,1.24
000016.SH,2022/12/20,17399331274721.0,14810414844547.0,1502530252533.0,1221475422299.0,3.24474E+11,0.18,0.67,9.81,9.18,1.23
000016.SH,2022/12/21,17459994764905.0,14864158928583.0,1502524231533.0,1221475422299.0,3.24474E+11,0.13,0.49,9.85,9.21,1.23
000016.SH,2022/12/22,17554043034549.0,14938739976963.0,1502524652460.0,1221475843226.0,3.24474E+11,0.17,0.65,9.9,9.26,1.24
000016.SH,2022/12/23,17547734011508.0,14936552699499.0,1502524652460.0,1221475843226.0,3.24474E+11,0.13,0.49,9.9,9.26,1.24
000016.SH,2022/12/26,17457431878852.0,14874001252098.0,1502129547316.0,1221475943657.0,3.2449E+11,0.16,0.61,9.85,9.21,1.23
000016.SH,2022/12/27,17646756571214.0,15020022069949.0,1502111547158.0,1221457943499.0,3.24472E+11,0.18,0.67,9.95,9.31,1.25
000016.SH,2022/12/28,17693358734633.0,15051779682580.0,1502111547158.0,1221457943499.0,3.24472E+11,0.19,0.71,9.98,9.33,1.25
000016.SH,2022/12/29,17558710750010.0,14937416565978.0,1502111547158.0,1221457943499.0,3.24472E+11,0.19,0.7,9.9,9.26,1.24
000016.SH,2022/12/30,17652508275871.0,15013775720655.0,1500991159158.0,1221015643499.0,3.2403E+11,0.2,0.74,9.96,9.31,1.25
000016.SH,2023/1/3,17668989340806.0,15023321575174.0,1500988079774.0,1221015657715.0,3.2403E+11,0.25,0.93,9.97,9.32,1.25
000016.SH,2023/1/4,17754827732260.0,15081186003004.0,1500988330179.0,1221015908120.0,3.2403E+11,0.23,0.87,10.01,9.37,1.25
000016.SH,2023/1/5,17987716494711.0,15298981404633.0,1500989121390.0,1221017361559.0,3.24032E+11,0.23,0.86,10.15,9.49,1.27
000016.SH,2023/1/6,18026255688731.0,15330886633905.0,1500989149307.0,1221017389476.0,3.24032E+11,0.23,0.88,10.17,9.55,1.27
000016.SH,2023/1/9,18170896272127.0,15453788059165.0,1500988868382.0,1221017389476.0,3.24038E+11,0.24,0.92,10.25,9.63,1.28
000016.SH,2023/1/10,18086202465665.0,15402170867547.0,1500904160882.0,1221017389476.0,3.24038E+11,0.2,0.75,10.2,9.58,1.28
000016.SH,2023/1/11,18150795435458.0,15445929184393.0,1500903020882.0,1221017389476.0,3.24038E+11,0.2,0.76,10.24,9.62,1.28
000016.SH,2023/1/12,18177836288725.0,15461186331399.0,1500903020882.0,1221017389476.0,3.24038E+11,0.18,0.69,10.25,9.63,1.28
000016.SH,2023/1/13,18460734080647.0,15703865737990.0,1500903092114.0,1221017460708.0,3.24038E+11,0.2,0.76,10.41,9.79,1.3
000016.SH,2023/1/16,18656103684299.0,15889457671605.0,1500901173673.0,1221317518308.0,3.24338E+11,0.32,1.21,10.52,9.87,1.31
000016.SH,2023/1/17,18588348123096.0,15825454321864.0,1502981297895.0,1221317518319.0,3.24338E+11,0.2,0.77,10.48,9.83,1.31
000016.SH,2023/1/18,18521913034668.0,15762438024762.0,1502986987095.0,1221317518319.0,3.24338E+11,0.17,0.63,10.45,9.79,1.3
000016.SH,2023/1/19,18554243597086.0,15786899923324.0,1502986987095.0,1221502484319.0,3.24523E+11,0.2,0.74,10.47,9.81,1.31
000016.SH,2023/1/20,18659591893988.0,15865273409916.0,1503101027589.0,1221502530695.0,3.24523E+11,0.28,1.06,10.52,9.87,1.31
000016.SH,2023/1/30,18623603531456.0,15855819692385.0,1503101027589.0,1221639961899.0,3.24843E+11,0.34,1.29,10.5,9.85,1.31
000016.SH,2023/1/31,18458063949290.0,15704768967573.0,1503101035986.0,1221643887250.0,3.24846E+11,0.25,0.92,10.41,9.78,1.3
000016.SH,2023/2/1,18536160411684.0,15761877833185.0,1503101238518.0,1221644089782.0,3.24855E+11,0.31,1.16,10.46,9.82,1.3
000016.SH,2023/2/2,18485580809672.0,15726477920321.0,1503094554584.0,1221637405848.0,3.24849E+11,0.28,1.05,10.43,9.79,1.3
000016.SH,2023/2/3,18283897303931.0,15555279748455.0,1503093601968.0,1221637422152.0,3.24849E+11,0.25,0.95,10.31,9.69,1.29
000016.SH,2023/2/6,18092178742522.0,15396582407338.0,1503093829338.0,1221637649522.0,3.24851E+11,0.22,0.81,10.2,9.6,1.27
000016.SH,2023/2/7,18132691261442.0,15425934080713.0,1503093829338.0,1221637649522.0,3.24851E+11,0.17,0.64,10.23,9.62,1.28
000016.SH,2023/2/8,18071010670015.0,15373911641505.0,1503093829379.0,1221637649563.0,3.24851E+11,0.16,0.62,10.19,9.59,1.27
000016.SH,2023/2/9,18271946998084.0,15529889309379.0,1504015751804.0,1221637649563.0,3.27175E+11,0.16,0.61,10.31,9.7,1.28
000016.SH,2023/2/10,18194458781479.0,15460595631574.0,1504015751804.0,1221637649563.0,3.27175E+11,0.15,0.57,10.26,9.65,1.28
000016.SH,2023/2/13,18301403880820.0,15564240277136.0,1504015751804.0,1221637649563.0,3.27175E+11,0.25,0.92,10.32,9.71,1.29
000016.SH,2023/2/14,18377233490824.0,15621070798855.0,1504015751804.0,1221637649563.0,3.27175E+11,0.18,0.68,10.37,9.76,1.29
000016.SH,2023/2/15,18235792842296.0,15506064335279.0,1504015751804.0,1221637649563.0,3.27175E+11,0.2,0.73,10.29,9.69,1.28
000016.SH,2023/2/16,18183115364736.0,15462044810474.0,1504012213724.0,1221637649563.0,3.27175E+11,0.27,1,10.26,9.66,1.28
000016.SH,2023/2/17,18048762210835.0,15344382874017.0,1504011787124.0,1221637649563.0,3.27175E+11,0.22,0.83,10.18,9.59,1.27
000016.SH,2023/2/20,18515484145068.0,15732428846842.0,1504011789587.0,1221637652026.0,3.27175E+11,0.32,1.18,10.44,9.84,1.3
000016.SH,2023/2/21,18611200197633.0,15808416520488.0,1504011794502.0,1221637656941.0,3.27175E+11,0.29,1.09,10.5,9.89,1.31
000016.SH,2023/2/22,18438288529546.0,15657485476103.0,1504011794502.0,1221637656941.0,3.27188E+11,0.17,0.65,10.4,9.8,1.3
000016.SH,2023/2/23,18433700070220.0,15649416376237.0,1504011634253.0,1221637656941.0,3.27188E+11,0.19,0.71,10.4,9.79,1.3
000016.SH,2023/2/24,18212645538487.0,15461669639264.0,1504011634253.0,1221637656941.0,3.27188E+11,0.21,0.77,10.27,9.67,1.28
000016.SH,2023/2/27,18203167593316.0,15464531805199.0,1504011634253.0,1221637656941.0,3.27188E+11,0.18,0.68,10.27,9.67,1.28
000016.SH,2023/2/28,18285903370833.0,15532927691843.0,1504011634253.0,1221637656941.0,3.27188E+11,0.2,0.74,10.31,9.71,1.28
000016.SH,2023/3/1,18516083283345.0,15716311501512.0,1504011634253.0,1221637656941.0,3.27188E+11,0.29,1.1,10.44,9.83,1.3
000016.SH,2023/3/2,18516389848449.0,15713553618373.0,1504011634253.0,1221637656941.0,3.27188E+11,0.28,1.03,10.44,9.83,1.3
000016.SH,2023/3/3,18604048098006.0,15782994405910.0,1504011288153.0,1221637656966.0,3.27188E+11,0.33,1.24,10.49,9.88,1.31
000016.SH,2023/3/6,18427570872276.0,15644283160018.0,1504011510473.0,1221637879286.0,3.23368E+11,0.31,1.18,10.39,9.79,1.29
000016.SH,2023/3/7,18333520668703.0,15558756744856.0,1504012186158.0,1221637921098.0,3.23368E+11,0.45,1.71,10.34,9.74,1.29
000016.SH,2023/3/8,18213930714461.0,15457202037573.0,1504012186158.0,1221637921098.0,3.23378E+11,0.24,0.91,10.27,9.67,1.28
000016.SH,2023/3/9,18098527852419.0,15362344459985.0,1504012186158.0,1221637921098.0,3.23378E+11,0.22,0.84,10.21,9.61,1.27
000016.SH,2023/3/10,17832975765502.0,15144985607981.0,1503819763158.0,1221637921098.0,3.23378E+11,0.24,0.89,10.06,9.47,1.25
000016.SH,2023/3/13,18094021648878.0,15365290373508.0,1503819763158.0,1221651074629.0,3.23391E+11,0.28,1.06,10.21,9.61,1.27
000016.SH,2023/3/14,17925695687223.0,15236102887991.0,1503819763158.0,1221651074629.0,3.23285E+11,0.27,1.02,10.11,9.52,1.26
000016.SH,2023/3/15,17990556318576.0,15280656445795.0,1503819763158.0,1221651074629.0,3.23285E+11,0.27,1.03,10.15,9.56,1.26
000016.SH,2023/3/16,17838740709724.0,15157009798871.0,1503821090822.0,1221651074629.0,3.23285E+11,0.32,1.22,10.16,9.54,1.25
000016.SH,2023/3/17,17980495592700.0,15262934242254.0,1503821090822.0,1221651074629.0,3.23285E+11,0.36,1.35,10.24,9.61,1.26
000016.SH,2023/3/20,17911473447777.0,15205662469742.0,1503821090822.0,1221651074629.0,3.23285E+11,0.35,1.33,10.21,9.58,1.26
000016.SH,2023/3/21,17973353294341.0,15270446790242.0,1503821091304.0,1221651075111.0,3.23301E+11,0.26,0.96,10.27,9.61,1.26
000016.SH,2023/3/22,18043229733461.0,15329099320340.0,1503821091304.0,1221651075111.0,3.23301E+11,0.21,0.81,10.31,9.65,1.26
000016.SH,2023/3/23,18168411090518.0,15454838529296.0,1503820877191.0,1226653075111.0,3.28367E+11,0.23,0.88,10.38,9.72,1.27
000016.SH,2023/3/24,18003161517176.0,15324901636328.0,1503826010038.0,1226653176487.0,3.28367E+11,0.25,0.94,10.29,9.63,1.26
000016.SH,2023/3/27,17898342338024.0,15233770951344.0,1503826010038.0,1226653176487.0,3.28367E+11,0.28,1.04,10.03,9.58,1.25
000016.SH,2023/3/28,17951653978855.0,15282670962761.0,1503826010038.0,1226653176487.0,3.30732E+11,0.22,0.82,10.16,9.65,1.26
000016.SH,2023/3/29,17922058114168.0,15263543922247.0,1503826010038.0,1226653176487.0,3.30732E+11,0.22,0.81,10.15,9.63,1.25
000016.SH,2023/3/30,18117370888296.0,15440956745794.0,1503826010038.0,1226653176487.0,3.30732E+11,0.27,1.02,10.04,9.68,1.27
000016.SH,2023/3/31,18086250811144.0,15420436203049.0,1503826010413.0,1226653176862.0,3.30732E+11,0.24,0.87,9.74,9.67,1.25
000016.SH,2023/4/3,18106352579071.0,15430249624751.0,1503826010413.0,1226653176862.0,3.31535E+11,0.29,1.06,9.81,9.69,1.25
000016.SH,2023/4/4,18245410041525.0,15550668774011.0,1503826923613.0,1226654007084.0,3.31535E+11,0.32,1.19,9.88,9.76,1.26
000016.SH,2023/4/6,18183686269132.0,15497980054834.0,1503827003573.0,1226654087044.0,3.32009E+11,0.24,0.89,9.85,9.73,1.26
000016.SH,2023/4/7,18256869116495.0,15551617102633.0,1503827003573.0,1226654087044.0,3.32009E+11,0.2,0.73,9.89,9.77,1.26
000016.SH,2023/4/10,18327619720738.0,15604918669675.0,1503827003573.0,1226654087044.0,3.32013E+11,0.26,0.97,9.95,9.82,1.27
000016.SH,2023/4/11,18328745262671.0,15604384196319.0,1503827003573.0,1226654087044.0,3.32013E+11,0.28,1.03,9.95,9.8,1.27
000016.SH,2023/4/12,18355932012070.0,15611449395395.0,1503827003573.0,1226654087044.0,3.32011E+11,0.29,1.05,9.96,9.82,1.27
000016.SH,2023/4/13,18373135275514.0,15636013265419.0,1503827003573.0,1226654087044.0,3.32011E+11,0.29,1.09,9.97,9.83,1.27
000016.SH,2023/4/14,18441617637270.0,15687676234750.0,1503826829203.0,1226654087044.0,3.41633E+11,0.25,0.9,10.01,9.87,1.27
000016.SH,2023/4/17,18908358621357.0,16069190015511.0,1503825119077.0,1226654087118.0,3.32006E+11,0.37,1.37,10.26,10.12,1.3
000016.SH,2023/4/18,19040538436300.0,16170417028249.0,1503825137273.0,1226654087118.0,3.32011E+11,0.32,1.19,10.34,10.23,1.31
000016.SH,2023/4/19,18896451878157.0,16046795409223.0,1503825137273.0,1226654087118.0,3.3201E+11,0.27,0.99,10.26,10.15,1.3
000016.SH,2023/4/20,18845340936488.0,15989971339481.0,1503825137273.0,1226654087118.0,3.32011E+11,0.29,1.08,10.23,10.12,1.3
000016.SH,2023/4/21,18525500022843.0,15735528937452.0,1503825302426.0,1226654252271.0,3.32011E+11,0.3,1.12,10.07,9.97,1.28
000016.SH,2023/4/24,18395335999209.0,15615445328017.0,1503825302426.0,1226668475214.0,3.32037E+11,0.31,1.13,10.02,9.9,1.27
000016.SH,2023/4/25,18513781624408.0,15721240276820.0,1503824202426.0,1226668475214.0,3.32037E+11,0.32,1.19,9.98,9.93,1.27
000016.SH,2023/4/26,18462001953293.0,15679920447549.0,1503824202426.0,1226668475214.0,3.32046E+11,0.3,1.11,9.95,9.89,1.27
000016.SH,2023/4/27,18706183058986.0,15844894584342.0,1504628638487.0,1226677410809.0,3.32084E+11,0.29,1.09,10,9.91,1.27
000016.SH,2023/4/28,18924701419407.0,16023340626211.0,1504628639225.0,1226677411547.0,3.32084E+11,0.33,1.22,10.16,10.02,1.28
000016.SH,2023/5/4,19172295679116.0,16200822057151.0,1504628639225.0,1226677411547.0,3.29663E+11,0.44,1.64,10.34,10.27,1.27
000016.SH,2023/5/5,19113275637576.0,16150203003744.0,1504628639225.0,1226677411547.0,3.30151E+11,0.38,1.42,10.3,10.24,1.27
000016.SH,2023/5/8,19620290560368.0,16560844852877.0,1504628737555.0,1226677659401.0,3.30141E+11,0.52,1.94,10.58,10.51,1.3
000016.SH,2023/5/9,19427040461045.0,16392383241746.0,1504448647155.0,1226500656866.0,3.29964E+11,0.56,2.09,10.47,10.41,1.29
000016.SH,2023/5/10,19049360050705.0,16090953281761.0,1504448647155.0,1226500656866.0,3.29964E+11,0.44,1.65,10.27,10.2,1.27
000016.SH,2023/5/11,18975860998770.0,16026994780145.0,1504448647155.0,1226500656866.0,3.29964E+11,0.27,1,10.23,10.17,1.26
000016.SH,2023/5/12,18773105477802.0,15857663325787.0,1504448647155.0,1226500656866.0,3.29964E+11,0.28,1.06,10.12,10.06,1.25
000016.SH,2023/5/15,19098282615010.0,16112441319885.0,1504448647155.0,1226500656866.0,3.29964E+11,0.36,1.35,10.3,10.23,1.27
000016.SH,2023/5/16,19023901637321.0,16056095251760.0,1504448647155.0,1226495862578.0,3.2996E+11,0.28,1.03,10.26,10.19,1.26
000016.SH,2023/5/17,18869128057635.0,15934994806841.0,1504448647155.0,1226495862578.0,3.29505E+11,0.21,0.8,10.17,10.11,1.25
000016.SH,2023/5/18,18994817480010.0,16028910254746.0,1504448647155.0,1226495862578.0,3.29505E+11,0.26,0.97,10.24,10.18,1.26
000016.SH,2023/5/19,18857824525476.0,15927063818722.0,1504448647155.0,1226495862578.0,3.29505E+11,0.24,0.9,10.17,10.1,1.25
000016.SH,2023/5/22,18958316442931.0,16024664899172.0,1504448647155.0,1226495862578.0,3.29377E+11,0.23,0.85,10.22,10.16,1.26
000016.SH,2023/5/23,18598069296184.0,15731350299008.0,1504448647155.0,1226495862578.0,3.29377E+11,0.25,0.93,10.03,9.96,1.24
000016.SH,2023/5/24,18238195223240.0,15437603632644.0,1504448656554.0,1226495871977.0,3.29469E+11,0.3,1.12,9.83,9.77,1.21
000016.SH,2023/5/25,18158697134309.0,15367574822737.0,1504448656554.0,1226495871977.0,3.29469E+11,0.26,0.96,9.79,9.73,1.21
000016.SH,2023/5/26,18156791061671.0,15359977536676.0,1504448656620.0,1226495872043.0,3.29469E+11,0.2,0.73,9.79,9.73,1.21
000016.SH,2023/5/29,18240710547972.0,15438075129379.0,1504416188207.0,1226463403630.0,3.29469E+11,0.24,0.89,9.83,9.77,1.21
000016.SH,2023/5/30,18163258992099.0,15367181382827.0,1504416188207.0,1226463403630.0,3.29436E+11,0.26,0.97,9.79,9.73,1.21
000016.SH,2023/5/31,17914366998990.0,15142874565905.0,1504419951966.0,1226467167389.0,3.29436E+11,0.25,0.93,9.66,9.6,1.19
000016.SH,2023/6/1,17971978168067.0,15191569924996.0,1505346718723.0,1227393934146.0,3.29693E+11,0.26,0.99,9.69,9.63,1.2
000016.SH,2023/6/2,18205681173275.0,15391718094434.0,1505346902162.0,1227393934146.0,3.29693E+11,0.25,0.92,9.81,9.75,1.21
000016.SH,2023/6/5,18188360798768.0,15379477314409.0,1505369306630.0,1227416338614.0,3.29693E+11,0.24,0.9,9.81,9.74,1.21
000016.SH,2023/6/6,18138401914115.0,15337461528549.0,1505369306630.0,1227416522053.0,3.29716E+11,0.25,0.94,9.78,9.72,1.21
000016.SH,2023/6/7,18131641280217.0,15322308258042.0,1505354573550.0,1227416522053.0,3.29716E+11,0.19,0.71,9.77,9.71,1.21
000016.SH,2023/6/8,18380596631795.0,15530100737882.0,1505355267204.0,1227417215707.0,3.29716E+11,0.24,0.88,9.91,9.85,1.22
000016.SH,2023/6/9,18381832272796.0,15531474677047.0,1505355267204.0,1227417215707.0,3.29716E+11,0.24,0.9,9.91,9.85,1.22
000016.SH,2023/6/12,18746599295394.0,15749150355341.0,1621907467657.0,1277392114091.0,3.56898E+11,0.28,1.02,9.99,9.92,1.23
000016.SH,2023/6/13,18736416526553.0,15745119005997.0,1621907482632.0,1277392129066.0,3.56898E+11,0.23,0.82,9.98,9.92,1.23
000016.SH,2023/6/14,18653842246251.0,15700970946869.0,1621907482632.0,1277392129066.0,3.56898E+11,0.27,0.95,9.94,9.87,1.23
000016.SH,2023/6/15,18827243822717.0,15863431005444.0,1621907482632.0,1277392129066.0,3.56898E+11,0.25,0.91,10.03,9.97,1.24
000016.SH,2023/6/16,18938016946737.0,15970338034490.0,1621907300993.0,1277391947427.0,3.56898E+11,0.28,1,10.09,10.02,1.25
000016.SH,2023/6/19,18673187697127.0,15732783438275.0,1621898817393.0,1277391947427.0,3.56898E+11,0.29,1.02,9.95,9.88,1.23
000016.SH,2023/6/20,18551668008117.0,15635464942945.0,1621898817393.0,1277391947427.0,3.56898E+11,0.22,0.8,9.88,9.82,1.23
000016.SH,2023/6/21,18411501464848.0,15533599823604.0,1623237717992.0,1278720102776.0,3.57468E+11,0.25,0.91,9.81,9.75,1.22
000016.SH,2023/6/26,18176207923316.0,15331687990998.0,1623237717992.0,1278720102776.0,3.57468E+11,0.25,0.89,9.68,9.62,1.2
000016.SH,2023/6/27,18369614528251.0,15488542291142.0,1623237717992.0,1278720102776.0,3.57468E+11,0.25,0.91,9.79,9.72,1.22
000016.SH,2023/6/28,18357715913259.0,15486818170797.0,1623237717992.0,1278720102776.0,3.57468E+11,0.22,0.78,9.78,9.72,1.22
000016.SH,2023/6/29,18223821957727.0,15365472546686.0,1623237717992.0,1278720102776.0,3.57468E+11,0.19,0.68,9.71,9.65,1.21
000016.SH,2023/6/30,18253791818030.0,15384979176734.0,1623237717992.0,1278720102776.0,3.57468E+11,0.19,0.67,9.73,9.66,1.22
000016.SH,2023/7/3,18626137287474.0,15760915243655.0,1623234963868.0,1298685177369.0,3.57473E+11,0.27,0.97,9.92,9.86,1.24
000016.SH,2023/7/4,18597276838670.0,15740414033002.0,1623237875056.0,1298688088557.0,3.57473E+11,0.24,0.88,9.91,9.84,1.24
000016.SH,2023/7/5,18457001682382.0,15622284001037.0,1623239241700.0,1298689455201.0,3.57476E+11,0.24,0.86,9.83,9.77,1.24
000016.SH,2023/7/6,18330201379112.0,15506822866573.0,1623339241700.0,1298689455201.0,3.57477E+11,0.2,0.74,9.77,9.7,1.23
000016.SH,2023/7/7,18263099314495.0,15452301095723.0,1623339241799.0,1298789455300.0,3.57577E+11,0.19,0.67,9.73,9.66,1.22
000016.SH,2023/7/10,18287830868139.0,15487085804945.0,1623339241799.0,1298789455300.0,3.57577E+11,0.19,0.69,9.74,9.67,1.22
000016.SH,2023/7/11,18372745377080.0,15559657399628.0,1623339241799.0,1298795808914.0,3.57584E+11,0.18,0.64,9.79,9.72,1.23
000016.SH,2023/7/12,18339928183155.0,15544285214693.0,1623339241799.0,1298795808914.0,3.57584E+11,0.23,0.85,9.77,9.7,1.23
000016.SH,2023/7/13,18619682905804.0,15794154498575.0,1623339241799.0,1300875933125.0,3.59664E+11,0.26,0.96,9.92,9.85,1.25
000016.SH,2023/7/14,18663038743524.0,15811450777089.0,1623339241799.0,1300875933125.0,3.59664E+11,0.28,1.01,9.94,9.87,1.26
000016.SH,2023/7/17,18373654350540.0,15580823507622.0,1623339376295.0,1300875933125.0,3.59664E+11,0.24,0.88,9.79,9.72,1.24
000016.SH,2023/7/18,18235378187871.0,15463824160049.0,1624499591246.0,1302036148076.0,3.60614E+11,0.2,0.74,9.72,9.65,1.24
000016.SH,2023/7/19,18292224267801.0,15506452241675.0,1624499591246.0,1302036282572.0,3.60614E+11,0.17,0.61,9.75,9.68,1.25
000016.SH,2023/7/20,18192194660289.0,15428219384471.0,1624499479246.0,1302036282572.0,3.60614E+11,0.19,0.68,9.69,9.62,1.24
000016.SH,2023/7/21,18193622355225.0,15438008520926.0,1624499572839.0,1302036376165.0,3.60614E+11,0.17,0.62,9.69,9.62,1.24
000016.SH,2023/7/24,18136763040735.0,15386569884345.0,1624499572839.0,1302036376165.0,3.60619E+11,0.15,0.53,9.66,9.59,1.24
000016.SH,2023/7/25,18645042069926.0,15813595288526.0,1624499631541.0,1302036434867.0,3.60619E+11,0.31,1.12,9.93,9.86,1.27
000016.SH,2023/7/26,18591797041153.0,15772681392811.0,1624499631819.0,1302036435145.0,3.60619E+11,0.2,0.72,9.91,9.83,1.27
000016.SH,2023/7/27,18636976997163.0,15813878338829.0,1624499631819.0,1302036435145.0,3.60619E+11,0.23,0.83,9.93,9.86,1.27
000016.SH,2023/7/28,19131727968975.0,16218639585070.0,1624499631955.0,1302036435281.0,3.60619E+11,0.37,1.35,10.19,10.12,1.31
000016.SH,2023/7/31,19152708766148.0,16235202195075.0,1624499486755.0,1302036435281.0,3.60619E+11,0.4,1.43,10.2,10.13,1.31
000016.SH,2023/8/1,19161580081140.0,16242759710805.0,1624484568375.0,1302036435301.0,3.60619E+11,0.3,1.09,10.21,10.14,1.31
000016.SH,2023/8/2,18868556150105.0,15992937374445.0,1624484773437.0,1302036640363.0,3.60613E+11,0.29,1.03,10.05,9.98,1.29
000016.SH,2023/8/3,19028187238101.0,16123419262495.0,1624484920123.0,1302037281605.0,3.60641E+11,0.26,0.94,10.14,10.04,1.3
000016.SH,2023/8/4,19084961035096.0,16161678556033.0,1624484920123.0,1302037281605.0,3.60642E+11,0.37,1.34,10.17,10.07,1.3
000016.SH,2023/8/7,18999182582025.0,16095182991696.0,1624484920133.0,1302037281615.0,3.60642E+11,0.24,0.88,10.12,10.03,1.3
000016.SH,2023/8/8,18991937030288.0,16089772234018.0,1624484851964.0,1302037281615.0,3.60654E+11,0.21,0.76,10.12,10.02,1.29
000016.SH,2023/8/9,18978072546012.0,16083087887185.0,1624485084586.0,1302037514237.0,3.60654E+11,0.18,0.67,10.11,10.01,1.29
000016.SH,2023/8/10,19010450941643.0,16101060706778.0,1624485084586.0,1302037514237.0,3.61054E+11,0.19,0.68,10.13,10.03,1.29
000016.SH,2023/8/11,18593593022619.0,15747883215922.0,1624485084586.0,1302037514237.0,3.61054E+11,0.28,1,9.91,9.81,1.27
000016.SH,2023/8/14,18461553575839.0,15629839816932.0,1624485132724.0,1302037562375.0,3.61054E+11,0.26,0.93,9.84,9.74,1.26
000016.SH,2023/8/15,18530323282715.0,15681162436209.0,1624485132724.0,1302037562375.0,3.60244E+11,0.21,0.77,9.87,9.78,1.26
000016.SH,2023/8/16,18389045291600.0,15570822673369.0,1624485132724.0,1302037562375.0,3.60244E+11,0.2,0.71,9.8,9.71,1.25
000016.SH,2023/8/17,18395808958577.0,15587459898612.0,1624485132724.0,1302037562375.0,3.60244E+11,0.19,0.69,9.8,9.71,1.25
000016.SH,2023/8/18,18265403964922.0,15471265541313.0,1624485132724.0,1302037562375.0,3.60244E+11,0.2,0.73,9.73,9.65,1.24
000016.SH,2023/8/21,18014925528858.0,15260255366814.0,1624485132724.0,1302037562375.0,3.60244E+11,0.22,0.8,9.6,9.52,1.23
000016.SH,2023/8/22,18231481640680.0,15422812480265.0,1624485240315.0,1302037669966.0,3.6025E+11,0.32,1.15,9.71,9.65,1.24
000016.SH,2023/8/23,18069030629756.0,15284104417726.0,1624485240315.0,1302037669966.0,3.60251E+11,0.23,0.82,9.63,9.56,1.23
000016.SH,2023/8/24,18104560343530.0,15333065891474.0,1624485240315.0,1302037669966.0,3.60253E+11,0.28,1.02,9.65,9.64,1.23
000016.SH,2023/8/25,18171713924618.0,15386519553227.0,1624485240315.0,1302037669966.0,3.60253E+11,0.23,0.84,9.68,9.67,1.24
000016.SH,2023/8/28,18429711926367.0,15594993058187.0,1624485240315.0,1302037669966.0,3.60253E+11,0.42,1.51,9.82,9.87,1.25
000016.SH,2023/8/29,18421650109210.0,15593573780590.0,1624485240315.0,1302037669966.0,3.61511E+11,0.31,1.1,9.82,9.87,1.25
000016.SH,2023/8/30,18366942086658.0,15556979404622.0,1624485240315.0,1302037669966.0,3.61511E+11,0.28,0.99,9.79,10.02,1.23
000016.SH,2023/8/31,18302190227860.0,15504453337325.0,1624485240315.0,1302037669966.0,3.61472E+11,0.23,0.82,9.75,10.06,1.21
000016.SH,2023/9/1,18446521875232.0,15620447105767.0,1624486213205.0,1302038642856.0,3.60963E+11,0.22,0.81,9.83,10.14,1.22
000016.SH,2023/9/4,18778767789836.0,15892619349451.0,1624486543477.0,1302038973128.0,3.60964E+11,0.31,1.13,10.01,10.32,1.24
000016.SH,2023/9/5,18658840321546.0,15803528471325.0,1624486751478.0,1302039181129.0,3.60964E+11,0.2,0.74,9.94,10.26,1.23
000016.SH,2023/9/6,18676574466938.0,15812797387905.0,1624487131428.0,1302039561079.0,3.60964E+11,0.18,0.66,9.95,10.27,1.24
000016.SH,2023/9/7,18576272816631.0,15721553410957.0,1624487172092.0,1302039601743.0,3.60864E+11,0.19,0.7,9.9,10.21,1.23
000016.SH,2023/9/8,18462002189882.0,15614515727392.0,1624487172092.0,1302039601743.0,3.60864E+11,0.14,0.5,9.84,10.15,1.22
000016.SH,2023/9/11,18553388952921.0,15696733451598.0,1624454484092.0,1302039601743.0,3.60864E+11,0.19,0.68,9.89,10.2,1.23
000016.SH,2023/9/12,18519528540892.0,15665566075532.0,1624454484092.0,1302039601743.0,3.60864E+11,0.16,0.57,9.87,10.18,1.23
000016.SH,2023/9/13,18529983248768.0,15674672822079.0,1624454671942.0,1302039789593.0,3.60864E+11,0.19,0.67,9.87,10.19,1.23
000016.SH,2023/9/14,18632298179561.0,15751727760389.0,1624456178916.0,1302042056416.0,3.60866E+11,0.24,0.87,9.93,10.24,1.23
000016.SH,2023/9/15,18477685335799.0,15617780245109.0,1624456193495.0,1302042070995.0,3.60923E+11,0.26,0.93,9.85,10.16,1.22
000016.SH,2023/9/18,18556145348731.0,15701128236395.0,1624456193495.0,1302042070995.0,3.60923E+11,0.2,0.7,9.89,10.2,1.23
000016.SH,2023/9/19,18630406401532.0,15760371405547.0,1624456293571.0,1302042171071.0,3.60928E+11,0.18,0.64,9.93,10.24,1.23
000016.SH,2023/9/20,18559356744324.0,15703809176629.0,1624456293571.0,1302042171071.0,3.60928E+11,0.18,0.63,9.89,10.2,1.23
000016.SH,2023/9/21,18396427298631.0,15554329211998.0,1624456293571.0,1302042171071.0,3.60928E+11,0.18,0.66,9.8,10.11,1.22
000016.SH,2023/9/22,18744358978226.0,15854700260034.0,1624456326831.0,1302042204331.0,3.60928E+11,0.25,0.91,9.99,10.3,1.24
000016.SH,2023/9/25,18604093270654.0,15749365689505.0,1624456698431.0,1302237349254.0,3.60928E+11,0.2,0.71,9.91,10.23,1.24
000016.SH,2023/9/26,18496407258558.0,15665236063522.0,1624456698431.0,1302237349254.0,3.60928E+11,0.18,0.65,9.86,10.17,1.23
000016.SH,2023/9/27,18485308723674.0,15656062965251.0,1624457189643.0,1302237840466.0,3.60928E+11,0.21,0.76,9.85,10.16,1.23
000016.SH,2023/9/28,18417095584537.0,15601450241442.0,1624457189643.0,1302237840466.0,3.60928E+11,0.19,0.69,9.81,10.12,1.22
000016.SH,2023/10/9,18369013691457.0,15555259165772.0,1624468927621.0,1302238199244.0,3.60929E+11,0.21,0.76,9.79,10.09,1.22
000016.SH,2023/10/10,18239483293127.0,15447047926115.0,1624470089543.0,1302239361166.0,3.60909E+11,0.22,0.8,9.72,10.02,1.21
000016.SH,2023/10/11,18276274831092.0,15482711311738.0,1624470149622.0,1302239421245.0,3.60888E+11,0.2,0.73,9.74,10.04,1.21
000016.SH,2023/10/12,18492319540583.0,15646983877003.0,1624469479622.0,1302239421245.0,3.60824E+11,0.26,0.93,9.85,10.16,1.23
000016.SH,2023/10/13,18386133504748.0,15547771934853.0,1624469479622.0,1302239421245.0,3.60824E+11,0.2,0.71,9.8,10.1,1.22
000016.SH,2023/10/16,18332394144624.0,15487504128030.0,1624469479622.0,1302239421245.0,3.60824E+11,0.19,0.7,9.77,10.07,1.22
000016.SH,2023/10/17,18439468546707.0,15566154004262.0,1624469479622.0,1302239421245.0,3.35931E+11,0.18,0.7,9.82,10.13,1.22
000016.SH,2023/10/18,18407349075409.0,15535467092773.0,1624469479639.0,1302239421262.0,3.35896E+11,0.19,0.73,9.81,10.11,1.22
000016.SH,2023/10/19,17904759368508.0,15106546922705.0,1624469479639.0,1302239421262.0,3.33673E+11,0.24,0.93,9.54,9.83,1.19
000016.SH,2023/10/20,17758620087985.0,15000681560135.0,1624466119639.0,1302239421262.0,3.33673E+11,0.21,0.84,9.46,9.75,1.18
000016.SH,2023/10/23,17659800550934.0,14913900608356.0,1624466143872.0,1302239445495.0,3.33673E+11,0.2,0.79,9.41,9.68,1.17
000016.SH,2023/10/24,17678063892237.0,14937509544354.0,1624466143872.0,1302239445495.0,3.33674E+11,0.24,0.94,9.42,9.7,1.17
000016.SH,2023/10/25,17588330468476.0,14882935768228.0,1624466119515.0,1302269019095.0,3.30513E+11,0.31,1.21,9.37,9.65,1.17
000016.SH,2023/10/26,17702091556761.0,14976886587202.0,1624465748902.0,1302269019095.0,3.30513E+11,0.22,0.86,9.43,9.75,1.17
000016.SH,2023/10/27,17768425119924.0,15047715347239.0,1624465748902.0,1302269019095.0,3.30502E+11,0.24,0.96,9.47,9.79,1.18
000016.SH,2023/10/30,17625159075453.0,14955788955559.0,1624465748902.0,1303073455156.0,3.32502E+11,0.3,1.19,9.39,9.68,1.15
000016.SH,2023/10/31,17657310674634.0,14978563162320.0,1624465748902.0,1303073455156.0,3.32475E+11,0.24,0.94,9.41,9.81,1.15
000016.SH,2023/11/1,17738767672390.0,15065005974683.0,1624465748902.0,1303073455156.0,3.32564E+11,0.2,0.78,9.45,9.85,1.15
000016.SH,2023/11/2,17749392253761.0,15073725561477.0,1624465749170.0,1303073455424.0,3.32564E+11,0.19,0.76,9.46,9.86,1.15
000016.SH,2023/11/3,17838506852464.0,15157866124185.0,1624465848703.0,1303073554957.0,3.32564E+11,0.19,0.73,9.5,9.91,1.16
000016.SH,2023/11/6,17860332160583.0,15175493231141.0,1624465848703.0,1303073554957.0,3.29698E+11,0.3,1.2,9.52,9.92,1.16
000016.SH,2023/11/7,17791701571765.0,15120220719352.0,1624466299708.0,1303074005962.0,3.29699E+11,0.2,0.77,9.48,9.88,1.15
000016.SH,2023/11/8,17721067631880.0,15069433434467.0,1624466299708.0,1303074005962.0,3.29699E+11,0.2,0.77,9.44,9.84,1.15
000016.SH,2023/11/9,17784448617137.0,15125865012373.0,1624497543929.0,1303074555336.0,3.29699E+11,0.22,0.86,9.48,9.88,1.15
000016.SH,2023/11/10,17649601122550.0,15016398597698.0,1624497543929.0,1303105555336.0,3.2973E+11,0.19,0.74,9.4,9.8,1.14
000016.SH,2023/11/13,17631561468208.0,14995834517688.0,1624497623109.0,1303105634516.0,3.2973E+11,0.18,0.71,9.39,9.79,1.14
000016.SH,2023/11/14,17620469685933.0,14980613743107.0,1624497623109.0,1303105634516.0,3.29741E+11,0.18,0.71,9.39,9.78,1.14
000016.SH,2023/11/15,17761785311126.0,15101052211438.0,1624496761259.0,1303105634516.0,3.28986E+11,0.19,0.75,9.46,9.86,1.15
000016.SH,2023/11/16,17638365935016.0,14998202687765.0,1624496761259.0,1303105634516.0,3.28986E+11,0.17,0.67,9.4,9.79,1.14
000016.SH,2023/11/17,17572008888018.0,14944924513785.0,1624496554859.0,1303105634516.0,3.28989E+11,0.17,0.68,9.36,9.76,1.14
000016.SH,2023/11/20,17629826607366.0,14996053573934.0,1624455087859.0,1303105634516.0,3.28963E+11,0.16,0.65,9.39,9.79,1.14
000016.SH,2023/11/21,17707810760365.0,15067159859442.0,1624455087859.0,1303105634516.0,3.28963E+11,0.2,0.8,9.43,9.83,1.15
000016.SH,2023/11/22,17608504700861.0,14974458585340.0,1624455087859.0,1303105634516.0,3.28963E+11,0.17,0.66,9.38,9.78,1.14
000016.SH,2023/11/23,17663909744842.0,15019198114071.0,1624454958359.0,1303105634516.0,3.28963E+11,0.15,0.6,9.41,9.81,1.15
000016.SH,2023/11/24,17584885308782.0,14953310367065.0,1624454958359.0,1303105634516.0,3.28963E+11,0.16,0.62,9.37,9.76,1.14
000016.SH,2023/11/27,17456785274949.0,14850330441409.0,1624454958359.0,1303105634516.0,3.28963E+11,0.21,0.82,9.3,9.69,1.13
000016.SH,2023/11/28,17442641364584.0,14842496681029.0,1624454958359.0,1303105634516.0,3.28963E+11,0.15,0.61,9.29,9.69,1.13
000016.SH,2023/11/29,17351599383804.0,14770218752111.0,1624394979253.0,1303045655410.0,3.28903E+11,0.2,0.78,9.25,9.64,1.13
000016.SH,2023/11/30,17453613882484.0,14853129229169.0,1624394979253.0,1303045655410.0,3.28903E+11,0.2,0.78,9.3,9.69,1.13
000016.SH,2023/12/1,17380342599030.0,14777886172779.0,1624394982058.0,1303045655410.0,3.28903E+11,0.22,0.86,9.26,9.65,1.13
000016.SH,2023/12/4,17279245184025.0,14691640813910.0,1624394982100.0,1303045655452.0,3.28903E+11,0.18,0.7,9.21,9.6,1.12
000016.SH,2023/12/5,16964957421872.0,14421488398108.0,1624395348439.0,1303046021791.0,3.28903E+11,0.19,0.77,9.04,9.42,1.1
000016.SH,2023/12/6,16859729913485.0,14333484645117.0,1624395348439.0,1303046021791.0,3.28888E+11,0.24,0.93,8.98,9.36,1.09
000016.SH,2023/12/7,16827284696347.0,14305793616132.0,1624395348950.0,1303046025107.0,3.28888E+11,0.2,0.79,8.97,9.34,1.09
000016.SH,2023/12/8,16888617155014.0,14358387608404.0,1624395348950.0,1303046807207.0,3.28889E+11,0.26,1.02,9,9.38,1.1
000016.SH,2023/12/11,18595757527929.0,15370122489335.0,1884887739532.0,1488240786510.0,3.33583E+11,0.24,1.05,8.75,9.07,1.05
000016.SH,2023/12/12,18745081631941.0,15489896281974.0,1884887739532.0,1488240786510.0,3.33583E+11,0.19,0.86,8.82,9.14,1.05
000016.SH,2023/12/13,18452723666338.0,15240284186699.0,1884887739532.0,1488240786510.0,3.33583E+11,0.17,0.75,8.68,9,1.04
000016.SH,2023/12/14,18366468421068.0,15169882337508.0,1884887739532.0,1488240786510.0,3.33583E+11,0.14,0.62,8.64,8.95,1.03
000016.SH,2023/12/15,18288519001239.0,15106311153882.0,1884887739532.0,1488240786510.0,3.34348E+11,0.18,0.82,8.61,8.92,1.03
000016.SH,2023/12/18,18380469814640.0,15183655830248.0,1884887739532.0,1488240786510.0,3.34343E+11,0.17,0.77,8.65,8.96,1.03
000016.SH,2023/12/19,18430319323154.0,15218949426654.0,1884887739532.0,1488240786510.0,3.34343E+11,0.15,0.66,8.67,8.99,1.04
000016.SH,2023/12/20,18309011855401.0,15118682487216.0,1884887739532.0,1488240786510.0,3.34343E+11,0.17,0.75,8.62,8.93,1.03
000016.SH,2023/12/21,18418898318099.0,15216765510134.0,1884887739532.0,1488240786510.0,3.34343E+11,0.19,0.86,8.67,8.98,1.04
000016.SH,2023/12/22,18505129520056.0,15289900584802.0,1884887739532.0,1488240786510.0,3.34343E+11,0.2,0.89,8.71,9.02,1.04
000016.SH,2023/12/25,18548337575396.0,15343879141425.0,1884373271532.0,1488097286510.0,3.34195E+11,0.13,0.58,8.73,9.04,1.04
000016.SH,2023/12/26,18515063302194.0,15316999870861.0,1884373151532.0,1488097286510.0,3.34193E+11,0.13,0.6,8.71,9.03,1.04
000016.SH,2023/12/27,18586779541854.0,15370459377149.0,1884373151532.0,1488097286510.0,3.34193E+11,0.18,0.8,8.75,9.06,1.05
000016.SH,2023/12/28,18810361819099.0,15570267841535.0,1884373151532.0,1488097286510.0,3.34193E+11,0.29,1.28,8.85,9.17,1.06
000016.SH,2023/12/29,18859062021120.0,15612997733014.0,1884373151532.0,1488097286510.0,3.34193E+11,0.2,0.91,8.88,9.19,1.06
000016.SH,2024/1/2,18731864934609.0,15490828936325.0,1884373164942.0,1488097286510.0,3.34169E+11,0.21,0.94,8.82,9.13,1.06
000016.SH,2024/1/3,18831870816718.0,15572188050660.0,1884373524768.0,1488097646336.0,3.34169E+11,0.2,0.88,8.86,9.18,1.06
000016.SH,2024/1/4,18799810933676.0,15541657406280.0,1884374320066.0,1488098441634.0,3.3417E+11,0.22,0.96,8.85,9.17,1.06
000016.SH,2024/1/5,18722774291010.0,15480166607462.0,1884374320066.0,1488098441634.0,3.34171E+11,0.24,1.07,8.81,9.13,1.05
000016.SH,2024/1/8,18563306210936.0,15349943193669.0,1884374374896.0,1488098441634.0,3.34171E+11,0.21,0.94,8.74,9.05,1.05
000016.SH,2024/1/9,18569118415838.0,15361922780521.0,1884374794614.0,1488098861352.0,3.34171E+11,0.2,0.91,8.74,9.05,1.05
000016.SH,2024/1/10,18440508024728.0,15273856971183.0,1884374794626.0,1488098861364.0,3.34171E+11,0.17,0.77,8.68,8.99,1.04
000016.SH,2024/1/11,18353195704204.0,15204591555351.0,1884266177856.0,1487990699444.0,3.34063E+11,0.21,0.91,8.64,8.94,1.03
000016.SH,2024/1/12,18369695696617.0,15229748612550.0,1884266717575.0,1487991239163.0,3.34063E+11,0.17,0.78,8.65,8.95,1.03
000016.SH,2024/1/15,18437799124592.0,15273283743769.0,1884266717575.0,1487991239163.0,3.34063E+11,0.16,0.71,8.68,8.98,1.04
000016.SH,2024/1/16,18533673159160.0,15347515334082.0,1884266717575.0,1487991239163.0,3.34063E+11,0.19,0.86,8.72,9.03,1.04
000016.SH,2024/1/17,18188629380777.0,15049479628754.0,1884266717575.0,1487991239163.0,3.34063E+11,0.21,0.92,8.56,8.86,1.02
000016.SH,2024/1/18,18387500847741.0,15218173500492.0,1884266717575.0,1487991239163.0,3.34063E+11,0.37,1.64,8.65,8.96,1.04
000016.SH,2024/1/19,18396887789725.0,15227504935482.0,1884257126433.0,1487991313646.0,3.34063E+11,0.24,1.07,8.66,8.96,1.04
000016.SH,2024/1/22,18312943756546.0,15152430204333.0,1884257126433.0,1487991313646.0,3.3393E+11,0.3,1.34,8.62,8.93,1.03
000016.SH,2024/1/23,18276625558679.0,15120196537837.0,1884257126433.0,1487997115521.0,3.3393E+11,0.23,1.02,8.6,8.91,1.03
000016.SH,2024/1/24,18646930124098.0,15414770315602.0,1884257126433.0,1487997115521.0,3.3393E+11,0.3,1.32,8.78,9.09,1.05
000016.SH,2024/1/25,19195637355045.0,15849338954818.0,1884257126433.0,1487997115521.0,3.3393E+11,0.42,1.86,9.03,9.35,1.08
000016.SH,2024/1/26,19366061289018.0,15997660733304.0,1884257126433.0,1487997115521.0,3.3393E+11,0.39,1.75,9.11,9.44,1.09
000016.SH,2024/1/29,19367578841052.0,15995198242723.0,1884257126715.0,1487997115803.0,3.3393E+11,0.4,1.78,9.11,9.44,1.09
000016.SH,2024/1/30,19146197635009.0,15817467531169.0,1884257126715.0,1487997115803.0,3.3393E+11,0.29,1.3,9.01,9.33,1.07
000016.SH,2024/1/31,19113816502941.0,15773639434947.0,1884257126715.0,1487997115803.0,3.3393E+11,0.29,1.29,9,9.31,1.07
000016.SH,2024/2/1,18983295738265.0,15672516373418.0,1884257126757.0,1487997115845.0,3.33917E+11,0.27,1.19,8.93,9.25,1.06
000016.SH,2024/2/2,18947427987467.0,15629154272783.0,1884257154710.0,1488027355496.0,3.33947E+11,0.34,1.52,8.92,9.23,1.06
000016.SH,2024/2/5,19267667775347.0,15891289184193.0,1884257338988.0,1488027604349.0,3.33952E+11,0.4,1.78,9.07,9.38,1.08
000016.SH,2024/2/6,19622820383322.0,16189448090647.0,1884257338988.0,1488027604349.0,3.33952E+11,0.39,1.75,9.23,9.56,1.1
000016.SH,2024/2/7,19718865578049.0,16296689435912.0,1884257441154.0,1488027659415.0,3.33952E+11,0.44,1.94,9.28,9.61,1.11
000016.SH,2024/2/8,19712417525600.0,16288081049267.0,1884257441154.0,1488027659415.0,3.33952E+11,0.34,1.51,9.28,9.61,1.11
000016.SH,2024/2/19,20069721404897.0,16561329078233.0,1884257441154.0,1488027659415.0,3.33952E+11,0.35,1.56,9.45,9.78,1.13
000016.SH,2024/2/20,20080704733723.0,16584415787559.0,1884257441154.0,1488488620627.0,3.34413E+11,0.25,1.12,9.45,9.79,1.13
000016.SH,2024/2/21,20359571617454.0,16829184873827.0,1884257441154.0,1488488620627.0,3.34413E+11,0.34,1.5,9.58,9.92,1.14
000016.SH,2024/2/22,20618742415526.0,17043351548110.0,1884302998678.0,1488488620651.0,3.36802E+11,0.25,1.12,9.7,10.05,1.16
000016.SH,2024/2/23,20618743834116.0,17047259902694.0,1884302998678.0,1488544531489.0,3.36858E+11,0.27,1.19,9.7,10.05,1.16
000016.SH,2024/2/26,20188744471108.0,16697752775015.0,1884302998678.0,1488544531489.0,3.36858E+11,0.28,1.23,9.5,9.84,1.13
000016.SH,2024/2/27,20265518520718.0,16746654725948.0,1884303252893.0,1488544531489.0,3.36858E+11,0.23,1,9.54,9.88,1.14
000016.SH,2024/2/28,20151663908945.0,16667499724092.0,1884303252893.0,1488544531489.0,3.36858E+11,0.3,1.33,9.48,9.82,1.13
000016.SH,2024/2/29,20320702354055.0,16804072175693.0,1884003690893.0,1488544531489.0,3.36858E+11,0.24,1.04,9.56,9.91,1.14
000016.SH,2024/3/1,20324419972782.0,16802656939946.0,1884003482213.0,1488544531710.0,3.36858E+11,0.23,1.02,9.56,9.91,1.14
000016.SH,2024/3/4,20400187396534.0,16874188004899.0,1884003482289.0,1488544625704.0,3.36858E+11,0.27,1.2,9.6,9.94,1.14
000016.SH,2024/3/5,20657692245600.0,17093901663794.0,1883889956288.0,1488544632703.0,3.36858E+11,0.3,1.3,9.72,10.07,1.16
000016.SH,2024/3/6,20492167649055.0,16957180441564.0,1883889956288.0,1488544632703.0,3.36858E+11,0.26,1.15,9.64,9.99,1.15
000016.SH,2024/3/7,20493677635167.0,16962630805432.0,1883889987235.0,1488544716332.0,3.36853E+11,0.26,1.14,9.64,9.99,1.15
000016.SH,2024/3/8,20504602078468.0,16959630039844.0,1883889987235.0,1488544716332.0,3.36856E+11,0.23,1.04,9.65,9.99,1.15
000016.SH,2024/3/11,20512249161899.0,16975405330533.0,1883888421069.0,1488559572898.0,3.36871E+11,0.26,1.16,9.65,10,1.15
000016.SH,2024/3/12,20345307777115.0,16867077682053.0,1883888421069.0,1488559572898.0,3.36871E+11,0.34,1.5,9.57,9.92,1.14
000016.SH,2024/3/13,20178818616932.0,16735027812686.0,1883888421069.0,1488575125520.0,3.36887E+11,0.25,1.1,9.5,9.83,1.13
000016.SH,2024/3/14,20195744026522.0,16748296456140.0,1883885010069.0,1488575125520.0,3.36887E+11,0.25,1.09,9.5,9.85,1.13
000016.SH,2024/3/15,20207789008771.0,16760395539189.0,1883885010069.0,1488575125520.0,3.36887E+11,0.22,0.98,9.51,9.86,1.13
000016.SH,2024/3/18,20266382670296.0,16796851272905.0,1883885010069.0,1488575125520.0,3.36887E+11,0.25,1.1,9.54,9.88,1.14
000016.SH,2024/3/19,20119781024455.0,16685324879499.0,1883884427769.0,1488575125520.0,3.36887E+11,0.23,1.02,9.46,9.81,1.13
000016.SH,2024/3/20,20290589137948.0,16810710137393.0,1886254590609.0,1488554850113.0,3.36829E+11,0.21,0.92,9.54,9.9,1.14
000016.SH,2024/3/21,20308824899302.0,16828196395135.0,1886254638631.0,1488554898135.0,3.36849E+11,0.2,0.87,9.55,9.91,1.14
000016.SH,2024/3/22,20183495480739.0,16730339499667.0,1886254642031.0,1488555002911.0,3.36829E+11,0.23,1.01,9.48,9.89,1.13
000016.SH,2024/3/25,20233129573499.0,16774327956580.0,1886254666016.0,1488555026896.0,3.36829E+11,0.23,1.02,9.57,9.91,1.13
000016.SH,2024/3/26,20321088249807.0,16850600407490.0,1886254672816.0,1488555033696.0,3.36829E+11,0.21,0.93,9.52,9.95,1.14
000016.SH,2024/3/27,20276029748796.0,16806346203351.0,1886254702563.0,1488555063443.0,3.36844E+11,0.22,0.95,9.49,9.93,1.13
000016.SH,2024/3/28,20226505732949.0,16759439419621.0,1886254997653.0,1488555064743.0,3.36592E+11,0.25,1.1,9.49,9.88,1.12
000016.SH,2024/3/29,20454182673705.0,16949589342436.0,1886255000930.0,1488555068020.0,3.37508E+11,0.23,1.01,10.01,10.06,1.12
000016.SH,2024/4/1,20599694802521.0,17071937775362.0,1886255000930.0,1488555068020.0,3.36838E+11,0.24,1.08,10.09,10.14,1.13
000016.SH,2024/4/2,20653737197865.0,17114776077038.0,1886255101159.0,1488555168249.0,3.36838E+11,0.24,1.06,10.12,10.16,1.14
000016.SH,2024/4/3,20663092053634.0,17125761399263.0,1886255107555.0,1488555174645.0,3.36838E+11,0.21,0.95,10.06,10.15,1.13
000016.SH,2024/4/8,20628085158631.0,17091701053259.0,1886258476556.0,1488555174645.0,3.36838E+11,0.27,1.18,10.05,10.13,1.13
000016.SH,2024/4/9,20478839889640.0,16971555316785.0,1886258476556.0,1488555174645.0,3.36838E+11,0.24,1.06,10,10.08,1.12
000016.SH,2024/4/10,20475412821729.0,16971646492805.0,1886258476556.0,1488555174645.0,3.36838E+11,0.23,1,10,10.08,1.12
000016.SH,2024/4/11,20446624869744.0,16953025443761.0,1886258476556.0,1488555174645.0,3.36838E+11,0.21,0.93,9.98,10.06,1.12
000016.SH,2024/4/12,20317891098931.0,16843562386100.0,1886258476556.0,1488555174645.0,3.36838E+11,0.22,0.96,9.92,10,1.12
000016.SH,2024/4/15,20823057191430.0,17262481123107.0,1886258476556.0,1488555174645.0,3.36838E+11,0.34,1.49,10.16,10.25,1.14
000016.SH,2024/4/16,20851074351378.0,17283293884178.0,1886258476556.0,1488555174645.0,3.36838E+11,0.32,1.39,10.18,10.26,1.14
000016.SH,2024/4/17,21034255306578.0,17422852067649.0,1886258476556.0,1488555174645.0,3.36838E+11,0.31,1.36,10.27,10.35,1.15
000016.SH,2024/4/18,21033523558903.0,17418695045742.0,1886258476556.0,1488555174645.0,3.36838E+11,0.31,1.38,10.26,10.35,1.15
000016.SH,2024/4/19,21052544686046.0,17428087262196.0,1886258476556.0,1488555174645.0,3.36834E+11,0.26,1.15,10.28,10.34,1.15
000016.SH,2024/4/22,20889303077672.0,17301802957254.0,1886258476556.0,1488555174645.0,3.36834E+11,0.27,1.2,10.21,10.27,1.15
000016.SH,2024/4/23,20779819530284.0,17219985246081.0,1886258476556.0,1488555174645.0,3.36573E+11,0.25,1.13,10.18,10.21,1.14
000016.SH,2024/4/24,20843384983843.0,17266497500010.0,1886258356556.0,1488555174645.0,3.36573E+11,0.2,0.87,10.22,10.25,1.14
000016.SH,2024/4/25,20952323498580.0,17351560890282.0,1886260840720.0,1488555174645.0,3.36573E+11,0.19,0.84,10.27,10.28,1.15
000016.SH,2024/4/26,21047000746481.0,17435862437988.0,1886260840720.0,1488555174645.0,3.36567E+11,0.32,1.42,10.35,10.34,1.15
000016.SH,2024/4/29,21014444655784.0,17406548490214.0,1886260840720.0,1488555174645.0,3.36594E+11,0.36,1.59,10.33,10.3,1.14
000016.SH,2024/4/30,21005971429482.0,17403107198316.0,1886260840720.0,1488555174645.0,3.3658E+11,0.31,1.39,10.37,10.46,1.12
000016.SH,2024/5/6,21080368013563.0,17475303982430.0,1886260840720.0,1488555923790.0,3.35105E+11,0.38,1.67,10.41,10.5,1.12
000016.SH,2024/5/7,21143653437388.0,17534105258386.0,1886248028741.0,1488555985734.0,3.35105E+11,0.26,1.14,10.44,10.53,1.13
000016.SH,2024/5/8,21115235974635.0,17508755675284.0,1886248045150.0,1488556002143.0,3.35104E+11,0.22,0.96,10.42,10.52,1.13
000016.SH,2024/5/9,21149287309062.0,17532973140418.0,1886248052074.0,1488556009067.0,3.35104E+11,0.25,1.12,10.44,10.54,1.13
000016.SH,2024/5/10,21201014796415.0,17570309008002.0,1886248055704.0,1488556012697.0,3.35145E+11,0.27,1.21,10.47,10.57,1.13
000016.SH,2024/5/13,21174529218196.0,17543167301550.0,1886248062463.0,1488556019456.0,3.35145E+11,0.28,1.22,10.45,10.55,1.13
000016.SH,2024/5/14,21085927753193.0,17466921013007.0,1886248070337.0,1488556027330.0,3.35145E+11,0.23,1.01,10.41,10.51,1.12
000016.SH,2024/5/15,20971131577191.0,17376423707562.0,1886248072174.0,1488556029167.0,3.35145E+11,0.2,0.88,10.35,10.45,1.12
000016.SH,2024/5/16,21046338118503.0,17431044063154.0,1886248074186.0,1488560825467.0,3.3515E+11,0.26,1.17,10.39,10.49,1.12
000016.SH,2024/5/17,21295760559587.0,17628931311515.0,1886248080578.0,1488560831859.0,3.3515E+11,0.3,1.32,10.51,10.61,1.13
000016.SH,2024/5/20,21405980800010.0,17720915363062.0,1886248092021.0,1488560843302.0,3.3515E+11,0.31,1.39,10.57,10.67,1.14
000016.SH,2024/5/21,21394869188044.0,17713895654296.0,1886246256003.0,1488560898403.0,3.3515E+11,0.22,0.99,10.56,10.66,1.14
000016.SH,2024/5/22,21391424180206.0,17710722672315.0,1886246270614.0,1488560913014.0,3.3515E+11,0.26,1.14,10.56,10.66,1.14
000016.SH,2024/5/23,21209893406940.0,17559930031364.0,1886246275067.0,1488560917467.0,3.3515E+11,0.24,1.05,10.47,10.57,1.13
000016.SH,2024/5/24,21021047788073.0,17407224760187.0,1886224681287.0,1488539323687.0,3.35128E+11,0.21,0.93,10.38,10.48,1.12
000016.SH,2024/5/27,21260130199799.0,17589948789400.0,1886224704135.0,1488539346535.0,3.35128E+11,0.24,1.07,10.49,10.6,1.13
000016.SH,2024/5/28,21256149976389.0,17592072134318.0,1886224715001.0,1488539357401.0,3.35128E+11,0.22,0.98,10.49,10.59,1.13
000016.SH,2024/5/29,21257681622226.0,17603131872897.0,1886226212541.0,1488539357401.0,3.35128E+11,0.21,0.95,10.49,10.6,1.13
000016.SH,2024/5/30,21082946340055.0,17440269206028.0,1886226212541.0,1488539357401.0,3.35128E+11,0.23,1.03,10.41,10.51,1.12
000016.SH,2024/5/31,20996611068742.0,17365734712492.0,1886226453276.0,1488539357401.0,3.35128E+11,0.19,0.85,10.36,10.47,1.12
000016.SH,2024/6/3,21075893919882.0,17430416111644.0,1886226453276.0,1488539357401.0,3.35128E+11,0.22,0.98,10.4,10.5,1.12
000016.SH,2024/6/4,21102306053145.0,17458969714503.0,1886226453276.0,1488539357401.0,3.35128E+11,0.21,0.95,10.42,10.52,1.12
000016.SH,2024/6/5,21015711789497.0,17384483182761.0,1886226453276.0,1488539598136.0,3.35128E+11,0.2,0.88,10.37,10.47,1.12
000016.SH,2024/6/6,21072284207112.0,17429492026643.0,1886229409808.0,1488542554668.0,3.35126E+11,0.25,1.1,10.4,10.5,1.12
000016.SH,2024/6/7,21004930915746.0,17354030471343.0,1886229423245.0,1488542558185.0,3.35129E+11,0.24,1.09,10.37,10.47,1.12
000016.SH,2024/6/11,20704556223592.0,17160530898063.0,1886229423245.0,1503540558185.0,3.35129E+11,0.28,1.24,10.22,10.32,1.11
000016.SH,2024/6/12,20712685332911.0,17183113829698.0,1886229423267.0,1503540558207.0,3.35129E+11,0.25,1.13,10.22,10.32,1.11
000016.SH,2024/6/13,20661954611778.0,17142341040684.0,1886229423267.0,1503540558207.0,3.35129E+11,0.21,0.92,10.2,10.3,1.11
000016.SH,2024/6/14,20770739434520.0,17227488080807.0,1886229423323.0,1503540558263.0,3.35129E+11,0.27,1.23,10.25,10.35,1.11
000016.SH,2024/6/17,23589451676093.0,17633174801905.0,2061805696101.0,1591444051698.0,3.60757E+11,0.24,1.04,10.13,10.2,1.09
000016.SH,2024/6/18,23649689942175.0,17653893732420.0,2061805696101.0,1591445932863.0,3.60759E+11,0.22,0.98,10.15,10.22,1.1
000016.SH,2024/6/19,23740454653400.0,17684827724348.0,2061805696101.0,1591445932863.0,3.60759E+11,0.21,0.91,10.19,10.26,1.1
000016.SH,2024/6/20,23800646574336.0,17727115639792.0,2061805797478.0,1591445932863.0,3.60759E+11,0.2,0.89,10.22,10.29,1.11
000016.SH,2024/6/21,23724241063777.0,17630445213811.0,2061807029725.0,1591445932863.0,3.60737E+11,0.21,0.92,10.19,10.25,1.1
000016.SH,2024/6/24,23798003168209.0,17703238259348.0,2061807029725.0,1591445932863.0,3.60737E+11,0.22,0.96,10.22,10.29,1.1
000016.SH,2024/6/25,23749964341426.0,17671517861479.0,2061807029725.0,1591447165110.0,3.60738E+11,0.22,0.97,10.2,10.26,1.1
000016.SH,2024/6/26,23752720502981.0,17656115372615.0,2062058929725.0,1591447165110.0,3.60738E+11,0.19,0.83,10.2,10.27,1.11
000016.SH,2024/6/27,23802366770762.0,17648655008679.0,2062058929725.0,1591447165110.0,3.60738E+11,0.23,1.03,10.22,10.29,1.11
000016.SH,2024/6/28,24045651158471.0,17791603624484.0,2062058929725.0,1591447165110.0,3.60738E+11,0.25,1.11,10.32,10.39,1.12
000016.SH,2024/7/1,24216376787102.0,17929907186733.0,2062058929725.0,1591447165110.0,3.60738E+11,0.23,1.01,10.4,10.47,1.13
000016.SH,2024/7/2,24454653344847.0,18100448990871.0,2062058932163.0,1591447167548.0,3.60738E+11,0.23,1.02,10.5,10.57,1.14
000016.SH,2024/7/3,24391833193411.0,18025165992095.0,2062019141627.0,1591447243012.0,3.60738E+11,0.21,0.91,10.47,10.54,1.14
000016.SH,2024/7/4,24396589913839.0,18040659432556.0,2062019141627.0,1591447243012.0,3.60738E+11,0.19,0.85,10.47,10.54,1.14
000016.SH,2024/7/5,24098894665772.0,17814431694499.0,2062034229413.0,1591447243012.0,3.60269E+11,0.25,1.09,10.35,10.42,1.12
000016.SH,2024/7/8,24119764722761.0,17792187704588.0,2062034247013.0,1591447260612.0,3.60269E+11,0.22,0.99,10.36,10.42,1.13
000016.SH,2024/7/9,24263601316772.0,17907020710050.0,2062034247047.0,1591447260646.0,3.60269E+11,0.24,1.04,10.42,10.49,1.13
000016.SH,2024/7/10,24148201169067.0,17834354137579.0,2062034247047.0,1591447260646.0,3.60269E+11,0.22,0.97,10.37,10.44,1.13
000016.SH,2024/7/11,24150212968911.0,17867985048011.0,2062034247047.0,1591447260646.0,3.60269E+11,0.24,1.06,10.37,10.44,1.13
000016.SH,2024/7/12,24338384095279.0,18002044973703.0,2062034714710.0,1591447260646.0,3.60269E+11,0.24,1.06,10.45,10.54,1.14
000016.SH,2024/7/15,24562528202613.0,18157921087024.0,2062034714710.0,1591447260646.0,3.60269E+11,0.22,0.96,10.55,10.64,1.15
000016.SH,2024/7/16,24526337954617.0,18113694186090.0,2062034714710.0,1591447260646.0,3.60269E+11,0.22,0.99,10.53,10.62,1.16
000016.SH,2024/7/17,24415601122738.0,18073778703010.0,2062033365993.0,1591447728309.0,3.6027E+11,0.24,1.05,10.48,10.57,1.16
000016.SH,2024/7/18,24588621444254.0,18157545967707.0,2062033365993.0,1591447728309.0,3.6027E+11,0.22,0.97,10.56,10.65,1.17
000016.SH,2024/7/19,24645127586256.0,18172011084132.0,2062022603793.0,1591447728309.0,3.6027E+11,0.26,1.15,10.58,10.67,1.17
000016.SH,2024/7/22,24312227690014.0,17938222546189.0,2062022069650.0,1591454585106.0,3.60277E+11,0.26,1.16,10.44,10.53,1.16
000016.SH,2024/7/23,24202196754984.0,17819918825997.0,2062022069650.0,1591454585106.0,3.60277E+11,0.26,1.15,10.39,10.48,1.15
000016.SH,2024/7/24,24246561288969.0,17833859124651.0,2062021569650.0,1591454085106.0,3.60276E+11,0.25,1.09,10.41,10.5,1.15
000016.SH,2024/7/25,24005788252604.0,17651206456821.0,2062021569650.0,1591454085106.0,3.60276E+11,0.26,1.13,10.31,10.4,1.14
000016.SH,2024/7/26,23688992627543.0,17491683434571.0,2062021569650.0,1591454085106.0,3.60276E+11,0.25,1.12,10.17,10.26,1.13
000016.SH,2024/7/29,23763702227685.0,17538610161089.0,2062021569650.0,1591454085106.0,3.60276E+11,0.21,0.93,10.2,10.29,1.13
000016.SH,2024/7/30,23620055976067.0,17381665919300.0,2062021569650.0,1591454085106.0,3.60314E+11,0.2,0.9,10.14,10.23,1.12
000016.SH,2024/7/31,23731058795916.0,17530395839650.0,2062021569650.0,1591454085106.0,3.60314E+11,0.31,1.39,10.19,10.28,1.13
000016.SH,2024/8/1,23689166237253.0,17482508136547.0,2062021569650.0,1591454085106.0,3.60314E+11,0.25,1.09,10.17,10.26,1.13
000016.SH,2024/8/2,23597105531566.0,17384454349644.0,2062021569650.0,1591454085106.0,3.60314E+11,0.2,0.88,10.13,10.22,1.12
000016.SH,2024/8/5,23390803323345.0,17244833338093.0,2062021873232.0,1591454388688.0,3.60314E+11,0.25,1.1,10.04,10.13,1.11
000016.SH,2024/8/6,23175866581151.0,17097915515917.0,2062029237558.0,1591454462929.0,3.60314E+11,0.22,0.97,9.95,10.04,1.1
000016.SH,2024/8/7,23191675652193.0,17132493829988.0,2062029310282.0,1591454462953.0,3.60315E+11,0.17,0.75,9.96,10.05,1.1
000016.SH,2024/8/8,23229435865812.0,17168813483370.0,2062029310282.0,1591454462953.0,3.60315E+11,0.14,0.63,9.97,10.06,1.11
000016.SH,2024/8/9,23245012746196.0,17214057541205.0,2062029310282.0,1591454462953.0,3.60315E+11,0.16,0.72,9.98,10.05,1.1
000016.SH,2024/8/12,23235893446923.0,17234098249549.0,2062029310282.0,1591460462953.0,3.60321E+11,0.14,0.62,9.98,10.05,1.1
000016.SH,2024/8/13,23304157422751.0,17268437885652.0,2062029310282.0,1591460462953.0,3.60321E+11,0.16,0.7,10.01,10.08,1.11
000016.SH,2024/8/14,23298347900966.0,17215574387634.0,2062029310282.0,1591460462953.0,3.60321E+11,0.14,0.61,10,10.07,1.11
000016.SH,2024/8/15,23589152420066.0,17412178601287.0,2062029173882.0,1591460462953.0,3.60321E+11,0.18,0.81,10.13,10.2,1.12
000016.SH,2024/8/16,23755192326475.0,17540094198078.0,2062029173882.0,1591460462953.0,3.60321E+11,0.19,0.85,10.2,10.27,1.13
000016.SH,2024/8/19,23973805236818.0,17704053783391.0,2062019543882.0,1591460462953.0,3.60321E+11,0.19,0.86,10.29,10.36,1.14
000016.SH,2024/8/20,23925506619686.0,17657614018020.0,2062019543882.0,1592122712953.0,3.60983E+11,0.19,0.83,10.27,10.34,1.14
000016.SH,2024/8/21,23843799880757.0,17594832953997.0,2062019543882.0,1592122712953.0,3.60768E+11,0.17,0.74,10.24,10.3,1.13
000016.SH,2024/8/22,23969841282942.0,17676195397714.0,2062019543888.0,1592122712959.0,3.60768E+11,0.2,0.86,10.29,10.35,1.14
000016.SH,2024/8/23,24100888631640.0,17773516991271.0,2062019543888.0,1592122712959.0,3.60194E+11,0.18,0.77,10.35,10.37,1.14
000016.SH,2024/8/26,24123917374308.0,17781250486200.0,2062019543888.0,1592122712959.0,3.60194E+11,0.17,0.75,10.36,10.36,1.14
000016.SH,2024/8/27,24321479296048.0,17906612242951.0,2062019543888.0,1592122712959.0,3.60194E+11,0.19,0.86,10.44,10.43,1.15
000016.SH,2024/8/28,24150838165477.0,17766404801138.0,2062019543888.0,1592122712959.0,3.60194E+11,0.19,0.84,10.37,10.36,1.14
000016.SH,2024/8/29,23711528021280.0,17450913985394.0,2062019543888.0,1592122712959.0,3.60196E+11,0.28,1.23,10.18,10.18,1.12
000016.SH,2024/8/30,23640045534958.0,17433572280557.0,2062019544292.0,1592122713363.0,3.60196E+11,0.4,1.77,10.15,10.03,1.12
000016.SH,2024/9/2,23528124664457.0,17361311991330.0,2062019544292.0,1592122713363.0,3.60118E+11,0.29,1.26,10.1,10.03,1.11
000016.SH,2024/9/3,23229166742685.0,17119816077104.0,2062019544292.0,1592122713363.0,3.56946E+11,0.28,1.24,9.97,9.91,1.09
000016.SH,2024/9/4,23004606093412.0,16943542764594.0,2062019544320.0,1592122713391.0,3.56946E+11,0.22,0.99,9.88,9.81,1.07
000016.SH,2024/9/5,22930323396294.0,16901517788792.0,2062025210679.0,1592001233247.0,3.56946E+11,0.19,0.85,9.85,9.78,1.07
000016.SH,2024/9/6,22864185263873.0,16836470463875.0,2062025210679.0,1592001233247.0,3.56825E+11,0.16,0.73,9.82,9.75,1.06
000016.SH,2024/9/9,22565664575498.0,16614152971742.0,2062039960636.0,1592001233247.0,3.56825E+11,0.22,0.96,9.69,9.62,1.05
000016.SH,2024/9/10,22721649284119.0,16707787414169.0,2061985909077.0,1591947181688.0,3.56825E+11,0.19,0.85,9.76,9.69,1.06
000016.SH,2024/9/11,22379199857476.0,16505394596384.0,2061985909077.0,1592893279418.0,3.56785E+11,0.22,0.97,9.61,9.54,1.04
000016.SH,2024/9/12,22328500425690.0,16476112907845.0,2061985909077.0,1592893279418.0,3.56785E+11,0.18,0.79,9.59,9.52,1.04
000016.SH,2024/9/13,22328447500676.0,16439673513538.0,2061984426048.0,1592893279418.0,3.56785E+11,0.17,0.76,9.59,9.52,1.04
000016.SH,2024/9/18,22568002945231.0,16611783728577.0,2061984426048.0,1592893279418.0,3.56785E+11,0.16,0.73,9.69,9.63,1.05
000016.SH,2024/9/19,22537728291776.0,16602209310893.0,2061984426048.0,1592893279418.0,3.56785E+11,0.22,0.98,9.68,9.61,1.05
000016.SH,2024/9/20,22658043578649.0,16660501479478.0,2061984426048.0,1592893279418.0,3.56785E+11,0.23,1.03,9.73,9.66,1.06
000016.SH,2024/9/23,22812317504859.0,16791033790536.0,2061984426048.0,1592893279418.0,3.56785E+11,0.17,0.76,9.79,9.73,1.07
000016.SH,2024/9/24,23839862127182.0,17582492831187.0,2061984426048.0,1592893279418.0,3.56785E+11,0.38,1.69,10.24,10.17,1.11
000016.SH,2024/9/25,24091751146493.0,17801587216681.0,2061984426048.0,1592893279418.0,3.56785E+11,0.43,1.92,10.34,10.28,1.13
000016.SH,2024/9/26,24887560234378.0,18447234325866.0,2061984426048.0,1592893279418.0,3.56785E+11,0.43,1.9,10.69,10.61,1.16
000016.SH,2024/9/27,25109235656411.0,18670797042937.0,2061984426048.0,1592893279418.0,3.56785E+11,0.41,1.82,10.78,10.71,1.17
000016.SH,2024/9/30,26679418095894.0,19828115108092.0,2061984426048.0,1592893279418.0,3.56785E+11,0.96,4.3,11.45,11.38,1.25
000016.SH,2024/10/8,27381057887528.0,20317452256965.0,2061999098457.0,1592894009736.0,3.56785E+11,1.04,4.65,11.76,11.68,1.28
000016.SH,2024/10/9,25937137042012.0,19105608921629.0,2061999100273.0,1592894011552.0,3.56786E+11,0.78,3.49,11.14,11.06,1.21
000016.SH,2024/10/10,26615498359395.0,19642818900988.0,2061999100413.0,1592894011692.0,3.56778E+11,0.73,3.25,11.43,11.35,1.24
000016.SH,2024/10/11,26196298305653.0,19331537093271.0,2061999100413.0,1592894011692.0,3.56778E+11,0.47,2.11,11.25,11.17,1.22
000016.SH,2024/10/14,26721531177783.0,19679261003891.0,2061999100413.0,1592894011692.0,3.56778E+11,0.51,2.26,11.47,11.4,1.25
000016.SH,2024/10/15,26016391549208.0,19162481873857.0,2061999100413.0,1592894011692.0,3.56778E+11,0.37,1.63,11.17,11.1,1.22
000016.SH,2024/10/16,26069133846428.0,19195256075820.0,2061999100413.0,1592894011692.0,3.56778E+11,0.35,1.58,11.19,11.12,1.22
000016.SH,2024/10/17,25744967852859.0,18934995886474.0,2061999100413.0,1592894011692.0,3.56778E+11,0.31,1.4,11.05,10.98,1.2
000016.SH,2024/10/18,26304884144317.0,19304093340794.0,2061999100413.0,1592894011692.0,3.56778E+11,0.44,1.97,11.29,11.22,1.23
000016.SH,2024/10/21,26176463306426.0,19179086550162.0,2061999100413.0,1592894011692.0,3.56778E+11,0.45,2.02,11.24,11.15,1.22
000016.SH,2024/10/22,26204200840999.0,19250003634791.0,2062001954146.0,1592894011692.0,3.56803E+11,0.33,1.46,11.25,11.03,1.22
000016.SH,2024/10/23,26298287250861.0,19352912344194.0,2062001954146.0,1592894011692.0,3.56803E+11,0.35,1.57,11.29,11.06,1.23
000016.SH,2024/10/24,26094293037524.0,19206762248556.0,2062001954146.0,1592894011692.0,3.56803E+11,0.27,1.18,11.2,10.98,1.22
000016.SH,2024/10/25,26014137082995.0,19165044599641.0,2062002853685.0,1592923387292.0,3.56832E+11,0.29,1.31,11.17,10.95,1.21
000016.SH,2024/10/28,25971504419328.0,19138977524972.0,2062002853685.0,1592923387292.0,3.56831E+11,0.34,1.5,11.15,10.93,1.21
000016.SH,2024/10/29,25830138259624.0,19009576649947.0,2061978919064.0,1592900352210.0,3.56833E+11,0.31,1.4,11.09,10.92,1.2
000016.SH,2024/10/30,25497547525420.0,18775305713125.0,2061978919064.0,1592900352210.0,3.57486E+11,0.28,1.24,10.95,10.78,1.18
000016.SH,2024/10/31,25463637175493.0,18742514912330.0,2061978919064.0,1592900352210.0,3.57486E+11,0.34,1.53,10.93,10.37,1.15
000016.SH,2024/11/1,25723729148821.0,18955171831776.0,2061978919064.0,1592900352210.0,3.57231E+11,0.38,1.7,11.04,10.48,1.16
000016.SH,2024/11/4,25827371460112.0,19044298962347.0,2061978919064.0,1592900352210.0,3.57231E+11,0.27,1.2,11.09,10.52,1.17
000016.SH,2024/11/5,26254785475050.0,19349716879007.0,2061982569739.0,1592903873479.0,3.57231E+11,0.35,1.56,11.27,10.69,1.19
000016.SH,2024/11/6,26046330446730.0,19186675468302.0,2061994115840.0,1592903873479.0,3.57235E+11,0.38,1.68,11.18,10.61,1.18
000016.SH,2024/11/7,26778807329757.0,19747396544129.0,2061994120602.0,1592903878241.0,3.57235E+11,0.42,1.88,11.5,10.91,1.21
000016.SH,2024/11/8,26500231548188.0,19531554095243.0,2061994120602.0,1592903878241.0,3.57235E+11,0.43,1.9,11.38,10.79,1.2
000016.SH,2024/11/11,26281869336772.0,19350738480781.0,2061994120602.0,1592903878241.0,3.57236E+11,0.39,1.72,11.28,10.7,1.19
000016.SH,2024/11/12,25898167290722.0,19091275889630.0,2061994120602.0,1592903878241.0,3.57236E+11,0.38,1.68,11.12,10.55,1.17
000016.SH,2024/11/13,26139954924768.0,19217484266644.0,2061995285248.0,1592903878241.0,3.57236E+11,0.39,1.75,11.22,10.64,1.18
000016.SH,2024/11/14,26008335907206.0,19140473542522.0,2061995625723.0,1592903878241.0,3.57236E+11,0.38,1.69,11.17,10.59,1.17
000016.SH,2024/11/15,25876349929162.0,19006346958948.0,2061995753323.0,1592903878241.0,3.57236E+11,0.44,1.96,11.11,10.54,1.17
000016.SH,2024/11/18,26064482806409.0,19171500564732.0,2061995912019.0,1593218366441.0,3.57551E+11,0.57,2.55,11.19,10.61,1.18
000016.SH,2024/11/19,25925514278128.0,19063934861939.0,2061995912019.0,1593218366441.0,3.57551E+11,0.42,1.87,11.13,10.56,1.17
000016.SH,2024/11/20,25948286628591.0,19092029543313.0,2061995912019.0,1593218525137.0,3.57551E+11,0.28,1.26,11.14,10.57,1.17
000016.SH,2024/11/21,25965043659305.0,19117544324119.0,2061994163919.0,1593216777037.0,3.57549E+11,0.23,1.04,11.15,10.57,1.17
000016.SH,2024/11/22,25339378331648.0,18626983942576.0,2061994163919.0,1593216777037.0,3.57549E+11,0.3,1.36,10.88,10.32,1.14
000016.SH,2024/11/25,25245910901209.0,18562193815217.0,2061994310484.0,1593216923602.0,3.57549E+11,0.29,1.28,10.84,10.28,1.14
000016.SH,2024/11/26,25413231743480.0,18664731111918.0,2061994310484.0,1593216923602.0,3.57549E+11,0.25,1.12,10.91,10.35,1.15
000016.SH,2024/11/27,25696805526199.0,18860559385784.0,2061864164289.0,1593086777407.0,3.57419E+11,0.26,1.15,11.03,10.46,1.16
000016.SH,2024/11/28,25572503332739.0,18770519336978.0,2061865001521.0,1593086777407.0,3.57419E+11,0.22,0.96,10.98,10.41,1.15
000016.SH,2024/11/29,25641975894770.0,18815980905578.0,2061865001521.0,1593086777407.0,3.57419E+11,0.27,1.2,11.01,10.44,1.16
000016.SH,2024/12/2,25712681564510.0,18894337747902.0,2061865001521.0,1593090735505.0,3.57423E+11,0.28,1.25,11.04,10.47,1.16
000016.SH,2024/12/3,25936722781344.0,19054581223964.0,2061865001551.0,1593090735535.0,3.57423E+11,0.3,1.33,11.14,10.56,1.17
000016.SH,2024/12/4,26050552787624.0,19116442923721.0,2061867619497.0,1593093353481.0,3.57426E+11,0.3,1.35,11.18,10.61,1.18
000016.SH,2024/12/5,25911766645876.0,19019446442495.0,2061867638497.0,1593093353481.0,3.57426E+11,0.21,0.94,11.13,10.55,1.17
000016.SH,2024/12/6,26159884806905.0,19205962302725.0,2061871436615.0,1593093353481.0,3.57426E+11,0.28,1.23,11.23,10.65,1.18
000016.SH,2024/12/9,26232818896700.0,19271031334954.0,2061871436615.0,1593094095981.0,3.57426E+11,0.29,1.28,11.26,10.68,1.18
000016.SH,2024/12/10,26405303555818.0,19410659074685.0,2061871508478.0,1593094095981.0,3.57426E+11,0.37,1.66,11.34,10.75,1.19
000016.SH,2024/12/11,26235679015600.0,19302479884906.0,2061871508478.0,1593094095981.0,3.57426E+11,0.26,1.14,11.26,10.68,1.18
000016.SH,2024/12/12,26506330567211.0,19494722460446.0,2061873147868.0,1593095735371.0,3.57426E+11,0.26,1.15,11.38,10.79,1.2
000016.SH,2024/12/13,26030723995436.0,19104277991944.0,2061873147868.0,1593095735371.0,3.57428E+11,0.39,1.72,11.18,10.6,1.18
000016.SH,2024/12/16,26808899547086.0,19743468111920.0,2128085741992.0,1655159565732.0,3.83561E+11,0.33,1.41,11.57,10.87,1.21
000016.SH,2024/12/17,26854250343481.0,19803743573910.0,2128085680392.0,1655159565732.0,3.83563E+11,0.27,1.15,11.59,10.88,1.22
000016.SH,2024/12/18,27068855320004.0,19932928628346.0,2128085680392.0,1655159565732.0,3.83563E+11,0.27,1.15,11.69,10.97,1.23
000016.SH,2024/12/19,26936823913073.0,19802266520684.0,2128085680392.0,1655159565732.0,3.83563E+11,0.24,1.05,11.63,10.92,1.22
000016.SH,2024/12/20,26815334632843.0,19693268177377.0,2128085680392.0,1655159565732.0,3.83563E+11,0.26,1.11,11.58,10.87,1.22
000016.SH,2024/12/23,27194807230717.0,19945896373917.0,2128085680392.0,1655159565732.0,3.83563E+11,0.34,1.48,11.74,11.02,1.23
000016.SH,2024/12/24,27528452043429.0,20190797981072.0,2128085680392.0,1655159565732.0,3.83563E+11,0.28,1.21,11.88,11.16,1.25
000016.SH,2024/12/25,27767271152024.0,20340773272638.0,2128076915693.0,1655159565732.0,3.83563E+11,0.31,1.33,11.99,11.25,1.26
000016.SH,2024/12/26,27655327813214.0,20270751215341.0,2128076915693.0,1655159565732.0,3.83563E+11,0.25,1.09,11.94,11.21,1.26
000016.SH,2024/12/27,27631621515521.0,20257427181517.0,2128076915693.0,1655159565732.0,3.83563E+11,0.27,1.17,11.93,11.2,1.25
000016.SH,2024/12/30,27862776056716.0,20397256585282.0,2128100399724.0,1655159565732.0,3.83563E+11,0.27,1.17,12.03,11.29,1.26
000016.SH,2024/12/31,27638137730805.0,20210065971568.0,2127812277724.0,1655159565732.0,3.83563E+11,0.31,1.32,11.93,11.2,1.25
000016.SH,2025/1/2,26889971559278.0,19680905007964.0,2127812277724.0,1655159565732.0,3.83563E+11,0.37,1.59,11.61,10.9,1.22
000016.SH,2025/1/3,26671612339086.0,19528634154403.0,2127817661416.0,1655165685243.0,3.83563E+11,0.31,1.32,11.51,10.81,1.21
000016.SH,2025/1/6,26596861004667.0,19530883452765.0,2127817662396.0,1655309831223.0,3.83713E+11,0.27,1.16,11.48,10.78,1.21
000016.SH,2025/1/7,26693032955942.0,19582786248841.0,2127535073134.0,1655309831223.0,3.83713E+11,0.24,1.02,11.52,10.82,1.21
000016.SH,2025/1/8,26772886749832.0,19629804085743.0,2127535073134.0,1655309831223.0,3.83713E+11,0.28,1.21,11.56,10.85,1.22
000016.SH,2025/1/9,26503425660994.0,19434043369967.0,2127535073134.0,1655309831223.0,3.83713E+11,0.21,0.9,11.44,10.74,1.21
000016.SH,2025/1/10,26301808800972.0,19277366768264.0,2127535073134.0,1655309831223.0,3.83713E+11,0.22,0.94,11.35,10.66,1.2
000016.SH,2025/1/13,26166402042465.0,19197167956290.0,2127535568926.0,1655309831223.0,3.83713E+11,0.24,1.03,11.3,10.61,1.19
000016.SH,2025/1/14,26525881987952.0,19470684530937.0,2129220286133.0,1655309831223.0,3.83713E+11,0.26,1.11,11.45,10.75,1.21
000016.SH,2025/1/15,26499233062679.0,19438664075665.0,2129220286133.0,1655309831223.0,3.83713E+11,0.25,1.07,11.44,10.73,1.2
000016.SH,2025/1/16,26505590752249.0,19436529006748.0,2129219971133.0,1655309831223.0,3.83703E+11,0.24,1.02,11.44,10.72,1.2
000016.SH,2025/1/17,26473000733343.0,19389168506886.0,2129219971133.0,1655309831223.0,3.83703E+11,0.21,0.89,11.43,10.72,1.2
000016.SH,2025/1/20,26395347017112.0,19349511597785.0,2129219971276.0,1655321649522.0,3.83715E+11,0.22,0.95,11.39,10.68,1.2
000016.SH,2025/1/21,26301523998399.0,19299499644030.0,2129219971276.0,1655321649522.0,3.83715E+11,0.21,0.9,11.35,10.65,1.19
000016.SH,2025/1/22,25984382169901.0,19018140010881.0,2129219971276.0,1655321649522.0,3.83715E+11,0.24,1.04,11.22,10.52,1.18
000016.SH,2025/1/23,26281547725032.0,19234806152511.0,2129219971276.0,1655321649522.0,3.83715E+11,0.31,1.34,11.35,10.64,1.2
000016.SH,2025/1/24,26317917244381.0,19271547780543.0,2129219971276.0,1655321649522.0,3.83715E+11,0.23,0.98,11.36,10.66,1.2
000016.SH,2025/1/27,26525148183460.0,19416085659968.0,2129219971276.0,1655321649522.0,3.83715E+11,0.24,1.02,11.45,10.74,1.21
000016.SH,2025/2/5,26179545384259.0,19140469854843.0,2129219971276.0,1655352552326.0,3.83746E+11,0.26,1.13,11.3,10.6,1.19
000016.SH,2025/2/6,26322320545176.0,19238754418321.0,2129122447647.0,1655253467555.0,3.83632E+11,0.24,1.04,11.36,10.66,1.2
000016.SH,2025/2/7,26474643153892.0,19388436871898.0,2129132294980.0,1655253467698.0,3.83632E+11,0.35,1.52,11.43,10.72,1.21
000016.SH,2025/2/10,26597724492110.0,19429743035114.0,2129132294980.0,1655253467698.0,3.83632E+11,0.34,1.46,11.48,10.77,1.21
000016.SH,2025/2/11,26648660478838.0,19468984183868.0,2129132294980.0,1655253467698.0,3.83632E+11,0.31,1.35,11.5,10.79,1.21
000016.SH,2025/2/12,26856004274398.0,19619850584223.0,2129132294980.0,1655253467698.0,3.83534E+11,0.27,1.16,11.6,10.88,1.22
000016.SH,2025/2/13,26858325057243.0,19647165661535.0,2129132294980.0,1655253467698.0,3.83534E+11,0.28,1.21,11.6,10.88,1.22
000016.SH,2025/2/14,27024565144347.0,19751780579781.0,2129132294980.0,1655253467698.0,3.83534E+11,0.34,1.47,11.67,10.94,1.23
000016.SH,2025/2/17,27064444600144.0,19749278749534.0,2129132295080.0,1655253467798.0,3.83534E+11,0.42,1.81,11.69,10.96,1.23
000016.SH,2025/2/18,27024719036699.0,19741170900377.0,2129133627984.0,1655253467798.0,3.83534E+11,0.39,1.7,11.67,10.94,1.23
000016.SH,2025/2/19,27021255361857.0,19736250231824.0,2129133627984.0,1655253467798.0,3.83534E+11,0.34,1.47,11.67,10.94,1.23
000016.SH,2025/2/20,26872456808787.0,20114655053989.0,2129133627984.0,1712630521115.0,3.83534E+11,0.28,1.25,11.61,10.88,1.22
000016.SH,2025/2/21,27120623559187.0,20229790514840.0,2129133627984.0,1712630521115.0,3.83704E+11,0.4,1.78,11.71,10.98,1.23
000016.SH,2025/2/24,26962522756614.0,20153658717696.0,2129133627984.0,1712630521115.0,3.83704E+11,0.4,1.79,11.64,10.92,1.23
000016.SH,2025/2/25,26634210083821.0,19935438069627.0,2129134487465.0,1712631380596.0,3.83714E+11,0.31,1.39,11.5,10.79,1.21
000016.SH,2025/2/26,26778512794659.0,20050561615887.0,2129140062465.0,1712631380596.0,3.83714E+11,0.3,1.35,11.57,10.84,1.22
000016.SH,2025/2/27,26901809789381.0,20168546162906.0,2129140210826.0,1712631380596.0,3.85048E+11,0.31,1.39,11.62,10.89,1.22
000016.SH,2025/2/28,26558650692358.0,19921762566596.0,2129140210826.0,1712631380596.0,3.85091E+11,0.33,1.46,11.47,10.75,1.21
000016.SH,2025/3/3,26451226429129.0,19856231345311.0,2129140210826.0,1712631380596.0,3.85091E+11,0.29,1.29,11.42,10.71,1.2
000016.SH,2025/3/4,26319882558694.0,19730845701469.0,2129140211014.0,1712631380784.0,3.85157E+11,0.24,1.09,11.36,10.66,1.2
000016.SH,2025/3/5,26583518463922.0,19914485110578.0,2129140211417.0,1712631529548.0,3.8921E+11,0.28,1.24,11.48,10.76,1.21
000016.SH,2025/3/6,26813099444929.0,20116685649848.0,2129140447674.0,1712631530094.0,3.92227E+11,0.34,1.47,11.58,10.86,1.22
000016.SH,2025/3/7,26796366065965.0,20104209921488.0,2129179535971.0,1712631530094.0,3.92227E+11,0.26,1.13,11.57,10.85,1.22
000016.SH,2025/3/10,26591736958056.0,19972039411965.0,2128666221586.0,1712118215709.0,3.92227E+11,0.3,1.3,11.48,10.77,1.21
000016.SH,2025/3/11,26726203155695.0,20083217536676.0,2128666221586.0,1712118215709.0,3.93549E+11,0.25,1.07,11.54,10.82,1.22
000016.SH,2025/3/12,26557857616001.0,19962513944370.0,2128666221586.0,1712118215709.0,3.93547E+11,0.25,1.1,11.47,10.75,1.21
000016.SH,2025/3/13,26576730028602.0,19994834356781.0,2128666221586.0,1712118215709.0,3.93547E+11,0.25,1.08,11.47,10.76,1.21
000016.SH,2025/3/14,27098777822251.0,20418683588916.0,2128666221586.0,1712118215709.0,3.93677E+11,0.38,1.66,11.7,10.97,1.23
000016.SH,2025/3/17,27119337670036.0,20453485505765.0,2128666221586.0,1712118215709.0,3.93677E+11,0.26,1.13,11.71,10.97,1.23
000016.SH,2025/3/18,27094594910123.0,20423244158749.0,2128643379986.0,1712118215709.0,3.93677E+11,0.23,0.98,11.7,10.97,1.23
000016.SH,2025/3/19,27172792630709.0,20482124819038.0,2128643379986.0,1712118215709.0,3.93677E+11,0.27,1.18,11.73,11,1.24
000016.SH,2025/3/20,26946763441183.0,20313145224073.0,2128643379986.0,1712118215709.0,3.93676E+11,0.23,1.01,11.43,10.87,1.22
000016.SH,2025/3/21,26666048621449.0,20059607318884.0,2128643379986.0,1712118215709.0,3.93735E+11,0.27,1.19,11.28,10.75,1.21
000016.SH,2025/3/24,26819352698399.0,20190206504224.0,2128643379986.0,1712118237597.0,3.93735E+11,0.26,1.14,11.19,10.76,1.21
000016.SH,2025/3/25,26867656569780.0,20237672485583.0,2128643379986.0,1712118237597.0,3.93807E+11,0.22,0.94,11.21,10.78,1.21
000016.SH,2025/3/26,26795756291633.0,20169353734892.0,2128643379986.0,1712118237597.0,3.93807E+11,0.22,0.96,11.16,10.75,1.21
000016.SH,2025/3/27,26928733754852.0,20270129440619.0,2128643379986.0,1712118237597.0,3.93835E+11,0.21,0.93,10.72,10.78,1.22
000016.SH,2025/3/28,26788407775902.0,20166363899794.0,2128643379986.0,1712118237597.0,3.93737E+11,0.21,0.91,10.66,10.72,1.21
000016.SH,2025/3/31,26806754359808.0,20158043675887.0,2128643380061.0,1712169687394.0,3.94094E+11,0.29,1.27,10.59,10.69,1.2
000016.SH,2025/4/1,26715144577740.0,20097954301170.0,2128767631228.0,1712169687394.0,3.94094E+11,0.24,1.04,10.51,10.65,1.19
000016.SH,2025/4/2,26757838066065.0,20109667208871.0,2128768460740.0,1712170516906.0,3.94094E+11,0.19,0.82,10.53,10.66,1.19
000016.SH,2025/4/3,26870335565247.0,20182351596280.0,2128768460740.0,1712170516906.0,3.94095E+11,0.25,1.07,10.52,10.69,1.2
000016.SH,2025/4/7,25596375806849.0,19144934304028.0,2128771221130.0,1712170516934.0,3.93936E+11,0.6,2.61,10.03,10.18,1.14
000016.SH,2025/4/8,26208139419392.0,19617144266422.0,2128691693318.0,1712070516991.0,3.93836E+11,0.53,2.29,10.27,10.43,1.17
000016.SH,2025/4/9,26322410202555.0,19684098899273.0,2128691693318.0,1712070516991.0,3.93799E+11,0.45,1.97,10.31,10.47,1.17
000016.SH,2025/4/10,26350320874959.0,19730515406802.0,2128691693318.0,1712070516991.0,3.93799E+11,0.36,1.55,10.32,10.48,1.17
000016.SH,2025/4/11,26380860997605.0,19760206111698.0,2128691693318.0,1712070516991.0,3.93799E+11,0.26,1.14,10.33,10.5,1.17
000016.SH,2025/4/14,26533344362809.0,19867697733756.0,2128688559754.0,1712070516991.0,3.93799E+11,0.26,1.15,10.39,10.54,1.18
000016.SH,2025/4/15,26712011460449.0,19991419323900.0,2128688559754.0,1712070516991.0,3.94034E+11,0.25,1.07,10.48,10.62,1.19
000016.SH,2025/4/16,27047027902656.0,20224942988814.0,2128688559782.0,1712070517019.0,3.94299E+11,0.3,1.3,10.63,10.76,1.2
000016.SH,2025/4/17,27056561822198.0,20233940641096.0,2128688559782.0,1712070517019.0,3.94299E+11,0.22,0.96,10.64,10.77,1.2
000016.SH,2025/4/18,27084341230817.0,20249546165966.0,2128688559782.0,1712070517019.0,3.94034E+11,0.18,0.77,10.64,10.78,1.21
000016.SH,2025/4/21,26928202489816.0,20151249424562.0,2128688559782.0,1712070517019.0,3.9401E+11,0.2,0.87,10.58,10.71,1.2
000016.SH,2025/4/22,27057986181859.0,20257865906708.0,2128688559782.0,1712070517019.0,3.9401E+11,0.22,0.94,10.63,10.76,1.2
000016.SH,2025/4/23,26928793549673.0,20189294367397.0,2128688561725.0,1712070518962.0,3.9401E+11,0.19,0.84,10.58,10.71,1.2
000016.SH,2025/4/24,27078549857678.0,20315462910993.0,2128688561725.0,1712070518962.0,3.93968E+11,0.18,0.79,10.64,10.77,1.2
000016.SH,2025/4/25,26957910103390.0,20213227124027.0,2128689316753.0,1712070518962.0,3.93937E+11,0.19,0.82,10.59,10.71,1.2
000016.SH,2025/4/28,27056747757406.0,20270542096087.0,2128689316753.0,1712085874246.0,3.945E+11,0.19,0.83,10.62,10.82,1.2
000016.SH,2025/4/29,26991747679122.0,20200893856166.0,2128689316753.0,1712086629274.0,3.94501E+11,0.16,0.71,10.63,10.81,1.2
000016.SH,2025/4/30,26719883568898.0,20006016655597.0,2128689316753.0,1712086629274.0,3.92754E+11,0.25,1.1,10.67,10.65,1.17
000016.SH,2025/5/6,26797841470652.0,20057039504209.0,2128461356253.0,1712086629274.0,3.90183E+11,0.24,1.04,10.7,10.68,1.17
000016.SH,2025/5/7,27131696811560.0,20304100530064.0,2128461481979.0,1712086638723.0,3.90183E+11,0.27,1.21,10.83,10.81,1.19
000016.SH,2025/5/8,27132985290495.0,20327941560388.0,2128464973060.0,1712086638723.0,3.90183E+11,0.2,0.86,10.83,10.81,1.19
000016.SH,2025/5/9,27212930508400.0,20408124301127.0,2128466850515.0,1712086638723.0,3.90209E+11,0.19,0.84,10.86,10.84,1.19
000016.SH,2025/5/12,27321623685215.0,20500836509893.0,2128466850515.0,1712086638723.0,3.90209E+11,0.23,1,10.91,10.89,1.19
000016.SH,2025/5/13,27426527603125.0,20594911841639.0,2128466850515.0,1712088516178.0,3.90211E+11,0.23,1.02,10.95,10.93,1.2
000016.SH,2025/5/14,27800796161900.0,20891303498019.0,2128466850515.0,1712088516178.0,3.90211E+11,0.27,1.19,11.1,11.08,1.21
000016.SH,2025/5/15,27712270568233.0,20835449060517.0,2128466850515.0,1712088516178.0,3.90211E+11,0.22,0.97,11.06,11.04,1.21
000016.SH,2025/5/16,27451405550823.0,20621738426005.0,2128466850515.0,1712088516178.0,3.90211E+11,0.22,0.95,10.96,10.94,1.2
000016.SH,2025/5/19,27356901804754.0,20527723919188.0,2128466850515.0,1712088516178.0,3.90211E+11,0.16,0.69,10.92,10.9,1.2
000016.SH,2025/5/20,27458531371432.0,20591326860582.0,2128426310477.0,1712047976140.0,3.90171E+11,0.17,0.75,10.96,10.94,1.2
000016.SH,2025/5/21,27557851422665.0,20685268182308.0,2128426310563.0,1712047976226.0,3.90171E+11,0.18,0.81,11,10.98,1.2
000016.SH,2025/5/22,27604433981885.0,20727922519326.0,2128426310563.0,1712047976226.0,3.90171E+11,0.16,0.71,11.02,11,1.21
000016.SH,2025/5/23,27367212934512.0,20547653255300.0,2128426310563.0,1712047976226.0,3.90171E+11,0.2,0.86,10.92,10.9,1.2
000016.SH,2025/5/26,27289342909484.0,20454143195601.0,2128650830363.0,1712047976226.0,3.90171E+11,0.18,0.79,10.89,10.87,1.19
000016.SH,2025/5/27,27257478190142.0,20402266860539.0,2128650830363.0,1712047976226.0,3.90171E+11,0.16,0.69,10.88,10.86,1.19
000016.SH,2025/5/28,27247348494891.0,20418389066888.0,2128650830363.0,1712047976226.0,3.90171E+11,0.15,0.65,10.88,10.86,1.19
000016.SH,2025/5/29,27275460481032.0,20437292728750.0,2128650830363.0,1712047976226.0,3.90171E+11,0.16,0.7,10.89,10.87,1.19
000016.SH,2025/5/30,27252301817724.0,20383238111909.0,2128599082322.0,1711995722896.0,3.90118E+11,0.19,0.82,10.88,10.86,1.19
000016.SH,2025/6/3,27334157968266.0,20425942294461.0,2128418277081.0,1711814917655.0,3.90118E+11,0.2,0.86,10.91,10.89,1.19
000016.SH,2025/6/4,27354850455214.0,20443975661656.0,2128290193371.0,1711815151945.0,3.88128E+11,0.16,0.71,10.92,10.9,1.2
000016.SH,2025/6/5,27394184038351.0,20459680720886.0,2128290362760.0,1711815151945.0,3.88128E+11,0.18,0.79,10.93,10.91,1.2
000016.SH,2025/6/6,27402402012200.0,20493028022089.0,2128308834151.0,1711815657234.0,3.88128E+11,0.17,0.77,10.94,10.92,1.2
000016.SH,2025/6/9,27329828391608.0,20469348157406.0,2128308834151.0,1711815657234.0,3.88128E+11,0.21,0.92,10.91,10.89,1.2
000016.SH,2025/6/10,27266526048148.0,20430696113962.0,2128308834151.0,1711815657234.0,3.88128E+11,0.24,1.07,10.88,10.86,1.19
000016.SH,2025/6/11,27413156948822.0,20549454037913.0,2128308834151.0,1711815657234.0,3.88128E+11,0.21,0.92,10.94,10.92,1.2
000016.SH,2025/6/12,27357477643583.0,20524302121867.0,2128307978229.0,1711815657511.0,3.88128E+11,0.2,0.89,10.92,10.9,1.2
000016.SH,2025/6/13,27267365674544.0,20435874342127.0,2128307978229.0,1711815657511.0,3.88128E+11,0.28,1.24,10.88,10.86,1.2
000016.SH,2025/6/16,27445553419437.0,20546990283121.0,2124019200131.0,1706010083461.0,3.95052E+11,0.23,1.01,11,10.91,1.21
000016.SH,2025/6/17,27490916761863.0,20592649211791.0,2124019248217.0,1706010131547.0,3.95052E+11,0.19,0.84,11.02,10.93,1.21
000016.SH,2025/6/18,27519588547899.0,20622680924267.0,2124019248217.0,1706010131547.0,3.95052E+11,0.21,0.93,11.03,10.94,1.21
000016.SH,2025/6/19,27740455927546.0,20589307278166.0,2165944926368.0,1706010131547.0,3.95052E+11,0.22,0.95,11.12,11.03,1.2
000016.SH,2025/6/20,27871593771424.0,20655426289545.0,2165946075457.0,1706020305747.0,3.95062E+11,0.21,0.92,11.17,11.08,1.21
000016.SH,2025/6/23,28130397149040.0,20772901860636.0,2186880052911.0,1706020305747.0,3.95062E+11,0.25,1.09,11.27,11.18,1.22
000016.SH,2025/6/24,28390113125128.0,20967123361005.0,2186897955334.0,1706005679459.0,3.95142E+11,0.29,1.24,11.38,11.28,1.23
000016.SH,2025/6/25,28603238135573.0,21108982977689.0,2186897955334.0,1706005679459.0,3.95142E+11,0.3,1.29,11.46,11.37,1.24
000016.SH,2025/6/26,28610187998259.0,21104876046208.0,2186897955334.0,1706005679459.0,3.92044E+11,0.25,1.09,11.46,11.37,1.24
000016.SH,2025/6/27,28140771044733.0,20757058370522.0,2186897955334.0,1706005679459.0,3.91949E+11,0.33,1.46,11.28,11.19,1.22
000016.SH,2025/6/30,28207033369432.0,20807589898514.0,2186897955334.0,1706005679459.0,3.91949E+11,0.22,0.98,11.3,11.21,1.23
000016.SH,2025/7/1,28317483230598.0,20895403249817.0,2186898848805.0,1706006572930.0,3.9195E+11,0.19,0.84,11.35,11.26,1.23
000016.SH,2025/7/2,28333234909571.0,20927140296430.0,2186899196539.0,1706006795747.0,3.9195E+11,0.21,0.9,11.35,11.26,1.23
000016.SH,2025/7/3,28265360283055.0,20886913375058.0,2186899200494.0,1706006799702.0,3.9195E+11,0.19,0.82,11.33,11.23,1.23
000016.SH,2025/7/4,28481782940878.0,21045131911307.0,2186899200494.0,1706006799702.0,3.9195E+11,0.23,1,11.41,11.32,1.24
000016.SH,2025/7/7,28396332194048.0,20966626230874.0,2186899200494.0,1706006799702.0,3.9195E+11,0.17,0.75,11.38,11.29,1.24
000016.SH,2025/7/8,28501956574998.0,21059119564917.0,2186904516135.0,1706006799702.0,3.9195E+11,0.2,0.87,11.42,11.33,1.24
000016.SH,2025/7/9,28539897275508.0,21069774681181.0,2186984516135.0,1706006799702.0,3.9195E+11,0.28,1.22,11.44,11.34,1.24
000016.SH,2025/7/10,28742990636332.0,21248714701721.0,2186984516135.0,1706006799702.0,3.9195E+11,0.32,1.38,11.52,11.42,1.25
000016.SH,2025/7/11,28655456191786.0,21172556115676.0,2186984516135.0,1706006799702.0,3.9195E+11,0.45,1.95,11.48,11.39,1.25
000016.SH,2025/7/14,28710502480553.0,21217186205229.0,2186975241135.0,1705997524702.0,3.91941E+11,0.3,1.31,11.5,11.41,1.26
000016.SH,2025/7/15,28593956180037.0,21134504714542.0,2186975241135.0,1705997524702.0,3.91941E+11,0.24,1.05,11.46,11.39,1.25
000016.SH,2025/7/16,28556078980170.0,21099040462388.0,2186870310692.0,1705892594259.0,3.91736E+11,0.2,0.87,11.44,11.37,1.25
000016.SH,2025/7/17,28461139601723.0,21034939982596.0,2186870310692.0,1705892594259.0,3.91736E+11,0.21,0.92,11.4,11.33,1.25
000016.SH,2025/7/18,28633203579582.0,21186600763771.0,2186870310692.0,1705892594259.0,3.91736E+11,0.25,1.08,11.47,11.4,1.26
000016.SH,2025/7/21,28646814698183.0,21209920081688.0,2186870310692.0,1705892594259.0,3.91736E+11,0.29,1.28,11.48,11.41,1.26
000016.SH,2025/7/22,28741853833984.0,21309479878605.0,2186870310692.0,1705892594259.0,3.91736E+11,0.4,1.74,11.52,11.44,1.26
000016.SH,2025/7/23,28863028318907.0,21396180503485.0,2186870310692.0,1705892594259.0,3.91736E+11,0.4,1.73,11.57,11.49,1.27
000016.SH,2025/7/24,28836150444767.0,21380057660105.0,2186870310692.0,1705892594259.0,3.91736E+11,0.35,1.54,11.55,11.48,1.27
000016.SH,2025/7/25,28659939221280.0,21233086447745.0,2186870310692.0,1705892594259.0,3.91736E+11,0.3,1.32,11.48,11.41,1.26
000016.SH,2025/7/28,28652534631619.0,21233990749833.0,2186869759029.0,1705892647395.0,3.91736E+11,0.29,1.27,11.48,11.41,1.26
000016.SH,2025/7/29,28636874819735.0,21239460949549.0,2186869759029.0,1705892647395.0,3.91736E+11,0.28,1.2,11.47,11.4,1.26
000016.SH,2025/7/30,28818673966801.0,21384840242655.0,2186869759029.0,1705892647395.0,3.91736E+11,0.31,1.33,11.55,11.48,1.27
000016.SH,2025/7/31,28569784641050.0,21197904224687.0,2186869759029.0,1705892647395.0,3.91736E+11,0.36,1.57,11.45,11.36,1.26
000016.SH,2025/8/1,28353832886243.0,21029891783717.0,2186869759029.0,1705892647395.0,3.91736E+11,0.29,1.25,11.36,11.28,1.25
000016.SH,2025/8/4,28492381070753.0,21126621254877.0,2186869759029.0,1705892647395.0,3.91736E+11,0.25,1.07,11.42,11.33,1.25
000016.SH,2025/8/5,28766145654446.0,21331234681827.0,2186869759029.0,1705892647395.0,3.91736E+11,0.24,1.05,11.53,11.44,1.27
000016.SH,2025/8/6,28829417961509.0,21404878515522.0,2186871231865.0,1705892647395.0,3.91736E+11,0.24,1.05,11.55,11.47,1.27
000016.SH,2025/8/7,28898930482239.0,21466991299578.0,2186860018665.0,1705881434195.0,3.91725E+11,0.25,1.08,11.58,11.49,1.27
000016.SH,2025/8/8,28865537809389.0,21420050803963.0,2186934180722.0,1705881434195.0,3.91725E+11,0.23,0.99,11.57,11.47,1.25
000016.SH,2025/8/11,28767989055702.0,21371273745678.0,2186937384930.0,1705881434195.0,3.91725E+11,0.25,1.11,11.53,11.43,1.26
000016.SH,2025/8/12,28999388356765.0,21750411984810.0,2186937384930.0,1707319577162.0,3.83784E+11,0.25,1.11,11.62,11.52,1.27
000016.SH,2025/8/13,28936883546496.0,21705624914745.0,2186937384930.0,1707319577162.0,3.83784E+11,0.32,1.43,11.59,11.49,1.27
000016.SH,2025/8/14,29080084818474.0,21829846143813.0,2186937384930.0,1707319577162.0,3.83784E+11,0.29,1.3,11.65,11.55,1.28
000016.SH,2025/8/15,29006943536963.0,21777242406083.0,2186936602063.0,1707319577162.0,3.83784E+11,0.42,1.85,11.62,11.52,1.27
000016.SH,2025/8/18,29100197106293.0,21861571531777.0,2186939548347.0,1707319577162.0,3.83784E+11,0.43,1.91,11.66,11.56,1.28
000016.SH,2025/8/19,28964353114089.0,21776459613620.0,2186939548347.0,1707319577162.0,3.83784E+11,0.37,1.64,11.61,11.5,1.27
000016.SH,2025/8/20,29270763573948.0,22010419705453.0,2186939548347.0,1707319577162.0,3.83784E+11,0.34,1.53,11.73,11.62,1.28
000016.SH,2025/8/21,29489075749973.0,22177746623422.0,2186939548347.0,1707319577162.0,3.8379E+11,0.38,1.7,11.82,11.71,1.29
000016.SH,2025/8/22,29971829200866.0,22547104379533.0,2186939548347.0,1707319577162.0,3.8379E+11,0.4,1.77,12.01,11.94,1.31
000016.SH,2025/8/25,30348458535215.0,22879340161075.0,2186950757734.0,1707319586701.0,3.83846E+11,0.51,2.25,12.16,12.07,1.33
000016.SH,2025/8/26,30175854565487.0,22752114806853.0,2186950757734.0,1707319586701.0,3.83884E+11,0.32,1.42,12.09,12,1.32
000016.SH,2025/8/27,29639800101719.0,22329204796520.0,2186950757734.0,1707319586701.0,3.83861E+11,0.42,1.85,11.88,11.78,1.29
000016.SH,2025/8/28,29911749224498.0,22494513666611.0,2186938896925.0,1707307725892.0,3.83853E+11,0.39,1.72,11.99,11.93,1.31
000016.SH,2025/8/29,29994396719782.0,22573435802609.0,2186938896925.0,1707307725892.0,3.83841E+11,0.5,2.21,12.02,11.94,1.31
000016.SH,2025/9/1,29931851562137.0,22577826653246.0,2186934969340.0,1707303798307.0,3.83838E+11,0.43,1.9,11.99,11.88,1.29
000016.SH,2025/9/2,30256552788346.0,22815377766893.0,2186935611098.0,1707303798307.0,3.95284E+11,0.45,1.96,12.12,12,1.3
000016.SH,2025/9/3,29933128104839.0,22458975365031.0,2186833303313.0,1694022781249.0,3.82003E+11,0.38,1.67,11.99,11.88,1.29
000016.SH,2025/9/4,29810497232562.0,22330895601369.0,2186833303313.0,1694022781249.0,3.82003E+11,0.54,2.41,11.94,11.83,1.29
000016.SH,2025/9/5,29777880685887.0,22332315894985.0,2186773357697.0,1694022781249.0,3.82003E+11,0.37,1.63,11.93,11.81,1.29
000016.SH,2025/9/8,29742965976108.0,22292036222852.0,2186773357697.0,1694022781249.0,3.81962E+11,0.4,1.76,11.92,11.8,1.28
000016.SH,2025/9/9,29624436674699.0,22257223419301.0,2186773357697.0,1694022781249.0,3.82061E+11,0.33,1.46,11.87,11.75,1.28
000016.SH,2025/9/10,29725358465798.0,22321734235654.0,2186773357697.0,1694022781249.0,3.82061E+11,0.33,1.48,11.91,11.79,1.28
000016.SH,2025/9/11,30046588031574.0,22577072937080.0,2186773357697.0,1694022781249.0,3.82061E+11,0.4,1.79,12.04,11.92,1.3
000016.SH,2025/9/12,29992889008910.0,22471846791962.0,2189826550227.0,1694022781249.0,3.82061E+11,0.36,1.62,12.02,11.9,1.3
000016.SH,2025/9/15,29915449030029.0,22418212186418.0,2189827377438.0,1694022781249.0,3.82061E+11,0.31,1.38,11.99,11.87,1.29
000016.SH,2025/9/16,29749764514078.0,22408665940191.0,2189838550858.0,1697087177199.0,3.85126E+11,0.34,1.5,11.92,11.8,1.28
000016.SH,2025/9/17,29769061069128.0,22386442850899.0,2189838550858.0,1697087177199.0,3.85126E+11,0.33,1.47,11.93,11.81,1.28
000016.SH,2025/9/18,29282713570141.0,22003320661091.0,2189838550858.0,1697087177199.0,3.85126E+11,0.44,1.94,11.73,11.62,1.26
000016.SH,2025/9/19,29180418070320.0,21905777186283.0,2189838550858.0,1697087177199.0,3.85126E+11,0.34,1.49,11.69,11.58,1.26
000016.SH,2025/9/22,29162651516169.0,21884439225029.0,2189838550858.0,1697087177199.0,3.85126E+11,0.28,1.22,11.69,11.57,1.26
000016.SH,2025/9/23,29333327230630.0,21984247715642.0,2189838550858.0,1697087177199.0,3.85126E+11,0.37,1.63,11.75,11.64,1.26
000016.SH,2025/9/24,29459317386560.0,22060803070726.0,2189838550858.0,1697087177199.0,3.85126E+11,0.3,1.34,11.8,11.69,1.27
000016.SH,2025/9/25,29480204798669.0,22106647066584.0,2189838550858.0,1697087177199.0,3.85126E+11,0.32,1.41,11.81,11.7,1.27
000016.SH,2025/9/26,29428603612151.0,22066333065252.0,2189838550858.0,1697087177199.0,3.85126E+11,0.28,1.25,11.79,11.68,1.27
000016.SH,2025/9/29,29576202284555.0,22186436191697.0,2189838550858.0,1697087177199.0,3.85126E+11,0.42,1.83,11.85,11.73,1.27
000016.SH,2025/9/30,29627862237229.0,22238290277822.0,2189838550858.0,1697087177199.0,3.85126E+11,0.35,1.53,11.87,11.75,1.28
000016.SH,2025/10/9,29905259506995.0,22465433037130.0,2189858803077.0,1697087177199.0,3.85126E+11,0.45,1.98,11.98,11.86,1.29
000016.SH,2025/10/10,29679767085154.0,22286586840823.0,2189856988512.0,1697087565255.0,3.85126E+11,0.4,1.75,11.89,11.78,1.28
000016.SH,2025/10/13,29683647121607.0,22249940427798.0,2189875167845.0,1697087565255.0,3.85126E+11,0.41,1.82,11.89,11.78,1.28
000016.SH,2025/10/14,29846825271443.0,22391036905994.0,2189875167845.0,1697087565255.0,3.85126E+11,0.51,2.24,11.96,11.84,1.29
000016.SH,2025/10/15,30111065318987.0,22615871199114.0,2189875167845.0,1697087565255.0,3.85126E+11,0.37,1.65,12.07,11.95,1.3
000016.SH,2025/10/16,30466175775200.0,22901199422211.0,2189875167845.0,1697087565255.0,3.8513E+11,0.37,1.65,12.21,12.09,1.31
000016.SH,2025/10/17,30131760752716.0,22639522050413.0,2189875167845.0,1697087565255.0,3.8513E+11,0.37,1.63,12.07,11.95,1.3
000016.SH,2025/10/20,30293508158783.0,22775260876254.0,2189875167845.0,1697087565255.0,3.85133E+11,0.31,1.38,12.14,11.99,1.3
000016.SH,2025/10/21,30577313973164.0,23023128343323.0,2189878502791.0,1697087565255.0,3.85133E+11,0.33,1.44,12.25,12.1,1.31
000016.SH,2025/10/22,30765537191241.0,23174999087664.0,2189878502791.0,1697087565255.0,3.85133E+11,0.3,1.34,12.33,12.18,1.32
000016.SH,2025/10/23,30972580157452.0,23312600282447.0,2189878502791.0,1697087565255.0,3.85133E+11,0.35,1.56,12.41,12.26,1.33
000016.SH,2025/10/24,31097650775443.0,23398025716018.0,2189878502791.0,1697087565255.0,3.8515E+11,0.32,1.43,12.46,12.31,1.34
000016.SH,2025/10/27,31362209832163.0,23620230911898.0,2189878502791.0,1697087565255.0,3.85077E+11,0.41,1.83,12.57,12.39,1.35
000016.SH,2025/10/28,31312943845018.0,23583086076514.0,2189878502791.0,1697087565255.0,3.85265E+11,0.32,1.42,12.55,12.36,1.34
000016.SH,2025/10/29,31248714657876.0,23530362814214.0,2190510101591.0,1697087565255.0,3.85133E+11,0.35,1.56,12.52,12.21,1.34
000016.SH,2025/10/30,31139130564060.0,23444404724998.0,2190510101591.0,1697087565255.0,3.84615E+11,0.39,1.71,12.48,12.17,1.33
000016.SH,2025/10/31,30806529162468.0,23194685032959.0,2190510101591.0,1697087565255.0,3.84172E+11,0.41,1.8,12.34,11.77,1.29
000016.SH,2025/11/3,30982035847651.0,23340893885696.0,2190510101591.0,1697087565255.0,3.84328E+11,0.32,1.43,12.41,11.84,1.29
000016.SH,2025/11/4,31139253930878.0,23432764030592.0,2190510070991.0,1697087565255.0,3.84334E+11,0.33,1.46,12.48,11.9,1.3
000016.SH,2025/11/5,31076172219349.0,23396024434714.0,2190510070991.0,1697087565255.0,3.84876E+11,0.28,1.22,12.45,11.88,1.3
000016.SH,2025/11/6,31338797850505.0,23596969515876.0,2190618711668.0,1697087565255.0,3.84876E+11,0.3,1.32,12.56,11.98,1.31
000016.SH,2025/11/7,31265710742139.0,23541021421841.0,2190624511212.0,1697087565255.0,3.84876E+11,0.28,1.24,12.53,11.95,1.31
000016.SH,2025/11/10,31438024508281.0,23688621050424.0,2190624511212.0,1697087565255.0,3.84876E+11,0.29,1.28,12.6,12.01,1.31
000016.SH,2025/11/11,31352205912904.0,23621816971703.0,2190624511212.0,1697087565255.0,3.84876E+11,0.24,1.07,12.56,11.98,1.31
000016.SH,2025/11/12,31616412980660.0,23809024642971.0,2190624511212.0,1697087565255.0,3.84876E+11,0.34,1.49,12.67,12.08,1.32
000016.SH,2025/11/13,31745820950801.0,23923653795153.0,2190624511212.0,1697087565255.0,3.84916E+11,0.32,1.41,12.72,12.13,1.33
000016.SH,2025/11/14,31500771013435.0,23718823594387.0,2190624511212.0,1697087565255.0,3.84916E+11,0.29,1.27,12.62,12.04,1.32
000016.SH,2025/11/17,31226996835674.0,23524807262562.0,2190624511212.0,1697087565255.0,3.84923E+11,0.28,1.25,12.51,11.93,1.31
000016.SH,2025/11/18,31149067146188.0,23436142289897.0,2190627532899.0,1697090586942.0,3.84926E+11,0.26,1.13,12.48,11.9,1.3
000016.SH,2025/11/19,31468715730558.0,23678957436520.0,2190627532899.0,1697090586942.0,3.84926E+11,0.28,1.25,12.61,12.02,1.32
000016.SH,2025/11/20,31484329883254.0,23638806724939.0,2190627532899.0,1697090586942.0,3.84926E+11,0.32,1.4,12.62,12.03,1.32
000016.SH,2025/11/21,31094717682169.0,23325883665634.0,2190627532899.0,1697090586942.0,3.84926E+11,0.36,1.57,12.46,11.88,1.3
000016.SH,2025/11/24,30928983922387.0,23207062179630.0,2190538183423.0,1697001237466.0,3.84829E+11,0.3,1.32,12.39,11.82,1.29
000016.SH,2025/11/25,31130329580353.0,23347387293212.0,2190538183423.0,1697001237466.0,3.84829E+11,0.25,1.1,12.47,11.89,1.3
000016.SH,2025/11/26,31004485187459.0,23249668577244.0,2190627265836.0,1697001237466.0,3.84829E+11,0.24,1.04,12.42,11.85,1.3
000016.SH,2025/11/27,31099135041702.0,23343183667039.0,2190627265836.0,1697001237466.0,3.84839E+11,0.23,1.02,12.46,11.88,1.3
000016.SH,2025/11/28,30972789126250.0,23262159998165.0,2190627265836.0,1697001237466.0,3.84839E+11,0.22,0.97,12.41,11.83,1.29
000016.SH,2025/12/1,31140159505781.0,23406121651676.0,2190627282996.0,1697001237466.0,3.84839E+11,0.27,1.21,12.48,11.9,1.3
000016.SH,2025/12/2,31093655614924.0,23362109047443.0,2190627390559.0,1697001237466.0,3.84839E+11,0.2,0.87,12.46,11.88,1.3
000016.SH,2025/12/3,30884416113148.0,23218416972408.0,2190627393559.0,1697001240466.0,3.84839E+11,0.23,1,12.38,11.8,1.28
000016.SH,2025/12/4,30923059003328.0,23252363043464.0,2190635539979.0,1697001240466.0,3.8485E+11,0.21,0.94,12.39,11.82,1.29
000016.SH,2025/12/5,31027130864808.0,23333087443010.0,2190634067295.0,1696999767782.0,3.84848E+11,0.26,1.16,12.43,11.86,1.3
000016.SH,2025/12/8,31105861729232.0,23394211102228.0,2190634067295.0,1697000522582.0,3.84849E+11,0.26,1.17,12.46,11.89,1.3
000016.SH,2025/12/9,31011460059271.0,23319955770781.0,2190634067295.0,1697000522582.0,3.84833E+11,0.26,1.13,12.43,11.85,1.29
000016.SH,2025/12/10,30774970763888.0,23137360657948.0,2190634975432.0,1697000522582.0,3.84792E+11,0.24,1.08,12.33,11.76,1.28
000016.SH,2025/12/11,30740910923067.0,23120472747458.0,2190634975432.0,1697000522582.0,3.84792E+11,0.23,1.02,12.32,11.75,1.28
000016.SH,2025/12/12,30703729583910.0,23071949968267.0,2190637244865.0,1697002772582.0,3.84794E+11,0.34,1.49,12.3,11.73,1.28
000016.SH,2025/12/15,28591944056494.0,22951126638867.0,2169461968843.0,1665717766292.0,3.68823E+11,0.23,1.04,12.21,11.61,1.28
000016.SH,2025/12/16,28350074583310.0,22759961125991.0,2169468518843.0,1665724316292.0,3.68829E+11,0.23,1.04,12.11,11.52,1.27
000016.SH,2025/12/17,28635076932569.0,22986453724863.0,2169467157843.0,1665724316292.0,3.68829E+11,0.23,1.04,12.23,11.63,1.28
000016.SH,2025/12/18,28858695090366.0,23155590102394.0,2169467147643.0,1665724316292.0,3.68829E+11,0.2,0.88,12.33,11.72,1.29
000016.SH,2025/12/19,28802688934228.0,23109830814298.0,2169467147643.0,1665724316292.0,3.68855E+11,0.22,0.99,12.3,11.7,1.28
000016.SH,2025/12/22,28943460275403.0,23203164630868.0,2169467177087.0,1665724316292.0,3.68855E+11,0.21,0.94,12.36,11.76,1.29
000016.SH,2025/12/23,29060337190880.0,23303279019891.0,2169467177087.0,1665724316292.0,3.68855E+11,0.22,0.97,12.41,11.8,1.29
000016.SH,2025/12/24,29004335641556.0,23247789124329.0,2169468452278.0,1665724316292.0,3.68855E+11,0.19,0.86,12.39,11.78,1.29
000016.SH,2025/12/25,29009164097361.0,23254528172157.0,2169468508211.0,1665724316292.0,3.68855E+11,0.17,0.77,12.39,11.78,1.29
000016.SH,2025/12/26,29006726291557.0,23256871214564.0,2169468508211.0,1665724316292.0,3.68855E+11,0.2,0.92,12.39,11.78,1.29
000016.SH,2025/12/29,29073350770594.0,23308975711642.0,2169468176108.0,1665725591483.0,3.68856E+11,0.26,1.17,12.42,11.81,1.3
000016.SH,2025/12/30,29116815336155.0,23344382316043.0,2169468176108.0,1665725591483.0,3.68826E+11,0.23,1.04,12.44,11.83,1.3
000016.SH,2025/12/31,29165216444526.0,23387097981692.0,2169305426108.0,1665725591483.0,3.68826E+11,0.22,1.01,12.46,11.85,1.3
000016.SH,2026/1/5,29486491037730.0,23620831671193.0,2169305703779.0,1665725869154.0,3.68826E+11,0.32,1.45,12.6,11.98,1.31
000016.SH,2026/1/6,29865409008161.0,23927914852396.0,2169305914190.0,1665726079565.0,3.68826E+11,0.35,1.56,12.76,12.13,1.33
000016.SH,2026/1/7,29669782470801.0,23779615770827.0,2169305919533.0,1665726250085.0,3.68843E+11,0.31,1.41,12.67,12.05,1.32
000016.SH,2026/1/8,29480352723249.0,23657544150344.0,2169305919533.0,1665804250085.0,3.68921E+11,0.32,1.45,12.59,11.98,1.31
000016.SH,2026/1/9,29572199770395.0,23756372394376.0,2169305919533.0,1665804250085.0,3.68921E+11,0.36,1.63,12.63,12.01,1.32
000016.SH,2026/1/12,29646607574528.0,23844758853110.0,2169305919533.0,1665804250085.0,3.68929E+11,0.39,1.75,12.66,12.04,1.32
000016.SH,2026/1/13,29687851003910.0,23863043755040.0,2169351875219.0,1665804405771.0,3.68929E+11,0.38,1.71,12.68,12.06,1.32
000016.SH,2026/1/14,29393095398647.0,23629407575348.0,2169351875219.0,1665804405771.0,3.68929E+11,0.43,1.95,12.56,11.93,1.31
000016.SH,2026/1/15,29262842086210.0,23528582330747.0,2169297987577.0,1665750483066.0,3.68875E+11,0.33,1.48,12.5,11.87,1.3
000016.SH,2026/1/16,28950359761701.0,23275028992649.0,2169298078010.0,1666475211854.0,3.696E+11,0.43,1.96,12.37,11.74,1.29
000016.SH,2026/1/19,28867788197903.0,23228439277784.0,2169298078010.0,1666486870850.0,3.69612E+11,0.34,1.51,12.33,11.71,1.29
000016.SH,2026/1/20,28930720201995.0,23278268545032.0,2169298078010.0,1666486870850.0,3.69612E+11,0.36,1.62,12.36,11.74,1.29
000016.SH,2026/1/21,28736233929712.0,23119069590491.0,2169298078010.0,1666486870850.0,3.69612E+11,0.39,1.78,12.28,11.66,1.28
000016.SH,2026/1/22,28606746841325.0,23019962199094.0,2169298078010.0,1666486870850.0,3.69612E+11,0.38,1.7,12.22,11.6,1.28
000016.SH,2026/1/23,28320681879672.0,22793771186126.0,2169298078010.0,1666486870850.0,3.69618E+11,0.41,1.87,12.1,11.49,1.26
000016.SH,2026/1/26,28631162801322.0,23050378671909.0,2169298078010.0,1666486870850.0,3.69618E+11,0.53,2.41,12.23,11.61,1.28
000016.SH,2026/1/27,28692022553181.0,23078510078764.0,2169298078010.0,1666486870850.0,3.69618E+11,0.45,2.03,12.26,11.63,1.28
000016.SH,2026/1/28,28788039337811.0,23136562340458.0,2169298078010.0,1666486870850.0,3.69618E+11,0.58,2.61,12.3,11.67,1.28
000016.SH,2026/1/29,29148073779876.0,23459484207583.0,2169298078010.0,1666486870850.0,3.69618E+11,0.6,2.72,12.45,11.82,1.3
000016.SH,2026/1/30,28907804958785.0,23257947730024.0,2169298078010.0,1666486870850.0,3.69914E+11,0.47,2.14,12.35,11.72,1.29
000016.SH,2026/2/2,28447338995660.0,22891218054804.0,2169298078809.0,1666486871649.0,3.69914E+11,0.48,2.18,12.15,11.53,1.27
000016.SH,2026/2/3,28412261078214.0,22901366133855.0,2169298078809.0,1666947832862.0,3.69914E+11,0.39,1.75,12.14,11.52,1.27
000016.SH,2026/2/4,28757881233524.0,23188094891467.0,2169174743809.0,1666947837862.0,3.69914E+11,0.37,1.65,12.28,11.66,1.28
000016.SH,2026/2/5,28701143205578.0,23150555053825.0,2169174786111.0,1666947837862.0,3.69914E+11,0.32,1.45,12.26,11.64,1.28
000016.SH,2026/2/6,28584572422581.0,23046849701740.0,2169175090052.0,1666947948975.0,3.69914E+11,0.28,1.26,12.21,11.59,1.28
000016.SH,2026/2/9,28893493609820.0,23294295768846.0,2169175147355.0,1666948006278.0,3.69914E+11,0.25,1.13,12.34,11.71,1.29
000016.SH,2026/2/10,28970465435181.0,23341407974485.0,2169241037355.0,1666948006278.0,3.69914E+11,0.23,1.03,12.38,11.74,1.29
000016.SH,2026/2/11,29000483339998.0,23377232625717.0,2169245978455.0,1666948006278.0,3.69914E+11,0.22,1,12.39,11.76,1.3
000016.SH,2026/2/12,28850271745507.0,23261175453127.0,2169245978455.0,1666951116004.0,3.69917E+11,0.27,1.2,12.32,11.7,1.29
000016.SH,2026/2/13,28404045905038.0,22893030345488.0,2169255916726.0,1666951170775.0,3.69917E+11,0.28,1.24,12.13,11.51,1.27
000016.SH,2026/2/24,28495584704015.0,22975173587611.0,2169255951912.0,1666951170775.0,3.69917E+11,0.26,1.19,12.17,11.55,1.27
000016.SH,2026/2/25,28532312679197.0,23017204520951.0,2169255951912.0,1666951170775.0,3.69917E+11,0.34,1.53,12.19,11.57,1.27
000016.SH,2026/2/26,28313967273744.0,22849252194340.0,2169255951912.0,1666951170775.0,3.69917E+11,0.26,1.19,12.1,11.48,1.26
000016.SH,2026/2/27,28323466305165.0,22870851317253.0,2169255951912.0,1666951170775.0,3.69917E+11,0.26,1.19,12.1,11.48,1.27
000016.SH,2026/3/2,28674929598422.0,23182204309074.0,2169255951912.0,1666951170775.0,3.69917E+11,0.5,2.26,12.25,11.62,1.28
000016.SH,2026/3/3,28953658604590.0,23405120709821.0,2169255951912.0,1666951170775.0,3.69917E+11,0.63,2.83,12.37,11.73,1.29
000016.SH,2026/3/4,28596189539743.0,23129897701092.0,2169256812227.0,1666951233393.0,3.69917E+11,0.52,2.35,12.22,11.59,1.28
000016.SH,2026/3/5,28600365459393.0,23130536138512.0,2169256812227.0,1666951233393.0,3.69917E+11,0.38,1.72,12.22,11.59,1.28
000016.SH,2026/3/6,28531938661924.0,23071533194689.0,2169256892409.0,1666951313575.0,3.69917E+11,0.3,1.37,12.19,11.56,1.27
000016.SH,2026/3/9,28469102291675.0,23030608202387.0,2169256952710.0,1666951313575.0,3.69917E+11,0.47,2.13,12.16,11.54,1.27
000016.SH,2026/3/10,28316452595262.0,22889866152705.0,2169256952710.0,1666951313575.0,3.69917E+11,0.33,1.47,12.1,11.48,1.27
000016.SH,2026/3/11,28445059273241.0,22979023516517.0,2169257030342.0,1666951313575.0,3.69917E+11,0.34,1.51,12.15,11.54,1.27
000016.SH,2026/3/12,28410339037151.0,22954491468185.0,2169257030342.0,1666951313575.0,3.69917E+11,0.33,1.5,12.14,11.53,1.27
000016.SH,2026/3/13,28321475193936.0,22859582739693.0,2169257030342.0,1666951313575.0,3.69917E+11,0.41,1.86,12.09,11.49,1.27
000016.SH,2026/3/16,28318362139785.0,22866593160136.0,2169257030342.0,1666951313575.0,3.69917E+11,0.36,1.61,12.08,11.49,1.27
000016.SH,2026/3/17,28492593847727.0,22988044689776.0,2169257030342.0,1666951313575.0,3.69917E+11,0.38,1.69,12.16,11.55,1.27
000016.SH,2026/3/18,28486098007140.0,22927450660989.0,2170620278788.0,1666951313575.0,3.69917E+11,0.33,1.47,12.16,11.55,1.27
000016.SH,2026/3/19,28441691851006.0,22892053693274.0,2170620278788.0,1666951313575.0,3.69917E+11,0.4,1.81,12.14,11.53,1.27
000016.SH,2026/3/20,28131479436339.0,22635498706774.0,2170620278788.0,1666951313575.0,3.69917E+11,0.4,1.79,12.1,11.44,1.25
000016.SH,2026/3/23,27334843805879.0,22001323244306.0,2170629216388.0,1666951313575.0,3.69915E+11,0.52,2.35,11.75,11.11,1.22
000016.SH,2026/3/24,27544084982118.0,22150018990802.0,2170629216388.0,1666951335463.0,3.69946E+11,0.38,1.71,11.79,11.17,1.23
000016.SH,2026/3/25,27693869222900.0,22290788011041.0,2170629216388.0,1672356740868.0,3.69946E+11,0.38,1.73,11.85,11.24,1.23
000016.SH,2026/3/26,27505640117658.0,22156567363952.0,2170629216388.0,1672356740868.0,3.69946E+11,0.31,1.41,11.53,11.24,1.23
000016.SH,2026/3/27,27539707506711.0,22211829585126.0,2170629216388.0,1672404162067.0,3.69946E+11,0.28,1.26,11.42,11.28,1.22
000016.SH,2026/3/30,27634119324289.0,22299626914242.0,2170630116388.0,1672405062067.0,3.68809E+11,0.29,1.33,11.35,11.3,1.22
000016.SH,2026/3/31,27659813170429.0,22317745198809.0,2170630139986.0,1672405085665.0,3.68832E+11,0.34,1.55,11.31,11.28,1.21
