ts_code,trade_date,total_mv,float_mv,total_share,float_share,free_share,turnover_rate,turnover_rate_f,pe,pe_ttm,pb
000905.SH,2013/12/25,3641871173259.0,2833703410397.0,4.17102E+11,3.37951E+11,1.94883E+11,0.8,1.38,31.34,28.45,2.32
000905.SH,2013/12/26,3578398487110.0,2784308953443.0,4.17217E+11,3.37951E+11,1.94826E+11,0.98,1.7,30.8,27.95,2.28
000905.SH,2013/12/27,3636561202269.0,2826145421589.0,4.17255E+11,3.37951E+11,1.94826E+11,0.95,1.65,31.3,28.41,2.31
000905.SH,2013/12/30,3647774015337.0,2844386632849.0,4.17272E+11,3.3848E+11,1.9507E+11,0.94,1.62,31.39,28.49,2.32
000905.SH,2013/12/31,3662662226926.0,2864185911111.0,4.17272E+11,3.39911E+11,1.9507E+11,0.86,1.5,31.52,28.61,2.33
000905.SH,2014/1/2,3684080694849.0,2879294004628.0,4.17354E+11,3.39953E+11,1.95086E+11,0.91,1.58,31.71,28.78,2.34
000905.SH,2014/1/3,3655954829670.0,2855474179335.0,4.17357E+11,3.39997E+11,1.95182E+11,1.02,1.78,31.46,28.56,2.32
000905.SH,2014/1/6,3556998690423.0,2776368380035.0,4.17357E+11,3.39997E+11,1.95331E+11,1.02,1.77,30.61,27.78,2.26
000905.SH,2014/1/7,3579012651084.0,2792956687573.0,4.17413E+11,3.40002E+11,1.95337E+11,0.8,1.39,30.8,27.96,2.27
000905.SH,2014/1/8,3584368929339.0,2795945541252.0,4.1742E+11,3.40009E+11,1.95351E+11,0.94,1.64,30.85,28,2.28
000905.SH,2014/1/9,3543614570070.0,2764377774175.0,4.17338E+11,3.40009E+11,1.95366E+11,0.98,1.71,30.5,27.68,2.25
000905.SH,2014/1/10,3484919073068.0,2723462185575.0,4.1742E+11,3.40672E+11,1.95373E+11,0.92,1.61,29.99,27.22,2.21
000905.SH,2014/1/13,3471016900731.0,2712694646328.0,4.1742E+11,3.40782E+11,1.95377E+11,0.82,1.43,29.87,27.1,2.2
000905.SH,2014/1/14,3539886888282.0,2766567463157.0,4.1742E+11,3.40791E+11,1.95589E+11,0.84,1.46,30.47,27.6,2.25
000905.SH,2014/1/15,3561794164629.0,2782737472674.0,4.17421E+11,3.40791E+11,1.95592E+11,0.87,1.51,30.65,27.77,2.26
000905.SH,2014/1/16,3567341800818.0,2787748387543.0,4.17421E+11,3.40791E+11,1.95577E+11,0.87,1.51,30.7,27.86,2.26
000905.SH,2014/1/17,3528272605290.0,2756862326982.0,4.17421E+11,3.40791E+11,1.95577E+11,0.74,1.29,30.37,27.55,2.24
000905.SH,2014/1/20,3500890770395.0,2734544351655.0,4.17421E+11,3.40833E+11,1.95568E+11,0.7,1.22,30.13,27.33,2.22
000905.SH,2014/1/21,3557098386513.0,2775827891589.0,4.17457E+11,3.40841E+11,1.95458E+11,0.84,1.46,30.61,27.74,2.26
000905.SH,2014/1/22,3652129668853.0,2849142040336.0,4.17457E+11,3.40841E+11,1.95458E+11,1.23,2.14,31.41,28.44,2.32
000905.SH,2014/1/23,3679579013266.0,2869473352509.0,4.17457E+11,3.40841E+11,1.95454E+11,1.19,2.08,31.65,28.64,2.33
000905.SH,2014/1/24,3735299741988.0,2913848360556.0,4.17457E+11,3.40841E+11,1.95454E+11,1.34,2.34,31.95,29.04,2.37
000905.SH,2014/1/27,3731311554119.0,2911200171144.0,4.17457E+11,3.40841E+11,1.9552E+11,1.25,2.18,31.91,28.98,2.36
000905.SH,2014/1/28,3724370581339.0,2911635607108.0,4.17541E+11,3.42003E+11,1.95641E+11,0.93,1.63,31.62,28.9,2.36
000905.SH,2014/1/29,3758010942174.0,2937695670047.0,4.17541E+11,3.4201E+11,1.95641E+11,0.97,1.69,31.91,29.1,2.38
000905.SH,2014/1/30,3736390673903.0,2924713327784.0,4.17541E+11,3.42617E+11,1.95656E+11,0.83,1.46,31.73,28.98,2.36
000905.SH,2014/2/7,3806659625185.0,2989813086081.0,4.17541E+11,3.43347E+11,1.95896E+11,0.99,1.74,32.32,29.52,2.41
000905.SH,2014/2/10,3916954862357.0,3077837819418.0,4.17541E+11,3.43413E+11,1.95961E+11,1.68,2.95,33.26,30.38,2.48
000905.SH,2014/2/11,3919613646297.0,3081610286472.0,4.17541E+11,3.43413E+11,1.96002E+11,1.8,3.16,33.28,30.4,2.48
000905.SH,2014/2/12,3967784670073.0,3116096597386.0,4.17929E+11,3.43413E+11,1.96015E+11,1.72,3.01,33.69,30.77,2.51
000905.SH,2014/2/13,3907317370673.0,3070276264603.0,4.17929E+11,3.43492E+11,1.96024E+11,1.78,3.11,33.18,30.3,2.47
000905.SH,2014/2/14,3976728616128.0,3122825588712.0,4.17935E+11,3.43492E+11,1.96025E+11,1.47,2.58,33.77,30.83,2.51
000905.SH,2014/2/17,4054154266132.0,3181339805151.0,4.17935E+11,3.43492E+11,1.96028E+11,1.82,3.19,34.59,31.51,2.56
000905.SH,2014/2/18,4044339465434.0,3175403598227.0,4.17935E+11,3.43492E+11,1.96028E+11,1.86,3.26,34.5,31.38,2.55
000905.SH,2014/2/19,4040721645979.0,3176976755479.0,4.17935E+11,3.43492E+11,1.96063E+11,1.78,3.12,34.47,31.36,2.55
000905.SH,2014/2/20,3987942198088.0,3132759308470.0,4.18028E+11,3.43492E+11,1.96177E+11,1.82,3.19,34.02,30.96,2.52
000905.SH,2014/2/21,3960312807388.0,3112862871261.0,4.18028E+11,3.43502E+11,1.9618E+11,1.4,2.45,33.79,30.75,2.5
000905.SH,2014/2/24,3943965807350.0,3106457209497.0,4.18028E+11,3.44283E+11,1.96198E+11,1.49,2.61,33.53,30.64,2.49
000905.SH,2014/2/25,3803020558082.0,2998659902371.0,4.18028E+11,3.4449E+11,1.96347E+11,1.91,3.34,32.33,29.54,2.4
000905.SH,2014/2/26,3826824112168.0,3017832840133.0,4.18358E+11,3.44818E+11,1.96609E+11,1.42,2.49,32.57,29.65,2.41
000905.SH,2014/2/27,3774780018911.0,2979160002819.0,4.18358E+11,3.44819E+11,1.96609E+11,1.58,2.77,32.01,29.21,2.37
000905.SH,2014/2/28,3814172479185.0,3009931361748.0,4.18557E+11,3.44975E+11,1.9677E+11,1.35,2.37,32.42,29.36,2.39
000905.SH,2014/3/3,3891176166582.0,3076182631087.0,4.18226E+11,3.449E+11,1.96497E+11,1.49,2.61,32.95,29.94,2.44
000905.SH,2014/3/4,3888285184238.0,3076467267283.0,4.18226E+11,3.449E+11,1.96506E+11,1.56,2.73,32.87,29.96,2.44
000905.SH,2014/3/5,3869104450844.0,3062008375730.0,4.18557E+11,3.45232E+11,1.96789E+11,1.54,2.7,32.68,29.77,2.42
000905.SH,2014/3/6,3865585923366.0,3059367351973.0,4.18557E+11,3.45228E+11,1.9681E+11,1.4,2.45,32.58,29.67,2.42
000905.SH,2014/3/7,3849488388682.0,3043184237203.0,4.18657E+11,3.45106E+11,1.96814E+11,1.32,2.32,32.42,29.52,2.41
000905.SH,2014/3/10,3700795196037.0,2930094554451.0,4.18702E+11,3.45396E+11,1.9683E+11,1.44,2.52,30.96,28.35,2.31
000905.SH,2014/3/11,3704829869820.0,2934790443769.0,4.18786E+11,3.45411E+11,1.9685E+11,1.16,2.03,31.1,28.44,2.32
000905.SH,2014/3/12,3705599077592.0,2934495414148.0,4.18786E+11,3.45318E+11,1.9685E+11,1.19,2.09,31.16,28.48,2.32
000905.SH,2014/3/13,3748550828434.0,2967761293382.0,4.18811E+11,3.45375E+11,1.9678E+11,1.07,1.88,31.38,28.76,2.34
000905.SH,2014/3/14,3730117535765.0,2952429558935.0,4.18811E+11,3.45383E+11,1.9686E+11,1.02,1.79,31.23,28.64,2.33
000905.SH,2014/3/17,3804026056416.0,3011031316371.0,4.18811E+11,3.45423E+11,1.96887E+11,1.14,2,31.75,29.26,2.37
000905.SH,2014/3/18,3827111614168.0,3030911164007.0,4.1886E+11,3.45753E+11,1.96747E+11,1.28,2.25,31.46,29.32,2.39
000905.SH,2014/3/19,3820185001523.0,3024715889089.0,4.19143E+11,3.45946E+11,1.97168E+11,1.23,2.16,32.21,29.65,2.38
000905.SH,2014/3/20,3721973635591.0,2948491370354.0,4.19143E+11,3.45946E+11,1.97261E+11,1.44,2.53,31.21,28.87,2.32
000905.SH,2014/3/21,3797993533313.0,3007158847196.0,4.19218E+11,3.45947E+11,1.97272E+11,1.51,2.65,31.83,29.47,2.36
000905.SH,2014/3/24,3827331476672.0,3032642831581.0,4.19218E+11,3.45947E+11,1.9727E+11,1.57,2.75,32.04,29.71,2.38
000905.SH,2014/3/25,3834333521914.0,3037847051600.0,4.19218E+11,3.45847E+11,1.95647E+11,1.55,2.74,31.92,29.7,2.38
000905.SH,2014/3/26,3844435041582.0,3044335941870.0,4.19218E+11,3.45852E+11,1.95647E+11,1.34,2.37,31.43,29.46,2.39
000905.SH,2014/3/27,3786915862693.0,3003505582250.0,4.19314E+11,3.46434E+11,1.96009E+11,1.43,2.52,30.9,29.15,2.35
000905.SH,2014/3/28,3710708116692.0,2947918857881.0,4.19314E+11,3.46536E+11,1.95934E+11,1.54,2.73,29.85,28.54,2.3
000905.SH,2014/3/31,3685023051262.0,2925448048703.0,4.19724E+11,3.46616E+11,1.96031E+11,1.11,1.96,29.15,28.14,2.28
000905.SH,2014/4/1,3745265672459.0,2970640679378.0,4.20043E+11,3.46588E+11,1.96259E+11,1,1.77,30.01,28.83,2.32
000905.SH,2014/4/2,3749096133577.0,2974033715709.0,4.20173E+11,3.46598E+11,1.96131E+11,1.27,2.24,30.05,28.89,2.32
000905.SH,2014/4/3,3745527083181.0,2968054793149.0,4.2026E+11,3.46601E+11,1.96279E+11,1.22,2.16,30.24,28.89,2.31
000905.SH,2014/4/4,3787980234810.0,3000462490430.0,4.20265E+11,3.46611E+11,1.96279E+11,1.1,1.95,30.43,29.27,2.34
000905.SH,2014/4/8,3833138854755.0,3033837155413.0,4.2077E+11,3.46611E+11,1.96298E+11,1.23,2.17,30.53,29.61,2.36
000905.SH,2014/4/9,3867000880684.0,3061828928894.0,4.2079E+11,3.4683E+11,1.96281E+11,1.26,2.23,30.54,29.71,2.38
000905.SH,2014/4/10,3886964311661.0,3077028948823.0,4.2079E+11,3.4682E+11,1.96384E+11,1.48,2.61,30.85,29.98,2.39
000905.SH,2014/4/11,3872891346126.0,3066757713877.0,4.21121E+11,3.46936E+11,1.96496E+11,1.25,2.2,30.72,29.85,2.38
000905.SH,2014/4/14,3899905166440.0,3096401067952.0,4.21121E+11,3.47348E+11,1.96553E+11,1.2,2.12,30.95,30.18,2.4
000905.SH,2014/4/15,3871309002033.0,3071972754103.0,4.21121E+11,3.47324E+11,1.98263E+11,1.31,2.29,30.22,29.75,2.38
000905.SH,2014/4/16,3869777610886.0,3070939099509.0,4.21121E+11,3.47326E+11,1.98423E+11,1.1,1.92,30.22,29.62,2.37
000905.SH,2014/4/17,3866378296409.0,3067020386439.0,4.21121E+11,3.47326E+11,1.98507E+11,1.11,1.95,30.13,29.58,2.37
000905.SH,2014/4/18,3879006824068.0,3078710168539.0,4.21121E+11,3.47368E+11,1.98512E+11,1,1.75,30.16,29.74,2.38
000905.SH,2014/4/21,3816109438922.0,3029741767696.0,4.21123E+11,3.47372E+11,1.98741E+11,1.16,2.03,29.59,29.21,2.34
000905.SH,2014/4/22,3798449730876.0,3023285018419.0,4.21187E+11,3.47647E+11,1.98774E+11,1.21,2.11,28.94,28.95,2.32
000905.SH,2014/4/23,3782659548550.0,3010290263353.0,4.21187E+11,3.47718E+11,1.98783E+11,0.88,1.55,28.76,28.74,2.31
000905.SH,2014/4/24,3739840147145.0,2976416739183.0,4.21255E+11,3.47787E+11,1.98848E+11,0.93,1.63,28.5,28.34,2.28
000905.SH,2014/4/25,3659569735856.0,2924066166333.0,4.21255E+11,3.48702E+11,1.99611E+11,1.03,1.8,27.9,27.84,2.23
000905.SH,2014/4/28,3549027884675.0,2835446604994.0,4.21401E+11,3.48716E+11,1.99649E+11,1.05,1.84,27.45,27.28,2.15
000905.SH,2014/4/29,3600365900580.0,2876825831167.0,4.21401E+11,3.48716E+11,1.99553E+11,0.81,1.42,28.03,27.44,2.18
000905.SH,2014/4/30,3629859389132.0,2897855266868.0,4.22011E+11,3.49072E+11,1.9966E+11,0.76,1.33,28.16,27.51,2.19
000905.SH,2014/5/5,3661783227944.0,2924637564807.0,4.22341E+11,3.49566E+11,1.99844E+11,0.82,1.43,28.41,27.75,2.21
000905.SH,2014/5/6,3680737267757.0,2940364888279.0,4.22341E+11,3.49566E+11,1.9968E+11,0.88,1.53,28.56,27.89,2.22
000905.SH,2014/5/7,3614724488499.0,2889529092865.0,4.22741E+11,3.49782E+11,1.99821E+11,0.84,1.47,28.05,27.39,2.18
000905.SH,2014/5/8,3619594088871.0,2893562311055.0,4.22911E+11,3.49934E+11,1.99933E+11,0.87,1.53,28.08,27.43,2.19
000905.SH,2014/5/9,3583931021101.0,2868381814504.0,4.22977E+11,3.50482E+11,2.00502E+11,0.84,1.47,27.81,27.16,2.16
000905.SH,2014/5/12,3678697142439.0,2947271388408.0,4.22977E+11,3.5072E+11,2.00828E+11,1.21,2.11,28.54,27.88,2.22
000905.SH,2014/5/13,3671822640666.0,2939777228437.0,4.23284E+11,3.5092E+11,2.00976E+11,1.02,1.78,28.49,27.82,2.22
000905.SH,2014/5/14,3669075325040.0,2935602509686.0,4.2338E+11,3.50942E+11,2.0094E+11,0.81,1.41,28.47,27.8,2.21
000905.SH,2014/5/15,3602839618305.0,2881773671413.0,4.2407E+11,3.51381E+11,2.01298E+11,0.88,1.53,27.95,27.3,2.17
000905.SH,2014/5/16,3597459012916.0,2877289275387.0,4.24502E+11,3.51749E+11,2.01574E+11,0.76,1.33,27.91,27.26,2.17
000905.SH,2014/5/19,3580064620535.0,2861317529395.0,4.24707E+11,3.51749E+11,2.01574E+11,0.69,1.2,27.78,27.13,2.16
000905.SH,2014/5/20,3589234860877.0,2868524043319.0,4.24785E+11,3.51775E+11,2.01597E+11,0.71,1.23,27.85,27.2,2.17
000905.SH,2014/5/21,3620000953213.0,2896171404312.0,4.25071E+11,3.52511E+11,2.01653E+11,0.68,1.19,28.09,27.43,2.19
000905.SH,2014/5/22,3617101609892.0,2895453970064.0,4.26226E+11,3.53785E+11,2.02126E+11,0.88,1.53,28.07,27.41,2.18
000905.SH,2014/5/23,3654222068888.0,2926745584702.0,4.26674E+11,3.54018E+11,2.02326E+11,0.82,1.43,28.35,27.69,2.21
000905.SH,2014/5/26,3693875016189.0,2956008976329.0,4.26817E+11,3.54034E+11,2.02327E+11,0.94,1.65,28.66,27.99,2.23
000905.SH,2014/5/27,3683364794851.0,2949514593406.0,4.26806E+11,3.54136E+11,2.02374E+11,0.92,1.62,28.58,27.91,2.23
000905.SH,2014/5/28,3723371155842.0,2971142817715.0,4.29107E+11,3.54595E+11,2.03724E+11,1.04,1.81,28.89,28.21,2.25
000905.SH,2014/5/29,3689059217397.0,2942365844692.0,4.29348E+11,3.54595E+11,2.0379E+11,1.05,1.83,28.62,27.95,2.23
000905.SH,2014/5/30,3698215742951.0,2950146077218.0,4.29498E+11,3.55091E+11,2.03859E+11,0.97,1.69,28.69,28.02,2.23
000905.SH,2014/6/3,3692936009932.0,2966155044651.0,4.29498E+11,3.57536E+11,2.03922E+11,0.84,1.48,28.65,27.98,2.23
000905.SH,2014/6/4,3658867840353.0,2937820245384.0,4.29911E+11,3.57888E+11,2.04121E+11,0.85,1.48,28.39,27.73,2.21
000905.SH,2014/6/5,3701705432851.0,2970868647474.0,4.29911E+11,3.57888E+11,2.0392E+11,0.83,1.45,28.72,28.05,2.24
000905.SH,2014/6/6,3689929227545.0,2960376844161.0,4.30011E+11,3.57924E+11,2.03926E+11,0.84,1.47,28.63,27.96,2.23
000905.SH,2014/6/9,3669859603981.0,2942570249166.0,4.31154E+11,3.58377E+11,2.04119E+11,0.75,1.31,28.47,27.81,2.22
000905.SH,2014/6/10,3712913026104.0,2981363225068.0,4.31275E+11,3.58973E+11,2.04579E+11,0.84,1.48,28.81,28.14,2.24
000905.SH,2014/6/11,3730196680649.0,2995994608638.0,4.31809E+11,3.5954E+11,2.04795E+11,0.89,1.56,28.94,28.27,2.25
000905.SH,2014/6/12,3720465815035.0,2988865726586.0,4.32501E+11,3.6019E+11,2.05015E+11,0.98,1.71,28.87,28.19,2.25
000905.SH,2014/6/13,3762849155209.0,3021734678369.0,4.32659E+11,3.60236E+11,2.05056E+11,1.11,1.94,29.2,28.51,2.27
000905.SH,2014/6/16,3805709400258.0,2985595610855.0,4.35754E+11,3.56812E+11,2.03535E+11,1.1,1.93,27.13,26.63,2.25
000905.SH,2014/6/17,3769198273043.0,2957866032619.0,4.37236E+11,3.58056E+11,2.04346E+11,1.11,1.95,26.87,26.37,2.23
000905.SH,2014/6/18,3746841551585.0,2940468800120.0,4.37329E+11,3.58373E+11,2.04734E+11,1.14,1.99,26.71,26.22,2.22
000905.SH,2014/6/19,3647415293629.0,2858355820305.0,4.38005E+11,3.58543E+11,2.04803E+11,1.21,2.12,26,25.52,2.16
000905.SH,2014/6/20,3681575617994.0,2883981621804.0,4.38328E+11,3.58985E+11,2.05009E+11,0.82,1.43,26.25,25.76,2.18
000905.SH,2014/6/23,3709510951795.0,2912826319007.0,4.39057E+11,3.60476E+11,2.05661E+11,0.89,1.57,26.45,25.96,2.2
000905.SH,2014/6/24,3731863441992.0,2933830820292.0,4.3916E+11,3.60774E+11,2.05857E+11,0.95,1.66,26.61,26.11,2.21
000905.SH,2014/6/25,3709084226903.0,2916690635166.0,4.39273E+11,3.60919E+11,2.05968E+11,0.84,1.48,26.44,25.95,2.2
000905.SH,2014/6/26,3755822506744.0,2947442047198.0,4.40028E+11,3.61008E+11,2.06018E+11,1.12,1.97,26.78,26.28,2.23
000905.SH,2014/6/27,3781387125002.0,2971177711496.0,4.4039E+11,3.61782E+11,2.06434E+11,1.34,2.35,26.96,26.46,2.24
000905.SH,2014/6/30,3815655171992.0,3001704589421.0,4.40338E+11,3.61867E+11,2.06521E+11,1.36,2.38,27.2,26.7,2.27
000905.SH,2014/7/1,3844172524481.0,3021607958327.0,4.40444E+11,3.61834E+11,2.06698E+11,1.35,2.36,27.41,26.9,2.28
000905.SH,2014/7/2,3870748453477.0,3043724599561.0,4.40478E+11,3.61835E+11,2.07136E+11,1.46,2.56,27.6,27.08,2.3
000905.SH,2014/7/3,3907634539833.0,3072440018197.0,4.40603E+11,3.61836E+11,2.06936E+11,1.69,2.96,27.86,27.34,2.32
000905.SH,2014/7/4,3893964293561.0,3063886473765.0,4.40603E+11,3.62051E+11,2.06975E+11,1.52,2.67,27.76,27.25,2.31
000905.SH,2014/7/7,3901980737065.0,3072790348641.0,4.40936E+11,3.62385E+11,2.06975E+11,1.41,2.47,27.82,27.3,2.32
000905.SH,2014/7/8,3925356849325.0,3089213035216.0,4.41094E+11,3.6239E+11,2.07188E+11,1.38,2.42,27.99,27.47,2.33
000905.SH,2014/7/9,3871320958663.0,3049223435466.0,4.41084E+11,3.62547E+11,2.0748E+11,1.57,2.74,27.6,27.09,2.3
000905.SH,2014/7/10,3872603009466.0,3051709250975.0,4.41095E+11,3.62548E+11,2.07496E+11,1.34,2.35,27.61,27.09,2.3
000905.SH,2014/7/11,3915072195626.0,3085907072760.0,4.41267E+11,3.62214E+11,2.06946E+11,1.47,2.56,27.91,27.38,2.33
000905.SH,2014/7/14,3974242313521.0,3134210377515.0,4.41267E+11,3.62364E+11,2.07117E+11,1.67,2.93,28.34,27.78,2.37
000905.SH,2014/7/15,3976416772392.0,3138321088672.0,4.41263E+11,3.62436E+11,2.0725E+11,1.84,3.22,28.35,27.78,2.37
000905.SH,2014/7/16,3948399843964.0,3125168689761.0,4.41596E+11,3.63647E+11,2.07373E+11,1.63,2.87,28.15,27.57,2.35
000905.SH,2014/7/17,3921119475516.0,3101948523746.0,4.41699E+11,3.63647E+11,2.07381E+11,1.37,2.41,27.96,27.36,2.33
000905.SH,2014/7/18,3933123401079.0,3124640214628.0,4.41699E+11,3.65827E+11,2.07541E+11,1.36,2.39,28.04,27.45,2.34
000905.SH,2014/7/21,3919267711512.0,3110590479544.0,4.4199E+11,3.65832E+11,2.0768E+11,1.21,2.13,27.94,27.32,2.33
000905.SH,2014/7/22,3972308451590.0,3157542026771.0,4.42042E+11,3.66006E+11,2.07771E+11,1.49,2.63,28.32,27.68,2.36
000905.SH,2014/7/23,3946037514776.0,3138495145960.0,4.42042E+11,3.65997E+11,2.07729E+11,1.6,2.82,28.13,27.5,2.35
000905.SH,2014/7/24,3945831377427.0,3139535616016.0,4.42038E+11,3.65875E+11,2.07608E+11,1.71,3.02,28.13,27.48,2.35
000905.SH,2014/7/25,3980982673783.0,3171560524088.0,4.42039E+11,3.66154E+11,2.07665E+11,1.5,2.65,28.38,27.7,2.37
000905.SH,2014/7/28,4049489681551.0,3226780894173.0,4.42039E+11,3.66154E+11,2.07663E+11,2.17,3.83,28.87,28.17,2.41
000905.SH,2014/7/29,4086840359915.0,3257061761531.0,4.42039E+11,3.6619E+11,2.07916E+11,2.21,3.88,29.14,28.3,2.43
000905.SH,2014/7/30,4090180679542.0,3259767445258.0,4.42537E+11,3.66617E+11,2.08095E+11,1.89,3.32,29.16,28.29,2.43
000905.SH,2014/7/31,4129503577073.0,3292524823916.0,4.42537E+11,3.66614E+11,2.08097E+11,1.79,3.16,29.44,28.6,2.45
000905.SH,2014/8/1,4088603706644.0,3254076429111.0,4.42986E+11,3.66319E+11,2.08111E+11,2.13,3.76,29.15,28.38,2.43
000905.SH,2014/8/4,4154655667854.0,3309174879935.0,4.42986E+11,3.66524E+11,2.07916E+11,1.8,3.18,29.62,28.82,2.46
000905.SH,2014/8/5,4174572458353.0,3326460307807.0,4.42986E+11,3.66537E+11,2.07916E+11,2.03,3.58,29.76,28.95,2.48
000905.SH,2014/8/6,4199203601948.0,3346428353905.0,4.42986E+11,3.66556E+11,2.07933E+11,2.03,3.58,29.94,29.14,2.49
000905.SH,2014/8/7,4158311921377.0,3312036983824.0,4.42986E+11,3.66556E+11,2.07933E+11,1.94,3.42,29.65,28.84,2.46
000905.SH,2014/8/8,4185797358028.0,3332148467203.0,4.43192E+11,3.66602E+11,2.07948E+11,1.57,2.76,29.84,28.94,2.48
000905.SH,2014/8/11,4246725304053.0,3380441136425.0,4.43206E+11,3.66629E+11,2.08301E+11,1.77,3.11,30.28,29.52,2.51
000905.SH,2014/8/12,4269362932899.0,3394031271939.0,4.43286E+11,3.6692E+11,2.08275E+11,1.83,3.23,30.44,29.7,2.52
000905.SH,2014/8/13,4270446790785.0,3394857172724.0,4.44089E+11,3.67495E+11,2.08663E+11,1.99,3.5,30.45,29.73,2.52
000905.SH,2014/8/14,4240955828839.0,3372260527896.0,4.44089E+11,3.67495E+11,2.08587E+11,2.03,3.58,30.24,29.52,2.5
000905.SH,2014/8/15,4289577957243.0,3409843208272.0,4.44089E+11,3.67519E+11,2.08718E+11,1.77,3.11,30.58,29.78,2.53
000905.SH,2014/8/18,4346973517128.0,3459437435937.0,4.44089E+11,3.68121E+11,2.08873E+11,1.94,3.42,30.99,30.21,2.56
000905.SH,2014/8/19,4360425881556.0,3471460629092.0,4.44103E+11,3.68124E+11,2.08834E+11,2.11,3.71,31.09,30.13,2.56
000905.SH,2014/8/20,4364014316085.0,3473288379352.0,4.44243E+11,3.68175E+11,2.08917E+11,2.07,3.66,31.11,30.09,2.56
000905.SH,2014/8/21,4362101951095.0,3464360377234.0,4.45173E+11,3.68178E+11,2.08772E+11,1.96,3.46,31.1,30.17,2.56
000905.SH,2014/8/22,4396721787304.0,3493980655062.0,4.45946E+11,3.69089E+11,2.09209E+11,1.95,3.44,31.34,30.44,2.57
000905.SH,2014/8/25,4371214505897.0,3468632315346.0,4.4695E+11,3.69082E+11,2.09054E+11,1.84,3.25,31.16,30.42,2.54
000905.SH,2014/8/26,4296182880935.0,3405713644661.0,4.47148E+11,3.69088E+11,2.08969E+11,1.89,3.33,30.62,30.04,2.5
000905.SH,2014/8/27,4312396822350.0,3419419584817.0,4.47154E+11,3.69084E+11,2.08766E+11,1.47,2.6,30.74,30.04,2.5
000905.SH,2014/8/28,4271885959675.0,3388749391056.0,4.47442E+11,3.6953E+11,2.0892E+11,1.47,2.6,30.45,29.68,2.47
000905.SH,2014/8/29,4316201494844.0,3424299339487.0,4.47457E+11,3.6953E+11,2.0894E+11,1.18,2.09,30.77,29.96,2.49
000905.SH,2014/9/1,4394231937665.0,3490262955596.0,4.47457E+11,3.69673E+11,2.08912E+11,1.56,2.76,31.32,30.16,2.53
000905.SH,2014/9/2,4462406905673.0,3544902451708.0,4.47455E+11,3.69673E+11,2.0899E+11,2.28,4.03,31.81,30.63,2.57
000905.SH,2014/9/3,4494601728547.0,3569270142872.0,4.47655E+11,3.69904E+11,2.09121E+11,2.38,4.2,32.04,30.85,2.59
000905.SH,2014/9/4,4531405429066.0,3600084825248.0,4.47655E+11,3.69904E+11,2.09132E+11,2.55,4.51,32.3,31.1,2.61
000905.SH,2014/9/5,4549843448479.0,3613478263620.0,4.47655E+11,3.69912E+11,2.09151E+11,2.46,4.34,32.43,31.23,2.62
000905.SH,2014/9/9,4583764829734.0,3642456920728.0,4.48119E+11,3.70185E+11,2.09508E+11,2.41,4.26,32.67,31.46,2.64
000905.SH,2014/9/10,4593634838455.0,3649901779161.0,4.48119E+11,3.70189E+11,2.09524E+11,2.33,4.11,32.74,31.53,2.64
000905.SH,2014/9/11,4589711247487.0,3645241141249.0,4.48119E+11,3.70189E+11,2.09524E+11,2.64,4.66,32.72,31.5,2.64
000905.SH,2014/9/12,4653595308882.0,3686717055998.0,4.4869E+11,3.70214E+11,2.09771E+11,2.12,3.74,33.17,31.94,2.67
000905.SH,2014/9/15,4703623129678.0,3725022274979.0,4.4869E+11,3.70215E+11,2.09818E+11,2.51,4.43,33.53,32.28,2.7
000905.SH,2014/9/16,4549116137403.0,3599189292169.0,4.49186E+11,3.70215E+11,2.09808E+11,3.17,5.59,32.43,31.22,2.6
000905.SH,2014/9/17,4586865435426.0,3630099568706.0,4.49186E+11,3.70303E+11,2.09969E+11,2.33,4.11,32.7,31.48,2.62
000905.SH,2014/9/18,4618937429418.0,3653906965734.0,4.4996E+11,3.71034E+11,2.10144E+11,2.1,3.71,32.92,31.7,2.64
000905.SH,2014/9/19,4657788552579.0,3685524789109.0,4.50382E+11,3.71508E+11,2.1034E+11,1.99,3.51,33.2,31.97,2.67
000905.SH,2014/9/22,4597522527477.0,3635662926646.0,4.50456E+11,3.71508E+11,2.1034E+11,2.09,3.69,32.77,31.55,2.63
000905.SH,2014/9/23,4655905141757.0,3683489455886.0,4.50456E+11,3.71591E+11,2.1044E+11,1.93,3.41,33.19,31.95,2.66
000905.SH,2014/9/24,4729327512331.0,3730805962889.0,4.5194E+11,3.71791E+11,2.10647E+11,2.28,4.03,33.71,32.46,2.69
000905.SH,2014/9/25,4728106881372.0,3729779061019.0,4.51944E+11,3.71793E+11,2.10668E+11,2.48,4.38,33.7,32.45,2.69
000905.SH,2014/9/26,4743476975181.0,3744726148872.0,4.52633E+11,3.72493E+11,2.10832E+11,1.96,3.46,33.81,32.55,2.7
000905.SH,2014/9/29,4795376446321.0,3781248680528.0,4.52996E+11,3.72586E+11,2.10785E+11,2.17,3.84,34.18,32.91,2.72
000905.SH,2014/9/30,4837159579369.0,3815527243054.0,4.5379E+11,3.73056E+11,2.11047E+11,2.19,3.87,34.48,33.2,2.74
000905.SH,2014/10/8,4909194111698.0,3877389498461.0,4.53788E+11,3.73056E+11,2.11064E+11,2.42,4.28,34.99,33.69,2.78
000905.SH,2014/10/9,4920783481430.0,3878905147268.0,4.56477E+11,3.73062E+11,2.11087E+11,2.8,4.94,35.08,33.75,2.78
000905.SH,2014/10/10,4896155126463.0,3873043791879.0,4.5652E+11,3.7463E+11,2.124E+11,2.57,4.53,34.9,33.53,2.77
000905.SH,2014/10/13,4899120656828.0,3875230302012.0,4.5652E+11,3.74629E+11,2.12353E+11,2.22,3.91,34.92,33.56,2.77
000905.SH,2014/10/14,4883306040137.0,3861845521326.0,4.5652E+11,3.7463E+11,2.12357E+11,2.2,3.88,34.81,33.45,2.76
000905.SH,2014/10/15,4903651800128.0,3887112013610.0,4.56537E+11,3.75744E+11,2.12412E+11,2.18,3.86,34.95,33.58,2.77
000905.SH,2014/10/16,4824245359218.0,3825494011294.0,4.56537E+11,3.7587E+11,2.12588E+11,2.55,4.5,34.39,32.95,2.73
000905.SH,2014/10/17,4782319181889.0,3789244631894.0,4.56632E+11,3.7587E+11,2.12588E+11,2.27,4.01,34.09,32.63,2.7
000905.SH,2014/10/20,4848675724461.0,3842970246555.0,4.5663E+11,3.7588E+11,2.12614E+11,1.72,3.04,34.56,33.1,2.74
000905.SH,2014/10/21,4804027906447.0,3807358552447.0,4.5663E+11,3.7588E+11,2.12628E+11,1.8,3.19,34.24,32.85,2.71
000905.SH,2014/10/22,4743821039483.0,3759076228463.0,4.56647E+11,3.75669E+11,2.12649E+11,1.63,2.89,33.81,32.37,2.68
000905.SH,2014/10/23,4676279529787.0,3705129903416.0,4.56798E+11,3.75669E+11,2.12666E+11,1.73,3.06,33.33,31.89,2.64
000905.SH,2014/10/24,4694251402298.0,3718492735233.0,4.56798E+11,3.75669E+11,2.12505E+11,1.5,2.65,33.46,31.97,2.64
000905.SH,2014/10/27,4730156555298.0,3746210733599.0,4.57031E+11,3.75714E+11,2.12465E+11,1.49,2.64,33.72,32.19,2.66
000905.SH,2014/10/28,4844115429506.0,3836825852461.0,4.57031E+11,3.75714E+11,2.12398E+11,2,3.54,34.53,33.06,2.71
000905.SH,2014/10/29,4910340485542.0,3896619904152.0,4.57034E+11,3.76189E+11,2.12585E+11,2.81,4.97,35,33.44,2.74
000905.SH,2014/10/30,4912242827991.0,3898547007806.0,4.57134E+11,3.76189E+11,2.12585E+11,2.64,4.66,35.01,33.56,2.72
000905.SH,2014/10/31,4905663146722.0,3895417922034.0,4.57134E+11,3.76189E+11,2.12767E+11,2.44,4.31,34.97,34.22,2.72
000905.SH,2014/11/3,4951408435967.0,3932120762067.0,4.57134E+11,3.76203E+11,2.12879E+11,2.45,4.33,35.29,34.54,2.75
000905.SH,2014/11/4,4930664316516.0,3914349894775.0,4.5721E+11,3.76203E+11,2.12933E+11,2.49,4.41,35.15,34.4,2.73
000905.SH,2014/11/5,4924941639797.0,3909448621172.0,4.57218E+11,3.7623E+11,2.12951E+11,2.25,3.98,35.1,34.36,2.73
000905.SH,2014/11/6,4959965683794.0,3932993728471.0,4.57447E+11,3.76248E+11,2.1303E+11,2.12,3.74,35.35,34.6,2.75
000905.SH,2014/11/7,4916518762333.0,3896887671044.0,4.57444E+11,3.76248E+11,2.1303E+11,2.56,4.52,35.04,34.3,2.72
000905.SH,2014/11/10,4971766541018.0,3949200074995.0,4.57444E+11,3.767E+11,2.13031E+11,2.26,4,35.44,34.68,2.75
000905.SH,2014/11/11,4819714996266.0,3830438090566.0,4.57444E+11,3.767E+11,2.13031E+11,2.83,5,34.35,33.62,2.67
000905.SH,2014/11/12,4901166472561.0,3896475160675.0,4.57478E+11,3.767E+11,2.13031E+11,1.93,3.42,34.94,34.19,2.71
000905.SH,2014/11/13,4855674183936.0,3861715703429.0,4.57628E+11,3.76755E+11,2.13129E+11,2.31,4.09,34.61,33.87,2.68
000905.SH,2014/11/14,4844762882470.0,3852335448676.0,4.57628E+11,3.76755E+11,2.13129E+11,1.75,3.09,34.53,33.8,2.68
000905.SH,2014/11/17,4893476383789.0,3891760413305.0,4.57628E+11,3.76757E+11,2.13183E+11,1.82,3.21,34.88,34.14,2.71
000905.SH,2014/11/18,4902416591576.0,3897046476075.0,4.57791E+11,3.76757E+11,2.13188E+11,1.69,2.98,34.94,34.2,2.71
000905.SH,2014/11/19,4919150004108.0,3908539306296.0,4.57791E+11,3.76757E+11,2.13238E+11,1.81,3.2,35.06,34.32,2.72
000905.SH,2014/11/20,4908838593446.0,3901079157293.0,4.57823E+11,3.76758E+11,2.13238E+11,1.58,2.8,34.99,34.25,2.71
000905.SH,2014/11/21,4963306225704.0,3943536633920.0,4.57823E+11,3.76758E+11,2.13245E+11,1.93,3.42,35.38,34.63,2.74
000905.SH,2014/11/24,5040444019403.0,4012725882196.0,4.57823E+11,3.77013E+11,2.13265E+11,3.14,5.56,35.93,35.16,2.78
000905.SH,2014/11/25,5116917908542.0,4078721593150.0,4.57824E+11,3.77131E+11,2.13368E+11,2.86,5.05,36.47,35.7,2.83
000905.SH,2014/11/26,5138525094297.0,4095316540419.0,4.5783E+11,3.77131E+11,2.13368E+11,2.91,5.15,36.63,35.85,2.84
000905.SH,2014/11/27,5174656211569.0,4124485868429.0,4.5783E+11,3.77134E+11,2.13475E+11,3.2,5.65,36.88,36.1,2.86
000905.SH,2014/11/28,5165273523136.0,4126199072950.0,4.5783E+11,3.77582E+11,2.13501E+11,3.32,5.87,36.82,36.03,2.85
000905.SH,2014/12/1,5129907718621.0,4101797816853.0,4.57831E+11,3.77868E+11,2.1387E+11,3.07,5.42,36.57,35.79,2.83
000905.SH,2014/12/2,5198930826947.0,4156366067999.0,4.57831E+11,3.77868E+11,2.13877E+11,2.9,5.12,37.06,36.27,2.87
000905.SH,2014/12/3,5262524940375.0,4206528809262.0,4.57831E+11,3.77869E+11,2.14058E+11,4.05,7.15,37.51,36.71,2.91
000905.SH,2014/12/4,5370286452429.0,4293944328599.0,4.57836E+11,3.77869E+11,2.14214E+11,4.03,7.1,38.28,37.46,2.97
000905.SH,2014/12/5,5254513812475.0,4204963850402.0,4.5792E+11,3.78028E+11,2.14357E+11,4.56,8.04,37.45,36.66,2.9
000905.SH,2014/12/8,5339282112457.0,4271388223794.0,4.59086E+11,3.78096E+11,2.14423E+11,4.03,7.11,38.06,37.25,2.94
000905.SH,2014/12/9,5126977764012.0,4101757965262.0,4.59086E+11,3.78096E+11,2.14561E+11,5.23,9.21,36.54,35.77,2.82
000905.SH,2014/12/10,5305102740693.0,4247360011282.0,4.59086E+11,3.78113E+11,2.14652E+11,3.47,6.12,37.81,37.01,2.92
000905.SH,2014/12/11,5388137511717.0,4314297299279.0,4.59397E+11,3.7825E+11,2.14656E+11,3.7,6.52,38.41,37.59,2.96
000905.SH,2014/12/12,5429476454441.0,4344157946762.0,4.59397E+11,3.7825E+11,2.14692E+11,3.08,5.43,38.7,37.88,2.98
000905.SH,2014/12/15,5741532255905.0,4561251180681.0,4.7702E+11,3.88723E+11,2.19978E+11,3.34,5.9,40.06,38.78,3.01
000905.SH,2014/12/16,5767939431756.0,4579136931150.0,4.7702E+11,3.88724E+11,2.20035E+11,3.22,5.69,40.25,38.96,3.03
000905.SH,2014/12/17,5724114097977.0,4546374898500.0,4.77447E+11,3.8965E+11,2.21032E+11,3.42,6.02,39.94,38.66,3
000905.SH,2014/12/18,5728688156227.0,4550909072342.0,4.77447E+11,3.89653E+11,2.21132E+11,2.75,4.85,39.97,38.69,3
000905.SH,2014/12/19,5694395736314.0,4528649063352.0,4.77448E+11,3.89655E+11,2.21294E+11,3.42,6.03,39.73,38.46,2.99
000905.SH,2014/12/22,5470359142374.0,4371246578616.0,4.77783E+11,3.91218E+11,2.21563E+11,3.87,6.83,38.17,36.95,2.87
000905.SH,2014/12/23,5363157477212.0,4281766913610.0,4.78304E+11,3.91237E+11,2.21686E+11,2.44,4.3,37.42,36.22,2.8
000905.SH,2014/12/24,5434753811367.0,4337877235237.0,4.78319E+11,3.91271E+11,2.21818E+11,2.2,3.88,37.92,36.71,2.84
000905.SH,2014/12/25,5541830178026.0,4422039830630.0,4.78475E+11,3.91267E+11,2.21839E+11,2.29,4.05,38.67,37.43,2.89
000905.SH,2014/12/26,5600267404218.0,4470034748021.0,4.78475E+11,3.91273E+11,2.21883E+11,2.7,4.77,39.08,37.82,2.92
000905.SH,2014/12/29,5550438915133.0,4442374069639.0,4.78476E+11,3.91894E+11,2.2191E+11,3.08,5.44,38.73,37.49,2.9
000905.SH,2014/12/30,5454557198023.0,4363004744141.0,4.78508E+11,3.91892E+11,2.2195E+11,2.52,4.46,38.06,36.84,2.85
000905.SH,2014/12/31,5507786213611.0,4407899564468.0,4.7858E+11,3.91892E+11,2.21987E+11,2.39,4.22,38.43,37.2,2.87
000905.SH,2015/1/5,5613782435019.0,4498003675489.0,4.78976E+11,3.91948E+11,2.22032E+11,3.29,5.8,39.17,37.92,2.92
000905.SH,2015/1/6,5674786085176.0,4542865749564.0,4.79223E+11,3.91948E+11,2.22032E+11,3.16,5.57,39.6,38.3,2.95
000905.SH,2015/1/7,5682534918582.0,4548986113661.0,4.7933E+11,3.92055E+11,2.22163E+11,2.45,4.32,39.65,38.35,2.96
000905.SH,2015/1/8,5644634310069.0,4507744383828.0,4.80012E+11,3.92055E+11,2.22149E+11,2.44,4.31,39.39,38.1,2.93
000905.SH,2015/1/9,5609183394106.0,4480906218782.0,4.80012E+11,3.92371E+11,2.22149E+11,2.31,4.08,39.14,37.88,2.91
000905.SH,2015/1/12,5526867596611.0,4411127749241.0,4.80012E+11,3.92371E+11,2.22149E+11,1.99,3.51,38.57,37.32,2.87
000905.SH,2015/1/13,5598546029567.0,4471897241060.0,4.80019E+11,3.92546E+11,2.22428E+11,1.75,3.09,39.07,37.83,2.9
000905.SH,2015/1/14,5568894078410.0,4448406965018.0,4.80119E+11,3.92546E+11,2.22428E+11,1.71,3.02,38.86,37.63,2.88
000905.SH,2015/1/15,5641767657715.0,4518976262176.0,4.80119E+11,3.92873E+11,2.22472E+11,1.73,3.05,39.37,38.16,2.92
000905.SH,2015/1/16,5713427166876.0,4575408064199.0,4.80135E+11,3.92873E+11,2.22478E+11,2.15,3.8,39.87,38.67,2.96
000905.SH,2015/1/19,5469298108460.0,4369799879876.0,4.80315E+11,3.92838E+11,2.22494E+11,2.68,4.73,38.16,37.01,2.83
000905.SH,2015/1/20,5663803993957.0,4525358968746.0,4.80315E+11,3.92839E+11,2.22598E+11,2.34,4.13,39.52,38.33,2.93
000905.SH,2015/1/21,5814533771717.0,4644027950774.0,4.80315E+11,3.92839E+11,2.22729E+11,2.8,4.95,40.57,39.31,3.01
000905.SH,2015/1/22,5893921737751.0,4708878153523.0,4.80315E+11,3.92839E+11,2.22729E+11,2.68,4.73,41.13,39.84,3.05
000905.SH,2015/1/23,5841317969418.0,4668478849827.0,4.80321E+11,3.92849E+11,2.22759E+11,2.53,4.46,40.76,39.48,3.02
000905.SH,2015/1/26,5968708429342.0,4775644153913.0,4.80322E+11,3.92877E+11,2.22766E+11,2.58,4.55,41.65,40.34,3.09
000905.SH,2015/1/27,5988170262541.0,4794214576202.0,4.80488E+11,3.93552E+11,2.22855E+11,2.9,5.13,41.78,40.47,3.09
000905.SH,2015/1/28,5954969152153.0,4767972642232.0,4.80537E+11,3.93598E+11,2.22903E+11,2.6,4.59,41.55,40.2,3.07
000905.SH,2015/1/29,5919548946370.0,4739755720263.0,4.80537E+11,3.93601E+11,2.22913E+11,2.15,3.79,41.28,39.94,3.05
000905.SH,2015/1/30,5856348555342.0,4689242800366.0,4.8071E+11,3.93601E+11,2.23077E+11,2.05,3.61,40.84,39.48,3.02
000905.SH,2015/2/2,5832898230503.0,4667009190626.0,4.81165E+11,3.93806E+11,2.23316E+11,1.83,3.22,40.67,39.35,3
000905.SH,2015/2/3,5927935532616.0,4745551052863.0,4.81165E+11,3.93806E+11,2.23321E+11,1.92,3.38,41.34,40.04,3.05
000905.SH,2015/2/4,5911974033410.0,4734774454050.0,4.81363E+11,3.9435E+11,2.23548E+11,2.05,3.62,41.23,39.93,3.04
000905.SH,2015/2/5,5882795121101.0,4714301240547.0,4.81363E+11,3.9435E+11,2.23552E+11,2.24,3.95,41.02,39.74,3.02
000905.SH,2015/2/6,5760594827174.0,4614521902894.0,4.81563E+11,3.9444E+11,2.23647E+11,1.93,3.41,40.04,38.9,2.96
000905.SH,2015/2/9,5729748012125.0,4589922862911.0,4.81563E+11,3.94443E+11,2.23722E+11,1.42,2.5,39.82,38.69,2.94
000905.SH,2015/2/10,5819350423061.0,4657920529979.0,4.8276E+11,3.94487E+11,2.2375E+11,1.39,2.46,40.2,39.26,2.97
000905.SH,2015/2/11,5884074539576.0,4709356467198.0,4.83164E+11,3.94756E+11,2.23982E+11,1.47,2.59,40.64,39.73,3
000905.SH,2015/2/12,5925612048139.0,4744864038467.0,4.83164E+11,3.94872E+11,2.23874E+11,1.59,2.8,40.93,40.02,3.02
000905.SH,2015/2/13,6021115779042.0,4821132104314.0,4.83252E+11,3.94874E+11,2.23917E+11,2.08,3.68,41.57,40.56,3.07
000905.SH,2015/2/16,6121431184575.0,4913512074389.0,4.83256E+11,3.95817E+11,2.23946E+11,2.08,3.68,42.16,41.18,3.12
000905.SH,2015/2/17,6166183986963.0,4950995646501.0,4.83257E+11,3.96001E+11,2.23956E+11,2.04,3.61,42.12,41.23,3.14
000905.SH,2015/2/25,6159315208183.0,4948849083356.0,4.83257E+11,3.96001E+11,2.24073E+11,2.11,3.73,42.07,41.18,3.13
000905.SH,2015/2/26,6225741996525.0,5002760995075.0,4.83355E+11,3.96007E+11,2.24078E+11,2.3,4.06,42.53,41.61,3.16
000905.SH,2015/2/27,6276272568384.0,5043414423703.0,4.83355E+11,3.96013E+11,2.24087E+11,2.44,4.31,42.86,41.88,3.18
000905.SH,2015/3/2,6404620573961.0,5153282036466.0,4.83357E+11,3.96232E+11,2.24112E+11,3.21,5.68,43.72,42.83,3.25
000905.SH,2015/3/3,6383950372499.0,5136621505751.0,4.83357E+11,3.96232E+11,2.24112E+11,3.71,6.56,43.62,42.71,3.24
000905.SH,2015/3/4,6480317850864.0,5211948180858.0,4.83379E+11,3.96232E+11,2.24245E+11,3.01,5.32,44.11,43.33,3.28
000905.SH,2015/3/5,6478452976048.0,5209228020599.0,4.8346E+11,3.964E+11,2.24203E+11,3.05,5.4,43.98,43.32,3.28
000905.SH,2015/3/6,6404002914094.0,5148903300405.0,4.83513E+11,3.96474E+11,2.24455E+11,2.76,4.87,43.34,42.82,3.24
000905.SH,2015/3/9,6486784469542.0,5224586210667.0,4.83519E+11,3.9775E+11,2.24936E+11,2.48,4.39,43.9,43.38,3.28
000905.SH,2015/3/10,6550435436013.0,5276492934078.0,4.83537E+11,3.97773E+11,2.25022E+11,2.59,4.57,44.13,43.78,3.31
000905.SH,2015/3/11,6532655475229.0,5264828784940.0,4.83537E+11,3.97773E+11,2.25146E+11,2.5,4.42,44.05,43.63,3.31
000905.SH,2015/3/12,6537068810588.0,5271956288097.0,4.84195E+11,3.98431E+11,2.25847E+11,2.56,4.51,44.06,43.65,3.3
000905.SH,2015/3/13,6612570993491.0,5330669892622.0,4.84195E+11,3.9841E+11,2.25888E+11,2.39,4.22,44.55,44,3.34
000905.SH,2015/3/16,6807296101188.0,5490333205316.0,4.84198E+11,3.98545E+11,2.25869E+11,3.44,6.07,45.7,45.2,3.43
000905.SH,2015/3/17,6914248302936.0,5581226081357.0,4.84204E+11,3.98819E+11,2.25959E+11,4.33,7.64,46.41,45.99,3.48
000905.SH,2015/3/18,7036340574974.0,5694255285119.0,4.84204E+11,3.99444E+11,2.26065E+11,4.12,7.28,47.43,46.83,3.54
000905.SH,2015/3/19,7095575288036.0,5744233283780.0,4.85065E+11,3.99896E+11,2.26333E+11,4.17,7.37,47.79,47.16,3.57
000905.SH,2015/3/20,7165021930423.0,5798942105470.0,4.85549E+11,4.00264E+11,2.26662E+11,3.8,6.71,48.06,47.92,3.61
000905.SH,2015/3/23,7340144732299.0,5941965643335.0,4.85608E+11,4.00373E+11,2.2681E+11,4.29,7.57,49.32,49.23,3.69
000905.SH,2015/3/24,7371272880543.0,5964874959639.0,4.85608E+11,4.00375E+11,2.26842E+11,4.92,8.69,48.93,48.85,3.71
000905.SH,2015/3/25,7458970070706.0,6033404550561.0,4.85613E+11,4.00508E+11,2.26815E+11,4.23,7.48,49.55,49.33,3.75
000905.SH,2015/3/26,7413265222473.0,5995662757568.0,4.85613E+11,4.00509E+11,2.26871E+11,4.09,7.23,49.19,49.02,3.72
000905.SH,2015/3/27,7497936506143.0,6068672962743.0,4.85851E+11,4.00533E+11,2.26936E+11,3.16,5.57,49.9,49.72,3.74
000905.SH,2015/3/30,7591315129264.0,6154578706271.0,4.85875E+11,4.00785E+11,2.26834E+11,4.07,7.2,49.45,49.8,3.79
000905.SH,2015/3/31,7594605533536.0,6146403999574.0,4.85875E+11,4.00565E+11,2.27051E+11,4.24,7.48,49.32,50.07,3.79
000905.SH,2015/4/1,7765603144691.0,6286550884921.0,4.88458E+11,4.02536E+11,2.28169E+11,3.85,6.79,50.91,51.39,3.88
000905.SH,2015/4/2,7907507936619.0,6396279198717.0,4.88827E+11,4.02554E+11,2.2826E+11,4.16,7.34,51.88,52.35,3.94
000905.SH,2015/4/3,8033213295459.0,6502565765163.0,4.8883E+11,4.02851E+11,2.28373E+11,4.22,7.45,52.59,53.23,4
000905.SH,2015/4/7,8228686185106.0,6663048607131.0,4.8879E+11,4.02851E+11,2.28562E+11,4.49,7.91,53.91,54.47,4.1
000905.SH,2015/4/8,8170785515593.0,6617648558223.0,4.88996E+11,4.03109E+11,2.2867E+11,4.7,8.29,53.43,54.08,4.07
000905.SH,2015/4/9,8108352388899.0,6565209704351.0,4.89132E+11,4.0307E+11,2.28813E+11,4.53,7.99,52.93,53.64,4.04
000905.SH,2015/4/10,8338282038441.0,6714400398801.0,4.91454E+11,4.036E+11,2.29147E+11,4,7.05,54.34,55.19,4.13
000905.SH,2015/4/13,8508082321737.0,6900701817325.0,4.91454E+11,4.05535E+11,2.29629E+11,4.4,7.77,55.22,56.45,4.21
000905.SH,2015/4/14,8513863019053.0,6910908126815.0,4.91463E+11,4.05733E+11,2.29661E+11,4.52,7.98,55.38,56.46,4.21
000905.SH,2015/4/15,8186715857264.0,6638339176729.0,4.91793E+11,4.05717E+11,2.29741E+11,4.12,7.28,53.17,53.98,4.05
000905.SH,2015/4/16,8304912130988.0,6732256889097.0,4.92423E+11,4.06449E+11,2.30356E+11,3.52,6.22,54,54.51,4.1
000905.SH,2015/4/17,8386035519941.0,6799118119966.0,4.92424E+11,4.06592E+11,2.30486E+11,4.7,8.29,54.42,55.17,4.14
000905.SH,2015/4/20,8248259155193.0,6681530818265.0,4.92424E+11,4.06489E+11,2.30545E+11,5.28,9.31,53.58,54.18,4.07
000905.SH,2015/4/21,8524426792791.0,6919845033527.0,4.9333E+11,4.08123E+11,2.31798E+11,4.16,7.33,55.42,56.03,4.2
000905.SH,2015/4/22,8743119951526.0,7109061799059.0,4.9333E+11,4.08255E+11,2.32279E+11,4.88,8.57,56.37,56.88,4.3
000905.SH,2015/4/23,8823657130091.0,7175854270604.0,4.93539E+11,4.08538E+11,2.32357E+11,4.85,8.52,57.17,57.92,4.34
000905.SH,2015/4/24,8822111916865.0,7181286630126.0,4.94089E+11,4.09032E+11,2.32982E+11,4.49,7.88,58.18,58.64,4.34
000905.SH,2015/4/27,8924851898469.0,7278070802919.0,4.9519E+11,4.10541E+11,2.33443E+11,4.52,7.95,58.62,59.29,4.37
000905.SH,2015/4/28,8667793887708.0,7062069607699.0,4.95613E+11,4.1084E+11,2.33771E+11,4.48,7.88,57.03,57.53,4.23
000905.SH,2015/4/29,8827085531473.0,7185258947974.0,4.98807E+11,4.12609E+11,2.35042E+11,3.52,6.17,58.52,59.45,4.3
000905.SH,2015/4/30,8873128105989.0,7235037741701.0,4.99996E+11,4.142E+11,2.36118E+11,3.54,6.21,59.79,60.84,4.29
000905.SH,2015/5/4,8931001714318.0,7275812593164.0,5.00992E+11,4.14376E+11,2.36418E+11,3.29,5.76,60.18,61.24,4.32
000905.SH,2015/5/5,8602961713632.0,6980195240508.0,5.02088E+11,4.14376E+11,2.36606E+11,3.48,6.1,57.97,58.99,4.16
000905.SH,2015/5/6,8468216303838.0,6887648024328.0,5.02088E+11,4.15508E+11,2.3723E+11,3.11,5.45,57.06,58.06,4.09
000905.SH,2015/5/7,8274593880450.0,6715845417873.0,5.03607E+11,4.15508E+11,2.3729E+11,2.71,4.74,55.75,56.74,4
000905.SH,2015/5/8,8579890476070.0,6977410202507.0,5.03628E+11,4.17023E+11,2.38256E+11,2.85,4.99,57.81,58.83,4.15
000905.SH,2015/5/11,8946791503930.0,7272995621210.0,5.03628E+11,4.17103E+11,2.38331E+11,3.56,6.23,60.28,61.34,4.33
000905.SH,2015/5/12,9143235309320.0,7428176423636.0,5.05796E+11,4.19285E+11,2.39819E+11,3.96,6.92,61.61,62.69,4.42
000905.SH,2015/5/13,9223687247234.0,7499220437831.0,5.05923E+11,4.19755E+11,2.39866E+11,4.17,7.3,62.15,63.24,4.46
000905.SH,2015/5/14,9231405025786.0,7514432715670.0,5.06518E+11,4.20436E+11,2.40726E+11,3.54,6.19,62.2,63.3,4.46
000905.SH,2015/5/15,9161470837927.0,7463220652742.0,5.07896E+11,4.21682E+11,2.41354E+11,3.41,5.95,61.73,62.82,4.43
000905.SH,2015/5/18,9330577684987.0,7586558960521.0,5.08474E+11,4.21875E+11,2.41498E+11,3.33,5.82,62.87,63.98,4.5
000905.SH,2015/5/19,9571139302734.0,7788351476400.0,5.08959E+11,4.22282E+11,2.41902E+11,3.59,6.27,64.49,65.62,4.62
000905.SH,2015/5/20,9739157117552.0,7919456275613.0,5.08959E+11,4.22644E+11,2.42378E+11,4.52,7.88,65.62,66.78,4.7
000905.SH,2015/5/21,10102770291156.0,8220336463326.0,5.09469E+11,4.23143E+11,2.42311E+11,4.42,7.72,68.07,69.27,4.87
000905.SH,2015/5/22,10281650100393.0,8353939445255.0,5.10624E+11,4.23433E+11,2.42742E+11,5.25,9.17,69.28,70.5,4.96
000905.SH,2015/5/25,10555632613076.0,8590647199636.0,5.11375E+11,4.24589E+11,2.43819E+11,5.38,9.37,71.12,72.38,5.09
000905.SH,2015/5/26,10895556040120.0,8851308841409.0,5.12532E+11,4.25059E+11,2.44301E+11,5.61,9.76,73.41,74.71,5.26
000905.SH,2015/5/27,11020970253589.0,8943394517244.0,5.1508E+11,4.269E+11,2.45554E+11,5.45,9.47,74.26,75.57,5.32
000905.SH,2015/5/28,10357164201610.0,8387579056891.0,5.19755E+11,4.2842E+11,2.46911E+11,6.02,10.45,69.79,71.01,5
000905.SH,2015/5/29,10460979489566.0,8494707014777.0,5.22421E+11,4.3314E+11,2.49729E+11,4.59,7.96,70.49,71.73,5.05
000905.SH,2015/6/1,11006973712885.0,8963838446807.0,5.24642E+11,4.35403E+11,2.50956E+11,4.27,7.41,74.16,75.47,5.31
000905.SH,2015/6/2,11420047696043.0,9305666208698.0,5.24653E+11,4.35409E+11,2.50957E+11,4.9,8.5,76.95,78.3,5.51
000905.SH,2015/6/3,11497690962704.0,9381928319179.0,5.2659E+11,4.37387E+11,2.52159E+11,4.78,8.29,77.47,78.83,5.55
000905.SH,2015/6/4,11475182264278.0,9363745199086.0,5.27611E+11,4.37517E+11,2.52327E+11,4.83,8.38,77.32,78.68,5.54
000905.SH,2015/6/5,11686419051346.0,9546620509001.0,5.27611E+11,4.38108E+11,2.52665E+11,5.68,9.85,78.74,80.13,5.64
000905.SH,2015/6/8,11596365239177.0,9485679624553.0,5.28183E+11,4.39007E+11,2.53333E+11,5.37,9.3,78.14,79.51,5.59
000905.SH,2015/6/9,11573195137163.0,9469177953605.0,5.28302E+11,4.39049E+11,2.53575E+11,4.22,7.3,77.98,79.35,5.58
000905.SH,2015/6/10,11766417919362.0,9627914118690.0,5.29074E+11,4.39587E+11,2.53882E+11,4.2,7.27,79.28,80.68,5.68
000905.SH,2015/6/11,11928930811715.0,9776837205684.0,5.30283E+11,4.41336E+11,2.54537E+11,4.31,7.48,80.38,81.79,5.76
000905.SH,2015/6/12,12140410482173.0,9926125855323.0,5.31409E+11,4.41454E+11,2.55013E+11,4.77,8.26,81.8,83.24,5.86
000905.SH,2015/6/15,12164865017669.0,9802962788535.0,5.18954E+11,4.2985E+11,2.46204E+11,4.79,8.36,77.1,78.54,5.89
000905.SH,2015/6/16,11679193139740.0,9411495010320.0,5.19378E+11,4.3011E+11,2.46479E+11,4.17,7.28,74.02,75.4,5.65
000905.SH,2015/6/17,11918399467741.0,9611037030813.0,5.19488E+11,4.30441E+11,2.4655E+11,3.72,6.49,75.54,76.95,5.77
000905.SH,2015/6/18,11517758994954.0,9298127175652.0,5.19975E+11,4.30592E+11,2.46673E+11,3.58,6.26,73,74.36,5.58
000905.SH,2015/6/19,10718098135999.0,8655369704102.0,5.19985E+11,4.31367E+11,2.47119E+11,3.2,5.58,67.93,69.2,5.2
000905.SH,2015/6/23,10793607144720.0,8711177090237.0,5.19979E+11,4.31365E+11,2.47136E+11,3.27,5.71,68.41,69.69,5.24
000905.SH,2015/6/24,11044841287272.0,8916422868229.0,5.20599E+11,4.31706E+11,2.47595E+11,3.66,6.39,70,71.31,5.36
000905.SH,2015/6/25,10656374621049.0,8598690109056.0,5.20714E+11,4.31809E+11,2.4769E+11,3.8,6.62,67.54,68.8,5.18
000905.SH,2015/6/26,9754602492931.0,7878184413973.0,5.21804E+11,4.32715E+11,2.48102E+11,3.35,5.85,61.82,62.98,4.74
000905.SH,2015/6/29,9122817584112.0,7374421354026.0,5.21928E+11,4.32719E+11,2.48102E+11,4.2,7.32,57.82,58.9,4.43
000905.SH,2015/6/30,9578552779058.0,7748746930424.0,5.21898E+11,4.33698E+11,2.48018E+11,4.51,7.89,60.71,61.84,4.65
000905.SH,2015/7/1,9042627787562.0,7315939814621.0,5.21898E+11,4.33812E+11,2.48225E+11,3.95,6.9,57.31,58.38,4.39
000905.SH,2015/7/2,8416577465805.0,6806386541751.0,5.22483E+11,4.34245E+11,2.48392E+11,3.61,6.32,53.34,54.34,4.08
000905.SH,2015/7/3,7895928467479.0,6383222436075.0,5.2311E+11,4.34807E+11,2.4833E+11,3.59,6.29,50.04,50.98,3.83
000905.SH,2015/7/6,7792905247330.0,6300774595964.0,5.23892E+11,4.37251E+11,2.48396E+11,5.28,9.29,49.39,50.3,3.77
000905.SH,2015/7/7,7276922993997.0,5877505089276.0,5.25204E+11,4.38062E+11,2.4886E+11,2.61,4.59,46.12,46.94,3.52
000905.SH,2015/7/8,7120562631042.0,5743725842311.0,5.25204E+11,4.38724E+11,2.49288E+11,6.28,11.05,45.13,45.93,3.45
000905.SH,2015/7/9,7450690492418.0,6012320945763.0,5.25212E+11,4.38724E+11,2.49288E+11,2.18,3.84,47.22,48.06,3.61
000905.SH,2015/7/10,7841184122618.0,6329041876266.0,5.26694E+11,4.39985E+11,2.49695E+11,1.64,2.89,49.7,50.54,3.8
000905.SH,2015/7/13,8336243370786.0,6727350834705.0,5.26875E+11,4.39983E+11,2.4972E+11,2.83,4.99,52.83,53.79,4.04
000905.SH,2015/7/14,8480161937255.0,6854017425902.0,5.26947E+11,4.40136E+11,2.49781E+11,3.8,6.7,53.75,54.68,4.11
000905.SH,2015/7/15,7987328739980.0,6450062450012.0,5.27013E+11,4.40167E+11,2.49552E+11,3.73,6.58,50.62,51.51,3.86
000905.SH,2015/7/16,8180246695350.0,6591488500468.0,5.28124E+11,4.40652E+11,2.49778E+11,3.22,5.69,51.85,52.73,3.96
000905.SH,2015/7/17,8636884946333.0,6967464683099.0,5.28124E+11,4.41045E+11,2.5011E+11,3.16,5.57,54.74,55.68,4.18
000905.SH,2015/7/20,8770712783871.0,7077110568825.0,5.28124E+11,4.41045E+11,2.5011E+11,3.68,6.48,55.59,56.57,4.24
000905.SH,2015/7/21,8883143253650.0,7162849489643.0,5.28224E+11,4.41116E+11,2.50174E+11,3.24,5.72,56.3,57.24,4.3
000905.SH,2015/7/22,8995025069084.0,7248572719264.0,5.28867E+11,4.41243E+11,2.50312E+11,3.65,6.44,57.01,57.85,4.35
000905.SH,2015/7/23,9250022339166.0,7464901410572.0,5.28867E+11,4.41749E+11,2.50751E+11,4.02,7.08,58.63,59.48,4.48
000905.SH,2015/7/24,9126419890361.0,7357270919383.0,5.29553E+11,4.41749E+11,2.50751E+11,4.46,7.85,57.84,58.69,4.41
000905.SH,2015/7/27,8431068797035.0,6795365664430.0,5.29628E+11,4.41782E+11,2.50898E+11,3.89,6.85,53.44,54.31,4.07
000905.SH,2015/7/28,8284807954284.0,6673296532978.0,5.29692E+11,4.41782E+11,2.50898E+11,4.08,7.19,52.51,53.38,4
000905.SH,2015/7/29,8700556562920.0,7006230026393.0,5.29692E+11,4.41782E+11,2.50866E+11,3,5.29,55.14,56.04,4.2
000905.SH,2015/7/30,8458400105292.0,6815677789922.0,5.29692E+11,4.41781E+11,2.50866E+11,3.21,5.66,53.61,54.42,4.07
000905.SH,2015/7/31,8387476073528.0,6753513896488.0,5.29692E+11,4.41791E+11,2.50875E+11,2.44,4.3,53,53.79,4.04
000905.SH,2015/8/3,8201862647466.0,6595185580013.0,5.30256E+11,4.41791E+11,2.50872E+11,2.54,4.48,51.82,52.56,3.94
000905.SH,2015/8/4,8641891926013.0,6950913454670.0,5.30212E+11,4.41779E+11,2.50813E+11,2.65,4.67,54.6,55.45,4.15
000905.SH,2015/8/5,8527211275369.0,6860770302230.0,5.30267E+11,4.4178E+11,2.50824E+11,2.72,4.78,53.88,54.7,4.09
000905.SH,2015/8/6,8465655345267.0,6820202093492.0,5.30311E+11,4.41945E+11,2.50808E+11,2.04,3.59,53.49,54.07,4.06
000905.SH,2015/8/7,8676389778057.0,6943305745591.0,5.29339E+11,4.38244E+11,2.50861E+11,2.5,4.36,55.17,55.71,4.17
000905.SH,2015/8/10,9128532279609.0,7367568540851.0,5.30348E+11,4.42589E+11,2.51057E+11,3.28,5.79,57.68,58.11,4.37
000905.SH,2015/8/11,9180645152188.0,7408811777142.0,5.30512E+11,4.42589E+11,2.51211E+11,3.67,6.47,58.01,58.42,4.39
000905.SH,2015/8/12,9066487129021.0,7325556091916.0,5.30512E+11,4.42589E+11,2.51224E+11,3,5.28,57.29,57.48,4.33
000905.SH,2015/8/13,9280279069292.0,7518018132430.0,5.30515E+11,4.43191E+11,2.5117E+11,3.02,5.32,58.64,58.83,4.44
000905.SH,2015/8/14,9378294888079.0,7613038254537.0,5.30606E+11,4.43441E+11,2.51225E+11,3.62,6.4,59.26,59.34,4.49
000905.SH,2015/8/17,9593007195910.0,7791205177323.0,5.30799E+11,4.43373E+11,2.513E+11,3.65,6.45,60.61,60.71,4.58
000905.SH,2015/8/18,8867830513488.0,7205396647869.0,5.30795E+11,4.43373E+11,2.51358E+11,4.16,7.34,56.03,56.31,4.23
000905.SH,2015/8/19,9063927443117.0,7368809299338.0,5.30826E+11,4.43393E+11,2.51482E+11,3.67,6.47,57.27,57.48,4.32
000905.SH,2015/8/20,8733418936613.0,7099235136956.0,5.30868E+11,4.43297E+11,2.51599E+11,3.12,5.5,55.18,55.32,4.16
000905.SH,2015/8/21,8251473472682.0,6706050073077.0,5.30868E+11,4.43368E+11,2.51346E+11,3.04,5.35,52.14,52.24,3.93
000905.SH,2015/8/24,7581730372743.0,6166651617918.0,5.31072E+11,4.436E+11,2.5195E+11,2.08,3.66,47.91,47.79,3.6
000905.SH,2015/8/25,7004374643891.0,5688719214096.0,5.32442E+11,4.43602E+11,2.51839E+11,2.35,4.14,44.26,43.99,3.32
000905.SH,2015/8/26,6743212059509.0,5483294537389.0,5.32442E+11,4.44974E+11,2.52349E+11,3.35,5.91,42.61,42.39,3.19
000905.SH,2015/8/27,6990093558114.0,5685205890172.0,5.32445E+11,4.45126E+11,2.5268E+11,2.81,4.94,44.17,44.05,3.3
000905.SH,2015/8/28,7416760447187.0,6035016075479.0,5.33511E+11,4.45967E+11,2.53074E+11,3.2,5.64,46.87,47.3,3.5
000905.SH,2015/8/31,7132212568886.0,5818967020622.0,5.33513E+11,4.46854E+11,2.52996E+11,2.6,4.6,45.07,45.37,3.35
000905.SH,2015/9/1,6679508518173.0,5447962373677.0,5.34719E+11,4.47803E+11,2.53509E+11,2.2,3.89,42.21,42.49,3.14
000905.SH,2015/9/2,6649095604466.0,5404033852524.0,5.36927E+11,4.47845E+11,2.53493E+11,2.57,4.54,42.02,42.3,3.13
000905.SH,2015/9/7,6662626343728.0,5426136736670.0,5.36946E+11,4.49706E+11,2.5407E+11,2.28,4.03,42.1,42.39,3.13
000905.SH,2015/9/8,6913180650152.0,5630442523532.0,5.36964E+11,4.49706E+11,2.54068E+11,1.9,3.37,43.69,43.98,3.25
000905.SH,2015/9/9,7106535702660.0,5782807950047.0,5.37828E+11,4.49944E+11,2.54245E+11,3.34,5.9,44.91,45.21,3.34
000905.SH,2015/9/10,6983265186062.0,5691082342082.0,5.37828E+11,4.50754E+11,2.54638E+11,2.36,4.18,44.13,44.43,3.28
000905.SH,2015/9/11,7029478151614.0,5742171964298.0,5.37828E+11,4.51042E+11,2.54639E+11,2.05,3.64,44.42,44.72,3.3
000905.SH,2015/9/14,6540948567824.0,5344976567767.0,5.37828E+11,4.51042E+11,2.54647E+11,2.64,4.68,41.33,41.61,3.07
000905.SH,2015/9/15,6164241350013.0,5034647643414.0,5.37832E+11,4.51066E+11,2.54647E+11,2.07,3.67,38.95,39.22,2.9
000905.SH,2015/9/16,6584586202759.0,5377348742847.0,5.37831E+11,4.51066E+11,2.54504E+11,2.33,4.12,41.61,41.89,3.09
000905.SH,2015/9/17,6448013653429.0,5243326722881.0,5.38396E+11,4.50976E+11,2.54402E+11,2.83,5.03,40.75,41.02,3.03
000905.SH,2015/9/18,6523006511391.0,5327385473673.0,5.38396E+11,4.51777E+11,2.54717E+11,1.85,3.28,41.22,41.5,3.07
000905.SH,2015/9/21,6758528287377.0,5519247184110.0,5.40937E+11,4.54093E+11,2.55624E+11,2.32,4.12,42.71,43,3.18
000905.SH,2015/9/22,6818547952381.0,5563577036123.0,5.41053E+11,4.54092E+11,2.55621E+11,2.61,4.64,43.09,43.38,3.2
000905.SH,2015/9/23,6739640115669.0,5483656198523.0,5.42708E+11,4.54575E+11,2.55879E+11,2.23,3.96,42.59,42.88,3.17
000905.SH,2015/9/24,6839365021197.0,5573976345799.0,5.46018E+11,4.57143E+11,2.57314E+11,2.04,3.63,43.22,43.51,3.21
000905.SH,2015/9/25,6614508749111.0,5403734715929.0,5.46018E+11,4.58034E+11,2.58292E+11,2.16,3.83,41.8,42.08,3.11
000905.SH,2015/9/28,6739200201143.0,5498440278580.0,5.46995E+11,4.58149E+11,2.58412E+11,1.48,2.62,42.59,42.87,3.16
000905.SH,2015/9/29,6611264567452.0,5392666183017.0,5.46995E+11,4.58435E+11,2.58692E+11,1.5,2.65,41.78,42.06,3.1
000905.SH,2015/9/30,6640091540028.0,5415728419873.0,5.4779E+11,4.59076E+11,2.58725E+11,1.23,2.18,41.96,42.24,3.11
000905.SH,2015/10/8,6912738158780.0,5642975924366.0,5.4779E+11,4.59443E+11,2.59051E+11,2.07,3.66,43.68,43.98,3.24
000905.SH,2015/10/9,7019520791743.0,5727840566173.0,5.47794E+11,4.59448E+11,2.59055E+11,2.17,3.85,44.36,44.66,3.29
000905.SH,2015/10/12,7292927560531.0,5950258133005.0,5.48216E+11,4.59578E+11,2.59233E+11,3.34,5.93,46.09,46.37,3.42
000905.SH,2015/10/13,7384394200129.0,6035735969214.0,5.48216E+11,4.60212E+11,2.5966E+11,2.89,5.12,46.66,46.99,3.46
000905.SH,2015/10/14,7299915278660.0,5957410943182.0,5.48502E+11,4.60196E+11,2.59659E+11,2.74,4.85,46.13,46.46,3.42
000905.SH,2015/10/15,7525517186245.0,6148030037033.0,5.48543E+11,4.60496E+11,2.59921E+11,2.86,5.07,47.56,48.04,3.53
000905.SH,2015/10/16,7660638537594.0,6261100344887.0,5.49533E+11,4.61081E+11,2.6054E+11,3.57,6.31,48.41,49.09,3.59
000905.SH,2015/10/19,7664944673904.0,6278661574789.0,5.49533E+11,4.62576E+11,2.60898E+11,3.37,5.98,48.44,49.1,3.59
000905.SH,2015/10/20,7788489971423.0,6381710914922.0,5.50474E+11,4.63063E+11,2.61144E+11,2.98,5.29,49.22,49.92,3.65
000905.SH,2015/10/21,7295130490726.0,5975034854777.0,5.50474E+11,4.63063E+11,2.61144E+11,3.85,6.82,46.1,46.85,3.42
000905.SH,2015/10/22,7569640674700.0,6190030700137.0,5.51402E+11,4.63063E+11,2.61414E+11,2.93,5.18,47.83,48.44,3.54
000905.SH,2015/10/23,7763064514518.0,6363414723762.0,5.51402E+11,4.64011E+11,2.61769E+11,3.42,6.07,49.06,49.71,3.63
000905.SH,2015/10/26,7817573940800.0,6403771886068.0,5.51402E+11,4.64018E+11,2.61784E+11,3.52,6.24,49.4,50.31,3.65
000905.SH,2015/10/27,7870053621089.0,6442916272121.0,5.514E+11,4.64017E+11,2.62176E+11,3.18,5.62,49.73,50.76,3.67
000905.SH,2015/10/28,7682803334002.0,6283644498655.0,5.52622E+11,4.65142E+11,2.62707E+11,2.85,5.05,48.55,50.45,3.58
000905.SH,2015/10/29,7764531501213.0,6332472588990.0,5.53532E+11,4.64873E+11,2.62902E+11,2.38,4.21,49.07,50.48,3.59
000905.SH,2015/10/30,7743409785719.0,6309948784487.0,5.53586E+11,4.64874E+11,2.63435E+11,2.37,4.18,48.93,50.31,3.57
000905.SH,2015/11/2,7580979055461.0,6175751629673.0,5.53677E+11,4.65149E+11,2.63469E+11,2.3,4.07,47.91,49.49,3.49
000905.SH,2015/11/3,7565845089232.0,6160428771991.0,5.53677E+11,4.65197E+11,2.63133E+11,1.92,3.39,47.81,49.39,3.49
000905.SH,2015/11/4,7942436252465.0,6469291685662.0,5.53677E+11,4.65247E+11,2.63155E+11,2.99,5.29,50.19,51.85,3.66
000905.SH,2015/11/5,7955498147051.0,6482920332281.0,5.5382E+11,4.65247E+11,2.63157E+11,3.98,7.04,50.27,51.94,3.66
000905.SH,2015/11/6,8140783452079.0,6643506849570.0,5.5382E+11,4.65427E+11,2.63218E+11,3.28,5.8,51.44,53.15,3.75
000905.SH,2015/11/9,8255484311041.0,6736583281759.0,5.5414E+11,4.65466E+11,2.62952E+11,3.81,6.75,52.17,53.9,3.8
000905.SH,2015/11/10,8283627283050.0,6765751439968.0,5.5414E+11,4.66086E+11,2.63559E+11,3.56,6.29,52.35,54.08,3.81
000905.SH,2015/11/11,8406562595074.0,6863480765707.0,5.54142E+11,4.66086E+11,2.63519E+11,3.26,5.77,53.12,54.88,3.87
000905.SH,2015/11/12,8410490837943.0,6857166165232.0,5.54295E+11,4.66086E+11,2.63519E+11,3.48,6.16,53.15,54.91,3.87
000905.SH,2015/11/13,8286484069349.0,6757529015885.0,5.54449E+11,4.661E+11,2.6353E+11,3.17,5.6,52.37,54.1,3.8
000905.SH,2015/11/16,8449899112046.0,6889479099271.0,5.54449E+11,4.66102E+11,2.63532E+11,2.51,4.44,53.4,55.16,3.88
000905.SH,2015/11/17,8377835279128.0,6833821894231.0,5.54449E+11,4.66254E+11,2.63685E+11,3.49,6.17,52.94,54.69,3.85
000905.SH,2015/11/18,8247742975226.0,6727534884934.0,5.54704E+11,4.66254E+11,2.63755E+11,2.7,4.77,52.12,53.85,3.78
000905.SH,2015/11/19,8456970806702.0,6895962183076.0,5.54704E+11,4.66329E+11,2.63754E+11,2.37,4.19,53.44,55.21,3.88
000905.SH,2015/11/20,8550419678358.0,6976290523594.0,5.55442E+11,4.67099E+11,2.64214E+11,3.13,5.53,54.03,55.82,3.92
000905.SH,2015/11/23,8485385171322.0,6920152453375.0,5.55442E+11,4.67101E+11,2.64216E+11,3.05,5.39,53.62,55.4,3.89
000905.SH,2015/11/24,8547350705524.0,6969693604787.0,5.55643E+11,4.67123E+11,2.64185E+11,2.36,4.17,54.01,55.8,3.92
000905.SH,2015/11/25,8683057113838.0,7076504466832.0,5.55719E+11,4.67117E+11,2.6418E+11,2.66,4.71,54.87,56.69,3.98
000905.SH,2015/11/26,8632176398390.0,7037994776139.0,5.5577E+11,4.67117E+11,2.6418E+11,3.01,5.31,54.55,56.35,3.95
000905.SH,2015/11/27,8087485147350.0,6587669376503.0,5.55786E+11,4.67121E+11,2.64183E+11,3.27,5.79,51.11,52.8,3.7
000905.SH,2015/11/30,8132924126707.0,6610824423595.0,5.56643E+11,4.67121E+11,2.64175E+11,2.77,4.89,51.39,53.1,3.71
000905.SH,2015/12/1,8179764657116.0,6647178896009.0,5.56953E+11,4.67121E+11,2.64174E+11,2.42,4.28,51.69,53.4,3.73
000905.SH,2015/12/2,8140034936541.0,6619388118903.0,5.56952E+11,4.67121E+11,2.64138E+11,2.2,3.89,51.44,53.14,3.71
000905.SH,2015/12/3,8317730497345.0,6763593111729.0,5.56952E+11,4.67121E+11,2.64138E+11,2.04,3.61,52.56,54.3,3.79
000905.SH,2015/12/4,8246390122002.0,6704264978389.0,5.5703E+11,4.67171E+11,2.64189E+11,2.17,3.84,52.11,53.84,3.75
000905.SH,2015/12/7,8350004578904.0,6791236176663.0,5.57257E+11,4.675E+11,2.64457E+11,1.99,3.51,52.77,54.51,3.8
000905.SH,2015/12/8,8133742910551.0,6622992001472.0,5.57257E+11,4.69031E+11,2.65987E+11,2.02,3.57,51.4,53.1,3.7
000905.SH,2015/12/9,8099743581998.0,6595270359369.0,5.5731E+11,4.69031E+11,2.65987E+11,1.78,3.13,51.19,52.88,3.68
000905.SH,2015/12/10,8071944316916.0,6575001063002.0,5.5731E+11,4.69205E+11,2.65984E+11,1.68,2.97,51.01,52.7,3.67
000905.SH,2015/12/11,8014514406863.0,6524673758512.0,5.57873E+11,4.69608E+11,2.66126E+11,1.54,2.71,50.65,52.32,3.63
000905.SH,2015/12/14,8372664250708.0,6602684465173.0,5.72088E+11,4.72643E+11,2.68169E+11,1.69,2.98,51.63,52.92,3.73
000905.SH,2015/12/15,8436752856132.0,6652850191709.0,5.72088E+11,4.72819E+11,2.68156E+11,1.82,3.21,52.02,53.32,3.76
000905.SH,2015/12/16,8498985253419.0,6677133142900.0,5.75871E+11,4.72818E+11,2.68155E+11,1.81,3.18,52.41,53.72,3.76
000905.SH,2015/12/17,8711493991717.0,6844121822590.0,5.75918E+11,4.72935E+11,2.68293E+11,2.75,4.85,53.72,55.06,3.85
000905.SH,2015/12/18,8693275247875.0,6833935559679.0,5.76462E+11,4.73172E+11,2.68293E+11,2.42,4.26,53.61,54.94,3.83
000905.SH,2015/12/21,8796199502013.0,6917838187814.0,5.76598E+11,4.73172E+11,2.68294E+11,2.43,4.29,54.24,55.6,3.87
000905.SH,2015/12/22,8870133390232.0,6977461272625.0,5.76598E+11,4.73176E+11,2.68299E+11,2.36,4.16,54.7,56.06,3.91
000905.SH,2015/12/23,8768051348705.0,6906504235074.0,5.766E+11,4.73836E+11,2.68959E+11,2.49,4.39,54.07,55.42,3.86
000905.SH,2015/12/24,8742414159995.0,6886702781086.0,5.766E+11,4.73851E+11,2.6902E+11,1.93,3.4,53.91,55.26,3.85
000905.SH,2015/12/25,8788835423399.0,6922966698042.0,5.766E+11,4.73857E+11,2.69027E+11,1.71,3.02,54.19,55.55,3.87
000905.SH,2015/12/28,8581331487966.0,6756891200146.0,5.76611E+11,4.7398E+11,2.6911E+11,2.32,4.08,52.92,54.24,3.78
000905.SH,2015/12/29,8673603921280.0,6822551528327.0,5.77784E+11,4.7416E+11,2.69161E+11,1.63,2.87,53.48,54.82,3.8
000905.SH,2015/12/30,8748141139793.0,6896301781438.0,5.77921E+11,4.75691E+11,2.70663E+11,1.8,3.16,53.94,55.29,3.83
000905.SH,2015/12/31,8627712343543.0,6790893326778.0,5.78896E+11,4.75742E+11,2.70714E+11,1.68,2.95,53.2,54.53,3.77
000905.SH,2016/1/4,7911659242051.0,6224963580411.0,5.78941E+11,4.75788E+11,2.70713E+11,1.64,2.88,48.79,50,3.45
000905.SH,2016/1/5,7809653792862.0,6145519552446.0,5.79171E+11,4.75793E+11,2.70717E+11,2.38,4.19,48.16,49.36,3.41
000905.SH,2016/1/6,8014327933977.0,6311581491148.0,5.7918E+11,4.75802E+11,2.70786E+11,2.12,3.73,49.42,50.55,3.49
000905.SH,2016/1/7,7329834727539.0,5770855278353.0,5.7935E+11,4.75806E+11,2.70782E+11,0.6,1.05,45.2,46.24,3.19
000905.SH,2016/1/8,7463309194654.0,5885171372897.0,5.7935E+11,4.76535E+11,2.70879E+11,2.33,4.1,46.02,47.08,3.25
000905.SH,2016/1/11,6960661593885.0,5497722350833.0,5.79397E+11,4.77684E+11,2.70877E+11,2.42,4.27,42.92,43.94,3.03
000905.SH,2016/1/12,6967456362382.0,5498098513611.0,5.7963E+11,4.77684E+11,2.70914E+11,1.92,3.39,42.96,44,3.02
000905.SH,2016/1/13,6728363699747.0,5309224180482.0,5.7963E+11,4.77695E+11,2.70903E+11,1.8,3.18,41.49,42.49,2.92
000905.SH,2016/1/14,6953711523972.0,5485940994295.0,5.7963E+11,4.77695E+11,2.70845E+11,1.93,3.41,42.88,43.91,3.02
000905.SH,2016/1/15,6695496485276.0,5277505766167.0,5.80143E+11,4.77937E+11,2.71076E+11,1.85,3.27,41.29,42.28,2.9
000905.SH,2016/1/18,6791939934223.0,5350537847102.0,5.80445E+11,4.77937E+11,2.71085E+11,1.52,2.67,41.61,42.58,2.93
000905.SH,2016/1/19,7038923261092.0,5548373641052.0,5.80445E+11,4.77954E+11,2.71103E+11,1.84,3.25,43.12,44.1,3.04
000905.SH,2016/1/20,6974009839441.0,5494532681442.0,5.80705E+11,4.77954E+11,2.71114E+11,1.92,3.39,42.73,43.7,3.01
000905.SH,2016/1/21,6692556001224.0,5272044842220.0,5.80705E+11,4.77954E+11,2.71096E+11,1.71,3.02,41,41.93,2.89
000905.SH,2016/1/22,6804982233530.0,5356672263018.0,5.80942E+11,4.78009E+11,2.7115E+11,1.46,2.58,41.69,42.66,2.93
000905.SH,2016/1/25,6884550330309.0,5419220362018.0,5.81453E+11,4.78395E+11,2.71153E+11,1.37,2.41,42.18,43.14,2.96
000905.SH,2016/1/26,6372460853473.0,5016438974236.0,5.81453E+11,4.78495E+11,2.71264E+11,1.79,3.15,39.04,39.92,2.74
000905.SH,2016/1/27,6297142770992.0,4953788212860.0,5.81788E+11,4.78547E+11,2.71332E+11,1.84,3.24,38.58,39.46,2.7
000905.SH,2016/1/28,6023060273611.0,4740756436650.0,5.81873E+11,4.78562E+11,2.71339E+11,1.41,2.48,36.9,37.72,2.58
000905.SH,2016/1/29,6247902562767.0,4917453460877.0,5.81907E+11,4.78562E+11,2.71324E+11,1.51,2.67,38.23,39.02,2.68
000905.SH,2016/2/1,6170792020613.0,4855050950563.0,5.81907E+11,4.78829E+11,2.71585E+11,1.35,2.38,37.76,38.61,2.64
000905.SH,2016/2/2,6389192382790.0,5021194256726.0,5.83087E+11,4.78882E+11,2.7164E+11,1.39,2.45,39.09,39.96,2.73
000905.SH,2016/2/3,6409013743840.0,5038207583460.0,5.8313E+11,4.78904E+11,2.7165E+11,1.32,2.33,39.19,40.05,2.74
000905.SH,2016/2/4,6540008558282.0,5137058486239.0,5.83869E+11,4.78902E+11,2.7162E+11,1.48,2.62,39.99,40.86,2.79
000905.SH,2016/2/5,6484859801851.0,5088414952717.0,5.84539E+11,4.78914E+11,2.71609E+11,1.17,2.06,39.63,40.44,2.75
000905.SH,2016/2/15,6480903712704.0,5093246979509.0,5.8454E+11,4.79467E+11,2.72054E+11,1.12,1.97,39.52,40.4,2.75
000905.SH,2016/2/16,6748851387502.0,5303378702244.0,5.8454E+11,4.79467E+11,2.72054E+11,1.73,3.05,41.16,42.07,2.87
000905.SH,2016/2/17,6826853214739.0,5366221677287.0,5.8454E+11,4.79497E+11,2.72077E+11,1.89,3.33,41.63,42.57,2.9
000905.SH,2016/2/18,6808646435035.0,5351867678106.0,5.8454E+11,4.79498E+11,2.72078E+11,1.95,3.44,41.5,42.43,2.89
000905.SH,2016/2/19,6833624977708.0,5369518503999.0,5.8454E+11,4.79498E+11,2.72078E+11,1.47,2.59,41.66,42.59,2.9
000905.SH,2016/2/22,6982066542493.0,5486565848770.0,5.8454E+11,4.79498E+11,2.72072E+11,1.97,3.47,42.56,43.48,2.96
000905.SH,2016/2/23,6950700232587.0,5461070364512.0,5.84539E+11,4.79592E+11,2.72378E+11,1.83,3.23,42.37,43.33,2.95
000905.SH,2016/2/24,6994706169622.0,5502990841935.0,5.84539E+11,4.79592E+11,2.72378E+11,1.87,3.3,42.64,43.62,2.97
000905.SH,2016/2/25,6442745654409.0,5067778405780.0,5.84539E+11,4.79592E+11,2.72378E+11,2.31,4.06,39.15,40.07,2.73
000905.SH,2016/2/26,6474625154494.0,5097248488674.0,5.84539E+11,4.79592E+11,2.72376E+11,1.67,2.93,39.31,40.19,2.75
000905.SH,2016/2/29,6140220965827.0,4838391558554.0,5.8469E+11,4.79592E+11,2.72376E+11,1.81,3.18,37.26,38.38,2.59
000905.SH,2016/3/1,6281525635586.0,4949697850311.0,5.84708E+11,4.79561E+11,2.7237E+11,1.68,2.97,38.1,39.18,2.66
000905.SH,2016/3/2,6602765339789.0,5206407679789.0,5.84708E+11,4.79561E+11,2.7235E+11,2.31,4.06,40.12,41.18,2.79
000905.SH,2016/3/3,6626251191389.0,5229047341160.0,5.84708E+11,4.79561E+11,2.72355E+11,2.68,4.72,40.26,41.32,2.8
000905.SH,2016/3/4,6453461360528.0,5095781875564.0,5.84717E+11,4.79576E+11,2.72361E+11,2.27,4,39.19,40.25,2.73
000905.SH,2016/3/7,6600665856152.0,5214665538220.0,5.84717E+11,4.79604E+11,2.72389E+11,1.82,3.2,40.02,41.04,2.79
000905.SH,2016/3/8,6613100999123.0,5220644921744.0,5.84738E+11,4.79603E+11,2.72413E+11,2.05,3.6,40.25,41.11,2.79
000905.SH,2016/3/9,6440690174490.0,5079821828744.0,5.84737E+11,4.79603E+11,2.72431E+11,1.51,2.67,39.2,40.04,2.72
000905.SH,2016/3/10,6334338802208.0,4992143396564.0,5.84737E+11,4.79609E+11,2.72458E+11,1.24,2.19,38.35,39.42,2.67
000905.SH,2016/3/11,6321164077744.0,4978115814200.0,5.84736E+11,4.79612E+11,2.7246E+11,1.04,1.83,38.2,39.29,2.67
000905.SH,2016/3/14,6527325071409.0,5137811999026.0,5.84736E+11,4.79612E+11,2.72446E+11,1.67,2.94,39.45,40.7,2.76
000905.SH,2016/3/15,6468953939683.0,5085539099049.0,5.84899E+11,4.79614E+11,2.72456E+11,1.38,2.43,39.13,40.39,2.73
000905.SH,2016/3/16,6383822262170.0,5016335153456.0,5.85025E+11,4.79596E+11,2.72437E+11,1.2,2.11,38.5,39.82,2.69
000905.SH,2016/3/17,6593234543702.0,5179962316303.0,5.85031E+11,4.79606E+11,2.72436E+11,1.76,3.1,39.66,41.13,2.78
000905.SH,2016/3/18,6828730826303.0,5363090340754.0,5.85031E+11,4.79606E+11,2.72436E+11,2.61,4.59,40.89,42.76,2.87
000905.SH,2016/3/21,7000274756209.0,5499601520070.0,5.85032E+11,4.79682E+11,2.72406E+11,2.75,4.84,41.86,43.89,2.94
000905.SH,2016/3/22,6978505611644.0,5478017205548.0,5.85032E+11,4.79682E+11,2.72406E+11,2.25,3.95,41.74,43.73,2.93
000905.SH,2016/3/23,7031669981665.0,5515496312366.0,5.85112E+11,4.79672E+11,2.72476E+11,1.87,3.29,41.84,44,2.95
000905.SH,2016/3/24,6921345288663.0,5424202630593.0,5.85117E+11,4.79672E+11,2.72506E+11,2.11,3.72,41.19,43.31,2.91
000905.SH,2016/3/25,6990863538027.0,5477238020844.0,5.85402E+11,4.79674E+11,2.72869E+11,1.63,2.87,41.49,43.45,2.93
000905.SH,2016/3/28,6948742137205.0,5442706536079.0,5.85404E+11,4.79934E+11,2.73018E+11,1.95,3.44,41.78,43.54,2.91
000905.SH,2016/3/29,6816560863709.0,5339102834685.0,5.85404E+11,4.79935E+11,2.73273E+11,1.65,2.89,40.83,42.83,2.85
000905.SH,2016/3/30,7064848079508.0,5538202430689.0,5.85408E+11,4.80617E+11,2.73524E+11,1.83,3.22,42.12,44.57,2.95
000905.SH,2016/3/31,7092600020742.0,5559570335525.0,5.8582E+11,4.80817E+11,2.7373E+11,1.97,3.47,45.34,47.44,2.98
000905.SH,2016/4/1,7057734938477.0,5534914574058.0,5.8582E+11,4.80817E+11,2.7373E+11,1.77,3.11,45.22,47.03,2.96
000905.SH,2016/4/5,7243850818189.0,5681911278414.0,5.86032E+11,4.8106E+11,2.73974E+11,2.19,3.85,46.56,48.34,3.04
000905.SH,2016/4/6,7284695925035.0,5706425882850.0,5.88464E+11,4.8247E+11,2.74522E+11,2.17,3.81,46.78,48.61,3.06
000905.SH,2016/4/7,7180155249819.0,5625978405866.0,5.88464E+11,4.83045E+11,2.74826E+11,2.28,4,46.31,47.95,3.01
000905.SH,2016/4/8,7112419286650.0,5573171413529.0,5.89146E+11,4.83261E+11,2.74923E+11,1.83,3.23,45.38,47.47,2.98
000905.SH,2016/4/11,7267884431453.0,5698567021962.0,5.89146E+11,4.83432E+11,2.75103E+11,2.11,3.72,46.74,48.93,3.05
000905.SH,2016/4/12,7203742251950.0,5653010837667.0,5.89146E+11,4.83378E+11,2.75037E+11,1.8,3.17,46.79,49,3.02
000905.SH,2016/4/13,7307760746092.0,5738454836575.0,5.89406E+11,4.83477E+11,2.75135E+11,2.75,4.83,47.4,49.7,3.08
000905.SH,2016/4/14,7370231307711.0,5787158191018.0,5.89984E+11,4.83962E+11,2.75108E+11,2.05,3.6,47.87,50.49,3.11
000905.SH,2016/4/15,7351055080585.0,5770067363771.0,5.89984E+11,4.83899E+11,2.75148E+11,1.71,3.01,47.74,50.81,3.1
000905.SH,2016/4/18,7233676900210.0,5678857450729.0,5.89996E+11,4.84214E+11,2.75156E+11,1.66,2.92,48.24,50.86,3.05
000905.SH,2016/4/19,7261298527113.0,5701088421560.0,5.90384E+11,4.84506E+11,2.75416E+11,1.43,2.52,49.2,51.05,3.06
000905.SH,2016/4/20,6938683234943.0,5444933087381.0,5.92083E+11,4.84515E+11,2.75385E+11,2.42,4.26,47.1,48.52,2.91
000905.SH,2016/4/21,6882619532128.0,5405527734689.0,5.92083E+11,4.84522E+11,2.7538E+11,1.75,3.08,46.78,48.02,2.88
000905.SH,2016/4/22,6927834170849.0,5438957657561.0,5.92083E+11,4.84521E+11,2.75375E+11,1.29,2.26,47.17,48.12,2.9
000905.SH,2016/4/25,6899620997748.0,5408480842752.0,5.93468E+11,4.84661E+11,2.75253E+11,1.18,2.07,47.15,47.66,2.88
000905.SH,2016/4/26,6981351119891.0,5478286108401.0,5.93918E+11,4.85163E+11,2.75554E+11,1.16,2.03,47.47,47.98,2.91
000905.SH,2016/4/27,6948327027364.0,5451904308904.0,5.94191E+11,4.85367E+11,2.7568E+11,1.25,2.2,47.5,47.77,2.89
000905.SH,2016/4/28,6918681588765.0,5429669463389.0,5.94191E+11,4.85562E+11,2.7568E+11,1.24,2.19,48.1,47.16,2.86
000905.SH,2016/4/29,6915596667346.0,5428813485115.0,5.94318E+11,4.85578E+11,2.7568E+11,1.02,1.8,48.53,46.35,2.85
000905.SH,2016/5/3,7130006068730.0,5594772647394.0,5.94418E+11,4.85661E+11,2.7568E+11,1.56,2.75,50.35,47.94,2.93
000905.SH,2016/5/4,7136112988337.0,5595696435241.0,5.95919E+11,4.86619E+11,2.75679E+11,1.53,2.7,50.4,47.98,2.93
000905.SH,2016/5/5,7175711763423.0,5628072648318.0,5.9716E+11,4.87705E+11,2.75672E+11,1.32,2.34,50.68,48.25,2.95
000905.SH,2016/5/6,6898053112398.0,5397125513317.0,6.01254E+11,4.89659E+11,2.76334E+11,2,3.55,48.71,46.38,2.84
000905.SH,2016/5/9,6657715981459.0,5214818873009.0,6.0193E+11,4.90737E+11,2.76664E+11,1.59,2.83,47.02,44.77,2.74
000905.SH,2016/5/10,6657822330913.0,5217733044800.0,6.04209E+11,4.92589E+11,2.77997E+11,1.07,1.89,47.02,44.77,2.74
000905.SH,2016/5/11,6643921265350.0,5205967049587.0,6.04487E+11,4.92582E+11,2.7979E+11,1.18,2.07,46.92,44.67,2.73
000905.SH,2016/5/12,6652059222413.0,5209706944928.0,6.0601E+11,4.93653E+11,2.80739E+11,1.18,2.07,46.98,44.73,2.73
000905.SH,2016/5/13,6638440894952.0,5202242239374.0,6.07213E+11,4.94543E+11,2.81196E+11,1.07,1.89,46.88,44.64,2.73
000905.SH,2016/5/16,6749502744348.0,5282141038431.0,6.08792E+11,4.95007E+11,2.81616E+11,1.17,2.06,47.67,45.38,2.79
000905.SH,2016/5/17,6720622395199.0,5268932523278.0,6.09018E+11,4.9628E+11,2.82232E+11,1.32,2.31,47.46,45.19,2.78
000905.SH,2016/5/18,6536869074916.0,5125300701298.0,6.09018E+11,4.96285E+11,2.82231E+11,1.28,2.26,46.16,43.95,2.7
000905.SH,2016/5/19,6601394410159.0,5148414599389.0,6.12259E+11,4.96917E+11,2.8262E+11,1.14,2,46.62,44.39,2.72
000905.SH,2016/5/20,6681405717822.0,5212778483128.0,6.12882E+11,4.98795E+11,2.83517E+11,1.12,1.97,47.18,44.93,2.75
000905.SH,2016/5/23,6767157809841.0,5283906699112.0,6.12915E+11,4.98837E+11,2.83376E+11,1.26,2.22,47.79,45.5,2.79
000905.SH,2016/5/24,6686540935704.0,5214233546741.0,6.13452E+11,4.99188E+11,2.83561E+11,1.16,2.04,47.22,44.96,2.75
000905.SH,2016/5/25,6664410844983.0,5204697733736.0,6.13452E+11,4.99518E+11,2.83648E+11,1.07,1.88,47.06,44.81,2.74
000905.SH,2016/5/26,6686473964112.0,5224583564625.0,6.13452E+11,4.99522E+11,2.83652E+11,1.19,2.1,47.22,44.96,2.75
000905.SH,2016/5/27,6694372759116.0,5223214827151.0,6.17205E+11,5.01392E+11,2.85168E+11,1.2,2.1,47.28,45.01,2.75
000905.SH,2016/5/30,6657848550134.0,5182151279459.0,6.18842E+11,5.01587E+11,2.85363E+11,0.97,1.71,47.02,44.77,2.73
000905.SH,2016/5/31,6930307152792.0,5407786217542.0,6.1997E+11,5.03997E+11,2.8693E+11,1.89,3.32,48.94,46.6,2.84
000905.SH,2016/6/1,6959416855187.0,5430527636604.0,6.21626E+11,5.05316E+11,2.88089E+11,1.87,3.28,49.15,46.79,2.86
000905.SH,2016/6/2,7003027401084.0,5464330780122.0,6.21875E+11,5.05684E+11,2.88438E+11,1.61,2.82,49.46,47.09,2.88
000905.SH,2016/6/3,7027654160988.0,5481448686732.0,6.23578E+11,5.07263E+11,2.88977E+11,1.67,2.94,49.63,47.25,2.89
000905.SH,2016/6/6,7049669089480.0,5493318616807.0,6.2408E+11,5.07317E+11,2.8902E+11,1.45,2.54,49.79,47.4,2.9
000905.SH,2016/6/7,7042969357024.0,5494847715705.0,6.25475E+11,5.08557E+11,2.89611E+11,1.37,2.4,49.74,47.36,2.9
000905.SH,2016/6/8,7021097957738.0,5470936343464.0,6.28213E+11,5.09383E+11,2.90413E+11,1.44,2.53,49.58,47.21,2.89
000905.SH,2016/6/13,6910671822175.0,5352964091864.0,6.33414E+11,5.11665E+11,2.96883E+11,1.7,2.94,47.43,45.34,2.73
000905.SH,2016/6/14,6934155664889.0,5384031382289.0,6.34326E+11,5.12987E+11,2.97934E+11,1.21,2.08,47.59,45.49,2.74
000905.SH,2016/6/15,7155684508119.0,5552592780703.0,6.37616E+11,5.14737E+11,2.98219E+11,1.77,3.05,49.11,46.95,2.83
000905.SH,2016/6/16,7135078367581.0,5532264648802.0,6.39124E+11,5.15669E+11,2.98811E+11,1.86,3.21,48.97,46.81,2.82
000905.SH,2016/6/17,7172295810417.0,5568291084284.0,6.40606E+11,5.1765E+11,2.9978E+11,1.72,2.97,49.23,47.05,2.83
000905.SH,2016/6/20,7196627030363.0,5579106818853.0,6.41989E+11,5.18225E+11,3.00072E+11,1.44,2.48,49.39,47.21,2.84
000905.SH,2016/6/21,7118244823090.0,5529506865258.0,6.43807E+11,5.19826E+11,3.0131E+11,1.7,2.93,48.85,46.7,2.81
000905.SH,2016/6/22,7232465024877.0,5626268201846.0,6.44595E+11,5.20555E+11,3.01524E+11,1.39,2.4,49.64,47.45,2.86
000905.SH,2016/6/23,7201231302428.0,5595885711086.0,6.45657E+11,5.20684E+11,3.01682E+11,1.5,2.58,49.42,47.24,2.85
000905.SH,2016/6/24,7115668285376.0,5528564960158.0,6.50407E+11,5.23576E+11,3.04171E+11,1.88,3.24,48.84,46.68,2.81
000905.SH,2016/6/27,7280842415106.0,5649483950823.0,6.521E+11,5.24428E+11,3.04542E+11,1.6,2.76,49.97,47.77,2.87
000905.SH,2016/6/28,7355961176047.0,5716909869730.0,6.52102E+11,5.25175E+11,3.04884E+11,1.81,3.11,50.49,48.26,2.9
000905.SH,2016/6/29,7366442264871.0,5733114046300.0,6.52208E+11,5.25429E+11,3.0502E+11,1.77,3.05,50.56,48.33,2.91
000905.SH,2016/6/30,7373541047106.0,5726031716326.0,6.53821E+11,5.2553E+11,3.051E+11,1.47,2.53,50.61,48.37,2.91
000905.SH,2016/7/1,7356989575816.0,5726491164331.0,6.53821E+11,5.26824E+11,3.06145E+11,1.4,2.41,50.49,48.27,2.91
000905.SH,2016/7/4,7499652414836.0,5841517377476.0,6.54082E+11,5.2683E+11,3.06287E+11,1.9,3.27,51.47,49.2,2.96
000905.SH,2016/7/5,7547066828193.0,5878419965201.0,6.54082E+11,5.26851E+11,3.06294E+11,2.05,3.52,51.8,49.51,2.98
000905.SH,2016/7/6,7587832278211.0,5908671720204.0,6.54082E+11,5.26864E+11,3.06307E+11,1.8,3.1,52.08,49.74,3
000905.SH,2016/7/7,7623679951139.0,5918265042355.0,6.5787E+11,5.26843E+11,3.06304E+11,2.13,3.67,52.32,49.98,3
000905.SH,2016/7/8,7602223544093.0,5909652931036.0,6.58488E+11,5.30343E+11,3.08851E+11,1.66,2.85,52.18,49.86,2.97
000905.SH,2016/7/11,7618979288197.0,5927209783520.0,6.58475E+11,5.30407E+11,3.08914E+11,1.95,3.36,52.29,49.98,2.98
000905.SH,2016/7/12,7719125487656.0,6009043065763.0,6.58612E+11,5.30409E+11,3.08926E+11,2.2,3.78,52.98,50.63,3.02
000905.SH,2016/7/13,7782250700766.0,6054960948741.0,6.5875E+11,5.30575E+11,3.08931E+11,2.11,3.63,53.41,51.04,3.04
000905.SH,2016/7/14,7796378993902.0,6063711145684.0,6.5875E+11,5.30605E+11,3.09108E+11,1.8,3.08,53.51,51.03,3.04
000905.SH,2016/7/15,7777678908903.0,6048221237114.0,6.59604E+11,5.30909E+11,3.09401E+11,1.76,3.01,53.38,50.89,3.04
000905.SH,2016/7/18,7744511831053.0,6022049562583.0,6.61254E+11,5.31823E+11,3.1021E+11,1.68,2.88,53.15,50.68,3.03
000905.SH,2016/7/19,7761786799366.0,6035595097689.0,6.62712E+11,5.32618E+11,3.10733E+11,1.52,2.61,53.27,50.79,3.03
000905.SH,2016/7/20,7743997796536.0,6022602213442.0,6.62709E+11,5.32618E+11,3.10845E+11,1.4,2.41,53.15,50.66,3.03
000905.SH,2016/7/21,7775065458129.0,6048567631686.0,6.63238E+11,5.33146E+11,3.11379E+11,1.64,2.81,53.36,50.64,3.04
000905.SH,2016/7/22,7706794318838.0,5997381539702.0,6.63238E+11,5.33147E+11,3.1126E+11,1.62,2.78,52.89,50.24,3.01
000905.SH,2016/7/25,7724631810489.0,6008391757728.0,6.63972E+11,5.33183E+11,3.11308E+11,1.52,2.6,53.02,50.33,3.02
000905.SH,2016/7/26,7825748881325.0,6098991767319.0,6.63581E+11,5.33416E+11,3.11608E+11,1.53,2.62,53.71,50.98,3.06
000905.SH,2016/7/27,7510287161588.0,5854767093794.0,6.63583E+11,5.33425E+11,3.1162E+11,2.6,4.45,51.55,48.92,2.93
000905.SH,2016/7/28,7531043915444.0,5876700118272.0,6.63583E+11,5.33557E+11,3.11921E+11,1.71,2.93,51.69,48.97,2.94
000905.SH,2016/7/29,7497489557039.0,5844599136560.0,6.65212E+11,5.34833E+11,3.12108E+11,1.36,2.33,51.46,48.77,2.91
000905.SH,2016/8/1,7390829382677.0,5748003566267.0,6.72521E+11,5.349E+11,3.12135E+11,1.36,2.34,50.73,47.94,2.86
000905.SH,2016/8/2,7458904244056.0,5815439490172.0,6.72522E+11,5.39363E+11,3.13577E+11,1.03,1.78,51.19,48.17,2.89
000905.SH,2016/8/3,7496376097642.0,5846124038435.0,6.72552E+11,5.39401E+11,3.13615E+11,1.27,2.19,51.45,48.41,2.9
000905.SH,2016/8/4,7542882609861.0,5881081310786.0,6.72552E+11,5.39401E+11,3.13606E+11,1.31,2.25,51.77,48.71,2.92
000905.SH,2016/8/5,7508655060256.0,5851783941841.0,6.72702E+11,5.39478E+11,3.13683E+11,1.25,2.15,51.53,48.49,2.9
000905.SH,2016/8/8,7613675950748.0,5939484034943.0,6.72692E+11,5.39599E+11,3.13966E+11,1.43,2.45,52.25,49.12,2.94
000905.SH,2016/8/9,7672204656902.0,5986011708938.0,6.72692E+11,5.39599E+11,3.13966E+11,1.45,2.49,52.66,49.45,2.96
000905.SH,2016/8/10,7645070773729.0,5965943113399.0,6.72699E+11,5.39607E+11,3.13974E+11,1.43,2.46,52.47,49.13,2.95
000905.SH,2016/8/11,7532521318671.0,5878180136969.0,6.72699E+11,5.39607E+11,3.13974E+11,1.31,2.25,51.7,48.2,2.91
000905.SH,2016/8/12,7620943481311.0,5948932804940.0,6.72699E+11,5.3965E+11,3.14014E+11,1.27,2.19,52.3,48.61,2.93
000905.SH,2016/8/15,7797943066032.0,6083868294691.0,6.73076E+11,5.39693E+11,3.1424E+11,2.19,3.75,53.52,49.6,3
000905.SH,2016/8/16,7831874554021.0,6107279733173.0,6.73076E+11,5.39712E+11,3.13798E+11,2.03,3.5,53.75,49.59,3
000905.SH,2016/8/17,7855584036073.0,6123366032965.0,6.73513E+11,5.39716E+11,3.13797E+11,1.77,3.05,53.91,49.64,3.01
000905.SH,2016/8/18,7856536181248.0,6125483013571.0,6.73512E+11,5.39743E+11,3.13766E+11,2.05,3.52,53.92,49.34,3
000905.SH,2016/8/19,7866548108108.0,6137218120443.0,6.73517E+11,5.39914E+11,3.1398E+11,1.7,2.92,53.99,49.03,3.02
000905.SH,2016/8/22,7777624199271.0,6063351363344.0,6.7376E+11,5.3997E+11,3.13949E+11,1.71,2.94,53.38,48.67,2.98
000905.SH,2016/8/23,7786354106976.0,6075471670872.0,6.73767E+11,5.4046E+11,3.14466E+11,1.49,2.56,53.44,48.51,2.98
000905.SH,2016/8/24,7799550722039.0,6074327329611.0,6.73833E+11,5.40285E+11,3.14603E+11,1.37,2.35,53.53,48.38,2.98
000905.SH,2016/8/25,7737924062147.0,6024621442137.0,6.73837E+11,5.40284E+11,3.15037E+11,1.48,2.53,53.11,47.7,2.96
000905.SH,2016/8/26,7769134379105.0,6049654458666.0,6.73837E+11,5.40377E+11,3.1557E+11,1.38,2.37,53.32,48.01,2.96
000905.SH,2016/8/29,7786157112501.0,6063969946003.0,6.73838E+11,5.40333E+11,3.15633E+11,1.28,2.18,53.44,48.28,2.96
000905.SH,2016/8/30,7783851705281.0,6048748680441.0,6.78091E+11,5.40333E+11,3.15614E+11,1.14,1.95,53.42,47.77,2.95
000905.SH,2016/8/31,7795179904398.0,6082958978873.0,6.78091E+11,5.44793E+11,3.18792E+11,1.2,2.05,53.5,47.47,2.95
000905.SH,2016/9/1,7733687641993.0,6034296681255.0,6.7818E+11,5.44822E+11,3.18822E+11,1.32,2.25,53.08,47.09,2.94
000905.SH,2016/9/2,7704280101685.0,6012084624745.0,6.78222E+11,5.44824E+11,3.18816E+11,1.24,2.12,52.88,46.91,2.93
000905.SH,2016/9/5,7746244495972.0,6048982048873.0,6.78234E+11,5.45018E+11,3.18847E+11,1.2,2.05,53.16,47.17,2.95
000905.SH,2016/9/6,7867736277274.0,6142754992706.0,6.78403E+11,5.45019E+11,3.18847E+11,1.59,2.72,54,47.91,2.99
000905.SH,2016/9/7,7872425168795.0,6144221083908.0,6.78403E+11,5.45023E+11,3.18852E+11,1.71,2.92,54.03,47.94,2.99
000905.SH,2016/9/8,7901908984620.0,6169918314956.0,6.78398E+11,5.45092E+11,3.18921E+11,1.33,2.27,54.23,48.12,3
000905.SH,2016/9/9,7847471931975.0,6125994293682.0,6.79091E+11,5.4546E+11,3.19213E+11,1.44,2.46,53.86,47.79,2.98
000905.SH,2016/9/12,7639606316457.0,5956670968935.0,6.79546E+11,5.4565E+11,3.19402E+11,1.65,2.82,52.43,46.52,2.9
000905.SH,2016/9/13,7670693756518.0,5981593438045.0,6.79546E+11,5.45663E+11,3.19371E+11,1.26,2.15,52.65,46.71,2.91
000905.SH,2016/9/14,7625313127885.0,5942069649312.0,6.79721E+11,5.45684E+11,3.19385E+11,1.07,1.83,52.33,46.43,2.89
000905.SH,2016/9/19,7705495800817.0,5996883700054.0,6.81876E+11,5.45793E+11,3.19386E+11,1.01,1.72,52.88,46.92,2.92
000905.SH,2016/9/20,7704962828231.0,6006361951611.0,6.82045E+11,5.47461E+11,3.20224E+11,1,1.7,52.88,46.92,2.91
000905.SH,2016/9/21,7710180737428.0,6009491654261.0,6.82122E+11,5.47499E+11,3.20262E+11,0.92,1.57,52.92,46.95,2.92
000905.SH,2016/9/22,7770677802594.0,6050949082429.0,6.82831E+11,5.47586E+11,3.20349E+11,1.15,1.97,53.33,47.32,2.93
000905.SH,2016/9/23,7754239540657.0,6035133586029.0,6.82945E+11,5.47594E+11,3.20365E+11,1.14,1.95,53.22,47.22,2.92
000905.SH,2016/9/26,7607718554982.0,5913797200494.0,6.83409E+11,5.47594E+11,3.20582E+11,1.32,2.25,52.21,46.32,2.86
000905.SH,2016/9/27,7661625661746.0,5958578099473.0,6.83409E+11,5.47594E+11,3.2057E+11,1.03,1.76,52.58,46.65,2.88
000905.SH,2016/9/28,7654371720653.0,5966881925879.0,6.83427E+11,5.48485E+11,3.20679E+11,0.9,1.53,52.53,46.61,2.88
000905.SH,2016/9/29,7675263748003.0,5986907085701.0,6.83427E+11,5.48484E+11,3.20678E+11,0.92,1.58,52.68,46.74,2.89
000905.SH,2016/9/30,7714615016920.0,6014275570063.0,6.83609E+11,5.48485E+11,3.20679E+11,0.82,1.4,52.95,46.98,2.9
000905.SH,2016/10/10,7850195379398.0,6122762931922.0,6.83617E+11,5.48486E+11,3.20773E+11,1.33,2.27,53.88,47.8,2.95
000905.SH,2016/10/11,7906608029068.0,6161956178039.0,6.84148E+11,5.48486E+11,3.20773E+11,1.44,2.46,54.26,48.14,2.96
000905.SH,2016/10/12,7902394342711.0,6159077381024.0,6.84163E+11,5.48486E+11,3.20779E+11,1.23,2.11,54.24,48.23,2.96
000905.SH,2016/10/13,7906528198163.0,6164683416829.0,6.84163E+11,5.48705E+11,3.2082E+11,1.25,2.13,54.26,48.11,2.96
000905.SH,2016/10/14,7894568967451.0,6151321616595.0,6.85139E+11,5.48705E+11,3.20823E+11,1.2,2.05,54.18,48,2.95
000905.SH,2016/10/17,7826732656170.0,6098111782488.0,6.85202E+11,5.48705E+11,3.20782E+11,1.31,2.24,53.72,47.53,2.92
000905.SH,2016/10/18,7947092459007.0,6178448069188.0,6.85347E+11,5.47701E+11,3.20815E+11,1.35,2.3,54.54,48.28,2.97
000905.SH,2016/10/19,7935140349539.0,6168032299605.0,6.85675E+11,5.477E+11,3.20842E+11,1.37,2.34,54.46,48.05,2.96
000905.SH,2016/10/20,7941989937876.0,6169085128009.0,6.861E+11,5.47774E+11,3.20875E+11,1.2,2.04,54.51,47.91,2.96
000905.SH,2016/10/21,7915549754262.0,6151420017367.0,6.8701E+11,5.48612E+11,3.21106E+11,1.33,2.28,54.33,47.6,2.94
000905.SH,2016/10/24,7998027522428.0,6216552712323.0,6.87069E+11,5.48618E+11,3.21128E+11,1.57,2.68,54.89,47.46,2.96
000905.SH,2016/10/25,8031651172448.0,6237615042858.0,6.87279E+11,5.48376E+11,3.20915E+11,1.53,2.62,55.14,46.77,2.97
000905.SH,2016/10/26,7990473853916.0,6206576421923.0,6.89286E+11,5.49836E+11,3.21787E+11,1.47,2.51,54.86,46.24,2.95
000905.SH,2016/10/27,7972312446360.0,6195520322682.0,6.89286E+11,5.50113E+11,3.21693E+11,1.22,2.09,54.73,45.65,2.94
000905.SH,2016/10/28,7904043299490.0,6140606956561.0,6.89288E+11,5.50126E+11,3.21701E+11,1.29,2.2,54.26,44.13,2.89
000905.SH,2016/10/31,7904318242990.0,6138607657594.0,6.89409E+11,5.50246E+11,3.21813E+11,1.1,1.87,54.27,43.37,2.87
000905.SH,2016/11/1,7972035255596.0,6192214832315.0,6.89409E+11,5.50246E+11,3.21838E+11,1.14,1.94,54.73,43.74,2.9
000905.SH,2016/11/2,7904817570979.0,6140588319325.0,6.89409E+11,5.50301E+11,3.22366E+11,1.31,2.24,54.27,43.37,2.87
000905.SH,2016/11/3,7948499809204.0,6179875318642.0,6.90578E+11,5.51158E+11,3.22476E+11,1.41,2.4,54.57,43.61,2.88
000905.SH,2016/11/4,7926316619954.0,6161130847134.0,6.90703E+11,5.51147E+11,3.22511E+11,1.28,2.19,54.42,43.49,2.87
000905.SH,2016/11/7,7933850792403.0,6168870874686.0,6.90703E+11,5.51162E+11,3.22517E+11,1.25,2.13,54.47,43.53,2.88
000905.SH,2016/11/8,7981192133861.0,6202679610693.0,6.90921E+11,5.51193E+11,3.22534E+11,1.31,2.25,54.8,43.79,2.89
000905.SH,2016/11/9,7919005824697.0,6157593764156.0,6.9092E+11,5.51193E+11,3.22535E+11,1.6,2.73,54.37,43.45,2.87
000905.SH,2016/11/10,8023419586188.0,6237021804124.0,6.90919E+11,5.51198E+11,3.22561E+11,1.64,2.81,55.09,44.02,2.9
000905.SH,2016/11/11,8085893995710.0,6287255348835.0,6.91074E+11,5.51277E+11,3.22624E+11,2,3.42,55.52,44.37,2.92
000905.SH,2016/11/14,8131828725516.0,6319665586189.0,6.91276E+11,5.51277E+11,3.22559E+11,2.3,3.93,55.83,44.65,2.94
000905.SH,2016/11/15,8172053205528.0,6343042490938.0,6.9165E+11,5.51277E+11,3.22614E+11,1.91,3.26,56.11,44.84,2.95
000905.SH,2016/11/16,8177216014302.0,6346948558291.0,6.9165E+11,5.5128E+11,3.22612E+11,1.73,2.96,56.14,44.87,2.95
000905.SH,2016/11/17,8165117734585.0,6340459201556.0,6.9165E+11,5.51284E+11,3.22722E+11,1.53,2.62,56.06,44.8,2.95
000905.SH,2016/11/18,8123307540943.0,6305357543143.0,6.91668E+11,5.51353E+11,3.2281E+11,1.47,2.52,55.77,44.57,2.93
000905.SH,2016/11/21,8137904693613.0,6314962580156.0,6.91668E+11,5.5138E+11,3.22837E+11,1.43,2.44,55.87,44.68,2.94
000905.SH,2016/11/22,8198861976736.0,6364837890105.0,6.91668E+11,5.5138E+11,3.22837E+11,1.67,2.86,56.29,44.99,2.96
000905.SH,2016/11/23,8162732238753.0,6337794067819.0,6.91666E+11,5.51378E+11,3.22832E+11,1.7,2.91,56.04,44.79,2.95
000905.SH,2016/11/24,8151977445159.0,6331066904743.0,6.91666E+11,5.51378E+11,3.22832E+11,1.7,2.9,55.97,44.73,2.94
000905.SH,2016/11/25,8182956125670.0,6365776362221.0,6.91666E+11,5.53383E+11,3.22976E+11,1.61,2.75,56.18,44.95,2.95
000905.SH,2016/11/28,8202748720317.0,6388875034176.0,6.91666E+11,5.53912E+11,3.23545E+11,1.73,2.96,56.32,45.01,2.96
000905.SH,2016/11/29,8142066299034.0,6340472805365.0,6.91715E+11,5.53908E+11,3.23541E+11,1.83,3.14,55.9,44.9,2.94
000905.SH,2016/11/30,8095489408823.0,6303088157153.0,6.91715E+11,5.5394E+11,3.23558E+11,1.47,2.52,55.58,44.42,2.92
000905.SH,2016/12/1,8143089470744.0,6341553231894.0,6.91715E+11,5.5394E+11,3.23626E+11,1.4,2.4,55.91,44.71,2.94
000905.SH,2016/12/2,8020714146952.0,6242877664588.0,6.9218E+11,5.54024E+11,3.2371E+11,1.46,2.51,55.07,44.23,2.89
000905.SH,2016/12/5,7987001591933.0,6213721409982.0,6.93131E+11,5.54305E+11,3.23934E+11,1.21,2.06,54.84,43.82,2.87
000905.SH,2016/12/6,7998669725355.0,6220055274236.0,6.93131E+11,5.54329E+11,3.23976E+11,0.94,1.61,54.92,43.89,2.88
000905.SH,2016/12/7,8082409353818.0,6288904473032.0,6.93131E+11,5.54457E+11,3.24102E+11,1.07,1.83,55.49,44.48,2.91
000905.SH,2016/12/8,8053161646334.0,6262408274204.0,6.95333E+11,5.54601E+11,3.24033E+11,1.03,1.76,55.29,44.19,2.89
000905.SH,2016/12/9,8044267118864.0,6252273474407.0,6.9597E+11,5.54654E+11,3.24185E+11,1.07,1.83,55.23,44.14,2.88
000905.SH,2016/12/12,7750312527160.0,5990332535903.0,6.99642E+11,5.622E+11,3.25913E+11,1.69,2.91,60.12,46.6,2.81
000905.SH,2016/12/13,7789468108074.0,6021457937757.0,6.99649E+11,5.62293E+11,3.26006E+11,1.16,2,60.42,46.84,2.82
000905.SH,2016/12/14,7743369113881.0,5987273302526.0,6.99649E+11,5.62385E+11,3.26103E+11,1.23,2.12,60.07,46.56,2.8
000905.SH,2016/12/15,7791476797598.0,6026644206787.0,6.99649E+11,5.62428E+11,3.26145E+11,1.15,1.98,60.44,46.85,2.82
000905.SH,2016/12/16,7837264550960.0,6061349615568.0,6.99666E+11,5.62432E+11,3.2615E+11,1.11,1.91,60.79,47.13,2.84
000905.SH,2016/12/19,7838258032552.0,6065782304932.0,6.99666E+11,5.6253E+11,3.26215E+11,1.11,1.92,60.8,47.13,2.84
000905.SH,2016/12/20,7815314089291.0,6045553826128.0,7.00163E+11,5.62522E+11,3.26207E+11,1.08,1.87,60.62,46.99,2.83
000905.SH,2016/12/21,7875469773629.0,6090712405403.0,7.00277E+11,5.62566E+11,3.26333E+11,1.13,1.95,61.09,47.36,2.85
000905.SH,2016/12/22,7864319702210.0,6087066896050.0,7.00417E+11,5.62783E+11,3.2655E+11,1.06,1.83,61,47.29,2.84
000905.SH,2016/12/23,7786114481521.0,6030034700216.0,7.00426E+11,5.63049E+11,3.26816E+11,1.02,1.75,60.4,46.82,2.82
000905.SH,2016/12/26,7805051821064.0,6047517197949.0,7.00747E+11,5.63571E+11,3.27291E+11,0.97,1.66,60.54,46.93,2.82
000905.SH,2016/12/27,7799726728084.0,6045015214852.0,7.00747E+11,5.63795E+11,3.27257E+11,0.87,1.51,60.5,46.9,2.82
000905.SH,2016/12/28,7774822731038.0,6030166088837.0,7.00747E+11,5.63967E+11,3.27342E+11,0.86,1.48,60.31,46.75,2.81
000905.SH,2016/12/29,7752776657535.0,6015359583650.0,7.00747E+11,5.64077E+11,3.2735E+11,0.8,1.38,60.14,46.62,2.8
000905.SH,2016/12/30,7769316852282.0,6034257457592.0,7.00747E+11,5.64822E+11,3.28087E+11,0.83,1.43,60.27,46.72,2.81
000905.SH,2017/1/3,7839353698708.0,6090521945139.0,7.00747E+11,5.64973E+11,3.28268E+11,0.86,1.48,60.81,47.14,2.83
000905.SH,2017/1/4,7927798446573.0,6160943826074.0,7.00747E+11,5.65175E+11,3.28338E+11,1.18,2.03,61.5,47.67,2.86
000905.SH,2017/1/5,7935754883167.0,6165170411788.0,7.00818E+11,5.64996E+11,3.28104E+11,1.09,1.87,61.56,47.72,2.86
000905.SH,2017/1/6,7909780209080.0,6140511672535.0,7.01337E+11,5.65085E+11,3.28184E+11,1.15,1.98,61.36,47.56,2.84
000905.SH,2017/1/9,7957527715621.0,6187261038268.0,7.01387E+11,5.65598E+11,3.28701E+11,1.13,1.95,61.73,47.72,2.86
000905.SH,2017/1/10,7933282943760.0,6169229337985.0,7.01387E+11,5.65598E+11,3.28747E+11,1.21,2.07,61.54,47.58,2.85
000905.SH,2017/1/11,7858257040678.0,6114393442977.0,7.01528E+11,5.6582E+11,3.28985E+11,1.11,1.91,60.96,47.13,2.82
000905.SH,2017/1/12,7786393072144.0,6057130879721.0,7.01528E+11,5.65883E+11,3.29045E+11,0.94,1.62,60.4,46.69,2.8
000905.SH,2017/1/13,7691255331340.0,5984439184918.0,7.01533E+11,5.65885E+11,3.29043E+11,0.95,1.63,59.66,46.13,2.76
000905.SH,2017/1/16,7496899365133.0,5833572054188.0,7.01917E+11,5.65929E+11,3.29087E+11,1.4,2.4,58.15,44.9,2.69
000905.SH,2017/1/17,7572894338827.0,5885770727519.0,7.03419E+11,5.66207E+11,3.29415E+11,0.89,1.53,58.72,45.18,2.71
000905.SH,2017/1/18,7567334641352.0,5877645323119.0,7.0361E+11,5.66834E+11,3.30118E+11,0.81,1.4,58.72,45.13,2.67
000905.SH,2017/1/19,7532511262618.0,5853729326323.0,7.03637E+11,5.66853E+11,3.30134E+11,0.78,1.35,58.45,44.94,2.66
000905.SH,2017/1/20,7628992145339.0,5925149274314.0,7.03637E+11,5.66853E+11,3.30134E+11,0.81,1.38,59.17,45.26,2.69
000905.SH,2017/1/23,7693743236712.0,5978911789935.0,7.03637E+11,5.67091E+11,3.30385E+11,0.89,1.53,59.68,45.54,2.71
000905.SH,2017/1/24,7686589981395.0,5989875327100.0,7.03756E+11,5.67593E+11,3.30386E+11,0.88,1.52,59.62,45.42,2.71
000905.SH,2017/1/25,7704502362080.0,6002731430316.0,7.03757E+11,5.6769E+11,3.30491E+11,0.76,1.3,59.76,45.51,2.71
000905.SH,2017/1/26,7766947983161.0,6046171888648.0,7.04127E+11,5.67692E+11,3.30494E+11,0.71,1.23,60.24,45.84,2.73
000905.SH,2017/2/3,7745153415371.0,6033926473681.0,7.04147E+11,5.67968E+11,3.30507E+11,0.63,1.08,60.08,45.7,2.72
000905.SH,2017/2/6,7810038952741.0,6098460278125.0,7.04147E+11,5.6913E+11,3.31259E+11,0.8,1.38,60.58,46.08,2.75
000905.SH,2017/2/7,7804585038442.0,6097584727032.0,7.04147E+11,5.69166E+11,3.31367E+11,0.89,1.54,60.51,46.1,2.74
000905.SH,2017/2/8,7848233060700.0,6130633684534.0,7.04147E+11,5.69167E+11,3.3124E+11,0.95,1.63,60.85,46.3,2.76
000905.SH,2017/2/9,7899281808406.0,6170267059490.0,7.04149E+11,5.69168E+11,3.31294E+11,1.28,2.2,61.25,46.6,2.78
000905.SH,2017/2/10,7927746423459.0,6179624623824.0,7.05471E+11,5.68973E+11,3.31075E+11,1.57,2.7,61.47,46.75,2.78
000905.SH,2017/2/13,7977135967431.0,6210926298045.0,7.05744E+11,5.68994E+11,3.31095E+11,1.47,2.53,61.85,46.99,2.79
000905.SH,2017/2/14,7991688336355.0,6211030128999.0,7.06431E+11,5.68709E+11,3.3113E+11,1.34,2.3,61.53,47.03,2.79
000905.SH,2017/2/15,7913003901348.0,6149400765869.0,7.06455E+11,5.68708E+11,3.31159E+11,1.48,2.54,60.93,46.6,2.77
000905.SH,2017/2/16,7968609517913.0,6195491245172.0,7.06467E+11,5.68722E+11,3.31265E+11,1.32,2.27,61.36,46.89,2.79
000905.SH,2017/2/17,7904489459254.0,6151612090522.0,7.06545E+11,5.69118E+11,3.3161E+11,1.39,2.38,60.86,46.5,2.76
000905.SH,2017/2/20,8003657775949.0,6231989801715.0,7.06545E+11,5.69097E+11,3.31562E+11,1.3,2.24,61.02,47.01,2.8
000905.SH,2017/2/21,8062763015089.0,6277383802876.0,7.0656E+11,5.69097E+11,3.31576E+11,1.39,2.38,61.48,47.36,2.81
000905.SH,2017/2/22,8109155077385.0,6316865626178.0,7.0656E+11,5.69097E+11,3.31576E+11,1.54,2.64,61.83,47.64,2.83
000905.SH,2017/2/23,8107189750521.0,6309067108181.0,7.0656E+11,5.69112E+11,3.31577E+11,1.57,2.7,61.82,47.55,2.82
000905.SH,2017/2/24,8112702930401.0,6308027641607.0,7.06698E+11,5.69112E+11,3.31578E+11,1.34,2.3,61.86,47.21,2.82
000905.SH,2017/2/27,8049385553378.0,6254962542674.0,7.07033E+11,5.69113E+11,3.31622E+11,1.27,2.18,61.42,46.58,2.79
000905.SH,2017/2/28,8083666582195.0,6283684602890.0,7.07034E+11,5.69207E+11,3.3172E+11,1.11,1.9,61.19,45.56,2.83
000905.SH,2017/3/1,8103076232079.0,6299586243613.0,7.07034E+11,5.69207E+11,3.31751E+11,1.27,2.18,60.07,45.12,2.84
000905.SH,2017/3/2,8060119016739.0,6265036061555.0,7.07034E+11,5.69207E+11,3.31897E+11,1.27,2.17,59.61,44.91,2.82
000905.SH,2017/3/3,8080655715788.0,6279378046834.0,7.07034E+11,5.6922E+11,3.31897E+11,1.15,1.97,59.77,45.02,2.83
000905.SH,2017/3/6,8160092840101.0,6341205393770.0,7.07232E+11,5.69308E+11,3.31899E+11,1.18,2.03,60.26,45.47,2.86
000905.SH,2017/3/7,8168001952299.0,6345908580272.0,7.07232E+11,5.69308E+11,3.31909E+11,1.2,2.06,60.19,45.55,2.86
000905.SH,2017/3/8,8134394343295.0,6320367963136.0,7.07232E+11,5.69302E+11,3.31903E+11,1.11,1.9,59.73,45.36,2.85
000905.SH,2017/3/9,8059244434872.0,6260642365705.0,7.0725E+11,5.69367E+11,3.31969E+11,1.13,1.94,59.05,44.96,2.82
000905.SH,2017/3/10,8071809813582.0,6270003208086.0,7.0727E+11,5.69382E+11,3.32012E+11,0.99,1.7,59.07,45.04,2.82
000905.SH,2017/3/13,8147708724844.0,6328048334506.0,7.07526E+11,5.69382E+11,3.32045E+11,1.14,1.95,59.03,45.41,2.85
000905.SH,2017/3/14,8131247068868.0,6314171467452.0,7.07526E+11,5.69385E+11,3.32042E+11,1.06,1.82,58.81,45.3,2.84
000905.SH,2017/3/15,8120183867182.0,6305516567150.0,7.07526E+11,5.69394E+11,3.31992E+11,0.98,1.68,58.08,45.12,2.84
000905.SH,2017/3/16,8193747388030.0,6359791955777.0,7.07623E+11,5.69394E+11,3.32197E+11,1.21,2.07,58.06,45.38,2.86
000905.SH,2017/3/17,8119589547975.0,6301934057776.0,7.07625E+11,5.69435E+11,3.32235E+11,1.28,2.2,57.57,44.96,2.84
000905.SH,2017/3/20,8138574436632.0,6316849900648.0,7.07625E+11,5.69458E+11,3.32237E+11,1.08,1.86,56.59,44.9,2.84
000905.SH,2017/3/21,8163159907845.0,6339774357549.0,7.077E+11,5.69551E+11,3.32336E+11,1.04,1.78,56.13,44.85,2.85
000905.SH,2017/3/22,8138068904920.0,6320544578557.0,7.077E+11,5.69558E+11,3.32343E+11,1.27,2.17,56.58,45.1,2.84
000905.SH,2017/3/23,8160957703434.0,6331968217689.0,7.08014E+11,5.69588E+11,3.32373E+11,1.35,2.31,55.63,44.75,2.84
000905.SH,2017/3/24,8204235915748.0,6366438418630.0,7.08057E+11,5.69589E+11,3.32375E+11,1.47,2.51,55.64,44.91,2.86
000905.SH,2017/3/27,8166718502259.0,6347719192115.0,7.08783E+11,5.70741E+11,3.32989E+11,1.36,2.33,54.84,44.84,2.84
000905.SH,2017/3/28,8144216417114.0,6330015147897.0,7.08788E+11,5.70765E+11,3.3309E+11,1.07,1.84,49.97,43.15,2.84
000905.SH,2017/3/29,8128907575049.0,6314825519854.0,7.09167E+11,5.70752E+11,3.33136E+11,1.5,2.57,49.35,43.25,2.83
000905.SH,2017/3/30,7997220993088.0,6213360746540.0,7.09182E+11,5.70791E+11,3.3253E+11,1.69,2.9,44.64,40.79,2.78
000905.SH,2017/3/31,8027272571195.0,6249704777095.0,7.09182E+11,5.71952E+11,3.32763E+11,1.26,2.17,44.15,40.91,2.79
000905.SH,2017/4/5,8202875834973.0,6387737923974.0,7.09182E+11,5.72122E+11,3.32929E+11,1.7,2.91,45.05,41.78,2.85
000905.SH,2017/4/6,8228389626596.0,6409390087770.0,7.09177E+11,5.72101E+11,3.32811E+11,1.7,2.93,44.64,41.69,2.86
000905.SH,2017/4/7,8251830694002.0,6430009429351.0,7.09178E+11,5.7219E+11,3.3289E+11,1.76,3.02,44.67,41.82,2.87
000905.SH,2017/4/10,8234021437272.0,6426958346469.0,7.09185E+11,5.72496E+11,3.32862E+11,1.79,3.08,43.77,41.34,2.86
000905.SH,2017/4/11,8309447716162.0,6488614359420.0,7.09184E+11,5.72493E+11,3.32797E+11,2.23,3.84,44.11,41.63,2.89
000905.SH,2017/4/12,8246053074178.0,6436806523324.0,7.0926E+11,5.72386E+11,3.32491E+11,1.99,3.43,43.66,41.21,2.86
000905.SH,2017/4/13,8295131902855.0,6476297661064.0,7.0926E+11,5.72386E+11,3.32546E+11,1.53,2.64,43.8,41.39,2.88
000905.SH,2017/4/14,8186303614160.0,6392119170383.0,7.09679E+11,5.73005E+11,3.32826E+11,1.7,2.93,43.15,39.85,2.84
000905.SH,2017/4/17,8093257802657.0,6319314891625.0,7.09679E+11,5.73001E+11,3.32781E+11,1.53,2.63,42.52,39.39,2.8
000905.SH,2017/4/18,8058138221841.0,6285392000893.0,7.09709E+11,5.73003E+11,3.3266E+11,1.4,2.41,42.24,39.02,2.79
000905.SH,2017/4/19,7972821903145.0,6214819568265.0,7.11772E+11,5.73232E+11,3.32803E+11,1.52,2.61,41.57,38.55,2.75
000905.SH,2017/4/20,7971840383476.0,6231078950021.0,7.11772E+11,5.77498E+11,3.36997E+11,1.37,2.35,41.38,38.39,2.75
000905.SH,2017/4/21,7915388430480.0,6183854873576.0,7.11772E+11,5.77499E+11,3.37026E+11,1.05,1.81,40.87,37.94,2.73
000905.SH,2017/4/24,7712743311845.0,6026145170450.0,7.12226E+11,5.7779E+11,3.37057E+11,1.22,2.1,39.73,36.91,2.66
000905.SH,2017/4/25,7740546796039.0,6048964422271.0,7.12228E+11,5.77715E+11,3.36864E+11,1.12,1.92,39.91,37.39,2.67
000905.SH,2017/4/26,7757788859856.0,6069073341839.0,7.14684E+11,5.7985E+11,3.37952E+11,1.2,2.06,40.29,37.15,2.67
000905.SH,2017/4/27,7774377061787.0,6083772741738.0,7.14686E+11,5.79732E+11,3.37941E+11,1.54,2.64,39.42,36.52,2.67
000905.SH,2017/4/28,7801364952280.0,6104630097860.0,7.1529E+11,5.79944E+11,3.38157E+11,1.15,1.97,39.06,35.94,2.66
000905.SH,2017/5/2,7809270892695.0,6112715654350.0,7.1529E+11,5.79944E+11,3.3711E+11,1.21,2.09,39.23,35.25,2.66
000905.SH,2017/5/3,7788290557058.0,6093909316539.0,7.1529E+11,5.7996E+11,3.37132E+11,1.25,2.15,39.13,35.15,2.65
000905.SH,2017/5/4,7760782510315.0,6074714185258.0,7.1529E+11,5.8055E+11,3.37665E+11,1.33,2.29,38.99,35.03,2.64
000905.SH,2017/5/5,7654663809610.0,5991055882853.0,7.1529E+11,5.80879E+11,3.38145E+11,1.23,2.12,38.45,34.55,2.61
000905.SH,2017/5/8,7509267038544.0,5878082632006.0,7.15248E+11,5.80821E+11,3.38058E+11,1.16,1.99,37.72,33.89,2.56
000905.SH,2017/5/9,7557216567851.0,5919937495312.0,7.15292E+11,5.81724E+11,3.38053E+11,0.94,1.62,37.97,34.11,2.57
000905.SH,2017/5/10,7403170879730.0,5805844074598.0,7.15784E+11,5.83009E+11,3.38633E+11,1.07,1.85,37.19,33.42,2.52
000905.SH,2017/5/11,7387443533957.0,5794217354302.0,7.16598E+11,5.83422E+11,3.39018E+11,1.25,2.15,37.11,33.34,2.52
000905.SH,2017/5/12,7373474263363.0,5785468690557.0,7.1736E+11,5.83915E+11,3.3935E+11,0.97,1.67,37.04,33.28,2.51
000905.SH,2017/5/15,7411486296618.0,5816671068284.0,7.19012E+11,5.85114E+11,3.39968E+11,0.85,1.46,37.23,33.45,2.53
000905.SH,2017/5/16,7560968807204.0,5933315507864.0,7.19485E+11,5.85514E+11,3.40071E+11,1.25,2.16,37.98,34.13,2.58
000905.SH,2017/5/17,7578373800982.0,5952709934103.0,7.19485E+11,5.86079E+11,3.4042E+11,1.25,2.15,38.07,34.21,2.58
000905.SH,2017/5/18,7517676875727.0,5895597736305.0,7.21058E+11,5.86307E+11,3.40589E+11,1.02,1.76,37.77,33.93,2.56
000905.SH,2017/5/19,7516925363806.0,5909705157796.0,7.22218E+11,5.88826E+11,3.41995E+11,0.94,1.61,37.76,33.93,2.56
000905.SH,2017/5/22,7410487223913.0,5824682139267.0,7.22218E+11,5.88844E+11,3.42013E+11,1.03,1.78,37.23,33.45,2.53
000905.SH,2017/5/23,7258201858459.0,5704530803458.0,7.22218E+11,5.88836E+11,3.4199E+11,1.1,1.9,36.46,32.76,2.48
000905.SH,2017/5/24,7300290147640.0,5731395311558.0,7.2329E+11,5.88841E+11,3.41996E+11,0.99,1.7,36.67,32.95,2.49
000905.SH,2017/5/25,7367486317521.0,5791455632691.0,7.2417E+11,5.90522E+11,3.43019E+11,1.2,2.06,37.01,33.25,2.51
000905.SH,2017/5/26,7355013242373.0,5782883992368.0,7.2637E+11,5.92759E+11,3.44581E+11,1,1.72,36.95,33.2,2.51
000905.SH,2017/5/31,7341763092629.0,5777376444570.0,7.26547E+11,5.9314E+11,3.4485E+11,0.99,1.7,36.88,33.14,2.5
000905.SH,2017/6/1,7197253572622.0,5664212849599.0,7.2655E+11,5.9314E+11,3.44821E+11,1.02,1.75,36.16,32.49,2.45
000905.SH,2017/6/2,7274493848357.0,5725048333639.0,7.2656E+11,5.93143E+11,3.44827E+11,0.99,1.71,36.54,32.83,2.48
000905.SH,2017/6/5,7326420092687.0,5764534756079.0,7.2657E+11,5.93145E+11,3.44828E+11,0.92,1.58,36.81,33.07,2.5
000905.SH,2017/6/6,7361828875196.0,5791629670825.0,7.2657E+11,5.9316E+11,3.44842E+11,0.82,1.41,36.98,33.23,2.51
000905.SH,2017/6/7,7505141580522.0,5911467772643.0,7.27298E+11,5.94096E+11,3.45049E+11,1.26,2.16,37.7,33.88,2.56
000905.SH,2017/6/8,7521596536313.0,5904064645306.0,7.32419E+11,5.95282E+11,3.45865E+11,1.12,1.92,37.79,33.95,2.57
000905.SH,2017/6/9,7538242394528.0,5931622164237.0,7.32419E+11,5.98971E+11,3.48153E+11,1.04,1.78,37.87,34.03,2.57
000905.SH,2017/6/12,7737997896900.0,5800452767072.0,7.31956E+11,5.86383E+11,3.44441E+11,1.03,1.75,36.07,32.79,2.57
000905.SH,2017/6/13,7842317616797.0,5874315827016.0,7.32518E+11,5.86688E+11,3.44716E+11,1.03,1.75,36.55,33.23,2.6
000905.SH,2017/6/14,7825193220713.0,5860514930798.0,7.32518E+11,5.86688E+11,3.44743E+11,1.04,1.77,36.47,33.16,2.59
000905.SH,2017/6/15,7899046250460.0,5910200389505.0,7.32524E+11,5.86693E+11,3.44792E+11,1.11,1.88,36.82,33.47,2.62
000905.SH,2017/6/16,7885954518792.0,5900495798499.0,7.32513E+11,5.86719E+11,3.44808E+11,0.97,1.65,36.76,33.42,2.62
000905.SH,2017/6/19,7945569055109.0,5936590140507.0,7.33201E+11,5.86722E+11,3.44811E+11,1.01,1.72,37.04,33.67,2.64
000905.SH,2017/6/20,7958248344404.0,5951915203293.0,7.35998E+11,5.88526E+11,3.46018E+11,1.12,1.91,37.09,33.72,2.64
000905.SH,2017/6/21,7975302915452.0,5968635337392.0,7.36206E+11,5.88813E+11,3.46305E+11,0.96,1.64,37.17,33.79,2.65
000905.SH,2017/6/22,7862392703916.0,5885313046738.0,7.36518E+11,5.88936E+11,3.46412E+11,1.18,2,36.65,33.32,2.61
000905.SH,2017/6/23,7882481734778.0,5899853149769.0,7.37877E+11,5.89072E+11,3.4649E+11,1.08,1.83,36.74,33.4,2.62
000905.SH,2017/6/26,8016947689776.0,6009247870520.0,7.38549E+11,5.89993E+11,3.47621E+11,1.18,2.01,37.37,33.97,2.66
000905.SH,2017/6/27,8020574759386.0,6011053550729.0,7.38578E+11,5.89992E+11,3.4761E+11,1.06,1.79,37.39,33.99,2.66
000905.SH,2017/6/28,7983372517648.0,5988762008449.0,7.3862E+11,5.90127E+11,3.47695E+11,1.02,1.74,37.21,33.83,2.65
000905.SH,2017/6/29,8026473126883.0,6021516915023.0,7.3862E+11,5.90141E+11,3.47712E+11,0.98,1.67,37.41,34.01,2.67
000905.SH,2017/6/30,8054814147210.0,6040328288657.0,7.38617E+11,5.90141E+11,3.47712E+11,0.91,1.54,37.54,34.13,2.68
000905.SH,2017/7/3,8102841257880.0,6097277649342.0,7.38616E+11,5.91489E+11,3.47726E+11,1.08,1.84,37.77,34.33,2.69
000905.SH,2017/7/4,8063554104251.0,6066539593551.0,7.38618E+11,5.9149E+11,3.47749E+11,1.07,1.81,37.59,34.17,2.68
000905.SH,2017/7/5,8121288152636.0,6103270957227.0,7.43869E+11,5.91753E+11,3.47968E+11,1.16,1.97,37.85,34.41,2.7
000905.SH,2017/7/6,8127444241286.0,6119837187495.0,7.44072E+11,5.95744E+11,3.49707E+11,1.39,2.37,37.88,34.44,2.7
000905.SH,2017/7/7,8155661721555.0,6157282759288.0,7.44422E+11,5.97532E+11,3.50055E+11,1.33,2.27,38.01,34.55,2.71
000905.SH,2017/7/10,8134906755574.0,6146586157660.0,7.44534E+11,5.97623E+11,3.50186E+11,1.51,2.58,37.92,34.46,2.71
000905.SH,2017/7/11,8037267344985.0,6074468140086.0,7.44631E+11,5.97887E+11,3.5045E+11,1.29,2.2,37.46,34.04,2.67
000905.SH,2017/7/12,8039472003527.0,6076497682057.0,7.44634E+11,5.97992E+11,3.50555E+11,1.26,2.16,37.47,34.03,2.67
000905.SH,2017/7/13,8057340705361.0,6095576882347.0,7.45723E+11,5.98578E+11,3.5099E+11,1.32,2.25,37.56,34.09,2.68
000905.SH,2017/7/14,8028756290570.0,6075395451257.0,7.4572E+11,5.98584E+11,3.50981E+11,1.11,1.89,37.42,33.94,2.67
000905.SH,2017/7/17,7695396176229.0,5828022183779.0,7.48251E+11,6.01159E+11,3.52918E+11,1.69,2.88,35.87,32.52,2.56
000905.SH,2017/7/18,7777293555457.0,5897365414312.0,7.48249E+11,6.01536E+11,3.53124E+11,1.27,2.17,36.25,32.86,2.59
000905.SH,2017/7/19,7934637265827.0,6022609553528.0,7.49025E+11,6.01785E+11,3.53452E+11,1.71,2.91,36.98,33.52,2.64
000905.SH,2017/7/20,7983224541010.0,6062445692181.0,7.49085E+11,6.01925E+11,3.53476E+11,1.56,2.65,37.21,33.73,2.66
000905.SH,2017/7/21,8014798566186.0,6089364441925.0,7.49085E+11,6.01925E+11,3.53476E+11,1.38,2.35,37.36,33.8,2.67
000905.SH,2017/7/24,8065803089238.0,6132099469783.0,7.49946E+11,6.0212E+11,3.53476E+11,1.62,2.75,37.6,34.01,2.69
000905.SH,2017/7/25,8043780158122.0,6120277849658.0,7.49946E+11,6.02896E+11,3.54091E+11,1.48,2.52,37.49,33.92,2.68
000905.SH,2017/7/26,8034892035258.0,6115056234303.0,7.49948E+11,6.02913E+11,3.54086E+11,1.47,2.51,37.45,33.87,2.68
000905.SH,2017/7/27,8089238534800.0,6149957262024.0,7.5004E+11,6.03035E+11,3.54308E+11,1.72,2.94,37.71,34.09,2.69
000905.SH,2017/7/28,8125788346928.0,6179880955159.0,7.5004E+11,6.03039E+11,3.51716E+11,1.43,2.46,37.88,34.18,2.7
000905.SH,2017/7/31,8230126744621.0,6267307646957.0,7.5004E+11,6.03201E+11,3.51867E+11,1.88,3.22,38.36,34.54,2.74
000905.SH,2017/8/1,8217998500555.0,6256164283886.0,7.50159E+11,6.03243E+11,3.51968E+11,1.68,2.87,38.31,34.48,2.73
000905.SH,2017/8/2,8169071750324.0,6223817521895.0,7.50174E+11,6.03243E+11,3.51929E+11,1.89,3.24,38.08,34.28,2.71
000905.SH,2017/8/3,8186671128478.0,6237674890351.0,7.50174E+11,6.03259E+11,3.5196E+11,1.66,2.85,38.16,34.34,2.72
000905.SH,2017/8/4,8138232697183.0,6203972414056.0,7.50174E+11,6.0326E+11,3.51987E+11,2.09,3.58,37.93,34.12,2.7
000905.SH,2017/8/7,8237084242333.0,6284080892501.0,7.50174E+11,6.03274E+11,3.51999E+11,1.8,3.08,38.39,34.58,2.74
000905.SH,2017/8/8,8236369111153.0,6283794382267.0,7.50148E+11,6.0342E+11,3.52153E+11,2,3.42,38.39,34.51,2.73
000905.SH,2017/8/9,8287301084739.0,6325401648620.0,7.50148E+11,6.0342E+11,3.52248E+11,1.91,3.27,38.63,34.74,2.75
000905.SH,2017/8/10,8223971074060.0,6276275915172.0,7.50148E+11,6.03541E+11,3.52408E+11,1.87,3.2,38.33,34.41,2.73
000905.SH,2017/8/11,8061318724049.0,6141723886410.0,7.50148E+11,6.03571E+11,3.5252E+11,1.95,3.34,37.58,33.75,2.67
000905.SH,2017/8/14,8224975544718.0,6262077644890.0,7.50148E+11,6.03278E+11,3.52503E+11,1.49,2.55,38.34,34.46,2.73
000905.SH,2017/8/15,8253386559344.0,6297938694745.0,7.50267E+11,6.04969E+11,3.54405E+11,1.37,2.33,38.47,34.5,2.73
000905.SH,2017/8/16,8263794625732.0,6300458581585.0,7.50267E+11,6.04957E+11,3.54392E+11,1.48,2.53,38.52,34.43,2.74
000905.SH,2017/8/17,8322341061039.0,6353767782358.0,7.50267E+11,6.05194E+11,3.54715E+11,1.63,2.78,38.79,34.67,2.75
000905.SH,2017/8/18,8299112531401.0,6337652779804.0,7.50267E+11,6.05235E+11,3.54703E+11,1.51,2.57,38.68,34.29,2.74
000905.SH,2017/8/21,8368699556197.0,6396697477061.0,7.50269E+11,6.05482E+11,3.54878E+11,1.43,2.44,39.01,34.33,2.76
000905.SH,2017/8/22,8333517356478.0,6368251278410.0,7.50299E+11,6.06093E+11,3.55407E+11,1.47,2.51,38.84,34.16,2.74
000905.SH,2017/8/23,8265637606633.0,6323584116813.0,7.50299E+11,6.06606E+11,3.55743E+11,1.25,2.13,38.53,33.75,2.72
000905.SH,2017/8/24,8210825518157.0,6279213612671.0,7.50341E+11,6.0659E+11,3.55771E+11,1.11,1.9,38.27,33.41,2.7
000905.SH,2017/8/25,8304786506560.0,6348119326839.0,7.50447E+11,6.06632E+11,3.55155E+11,1.25,2.13,38.71,33.55,2.72
000905.SH,2017/8/28,8406722561336.0,6424303456790.0,7.50449E+11,6.06711E+11,3.56384E+11,1.56,2.66,39.19,33.63,2.75
000905.SH,2017/8/29,8388485304105.0,6411568820122.0,7.50449E+11,6.068E+11,3.5655E+11,1.45,2.46,39.1,33.02,2.73
000905.SH,2017/8/30,8446123667339.0,6460269949994.0,7.50449E+11,6.06847E+11,3.56552E+11,1.57,2.68,39.37,33.3,2.74
000905.SH,2017/8/31,8466034743988.0,6476524630188.0,7.50449E+11,6.07074E+11,3.5678E+11,1.5,2.55,39.46,33.31,2.75
000905.SH,2017/9/1,8539720368982.0,6539736454532.0,7.50644E+11,6.07469E+11,3.56495E+11,1.99,3.4,39.8,33.6,2.77
000905.SH,2017/9/4,8586766118004.0,6580482835370.0,7.50644E+11,6.07978E+11,3.57004E+11,1.97,3.36,40.02,33.78,2.78
000905.SH,2017/9/5,8589414748476.0,6590254923182.0,7.50644E+11,6.08289E+11,3.57209E+11,1.57,2.67,40.04,33.79,2.78
000905.SH,2017/9/6,8626797543246.0,6632684072751.0,7.50644E+11,6.12249E+11,3.58136E+11,1.72,2.95,40.21,33.94,2.8
000905.SH,2017/9/7,8577583741644.0,6583824633033.0,7.52029E+11,6.12253E+11,3.58103E+11,1.75,2.99,39.98,33.75,2.77
000905.SH,2017/9/8,8596122317856.0,6614782990733.0,7.52193E+11,6.13322E+11,3.58916E+11,1.53,2.61,40.07,33.82,2.78
000905.SH,2017/9/11,8686071440927.0,6684844316490.0,7.52193E+11,6.13319E+11,3.58918E+11,1.67,2.86,40.49,34.17,2.81
000905.SH,2017/9/12,8680141164003.0,6694057530150.0,7.52241E+11,6.13916E+11,3.59323E+11,2.31,3.95,40.46,34.15,2.8
000905.SH,2017/9/13,8733079329908.0,6736601585151.0,7.52832E+11,6.1403E+11,3.59437E+11,1.71,2.91,40.71,34.36,2.82
000905.SH,2017/9/14,8717978266922.0,6725422367896.0,7.52812E+11,6.1403E+11,3.59446E+11,1.86,3.17,40.64,34.3,2.81
000905.SH,2017/9/15,8654538354997.0,6674503870303.0,7.52812E+11,6.14222E+11,3.59442E+11,1.78,3.04,40.34,34.05,2.79
000905.SH,2017/9/18,8716137885664.0,6726074011322.0,7.5324E+11,6.14436E+11,3.59656E+11,1.45,2.47,40.63,34.29,2.81
000905.SH,2017/9/19,8676615070407.0,6695245602377.0,7.53232E+11,6.14457E+11,3.59697E+11,1.52,2.6,40.44,34.13,2.8
000905.SH,2017/9/20,8751549873568.0,6758943050571.0,7.53551E+11,6.14909E+11,3.60076E+11,1.66,2.83,40.79,34.43,2.82
000905.SH,2017/9/21,8652836861945.0,6685139229151.0,7.53551E+11,6.15125E+11,3.60282E+11,1.61,2.75,40.33,34.04,2.79
000905.SH,2017/9/22,8598339853852.0,6649348207008.0,7.53551E+11,6.15803E+11,3.61015E+11,1.38,2.36,40.08,33.83,2.77
000905.SH,2017/9/25,8491770709916.0,6566974115222.0,7.53551E+11,6.15809E+11,3.61044E+11,1.26,2.16,39.58,33.41,2.74
000905.SH,2017/9/26,8528450960626.0,6597810896017.0,7.53551E+11,6.15834E+11,3.61078E+11,1.1,1.88,39.75,33.55,2.75
000905.SH,2017/9/27,8610953404445.0,6659277505522.0,7.54715E+11,6.16104E+11,3.61329E+11,1.22,2.08,40.14,33.88,2.78
000905.SH,2017/9/28,8594010258027.0,6642408959047.0,7.55901E+11,6.17204E+11,3.62431E+11,1.21,2.06,40.06,33.81,2.77
000905.SH,2017/9/29,8652194854621.0,6687206569640.0,7.56551E+11,6.19124E+11,3.62469E+11,1.15,1.96,40.33,34.04,2.78
000905.SH,2017/10/9,8750548132136.0,6778958437968.0,7.56808E+11,6.21348E+11,3.62605E+11,1.39,2.38,40.79,34.43,2.81
000905.SH,2017/10/10,8787950693500.0,6812074899131.0,7.56922E+11,6.21719E+11,3.62942E+11,1.4,2.4,40.96,34.57,2.83
000905.SH,2017/10/11,8749922017652.0,6780218808373.0,7.56921E+11,6.22478E+11,3.63701E+11,1.46,2.5,40.78,34.42,2.81
000905.SH,2017/10/12,8743123841119.0,6779674983280.0,7.56921E+11,6.24287E+11,3.6551E+11,1.25,2.13,40.75,34.37,2.81
000905.SH,2017/10/13,8805491236598.0,6825466768230.0,7.56921E+11,6.24287E+11,3.65442E+11,1.17,2,41.04,34.59,2.83
000905.SH,2017/10/16,8684560343538.0,6733613517429.0,7.56915E+11,6.24326E+11,3.65491E+11,1.38,2.35,40.48,34.04,2.79
000905.SH,2017/10/17,8685931222119.0,6729413283350.0,7.56915E+11,6.24401E+11,3.65503E+11,0.95,1.63,40.49,33.98,2.79
000905.SH,2017/10/18,8624926762987.0,6683214585759.0,7.56915E+11,6.24472E+11,3.65564E+11,1.17,2.01,40.2,33.75,2.77
000905.SH,2017/10/19,8544788831448.0,6616663582190.0,7.56978E+11,6.24479E+11,3.65568E+11,1.16,1.99,39.83,33.42,2.74
000905.SH,2017/10/20,8634494691047.0,6690834429472.0,7.56978E+11,6.25074E+11,3.65573E+11,0.97,1.65,40.25,33.61,2.77
000905.SH,2017/10/23,8688811908725.0,6733730597071.0,7.56978E+11,6.25362E+11,3.65714E+11,0.97,1.65,40.5,33.75,2.78
000905.SH,2017/10/24,8669559713180.0,6721961773988.0,7.56983E+11,6.25368E+11,3.65547E+11,0.95,1.62,40.41,33.56,2.77
000905.SH,2017/10/25,8732406168071.0,6771339804123.0,7.56983E+11,6.25415E+11,3.65851E+11,0.94,1.6,40.7,33.53,2.79
000905.SH,2017/10/26,8762979335847.0,6803223229606.0,7.56983E+11,6.25731E+11,3.6612E+11,1.2,2.05,40.85,32.78,2.79
000905.SH,2017/10/27,8717003162553.0,6761103046300.0,7.57351E+11,6.25739E+11,3.668E+11,1.09,1.85,40.63,31.95,2.76
000905.SH,2017/10/30,8564491067126.0,6643653138987.0,7.57421E+11,6.25795E+11,3.69858E+11,1.34,2.26,39.92,30.58,2.69
000905.SH,2017/10/31,8632875604759.0,6690889971987.0,7.57426E+11,6.25795E+11,3.71442E+11,0.99,1.68,40.24,30.17,2.7
000905.SH,2017/11/1,8622712918803.0,6680063811987.0,7.57426E+11,6.25795E+11,3.66551E+11,1.03,1.76,40.19,30.14,2.7
000905.SH,2017/11/2,8536640419535.0,6612655964820.0,7.57426E+11,6.25795E+11,3.68654E+11,1.08,1.83,39.79,29.84,2.67
000905.SH,2017/11/3,8455681125275.0,6557118531326.0,7.57615E+11,6.26826E+11,3.68803E+11,1.09,1.85,39.41,29.55,2.64
000905.SH,2017/11/6,8571358721232.0,6660956062222.0,7.57983E+11,6.27492E+11,3.69345E+11,1.06,1.81,39.95,29.96,2.68
000905.SH,2017/11/7,8623265456764.0,6703723616577.0,7.58051E+11,6.27472E+11,3.69325E+11,1.15,1.96,40.19,30.14,2.69
000905.SH,2017/11/8,8633130537994.0,6710732893808.0,7.581E+11,6.27472E+11,3.68721E+11,1.18,2,40.24,30.17,2.7
000905.SH,2017/11/9,8696578937628.0,6768646202502.0,7.58198E+11,6.28008E+11,3.68771E+11,1.1,1.87,40.54,30.4,2.71
000905.SH,2017/11/10,8732236746492.0,6801450428616.0,7.58198E+11,6.28041E+11,3.68778E+11,1.27,2.17,40.7,30.52,2.73
000905.SH,2017/11/13,8769675084939.0,6836328713651.0,7.58198E+11,6.2817E+11,3.68859E+11,1.35,2.29,40.88,30.65,2.74
000905.SH,2017/11/14,8698247185941.0,6789282954780.0,7.58198E+11,6.28605E+11,3.69293E+11,1.35,2.29,40.54,30.4,2.71
000905.SH,2017/11/15,8606050828817.0,6718272040971.0,7.58214E+11,6.28647E+11,3.69337E+11,1.18,2,40.11,30.08,2.68
000905.SH,2017/11/16,8630198327086.0,6738492707876.0,7.58214E+11,6.28644E+11,3.69235E+11,1.08,1.84,40.23,30.16,2.69
000905.SH,2017/11/17,8369402553582.0,6533416984525.0,7.58241E+11,6.28644E+11,3.69235E+11,1.42,2.41,39.01,29.25,2.61
000905.SH,2017/11/20,8449027355407.0,6600463145630.0,7.58241E+11,6.28675E+11,3.69217E+11,1.11,1.9,39.38,29.53,2.63
000905.SH,2017/11/21,8482107118855.0,6624877702311.0,7.58241E+11,6.28675E+11,3.69169E+11,1.08,1.84,39.54,29.65,2.65
000905.SH,2017/11/22,8457389518891.0,6607608566900.0,7.5832E+11,6.28674E+11,3.69174E+11,1.13,1.92,39.42,29.56,2.64
000905.SH,2017/11/23,8238351409406.0,6435273271736.0,7.58323E+11,6.28674E+11,3.68959E+11,1.19,2.03,38.4,28.79,2.57
000905.SH,2017/11/24,8241526424589.0,6437806088291.0,7.58322E+11,6.28691E+11,3.68979E+11,0.94,1.6,38.42,28.8,2.57
000905.SH,2017/11/27,8138958334963.0,6359180416382.0,7.5834E+11,6.28874E+11,3.68994E+11,0.94,1.61,37.94,28.45,2.54
000905.SH,2017/11/28,8274746103040.0,6468245912538.0,7.58359E+11,6.28897E+11,3.68986E+11,0.9,1.53,38.57,28.92,2.58
000905.SH,2017/11/29,8300967268986.0,6490139450154.0,7.58359E+11,6.28897E+11,3.68987E+11,1.22,2.08,38.69,29.01,2.59
000905.SH,2017/11/30,8231634523375.0,6435813581016.0,7.58359E+11,6.2899E+11,3.69049E+11,0.97,1.65,38.37,28.77,2.57
000905.SH,2017/12/1,8303277103087.0,6484870538317.0,7.58594E+11,6.29011E+11,3.69088E+11,0.87,1.48,38.7,29.02,2.59
000905.SH,2017/12/4,8258780708477.0,6450964186278.0,7.58594E+11,6.29034E+11,3.69085E+11,0.96,1.63,38.5,28.87,2.57
000905.SH,2017/12/5,8074286257531.0,6303859041068.0,7.58595E+11,6.2906E+11,3.69104E+11,1.11,1.89,37.64,28.22,2.52
000905.SH,2017/12/6,8123588874051.0,6352486255215.0,7.58595E+11,6.29262E+11,3.68963E+11,0.96,1.63,37.87,28.39,2.53
000905.SH,2017/12/7,8076849299709.0,6312765134175.0,7.5859E+11,6.29321E+11,3.69022E+11,0.84,1.44,37.65,28.23,2.52
000905.SH,2017/12/8,8170443458401.0,6383241764198.0,7.58726E+11,6.29325E+11,3.6907E+11,0.88,1.51,38.08,28.56,2.54
000905.SH,2017/12/11,8354611837791.0,6526245540795.0,8.08027E+11,6.60116E+11,3.82626E+11,0.93,1.6,36.85,28.77,2.47
000905.SH,2017/12/12,8282943116388.0,6469932465679.0,8.08197E+11,6.60138E+11,3.82641E+11,0.86,1.48,36.54,28.52,2.44
000905.SH,2017/12/13,8346679600054.0,6518483787056.0,8.08299E+11,6.60135E+11,3.82631E+11,0.76,1.32,36.82,28.74,2.46
000905.SH,2017/12/14,8359737593662.0,6526564802487.0,8.08468E+11,6.60319E+11,3.82716E+11,0.84,1.46,36.87,28.78,2.46
000905.SH,2017/12/15,8296691525670.0,6473830693918.0,8.08476E+11,6.60313E+11,3.82709E+11,0.94,1.62,36.6,28.57,2.45
000905.SH,2017/12/18,8258885282444.0,6445950317909.0,8.08591E+11,6.60716E+11,3.831E+11,0.81,1.4,36.43,28.44,2.43
000905.SH,2017/12/19,8326444047225.0,6507883766618.0,8.08595E+11,6.62354E+11,3.83628E+11,0.79,1.37,36.73,28.67,2.45
000905.SH,2017/12/20,8262258816720.0,6459965001909.0,8.08595E+11,6.62364E+11,3.83662E+11,0.87,1.51,36.44,28.45,2.43
000905.SH,2017/12/21,8313881904923.0,6507826688741.0,8.08731E+11,6.63033E+11,3.83706E+11,0.89,1.54,36.67,28.63,2.45
000905.SH,2017/12/22,8329400620150.0,6517567354418.0,8.08906E+11,6.63188E+11,3.84118E+11,0.83,1.43,36.74,28.68,2.45
000905.SH,2017/12/25,8260150752901.0,6463004371831.0,8.09036E+11,6.63188E+11,3.84163E+11,0.92,1.59,36.44,28.44,2.43
000905.SH,2017/12/26,8305617997980.0,6498494584173.0,8.09036E+11,6.63196E+11,3.84165E+11,0.87,1.5,36.64,28.6,2.44
000905.SH,2017/12/27,8241856550507.0,6451307636983.0,8.09036E+11,6.63196E+11,3.84168E+11,0.97,1.67,36.35,28.38,2.42
000905.SH,2017/12/28,8284176669188.0,6485805146361.0,8.09131E+11,6.63234E+11,3.84176E+11,0.99,1.71,36.54,28.52,2.43
000905.SH,2017/12/29,8348835672935.0,6540792388856.0,8.09133E+11,6.63825E+11,3.84697E+11,0.86,1.49,36.83,28.75,2.45
000905.SH,2018/1/2,8457146878765.0,6639432650216.0,8.09133E+11,6.64922E+11,3.84918E+11,1.1,1.9,37.3,29.12,2.49
000905.SH,2018/1/3,8533026636278.0,6699006926525.0,8.09175E+11,6.64981E+11,3.84997E+11,1.26,2.18,37.64,29.38,2.51
000905.SH,2018/1/4,8576614756870.0,6740266390964.0,8.09199E+11,6.65153E+11,3.85155E+11,1.21,2.09,37.83,29.52,2.52
000905.SH,2018/1/5,8577689749178.0,6740989989112.0,8.09199E+11,6.65153E+11,3.8517E+11,1.23,2.12,37.84,29.52,2.52
000905.SH,2018/1/8,8618394458292.0,6784265339419.0,8.09199E+11,6.66843E+11,3.85442E+11,1.34,2.32,38.02,29.66,2.53
000905.SH,2018/1/9,8618122290847.0,6788532423217.0,8.09199E+11,6.66987E+11,3.85449E+11,1.13,1.96,38.01,29.66,2.53
000905.SH,2018/1/10,8564027671913.0,6746020037234.0,8.09193E+11,6.6706E+11,3.85408E+11,1.21,2.1,37.78,29.47,2.52
000905.SH,2018/1/11,8583528025893.0,6762897561303.0,8.09194E+11,6.67063E+11,3.85398E+11,1.18,2.04,37.86,29.54,2.52
000905.SH,2018/1/12,8555409739773.0,6732649015318.0,8.0935E+11,6.66611E+11,3.85063E+11,1.17,2.02,37.74,29.43,2.51
000905.SH,2018/1/15,8370882494569.0,6585231164136.0,8.09348E+11,6.66585E+11,3.84795E+11,1.37,2.38,36.92,28.82,2.46
000905.SH,2018/1/16,8441078320178.0,6642029555897.0,8.09413E+11,6.66591E+11,3.84917E+11,1.19,2.06,37.23,29.05,2.48
000905.SH,2018/1/17,8398950478868.0,6606050228227.0,8.09413E+11,6.66595E+11,3.84873E+11,1.26,2.19,37.05,28.9,2.46
000905.SH,2018/1/18,8432393738386.0,6632306794406.0,8.09412E+11,6.66686E+11,3.85031E+11,0.98,1.69,37.2,29.01,2.47
000905.SH,2018/1/19,8411133121196.0,6614962143005.0,8.09417E+11,6.66691E+11,3.84693E+11,1.08,1.87,37.1,28.94,2.47
000905.SH,2018/1/22,8510707912493.0,6698015551434.0,8.09417E+11,6.66735E+11,3.84661E+11,1.09,1.89,37.54,29.27,2.5
000905.SH,2018/1/23,8523596003622.0,6710358066254.0,8.09417E+11,6.66927E+11,3.84844E+11,1,1.73,37.6,29.31,2.5
000905.SH,2018/1/24,8568609590563.0,6745522199788.0,8.09494E+11,6.66927E+11,3.84845E+11,1.16,2.01,37.8,29.47,2.51
000905.SH,2018/1/25,8550572398658.0,6732356160433.0,8.09494E+11,6.6693E+11,3.85004E+11,1.22,2.11,37.72,29.4,2.51
000905.SH,2018/1/26,8557416666927.0,6732034881614.0,8.09829E+11,6.66937E+11,3.85011E+11,1.03,1.79,37.75,29.45,2.51
000905.SH,2018/1/29,8461496045758.0,6662567041193.0,8.09829E+11,6.67009E+11,3.85036E+11,1.26,2.18,37.32,29.14,2.48
000905.SH,2018/1/30,8461662183599.0,6663320706399.0,8.10014E+11,6.67011E+11,3.85042E+11,1.06,1.84,37.32,29.14,2.48
000905.SH,2018/1/31,8308309968723.0,6539447170336.0,8.10045E+11,6.67163E+11,3.85198E+11,1.21,2.1,36.65,28.61,2.43
000905.SH,2018/2/1,8043100624432.0,6325245725679.0,8.10045E+11,6.67163E+11,3.85197E+11,1.42,2.47,35.48,27.69,2.35
000905.SH,2018/2/2,8080290312951.0,6347837788940.0,8.10692E+11,6.67163E+11,3.85195E+11,1.26,2.17,35.64,27.8,2.36
000905.SH,2018/2/5,8076188413063.0,6345159015310.0,8.10694E+11,6.67168E+11,3.85184E+11,1.11,1.92,35.62,27.78,2.36
000905.SH,2018/2/6,7680627787705.0,6030392856397.0,8.10663E+11,6.6728E+11,3.85293E+11,1.38,2.4,33.88,26.42,2.24
000905.SH,2018/2/7,7686290374966.0,6033212538919.0,8.10663E+11,6.6728E+11,3.85279E+11,1.28,2.21,33.9,26.44,2.24
000905.SH,2018/2/8,7782174612998.0,6088323782635.0,8.12382E+11,6.67286E+11,3.85247E+11,0.94,1.62,34.33,26.76,2.26
000905.SH,2018/2/9,7488932163126.0,5855133406280.0,8.12382E+11,6.67533E+11,3.84468E+11,1.26,2.19,33.01,25.74,2.18
000905.SH,2018/2/12,7681765967584.0,6008011417998.0,8.12382E+11,6.68159E+11,3.85044E+11,0.86,1.49,33.8,26.38,2.23
000905.SH,2018/2/13,7734107861260.0,6051085182424.0,8.12382E+11,6.68368E+11,3.85153E+11,0.86,1.49,33.07,26.3,2.25
000905.SH,2018/2/14,7761531759225.0,6075411173778.0,8.12485E+11,6.68423E+11,3.85172E+11,0.62,1.07,33.19,26.52,2.25
000905.SH,2018/2/22,7921885338122.0,6206905994478.0,8.12485E+11,6.68926E+11,3.85666E+11,0.89,1.55,33.87,27.1,2.3
000905.SH,2018/2/23,7953785932691.0,6233984106560.0,8.12485E+11,6.68926E+11,3.85671E+11,0.93,1.61,34.01,27.2,2.31
000905.SH,2018/2/26,8126274033665.0,6373635259302.0,8.12485E+11,6.69331E+11,3.86257E+11,1.24,2.15,34.75,27.76,2.36
000905.SH,2018/2/27,8094728581990.0,6347635764573.0,8.12485E+11,6.69331E+11,3.86253E+11,1.15,1.99,34.61,27.66,2.34
000905.SH,2018/2/28,8106816497888.0,6359063963104.0,8.12485E+11,6.69333E+11,3.86257E+11,1.06,1.84,34.63,27.53,2.34
000905.SH,2018/3/1,8189020694027.0,6423043674980.0,8.12482E+11,6.69331E+11,3.86253E+11,1.09,1.89,34.94,27.82,2.36
000905.SH,2018/3/2,8141755025012.0,6383894230585.0,8.12482E+11,6.69331E+11,3.86253E+11,1.1,1.9,34.74,27.66,2.35
000905.SH,2018/3/5,8151892020435.0,6386546628016.0,8.13221E+11,6.69331E+11,3.86135E+11,1.01,1.74,34.79,27.67,2.35
000905.SH,2018/3/6,8269884406439.0,6483412896436.0,8.13311E+11,6.69331E+11,3.86131E+11,1.25,2.16,35.12,28,2.38
000905.SH,2018/3/7,8190764696974.0,6421026689166.0,8.13313E+11,6.69423E+11,3.86295E+11,1.11,1.93,34.78,27.73,2.36
000905.SH,2018/3/8,8251062914693.0,6468768160988.0,8.13313E+11,6.69399E+11,3.86074E+11,1.01,1.76,35.04,27.93,2.38
000905.SH,2018/3/9,8350659756715.0,6545256769513.0,8.13313E+11,6.69534E+11,3.86104E+11,1.28,2.23,35.39,28.27,2.41
000905.SH,2018/3/12,8466692740056.0,6633814213510.0,8.13313E+11,6.69544E+11,3.86125E+11,1.46,2.53,35.72,28.65,2.44
000905.SH,2018/3/13,8410178647348.0,6589206229789.0,8.13314E+11,6.69544E+11,3.86125E+11,1.27,2.2,35.28,28.43,2.42
000905.SH,2018/3/14,8329678792965.0,6539884763151.0,8.13314E+11,6.69916E+11,3.86141E+11,1.13,1.95,34.94,28.16,2.4
000905.SH,2018/3/15,8311788325424.0,6525983453207.0,8.13314E+11,6.69916E+11,3.8614E+11,1.08,1.87,34.79,28.1,2.39
000905.SH,2018/3/16,8267354343458.0,6488801160075.0,8.13315E+11,6.69918E+11,3.87669E+11,0.97,1.68,34.23,27.88,2.38
000905.SH,2018/3/19,8268162456516.0,6489492221448.0,8.13315E+11,6.69946E+11,3.87181E+11,1,1.74,33.9,27.87,2.38
000905.SH,2018/3/20,8288417360292.0,6509931591602.0,8.13315E+11,6.70124E+11,3.87863E+11,1.01,1.74,33.77,27.88,2.38
000905.SH,2018/3/21,8232918025981.0,6467234935411.0,8.13556E+11,6.70199E+11,3.87925E+11,1.19,2.05,33.29,27.62,2.37
000905.SH,2018/3/22,8190844419438.0,6440797646924.0,8.13554E+11,6.70335E+11,3.87972E+11,1.01,1.74,33.17,27.51,2.35
000905.SH,2018/3/23,7772194951619.0,6109408690904.0,8.13554E+11,6.70338E+11,3.87957E+11,1.81,3.13,31.35,26.16,2.23
000905.SH,2018/3/26,7917430776128.0,6228174528578.0,8.13556E+11,6.70338E+11,3.87864E+11,1.26,2.19,31.19,26.6,2.27
000905.SH,2018/3/27,8082789786223.0,6360144879651.0,8.13556E+11,6.70377E+11,3.886E+11,1.33,2.3,31.57,27.13,2.32
000905.SH,2018/3/28,8000977784709.0,6292904900104.0,8.15071E+11,6.70377E+11,3.90111E+11,1.12,1.93,30.7,26.61,2.29
000905.SH,2018/3/29,8085252354650.0,6365085426151.0,8.15071E+11,6.70498E+11,3.90409E+11,1.03,1.76,31.12,26.83,2.32
000905.SH,2018/3/30,8186123041761.0,6433827242663.0,8.15072E+11,6.70311E+11,3.90482E+11,1.09,1.87,30.66,26.95,2.34
000905.SH,2018/4/2,8202392242436.0,6456437029161.0,8.15072E+11,6.71591E+11,3.90602E+11,1.27,2.19,30.28,26.97,2.35
000905.SH,2018/4/3,8126113805447.0,6395670388445.0,8.15074E+11,6.71822E+11,3.90696E+11,1.07,1.84,29.87,26.71,2.32
000905.SH,2018/4/4,8074857971466.0,6354994417081.0,8.15074E+11,6.71774E+11,3.90653E+11,1,1.72,29.52,26.45,2.31
000905.SH,2018/4/9,8081226197281.0,6366483807071.0,8.15074E+11,6.72514E+11,3.91391E+11,0.96,1.66,29.55,26.47,2.31
000905.SH,2018/4/10,8137459562373.0,6411828924277.0,8.15074E+11,6.72514E+11,3.91389E+11,1.03,1.77,29.57,26.65,2.33
000905.SH,2018/4/11,8172428955109.0,6437072273285.0,8.15603E+11,6.72776E+11,3.9156E+11,0.98,1.69,29.5,26.73,2.34
000905.SH,2018/4/12,8124930341912.0,6399059964948.0,8.15602E+11,6.72779E+11,3.9149E+11,0.9,1.55,28.99,26.52,2.32
000905.SH,2018/4/13,8102092887377.0,6372729447905.0,8.16473E+11,6.7279E+11,3.91589E+11,0.81,1.38,28.98,26.46,2.31
000905.SH,2018/4/16,8071854357433.0,6354352447216.0,8.16473E+11,6.73237E+11,3.9209E+11,1.05,1.81,28.77,26.38,2.3
000905.SH,2018/4/17,7916872664639.0,6228459800029.0,8.16829E+11,6.7321E+11,3.90299E+11,1.07,1.84,27.78,25.74,2.25
000905.SH,2018/4/18,8010344551510.0,6310000528941.0,8.16829E+11,6.74065E+11,3.90369E+11,1.13,1.95,28.1,25.97,2.27
000905.SH,2018/4/19,8059771598214.0,6352670777350.0,8.1683E+11,6.74092E+11,3.89726E+11,1.13,1.95,28.34,26.09,2.29
000905.SH,2018/4/20,7893402731992.0,6209937653588.0,8.1683E+11,6.72378E+11,3.91519E+11,1.08,1.85,27.16,25.61,2.24
000905.SH,2018/4/23,7822868652295.0,6186007151012.0,8.16928E+11,6.73555E+11,3.91643E+11,0.95,1.63,26.54,25.37,2.21
000905.SH,2018/4/24,7999855754004.0,6325340780960.0,8.16928E+11,6.73534E+11,3.92249E+11,1.01,1.73,27.01,25.86,2.26
000905.SH,2018/4/25,8000859808836.0,6324174387823.0,8.16934E+11,6.73541E+11,3.92959E+11,0.9,1.54,27.18,26,2.27
000905.SH,2018/4/26,7852704311053.0,6209811338595.0,8.18414E+11,6.74659E+11,3.92824E+11,0.93,1.59,26.17,25.32,2.22
000905.SH,2018/4/27,7874476936001.0,6224856503653.0,8.18454E+11,6.75173E+11,3.93045E+11,0.83,1.42,26.44,25.23,2.21
000905.SH,2018/5/2,7877783620884.0,6233247038872.0,8.18456E+11,6.76457E+11,3.9305E+11,0.93,1.61,26.03,25.05,2.19
000905.SH,2018/5/3,7952987883399.0,6291444864404.0,8.18456E+11,6.76457E+11,3.93046E+11,1,1.72,26.27,25.29,2.22
000905.SH,2018/5/4,7953247304486.0,6291705652024.0,8.18866E+11,6.76574E+11,3.93159E+11,0.82,1.41,26.27,25.29,2.22
000905.SH,2018/5/7,8102074969137.0,6406974891435.0,8.18875E+11,6.76581E+11,3.93171E+11,0.95,1.63,26.77,25.76,2.26
000905.SH,2018/5/8,8137687612086.0,6435066289421.0,8.18875E+11,6.76711E+11,3.93303E+11,0.92,1.58,26.88,25.87,2.27
000905.SH,2018/5/9,8118262980408.0,6420993560474.0,8.18876E+11,6.76744E+11,3.93041E+11,0.8,1.38,26.82,25.81,2.26
000905.SH,2018/5/10,8139895429326.0,6436025799950.0,8.18876E+11,6.76754E+11,3.93047E+11,0.86,1.48,26.89,25.88,2.27
000905.SH,2018/5/11,8075323656091.0,6386448885722.0,8.19019E+11,6.76985E+11,3.93142E+11,0.94,1.62,26.68,25.68,2.25
000905.SH,2018/5/14,8046738672634.0,6373087911141.0,8.1902E+11,6.77384E+11,3.9324E+11,0.88,1.52,26.58,25.59,2.24
000905.SH,2018/5/15,8117542655131.0,6419743758103.0,8.1954E+11,6.77448E+11,3.9322E+11,0.81,1.39,26.82,25.81,2.26
000905.SH,2018/5/16,8100728190922.0,6414747966521.0,8.19708E+11,6.78173E+11,3.93665E+11,0.86,1.48,26.76,25.76,2.26
000905.SH,2018/5/17,8061379263195.0,6367617332999.0,8.22117E+11,6.7822E+11,3.93708E+11,0.78,1.35,26.63,25.63,2.25
000905.SH,2018/5/18,8092645095218.0,6410817572360.0,8.22117E+11,6.80572E+11,3.9502E+11,0.85,1.46,26.73,25.73,2.26
000905.SH,2018/5/21,8195070502096.0,6493247358535.0,8.22117E+11,6.80848E+11,3.95026E+11,1.04,1.79,27.07,26.06,2.29
000905.SH,2018/5/22,8224433313568.0,6510497351829.0,8.22297E+11,6.80662E+11,3.9484E+11,0.91,1.58,27.17,26.15,2.3
000905.SH,2018/5/23,8117994028490.0,6426299710185.0,8.2291E+11,6.80994E+11,3.94981E+11,1,1.72,26.82,25.81,2.27
000905.SH,2018/5/24,8088639701998.0,6408844072360.0,8.24329E+11,6.82575E+11,3.96038E+11,0.79,1.36,26.72,25.72,2.26
000905.SH,2018/5/25,8002538901327.0,6333273285207.0,8.25945E+11,6.83598E+11,3.96765E+11,0.85,1.46,26.44,25.45,2.24
000905.SH,2018/5/28,7972024052108.0,6338490529346.0,8.26602E+11,6.85314E+11,3.97156E+11,0.84,1.46,26.34,25.35,2.23
000905.SH,2018/5/29,7895843850750.0,6284829247707.0,8.26602E+11,6.85986E+11,3.97486E+11,0.82,1.41,26.08,25.11,2.21
000905.SH,2018/5/30,7692808424514.0,6118664122153.0,8.27605E+11,6.86757E+11,3.97815E+11,1,1.72,25.41,24.46,2.16
000905.SH,2018/5/31,7795240595218.0,6201172926644.0,8.28191E+11,6.87052E+11,3.9788E+11,0.82,1.41,25.75,24.79,2.19
000905.SH,2018/6/1,7701533527683.0,6130359661835.0,8.28776E+11,6.87674E+11,3.98328E+11,0.78,1.35,25.44,24.49,2.16
000905.SH,2018/6/4,7702125199268.0,6132774455714.0,8.28776E+11,6.87667E+11,3.9832E+11,0.68,1.17,25.44,24.49,2.16
000905.SH,2018/6/5,7827823522871.0,6234275363243.0,8.28785E+11,6.87954E+11,3.9832E+11,0.69,1.19,25.86,24.89,2.2
000905.SH,2018/6/6,7822419427929.0,6223736079110.0,8.29635E+11,6.88154E+11,3.98386E+11,0.7,1.21,25.84,24.87,2.2
000905.SH,2018/6/7,7769972018939.0,6190429193754.0,8.29621E+11,6.88767E+11,3.98733E+11,0.69,1.19,25.67,24.71,2.18
000905.SH,2018/6/8,7679557863781.0,6116931736055.0,8.29622E+11,6.88767E+11,3.98716E+11,0.77,1.33,25.37,24.42,2.16
000905.SH,2018/6/11,7863571758593.0,6074083968292.0,8.62654E+11,7.04164E+11,4.04674E+11,0.61,1.07,24.93,24.14,2.14
000905.SH,2018/6/12,7951041670862.0,6145156349608.0,8.6265E+11,7.04261E+11,4.04732E+11,0.66,1.15,25.21,24.41,2.16
000905.SH,2018/6/13,7828540866731.0,6049427550652.0,8.6422E+11,7.04688E+11,4.05073E+11,0.7,1.22,24.82,24.03,2.13
000905.SH,2018/6/14,7806781055716.0,6027241526173.0,8.65308E+11,7.05537E+11,4.05415E+11,0.63,1.1,24.75,23.97,2.12
000905.SH,2018/6/15,7666246222658.0,5928401219694.0,8.65381E+11,7.05919E+11,4.05642E+11,0.8,1.39,24.31,23.53,2.08
000905.SH,2018/6/19,7199092906588.0,5563523145337.0,8.65878E+11,7.06414E+11,4.06023E+11,1.17,2.04,22.83,22.1,1.96
000905.SH,2018/6/20,7286286563537.0,5625139491948.0,8.66193E+11,7.06461E+11,4.06051E+11,0.85,1.49,23.1,22.37,1.98
000905.SH,2018/6/21,7140202063672.0,5514235542000.0,8.67217E+11,7.07563E+11,4.06756E+11,0.89,1.55,22.64,21.92,1.94
000905.SH,2018/6/22,7238697599178.0,5588958188477.0,8.67584E+11,7.08316E+11,4.07468E+11,0.73,1.27,22.95,22.22,1.97
000905.SH,2018/6/25,7196067627900.0,5553804934593.0,8.67899E+11,7.08544E+11,4.07556E+11,0.68,1.17,22.82,22.09,1.96
000905.SH,2018/6/26,7235422475770.0,5591427659364.0,8.67908E+11,7.08932E+11,4.07916E+11,0.72,1.25,22.94,22.21,1.97
000905.SH,2018/6/27,7156668514360.0,5529909907043.0,8.68275E+11,7.08929E+11,4.08224E+11,0.7,1.22,22.69,21.97,1.95
000905.SH,2018/6/28,7075779145135.0,5467419835646.0,8.68476E+11,7.09065E+11,4.08212E+11,0.67,1.17,22.44,21.72,1.93
000905.SH,2018/6/29,7299756238371.0,5660510033519.0,8.6916E+11,7.09822E+11,4.08592E+11,0.81,1.4,23.15,22.41,1.99
000905.SH,2018/7/2,7191160514629.0,5572744881777.0,8.69576E+11,7.10057E+11,4.08599E+11,0.78,1.35,22.8,22.08,1.96
000905.SH,2018/7/3,7267413783203.0,5633984345538.0,8.69846E+11,7.10344E+11,4.08754E+11,0.86,1.5,23.04,22.31,1.98
000905.SH,2018/7/4,7164458886290.0,5556161331115.0,8.70428E+11,7.10683E+11,4.08944E+11,0.76,1.32,22.72,21.99,1.95
000905.SH,2018/7/5,6972545437417.0,5407048198200.0,8.70436E+11,7.10693E+11,4.08951E+11,0.74,1.29,22.11,21.4,1.9
000905.SH,2018/7/6,6983864460095.0,5417255316382.0,8.70436E+11,7.10737E+11,4.09384E+11,0.86,1.5,22.14,21.44,1.91
000905.SH,2018/7/9,7144176837730.0,5541606055629.0,8.70435E+11,7.10822E+11,4.0938E+11,0.74,1.29,22.65,21.93,1.95
000905.SH,2018/7/10,7191623403029.0,5575177562671.0,8.70604E+11,7.10932E+11,4.09451E+11,0.73,1.28,22.8,22.08,1.96
000905.SH,2018/7/11,7058329260047.0,5473207286720.0,8.70603E+11,7.1123E+11,4.09663E+11,0.83,1.44,22.38,21.67,1.93
000905.SH,2018/7/12,7246005056525.0,5621930633174.0,8.70603E+11,7.11706E+11,4.09737E+11,0.96,1.66,22.97,22.24,1.98
000905.SH,2018/7/13,7314289857352.0,5657748367378.0,8.73564E+11,7.1219E+11,4.10118E+11,0.79,1.37,23.19,22.45,1.99
000905.SH,2018/7/16,7298653236454.0,5648039170408.0,8.74343E+11,7.12259E+11,4.10199E+11,0.73,1.26,23.14,22.4,1.98
000905.SH,2018/7/17,7293104691861.0,5646793927134.0,8.74343E+11,7.12536E+11,4.10308E+11,0.68,1.18,23.12,22.38,1.98
000905.SH,2018/7/18,7239901525089.0,5605474278344.0,8.74343E+11,7.1258E+11,4.10345E+11,0.78,1.35,22.96,22.21,1.97
000905.SH,2018/7/19,7179245359327.0,5559562951274.0,8.74343E+11,7.1258E+11,4.10344E+11,0.71,1.23,22.76,22.01,1.95
000905.SH,2018/7/20,7267199551030.0,5629082066014.0,8.74314E+11,7.12628E+11,4.10391E+11,0.81,1.41,23.04,22.32,1.98
000905.SH,2018/7/23,7324594785623.0,5671855356618.0,8.75081E+11,7.12928E+11,4.105E+11,0.96,1.67,23.22,22.49,1.99
000905.SH,2018/7/24,7452559488238.0,5773555391306.0,8.75072E+11,7.12932E+11,4.10502E+11,1.24,2.15,23.63,22.88,2.02
000905.SH,2018/7/25,7456471704869.0,5774719222713.0,8.7595E+11,7.12932E+11,4.1127E+11,1.05,1.82,23.64,22.88,2.03
000905.SH,2018/7/26,7406213871907.0,5738204555331.0,8.7595E+11,7.12932E+11,4.11283E+11,1.05,1.83,23.48,22.73,2.01
000905.SH,2018/7/27,7375306691422.0,5714842178545.0,8.7595E+11,7.12932E+11,4.11264E+11,0.87,1.5,23.38,22.64,2
000905.SH,2018/7/30,7292421424649.0,5647107856278.0,8.77278E+11,7.13141E+11,4.11179E+11,0.85,1.48,23.12,22.36,1.98
000905.SH,2018/7/31,7294287309029.0,5653696799685.0,8.77278E+11,7.13947E+11,4.11443E+11,0.69,1.2,23.13,22.3,1.97
000905.SH,2018/8/1,7175626759125.0,5563199797679.0,8.77277E+11,7.13947E+11,4.11333E+11,0.85,1.47,22.75,21.94,1.94
000905.SH,2018/8/2,7021732541828.0,5445354471503.0,8.77821E+11,7.14002E+11,4.1157E+11,1.04,1.81,22.26,21.45,1.9
000905.SH,2018/8/3,6929588052153.0,5376180568506.0,8.77821E+11,7.14147E+11,4.11538E+11,0.71,1.23,21.97,21.16,1.87
000905.SH,2018/8/6,6781442108363.0,5264212110916.0,8.77845E+11,7.14095E+11,4.11448E+11,0.73,1.27,21.5,20.69,1.83
000905.SH,2018/8/7,6964691475563.0,5408624507203.0,8.77845E+11,7.14179E+11,4.11451E+11,0.83,1.44,22.08,21.22,1.88
000905.SH,2018/8/8,6859111484772.0,5328729205841.0,8.77839E+11,7.14215E+11,4.11513E+11,0.81,1.41,21.75,20.88,1.85
000905.SH,2018/8/9,7030720226763.0,5463191524792.0,8.77839E+11,7.14558E+11,4.11599E+11,0.96,1.66,22.29,21.39,1.9
000905.SH,2018/8/10,7064913375065.0,5488613067585.0,8.78613E+11,7.14871E+11,4.12236E+11,0.74,1.29,22.4,21.4,1.91
000905.SH,2018/8/13,7095491851447.0,5513997602323.0,8.78613E+11,7.15276E+11,4.12262E+11,0.78,1.35,22.5,21.48,1.92
000905.SH,2018/8/14,7072620278586.0,5495003540382.0,8.78613E+11,7.15275E+11,4.12173E+11,0.65,1.13,22.43,21.42,1.91
000905.SH,2018/8/15,6923493807876.0,5383771440047.0,8.78613E+11,7.1583E+11,4.12227E+11,0.75,1.29,21.95,20.95,1.87
000905.SH,2018/8/16,6860299058223.0,5332526865388.0,8.78928E+11,7.15885E+11,4.12256E+11,0.73,1.27,21.75,20.66,1.85
000905.SH,2018/8/17,6745502615284.0,5242883520837.0,8.7893E+11,7.16021E+11,4.11655E+11,0.72,1.26,21.39,20.24,1.82
000905.SH,2018/8/20,6786265957499.0,5288099290848.0,8.78944E+11,7.16633E+11,4.11824E+11,0.72,1.25,21.52,20.32,1.83
000905.SH,2018/8/21,6871709905422.0,5354618835076.0,8.78944E+11,7.16672E+11,4.11824E+11,0.69,1.21,21.79,20.51,1.85
000905.SH,2018/8/22,6793762680998.0,5296359024562.0,8.78944E+11,7.16655E+11,4.12079E+11,0.61,1.07,21.54,20.24,1.82
000905.SH,2018/8/23,6826985912852.0,5319671911229.0,8.79118E+11,7.16652E+11,4.11735E+11,0.66,1.15,21.65,20.27,1.83
000905.SH,2018/8/24,6808194438247.0,5308544248284.0,8.79143E+11,7.16599E+11,4.11847E+11,0.61,1.07,21.59,20.19,1.82
000905.SH,2018/8/27,6960170802434.0,5429503354396.0,8.79143E+11,7.16867E+11,4.11945E+11,0.82,1.42,22.07,20.74,1.86
000905.SH,2018/8/28,6966858688872.0,5435021494702.0,8.7724E+11,7.1542E+11,4.11098E+11,0.75,1.3,22.14,20.66,1.86
000905.SH,2018/8/29,6929260833856.0,5406670159492.0,8.79886E+11,7.17201E+11,4.12214E+11,0.74,1.29,21.97,20.47,1.85
000905.SH,2018/8/30,6832417729160.0,5316835837557.0,8.80228E+11,7.16764E+11,4.1235E+11,0.76,1.31,21.66,20.17,1.82
000905.SH,2018/8/31,6756582750245.0,5284187095445.0,8.80228E+11,7.20648E+11,4.12272E+11,0.67,1.16,21.42,19.82,1.79
000905.SH,2018/9/3,6791400158628.0,5320881242721.0,8.80477E+11,7.21794E+11,4.12438E+11,0.73,1.28,21.53,19.92,1.8
000905.SH,2018/9/4,6858767083159.0,5373750036599.0,8.80475E+11,7.21792E+11,4.12435E+11,0.85,1.48,21.75,20.12,1.82
000905.SH,2018/9/5,6752333963198.0,5291454858568.0,8.80475E+11,7.21987E+11,4.1272E+11,0.81,1.42,21.41,19.81,1.79
000905.SH,2018/9/6,6716458241503.0,5266739449817.0,8.80474E+11,7.21987E+11,4.12732E+11,0.64,1.11,21.3,19.7,1.78
000905.SH,2018/9/7,6720619264196.0,5267573824048.0,8.80474E+11,7.21987E+11,4.12721E+11,0.74,1.3,21.31,19.71,1.78
000905.SH,2018/9/10,6598060570150.0,5177052566194.0,8.80474E+11,7.2219E+11,4.12897E+11,0.71,1.24,20.92,19.35,1.75
000905.SH,2018/9/11,6593727318884.0,5172270443519.0,8.80471E+11,7.22631E+11,4.13364E+11,0.69,1.21,20.91,19.34,1.75
000905.SH,2018/9/12,6580608884053.0,5161308901889.0,8.80468E+11,7.22668E+11,4.13408E+11,0.59,1.03,20.87,19.3,1.75
000905.SH,2018/9/13,6621638569284.0,5192840905654.0,8.80779E+11,7.22646E+11,4.13419E+11,0.77,1.35,21,19.42,1.76
000905.SH,2018/9/14,6555304170528.0,5141385432872.0,8.80786E+11,7.22647E+11,4.13437E+11,0.78,1.37,20.79,19.23,1.74
000905.SH,2018/9/17,6459519215391.0,5068824204714.0,8.80786E+11,7.22647E+11,4.13452E+11,0.68,1.19,20.48,18.95,1.71
000905.SH,2018/9/18,6573586554867.0,5157798648522.0,8.80784E+11,7.22727E+11,4.13454E+11,0.75,1.32,20.84,19.28,1.74
000905.SH,2018/9/19,6649987114202.0,5218338075325.0,8.80784E+11,7.2266E+11,4.13387E+11,0.93,1.62,21.09,19.51,1.76
000905.SH,2018/9/20,6648470655590.0,5214450279889.0,8.80784E+11,7.2266E+11,4.13239E+11,0.78,1.36,21.08,19.5,1.76
000905.SH,2018/9/21,6747730898081.0,5296326716109.0,8.8083E+11,7.23004E+11,4.13611E+11,0.91,1.59,21.4,19.79,1.79
000905.SH,2018/9/25,6731776563808.0,5290120113776.0,8.80828E+11,7.23264E+11,4.13691E+11,0.73,1.27,21.35,19.75,1.78
000905.SH,2018/9/26,6766240189324.0,5318194376521.0,8.80745E+11,7.23632E+11,4.14077E+11,0.89,1.56,21.45,19.85,1.79
000905.SH,2018/9/27,6687449491858.0,5255734401089.0,8.8073E+11,7.23647E+11,4.14115E+11,0.85,1.48,21.2,19.62,1.77
000905.SH,2018/9/28,6749391624342.0,5304184472658.0,8.8074E+11,7.23648E+11,4.1414E+11,0.79,1.38,21.4,19.8,1.79
000905.SH,2018/10/8,6539917845048.0,5142054443960.0,8.8074E+11,7.24288E+11,4.15109E+11,0.87,1.52,20.74,19.18,1.73
000905.SH,2018/10/9,6521781012899.0,5131104567166.0,8.80741E+11,7.24312E+11,4.15156E+11,0.7,1.21,20.68,19.13,1.72
000905.SH,2018/10/10,6518362814164.0,5127993852719.0,8.80775E+11,7.24369E+11,4.15189E+11,0.71,1.24,20.67,19.12,1.73
000905.SH,2018/10/11,6078591832031.0,4781032047968.0,8.80775E+11,7.24924E+11,4.15189E+11,1.25,2.18,19.27,17.83,1.61
000905.SH,2018/10/12,6047536668598.0,4755964679109.0,8.80775E+11,7.24924E+11,4.15177E+11,1.12,1.96,19.18,17.74,1.6
000905.SH,2018/10/15,5940144862013.0,4665152167185.0,8.80775E+11,7.24928E+11,4.15186E+11,0.86,1.5,18.83,17.45,1.58
000905.SH,2018/10/16,5804847992184.0,4554322080988.0,8.8114E+11,7.24928E+11,4.15554E+11,0.84,1.47,18.41,17.03,1.54
000905.SH,2018/10/17,5844165958095.0,4589961432286.0,8.8114E+11,7.24933E+11,4.1555E+11,0.96,1.67,18.53,17.14,1.55
000905.SH,2018/10/18,,,,,,0.82,,18.03,,
000905.SH,2018/10/19,5840435182632.0,4589575063244.0,8.8114E+11,7.25155E+11,4.15332E+11,0.96,1.67,18.52,17.01,1.55
000905.SH,2018/10/22,6131034467216.0,4820766087382.0,8.8114E+11,7.25421E+11,4.15142E+11,1.28,2.24,19.44,17.77,1.62
000905.SH,2018/10/23,6016922535243.0,4729245544887.0,8.8114E+11,7.25421E+11,4.1533E+11,1.03,1.8,19.08,17.4,1.59
000905.SH,2018/10/24,6006216068000.0,4723015210783.0,8.8114E+11,7.25786E+11,4.15548E+11,0.87,1.51,19.04,17.38,1.59
000905.SH,2018/10/25,5990494347817.0,4709732454250.0,8.81081E+11,7.25711E+11,4.14859E+11,0.96,1.68,18.99,17.33,1.58
000905.SH,2018/10/26,5988547472922.0,4709457210545.0,8.81418E+11,7.26051E+11,4.15167E+11,0.94,1.64,18.99,17.45,1.57
000905.SH,2018/10/29,5888429724863.0,4633441252631.0,8.81947E+11,7.26649E+11,4.15546E+11,0.79,1.38,18.67,17.25,1.54
000905.SH,2018/10/30,5947061068476.0,4677801229533.0,8.81948E+11,7.26762E+11,4.15613E+11,1,1.75,18.86,17.65,1.55
000905.SH,2018/10/31,6045372766503.0,4754436290731.0,8.82131E+11,7.26762E+11,4.15613E+11,1.03,1.8,19.17,18.36,1.57
000905.SH,2018/11/1,6085012192582.0,4782793443538.0,8.82131E+11,7.26762E+11,4.15613E+11,1.18,2.07,19.29,18.48,1.58
000905.SH,2018/11/2,6280358438541.0,4935289343383.0,8.82131E+11,7.26762E+11,4.15032E+11,1.33,2.33,19.91,19.07,1.63
000905.SH,2018/11/5,6280026072865.0,4945839772566.0,8.82118E+11,7.27116E+11,4.15116E+11,1.21,2.11,19.91,19.07,1.63
000905.SH,2018/11/6,6275559042050.0,4942580002125.0,8.82118E+11,7.26917E+11,4.15303E+11,0.96,1.68,19.9,19.05,1.63
000905.SH,2018/11/7,6242650270145.0,4917294710501.0,8.82118E+11,7.26917E+11,4.15303E+11,1.07,1.88,19.79,18.95,1.62
000905.SH,2018/11/8,6196709402750.0,4884027975071.0,8.82118E+11,7.27093E+11,4.15307E+11,0.99,1.74,19.65,18.81,1.61
000905.SH,2018/11/9,6180300020409.0,4870796556198.0,8.82174E+11,7.27122E+11,4.15276E+11,0.93,1.62,19.6,18.76,1.6
000905.SH,2018/11/12,6337414629274.0,4995729321086.0,8.82198E+11,7.27372E+11,4.1541E+11,1.2,2.09,20.09,19.24,1.65
000905.SH,2018/11/13,6448612555388.0,5084113276128.0,8.82198E+11,7.27397E+11,4.15436E+11,1.77,3.1,20.45,19.58,1.67
000905.SH,2018/11/14,6421091316495.0,5066171384240.0,8.82021E+11,7.27388E+11,4.15499E+11,1.55,2.71,20.36,19.5,1.67
000905.SH,2018/11/15,6524922452617.0,5145459273945.0,8.82004E+11,7.2739E+11,4.14936E+11,1.35,2.37,20.69,19.81,1.69
000905.SH,2018/11/16,6578631495610.0,5189083589043.0,8.8201E+11,7.27388E+11,4.14677E+11,1.52,2.67,20.86,19.97,1.71
000905.SH,2018/11/19,6595639785109.0,5211222125255.0,8.8201E+11,7.28959E+11,4.16451E+11,1.52,2.67,20.91,20.03,1.71
000905.SH,2018/11/20,6407807734019.0,5064015535807.0,8.8201E+11,7.29139E+11,4.16598E+11,1.41,2.48,20.32,19.46,1.66
000905.SH,2018/11/21,6432416177371.0,5082234160976.0,8.8201E+11,7.29145E+11,4.16606E+11,1.24,2.16,20.4,19.53,1.67
000905.SH,2018/11/22,6429184622318.0,5079624288703.0,8.8201E+11,7.29306E+11,4.16747E+11,1.03,1.81,20.39,19.52,1.67
000905.SH,2018/11/23,6185954430818.0,4886712312724.0,8.82008E+11,7.29511E+11,4.16819E+11,1.26,2.21,19.61,18.78,1.61
000905.SH,2018/11/26,6174798805078.0,4881642951607.0,8.82011E+11,7.2978E+11,4.16846E+11,0.94,1.65,19.58,18.75,1.6
000905.SH,2018/11/27,6199349939627.0,4902774698989.0,8.82011E+11,7.2978E+11,4.16742E+11,0.85,1.5,19.66,18.82,1.61
000905.SH,2018/11/28,6274036656476.0,4962729005774.0,8.82014E+11,7.2978E+11,4.16592E+11,0.99,1.74,19.89,19.05,1.63
000905.SH,2018/11/29,6143671652598.0,4861952251396.0,8.82014E+11,7.30052E+11,4.16888E+11,1.06,1.85,19.48,18.65,1.6
000905.SH,2018/11/30,6187602376504.0,4900140291244.0,8.82014E+11,7.302E+11,4.17007E+11,0.87,1.53,19.62,18.79,1.61
000905.SH,2018/12/3,6380950561647.0,5051646142588.0,8.82014E+11,7.302E+11,4.17007E+11,1.32,2.31,20.23,19.37,1.66
000905.SH,2018/12/4,6408774690688.0,5075312310356.0,8.82014E+11,7.3025E+11,4.17038E+11,1.04,1.83,20.32,19.46,1.66
000905.SH,2018/12/5,6361756784555.0,5037041743761.0,8.82014E+11,7.30273E+11,4.17062E+11,1.02,1.78,20.17,19.32,1.65
000905.SH,2018/12/6,6232523149301.0,4937902802101.0,8.82014E+11,7.30272E+11,4.17061E+11,0.9,1.58,19.76,18.92,1.62
000905.SH,2018/12/7,6233269167620.0,4942563825148.0,8.82016E+11,7.30355E+11,4.17148E+11,0.71,1.24,19.76,18.93,1.62
000905.SH,2018/12/10,6162309068864.0,4888631142949.0,8.82016E+11,7.30804E+11,4.17956E+11,0.74,1.29,19.54,18.71,1.62
000905.SH,2018/12/11,6213796905924.0,4930105088412.0,8.82016E+11,7.3086E+11,4.18019E+11,0.69,1.21,19.7,18.87,1.63
000905.SH,2018/12/12,6213090455628.0,4933247490526.0,8.82015E+11,7.31217E+11,4.18342E+11,0.66,1.15,19.7,18.86,1.63
000905.SH,2018/12/13,6284255193576.0,4991502064237.0,8.8202E+11,7.31235E+11,4.1836E+11,0.87,1.52,19.93,19.08,1.65
000905.SH,2018/12/14,6141065613524.0,4880762092021.0,8.82519E+11,7.32348E+11,4.19259E+11,0.9,1.57,19.47,18.65,1.61
000905.SH,2018/12/17,6448300145593.0,5042256811488.0,9.28096E+11,7.60474E+11,4.30778E+11,0.68,1.2,18.4,16.79,1.61
000905.SH,2018/12/18,6413864864127.0,5015422815610.0,9.28096E+11,7.60531E+11,4.30902E+11,0.67,1.19,18.3,16.7,1.6
000905.SH,2018/12/19,6334407963442.0,4949976857152.0,9.28978E+11,7.60494E+11,4.30792E+11,0.61,1.07,18.08,16.5,1.57
000905.SH,2018/12/20,6352495874607.0,4965821569715.0,9.28978E+11,7.60494E+11,4.30748E+11,0.62,1.09,18.13,16.54,1.58
000905.SH,2018/12/21,6312008653608.0,4932173116197.0,9.29304E+11,7.60845E+11,4.30792E+11,0.62,1.09,18.01,16.44,1.57
000905.SH,2018/12/24,6380529183962.0,5002841870826.0,9.29304E+11,7.61252E+11,4.30819E+11,0.55,0.97,18.21,16.62,1.59
000905.SH,2018/12/25,6312068284638.0,4946758801706.0,9.29304E+11,7.61448E+11,4.30859E+11,0.79,1.4,18.01,16.44,1.57
000905.SH,2018/12/26,6287221701560.0,4933986287557.0,9.29303E+11,7.6169E+11,4.31092E+11,0.59,1.04,17.94,16.37,1.56
000905.SH,2018/12/27,6221618493952.0,4881999742878.0,9.29303E+11,7.6169E+11,4.31092E+11,0.71,1.26,17.75,16.2,1.55
000905.SH,2018/12/28,6214041212208.0,4871059811198.0,9.28549E+11,7.60876E+11,4.30869E+11,0.66,1.16,17.8,16.24,1.55
000905.SH,2019/1/2,6156078348646.0,4838595124101.0,9.28549E+11,7.635E+11,4.31335E+11,0.62,1.1,17.64,16.09,1.53
000905.SH,2019/1/3,6123630180053.0,4817322198058.0,9.28573E+11,7.63837E+11,4.31523E+11,0.73,1.29,17.54,16,1.52
000905.SH,2019/1/4,6264902146490.0,4927156817331.0,9.28575E+11,7.63826E+11,4.31428E+11,0.96,1.7,17.95,16.37,1.56
000905.SH,2019/1/7,6377561525288.0,5017604679402.0,9.28575E+11,7.64149E+11,4.31499E+11,1.06,1.88,18.27,16.66,1.59
000905.SH,2019/1/8,6361378389363.0,5005904512926.0,9.28575E+11,7.64183E+11,4.31572E+11,0.91,1.61,18.22,16.62,1.58
000905.SH,2019/1/9,6380471867327.0,5021150639258.0,9.28632E+11,7.64593E+11,4.31639E+11,1.11,1.97,18.28,16.67,1.59
000905.SH,2019/1/10,6371978012200.0,5013438477540.0,9.28594E+11,7.64841E+11,4.31902E+11,0.9,1.6,18.25,16.65,1.59
000905.SH,2019/1/11,6417898401787.0,5051587517913.0,9.28576E+11,7.64931E+11,4.31912E+11,0.89,1.58,18.39,16.77,1.6
000905.SH,2019/1/14,6376924960472.0,5022740119507.0,9.28584E+11,7.65037E+11,4.32044E+11,0.88,1.57,18.27,16.66,1.59
000905.SH,2019/1/15,6468299986085.0,5093285286236.0,9.28568E+11,7.65178E+11,4.32036E+11,0.94,1.67,18.53,16.9,1.61
000905.SH,2019/1/16,6456995407488.0,5083153654780.0,9.28661E+11,7.65262E+11,4.32154E+11,0.91,1.6,18.5,16.87,1.61
000905.SH,2019/1/17,6408228789605.0,5047270433481.0,9.28702E+11,7.65669E+11,4.32529E+11,0.97,1.72,18.36,16.74,1.59
000905.SH,2019/1/18,6510728693374.0,5108140141378.0,9.36102E+11,7.67061E+11,4.33936E+11,1.09,1.92,18.53,16.9,1.61
000905.SH,2019/1/21,6554650964800.0,5144248452997.0,9.36116E+11,7.67632E+11,4.3407E+11,0.95,1.68,18.65,17.02,1.62
000905.SH,2019/1/22,6460615387623.0,5070790432442.0,9.36116E+11,7.68126E+11,4.34446E+11,0.9,1.6,18.39,16.77,1.6
000905.SH,2019/1/23,6473905200973.0,5083823405412.0,9.36116E+11,7.68288E+11,4.34496E+11,0.76,1.35,18.42,16.83,1.6
000905.SH,2019/1/24,6505017715086.0,5109174612450.0,9.36116E+11,7.68261E+11,4.34523E+11,0.92,1.63,18.51,16.91,1.61
000905.SH,2019/1/25,6479517414539.0,5089624947594.0,9.36116E+11,7.68276E+11,4.34407E+11,0.93,1.65,18.44,16.84,1.6
000905.SH,2019/1/28,6462437153161.0,5080368506876.0,9.36116E+11,7.68304E+11,4.34435E+11,0.88,1.55,18.39,16.79,1.6
000905.SH,2019/1/29,6387191756837.0,5024610223734.0,9.36116E+11,7.68301E+11,4.34781E+11,1.01,1.79,18.18,16.59,1.58
000905.SH,2019/1/30,6319869090506.0,4978701849623.0,9.35333E+11,7.68487E+11,4.34781E+11,0.76,1.35,17.99,16.42,1.56
000905.SH,2019/1/31,6276241528073.0,4943780412155.0,9.3641E+11,7.69069E+11,4.3513E+11,0.93,1.64,17.86,16.31,1.55
000905.SH,2019/2/1,6452742780759.0,5076912868709.0,9.3641E+11,7.69069E+11,4.35536E+11,0.86,1.52,18.36,16.77,1.59
000905.SH,2019/2/11,6611539727727.0,5209046981539.0,9.36586E+11,7.70164E+11,4.3593E+11,0.98,1.73,18.82,17.18,1.63
000905.SH,2019/2/12,6664987176146.0,5249087319775.0,9.3657E+11,7.70164E+11,4.3593E+11,1.11,1.96,18.97,17.32,1.65
000905.SH,2019/2/13,6769206089729.0,5330073214666.0,9.36569E+11,7.70164E+11,4.35945E+11,1.47,2.6,19.27,17.61,1.67
000905.SH,2019/2/14,6800049660337.0,5359182233266.0,9.36569E+11,7.70588E+11,4.35998E+11,1.23,2.18,19.36,17.69,1.68
000905.SH,2019/2/15,6751873204294.0,5322142039180.0,9.36569E+11,7.707E+11,4.36032E+11,1.21,2.14,19.22,17.57,1.67
000905.SH,2019/2/18,6984343866427.0,5504894467194.0,9.36569E+11,7.70717E+11,4.36053E+11,1.61,2.85,19.88,18.17,1.72
000905.SH,2019/2/19,6987554834351.0,5508054285702.0,9.36558E+11,7.70707E+11,4.3615E+11,1.87,3.3,19.89,18.18,1.73
000905.SH,2019/2/20,6986238330887.0,5510967332946.0,9.36558E+11,7.70847E+11,4.36243E+11,1.56,2.76,19.89,18.17,1.72
000905.SH,2019/2/21,6973348082288.0,5501433484536.0,9.3669E+11,7.70847E+11,4.36255E+11,1.89,3.35,19.85,18.46,1.72
000905.SH,2019/2/22,7146117760263.0,5635140575452.0,9.3669E+11,7.70847E+11,4.36255E+11,1.9,3.35,20.31,19.06,1.77
000905.SH,2019/2/25,7539990095601.0,5941589453540.0,9.3669E+11,7.70886E+11,4.36277E+11,3.14,5.54,21.43,20.12,1.86
000905.SH,2019/2/26,7549793204828.0,5946652985060.0,9.38802E+11,7.71152E+11,4.36385E+11,3.41,6.02,21.46,20.16,1.86
000905.SH,2019/2/27,7521881962690.0,5925640022349.0,9.38809E+11,7.71152E+11,4.36381E+11,2.71,4.79,21.38,20.44,1.85
000905.SH,2019/2/28,7530137136252.0,5935004974054.0,9.38809E+11,7.71152E+11,4.36381E+11,2.02,3.58,21.4,22.41,1.86
000905.SH,2019/3/1,7599035670691.0,6001394622374.0,9.3882E+11,7.72652E+11,4.36718E+11,1.94,3.43,21.6,22.62,1.88
000905.SH,2019/3/4,7732913398241.0,6105456494429.0,9.3882E+11,7.72658E+11,4.36724E+11,3.01,5.32,21.98,22.95,1.91
000905.SH,2019/3/5,7922108392029.0,6256299175273.0,9.38911E+11,7.72761E+11,4.3676E+11,2.68,4.74,22.52,23.53,1.96
000905.SH,2019/3/6,8055937870820.0,6359738236349.0,9.38911E+11,7.72761E+11,4.36775E+11,3.43,6.07,22.9,23.92,1.99
000905.SH,2019/3/7,8150873954434.0,6433923757780.0,9.38911E+11,7.72761E+11,4.36812E+11,3.45,6.11,23.17,24.21,2.02
000905.SH,2019/3/8,7828197804192.0,6176713419336.0,9.38904E+11,7.72756E+11,4.36901E+11,3.7,6.54,22.24,23.25,1.94
000905.SH,2019/3/11,8140326731299.0,6424057808534.0,9.38868E+11,7.7279E+11,4.36963E+11,2.77,4.9,23.14,24.19,2.01
000905.SH,2019/3/12,8284499814406.0,6538558903571.0,9.38864E+11,7.73198E+11,4.36916E+11,3.22,5.71,23.45,24.59,2.05
000905.SH,2019/3/13,8105014130049.0,6406649195741.0,9.38925E+11,7.73351E+11,4.37075E+11,2.9,5.13,22.91,24.06,2.01
000905.SH,2019/3/14,7928564742319.0,6263148760185.0,9.38925E+11,7.73343E+11,4.3733E+11,2.31,4.08,22.41,23.54,1.96
000905.SH,2019/3/15,8026546121544.0,6348990142506.0,9.38895E+11,7.74707E+11,4.37665E+11,1.97,3.49,22.64,23.83,1.99
000905.SH,2019/3/18,8238272606023.0,6520973321405.0,9.38936E+11,7.74904E+11,4.37862E+11,2.23,3.94,23.11,24.41,2.04
000905.SH,2019/3/19,8267344730998.0,6554290784873.0,9.38947E+11,7.75383E+11,4.37862E+11,2.15,3.81,22.99,24.44,2.05
000905.SH,2019/3/20,8258529918853.0,6548628156101.0,9.38917E+11,7.75353E+11,4.3782E+11,2.28,4.04,22.99,24.46,2.04
000905.SH,2019/3/21,8364128529470.0,6633892990621.0,9.39107E+11,7.75665E+11,4.37932E+11,2.67,4.73,23.09,24.7,2.07
000905.SH,2019/3/22,8420059116542.0,6676867005495.0,9.3911E+11,7.75648E+11,4.37886E+11,2.35,4.16,23.12,24.92,2.08
000905.SH,2019/3/25,8303934827700.0,6594804291648.0,9.391E+11,7.77114E+11,4.38457E+11,2.3,4.07,22.78,24.64,2.05
000905.SH,2019/3/26,8081981817543.0,6413004200016.0,9.39102E+11,7.77088E+11,4.38457E+11,2.27,4.02,21.95,23.95,2
000905.SH,2019/3/27,8175415066256.0,6479855968434.0,9.39089E+11,7.77076E+11,4.38769E+11,1.87,3.3,22.11,24.23,2.02
000905.SH,2019/3/28,8063384339075.0,6405851805589.0,9.3943E+11,7.78778E+11,4.38783E+11,1.92,3.4,21.86,23.94,1.99
000905.SH,2019/3/29,8327252045051.0,6614339560430.0,9.39619E+11,7.79013E+11,4.38778E+11,2.29,4.06,22.39,24.92,2.05
000905.SH,2019/4/1,8639208024124.0,6862747893382.0,9.40122E+11,7.7953E+11,4.39053E+11,2.84,5.04,22.94,25.95,2.13
000905.SH,2019/4/2,8661899161586.0,6885702442021.0,9.40244E+11,7.79768E+11,4.38962E+11,2.93,5.21,22.98,25.97,2.14
000905.SH,2019/4/3,8766484756905.0,6967661230663.0,9.40246E+11,7.79932E+11,4.39024E+11,2.55,4.54,23.34,26.36,2.16
000905.SH,2019/4/4,8817080549443.0,7011583511121.0,9.40245E+11,7.79932E+11,4.38959E+11,2.68,4.76,23.43,26.51,2.18
000905.SH,2019/4/8,8784050891315.0,6988813695520.0,9.40441E+11,7.80025E+11,4.39061E+11,3.06,5.43,23.39,26.43,2.17
000905.SH,2019/4/9,8804246578311.0,6995911557184.0,9.4044E+11,7.80026E+11,4.39055E+11,2.3,4.09,23.39,26.54,2.17
000905.SH,2019/4/10,8793738847514.0,6985489119979.0,9.40597E+11,7.80028E+11,4.39078E+11,2.29,4.07,23.26,26.49,2.16
000905.SH,2019/4/11,8614050530967.0,6842815152671.0,9.40684E+11,7.80029E+11,4.39124E+11,2.13,3.78,22.82,25.96,2.12
000905.SH,2019/4/12,8590929038859.0,6828458323391.0,9.40635E+11,7.80038E+11,4.38982E+11,1.8,3.19,22.71,25.92,2.11
000905.SH,2019/4/15,8507139328816.0,6763571507218.0,9.4061E+11,7.80284E+11,4.38949E+11,2.02,3.59,22.45,25.81,2.09
000905.SH,2019/4/16,8685400783372.0,6903812948746.0,9.4061E+11,7.80322E+11,4.39074E+11,2,3.55,23.01,26.35,2.14
000905.SH,2019/4/17,8730529223329.0,6936527573400.0,9.40972E+11,7.80495E+11,4.39399E+11,2.18,3.86,23.12,26.49,2.15
000905.SH,2019/4/18,8687860879584.0,6918632183415.0,9.41401E+11,7.81668E+11,4.40438E+11,1.94,3.44,22.94,26.32,2.14
000905.SH,2019/4/19,8734750487875.0,6959522307789.0,9.41346E+11,7.81629E+11,4.40438E+11,1.9,3.38,23.02,26.46,2.15
000905.SH,2019/4/22,8601425785173.0,6859756977035.0,9.41346E+11,7.82451E+11,4.40466E+11,2.02,3.59,22.66,26.04,2.11
000905.SH,2019/4/23,8472041321775.0,6756871964996.0,9.41346E+11,7.82624E+11,4.40619E+11,1.92,3.4,22.09,25.66,2.09
000905.SH,2019/4/24,8540419642205.0,6812080412079.0,9.41322E+11,7.82638E+11,4.40114E+11,1.72,3.06,22.3,25.92,2.1
000905.SH,2019/4/25,8213948621647.0,6555691062697.0,9.41621E+11,7.83961E+11,4.40911E+11,1.93,3.43,22.19,25.36,2.02
000905.SH,2019/4/26,8135739796787.0,6498924869165.0,9.41624E+11,7.84088E+11,4.4096E+11,1.59,2.82,23.21,26.13,2
000905.SH,2019/4/29,7935268944070.0,6339287304276.0,9.41647E+11,7.84126E+11,4.4096E+11,1.77,3.14,24.72,26.53,1.94
000905.SH,2019/4/30,7999756741293.0,6393864801623.0,9.41647E+11,7.8436E+11,4.41215E+11,1.3,2.32,28.65,28.45,1.95
000905.SH,2019/5/6,7406345405134.0,5918043437568.0,9.42169E+11,7.84452E+11,4.41916E+11,1.83,3.24,26.52,26.34,1.81
000905.SH,2019/5/7,7506213080553.0,5999271123206.0,9.42169E+11,7.84661E+11,4.42017E+11,1.49,2.64,26.88,26.69,1.83
000905.SH,2019/5/8,7464458096031.0,5968151057573.0,9.42481E+11,7.84913E+11,4.4212E+11,1.37,2.44,26.73,26.54,1.82
000905.SH,2019/5/9,7372741867143.0,5899500646036.0,9.42481E+11,7.85217E+11,4.41836E+11,1.16,2.06,26.4,26.22,1.8
000905.SH,2019/5/10,7638362402864.0,6109452845391.0,9.42849E+11,7.85665E+11,4.42037E+11,1.56,2.76,27.35,27.16,1.87
000905.SH,2019/5/13,7559624644670.0,6049911097301.0,9.43326E+11,7.86831E+11,4.42805E+11,1.17,2.07,27.07,26.88,1.85
000905.SH,2019/5/14,7497451909198.0,6000324700547.0,9.43398E+11,7.86962E+11,4.42755E+11,1.11,1.98,26.85,26.66,1.83
000905.SH,2019/5/15,7666367618496.0,6133203617236.0,9.43532E+11,7.87186E+11,4.43823E+11,1.24,2.2,27.45,27.26,1.87
000905.SH,2019/5/16,7712887483412.0,6176208670508.0,9.43705E+11,7.87386E+11,4.43842E+11,1.33,2.35,27.62,27.43,1.88
000905.SH,2019/5/17,7464032099316.0,5966138159412.0,9.44002E+11,7.86257E+11,4.44166E+11,1.51,2.68,26.73,26.54,1.82
000905.SH,2019/5/20,7428091065277.0,5987475040464.0,9.44233E+11,7.89406E+11,4.4458E+11,1.21,2.15,26.6,26.41,1.82
000905.SH,2019/5/21,7553514610895.0,6092111952752.0,9.44233E+11,7.89408E+11,4.44719E+11,1.28,2.27,27.05,26.86,1.85
000905.SH,2019/5/22,7500204558824.0,6051840838168.0,9.45051E+11,7.89781E+11,4.4546E+11,1.19,2.11,26.86,26.67,1.84
000905.SH,2019/5/23,7345582640301.0,5930164741202.0,9.45051E+11,7.89766E+11,4.45425E+11,1.15,2.03,26.31,26.12,1.8
000905.SH,2019/5/24,7306374828056.0,5896403492207.0,9.45051E+11,7.90531E+11,4.45459E+11,0.99,1.75,26.16,25.98,1.79
000905.SH,2019/5/27,7483568609214.0,6043381568681.0,9.45178E+11,7.91184E+11,4.4562E+11,1.18,2.09,26.8,26.61,1.83
000905.SH,2019/5/28,7476147474975.0,6038507301836.0,9.45377E+11,7.91272E+11,4.45676E+11,1.14,2.03,26.77,26.58,1.83
000905.SH,2019/5/29,7479433958627.0,6041217519417.0,9.45905E+11,7.91472E+11,4.45847E+11,1.09,1.93,26.78,26.6,1.83
000905.SH,2019/5/30,7435593389312.0,6006476645118.0,9.46083E+11,7.91723E+11,4.45993E+11,1.2,2.13,26.63,26.44,1.82
000905.SH,2019/5/31,7417044074793.0,5993733668999.0,9.46079E+11,7.91775E+11,4.46042E+11,1.1,1.94,26.56,26.37,1.82
000905.SH,2019/6/3,7332072003171.0,5921164073173.0,9.4685E+11,7.91995E+11,4.46243E+11,1.24,2.21,26.26,26.07,1.8
000905.SH,2019/6/4,7238294946976.0,5848694743454.0,9.47054E+11,7.92119E+11,4.46477E+11,1.1,1.94,25.92,25.74,1.77
000905.SH,2019/6/5,7213965164119.0,5833351076911.0,9.47055E+11,7.9212E+11,4.46503E+11,1.03,1.82,25.83,25.65,1.77
000905.SH,2019/6/6,7057682984669.0,5717549440951.0,9.47242E+11,7.93646E+11,4.46671E+11,1.05,1.87,25.27,25.1,1.73
000905.SH,2019/6/10,7119837940723.0,5781237807013.0,9.47242E+11,7.947E+11,4.45928E+11,0.92,1.65,25.5,25.32,1.75
000905.SH,2019/6/11,7381667864222.0,5993929398601.0,9.48574E+11,7.95988E+11,4.46884E+11,1.47,2.61,26.43,26.25,1.81
000905.SH,2019/6/12,7326705815860.0,5945702476318.0,9.49101E+11,7.95988E+11,4.46883E+11,1.35,2.41,26.24,26.05,1.8
000905.SH,2019/6/13,7343142564072.0,5979163104180.0,9.50307E+11,7.98953E+11,4.4837E+11,1.2,2.14,26.3,26.11,1.8
000905.SH,2019/6/14,7223269776679.0,5880502789123.0,9.50636E+11,7.9902E+11,4.48375E+11,1.29,2.29,25.87,25.69,1.77
000905.SH,2019/6/17,7608466530072.0,6107616800538.0,9.91581E+11,8.20196E+11,4.51648E+11,0.89,1.62,22.91,22.63,1.76
000905.SH,2019/6/18,7599919732556.0,6099838040158.0,9.91842E+11,8.20511E+11,4.51846E+11,0.81,1.47,22.89,22.61,1.76
000905.SH,2019/6/19,7696945302345.0,6180974115986.0,9.91828E+11,8.20825E+11,4.52054E+11,1.2,2.17,23.18,22.9,1.79
000905.SH,2019/6/20,7847197837605.0,6301906138098.0,9.92258E+11,8.21202E+11,4.52263E+11,1.46,2.65,23.63,23.34,1.82
000905.SH,2019/6/21,7949422599308.0,6384126461099.0,9.92258E+11,8.21207E+11,4.52268E+11,1.5,2.72,23.94,23.65,1.85
000905.SH,2019/6/24,7950147378197.0,6387389604041.0,9.9224E+11,8.21208E+11,4.52177E+11,1.21,2.2,23.94,23.65,1.85
000905.SH,2019/6/25,7875846440090.0,6331161386311.0,9.92575E+11,8.22005E+11,4.52031E+11,1.21,2.19,23.72,23.43,1.83
000905.SH,2019/6/26,7857193429269.0,6318725979917.0,9.92858E+11,8.22484E+11,4.52454E+11,0.85,1.55,23.66,23.37,1.83
000905.SH,2019/6/27,7929006429545.0,6375495637036.0,9.92858E+11,8.2253E+11,4.52523E+11,0.99,1.8,23.88,23.59,1.84
000905.SH,2019/6/28,7843499110182.0,6303253704137.0,9.94072E+11,8.22833E+11,4.52707E+11,0.94,1.7,23.62,23.33,1.82
000905.SH,2019/7/1,8073955900215.0,6484235353665.0,9.95719E+11,8.24016E+11,4.53355E+11,1.35,2.46,24.32,24.02,1.88
000905.SH,2019/7/2,8054317027213.0,6469818538458.0,9.95792E+11,8.23934E+11,4.53291E+11,1.18,2.14,24.26,23.96,1.87
000905.SH,2019/7/3,7984905750293.0,6425275293939.0,9.96196E+11,8.24994E+11,4.53984E+11,1.03,1.88,24.05,23.75,1.86
000905.SH,2019/7/4,7956015084879.0,6411976958017.0,9.96539E+11,8.25576E+11,4.54294E+11,0.97,1.76,23.96,23.67,1.85
000905.SH,2019/7/5,7981982808541.0,6433604660342.0,9.97785E+11,8.26819E+11,4.54686E+11,0.79,1.43,24.04,23.75,1.86
000905.SH,2019/7/8,7715631581300.0,6230847420444.0,9.9841E+11,8.27625E+11,4.54687E+11,1.11,2.02,23.24,22.95,1.79
000905.SH,2019/7/9,7733679424384.0,6249643914200.0,9.98732E+11,8.28339E+11,4.55055E+11,0.74,1.34,23.29,23.01,1.8
000905.SH,2019/7/10,7675584962319.0,6199144380433.0,9.99059E+11,8.28447E+11,4.55152E+11,0.73,1.34,23.12,22.83,1.78
000905.SH,2019/7/11,7676904529439.0,6205480499740.0,9.99059E+11,8.28772E+11,4.5527E+11,0.76,1.38,23.12,22.83,1.78
000905.SH,2019/7/12,7707425639574.0,6230177984147.0,9.99596E+11,8.28919E+11,4.55647E+11,0.74,1.35,23.21,22.92,1.79
000905.SH,2019/7/15,7803920167651.0,6305587893265.0,9.99595E+11,8.28919E+11,4.55653E+11,1.02,1.86,23.5,23.13,1.81
000905.SH,2019/7/16,7811273048817.0,6309948183224.0,9.99835E+11,8.28921E+11,4.55663E+11,0.83,1.51,23.52,23.16,1.81
000905.SH,2019/7/17,7807962918042.0,6307715784540.0,9.99835E+11,8.29202E+11,4.55832E+11,0.91,1.65,23.51,23.15,1.81
000905.SH,2019/7/18,7700938814379.0,6200858779652.0,1000621881126.0,8.29202E+11,4.56068E+11,0.88,1.59,23.19,22.83,1.78
000905.SH,2019/7/19,7755567133003.0,6245713965165.0,1000621881126.0,8.29203E+11,4.56068E+11,0.83,1.5,23.36,23,1.79
000905.SH,2019/7/22,7599093404684.0,6118860823100.0,1001051750120.0,8.29679E+11,4.56459E+11,0.87,1.58,22.89,22.53,1.76
000905.SH,2019/7/23,7672101039042.0,6173970651180.0,1001018334920.0,8.29681E+11,4.56461E+11,0.66,1.2,23.11,22.74,1.77
000905.SH,2019/7/24,7746931923673.0,6233919963725.0,1001277183649.0,8.30554E+11,4.56709E+11,0.84,1.52,23.33,22.96,1.79
000905.SH,2019/7/25,7776281377388.0,6255194596691.0,1001277183649.0,8.30554E+11,4.56715E+11,0.81,1.48,23.42,23.05,1.8
000905.SH,2019/7/26,7787859440984.0,6265978100547.0,1001275082580.0,8.30554E+11,4.56715E+11,0.71,1.3,23.45,23.08,1.8
000905.SH,2019/7/29,7787017849489.0,6260403801126.0,1001653830685.0,8.30554E+11,4.56793E+11,0.68,1.24,23.45,23.09,1.8
000905.SH,2019/7/30,7827782064733.0,6298169158967.0,1001653830685.0,8.30905E+11,4.5717E+11,0.86,1.56,23.57,23.2,1.81
000905.SH,2019/7/31,7797900047404.0,6272299469141.0,1001666932812.0,8.30924E+11,4.5717E+11,0.76,1.37,23.48,23.12,1.8
000905.SH,2019/8/1,7746212560877.0,6229885583144.0,1001662337825.0,8.30941E+11,4.5718E+11,0.77,1.41,23.33,22.97,1.79
000905.SH,2019/8/2,7650493586813.0,6153719725800.0,1001761700863.0,8.3104E+11,4.5718E+11,0.95,1.73,23.04,22.67,1.77
000905.SH,2019/8/5,7555723655866.0,6082864386515.0,1001761700863.0,8.31188E+11,4.57299E+11,0.86,1.57,22.76,22.34,1.74
000905.SH,2019/8/6,7390891918492.0,5952364200939.0,1001761297563.0,8.31224E+11,4.57414E+11,1.19,2.16,22.26,21.85,1.71
000905.SH,2019/8/7,7354012471238.0,5926742481999.0,1001757740702.0,8.31276E+11,4.57414E+11,0.81,1.47,22.15,21.74,1.7
000905.SH,2019/8/8,7399784245159.0,5968735069504.0,1001757743279.0,8.31949E+11,4.57431E+11,0.72,1.31,22.29,21.89,1.71
000905.SH,2019/8/9,7313138666404.0,5895231378941.0,1001757681079.0,8.31949E+11,4.57675E+11,0.77,1.41,22.02,21.63,1.69
000905.SH,2019/8/12,7445586254256.0,6006442501919.0,1001757681079.0,8.32499E+11,4.57927E+11,0.74,1.35,22.42,21.98,1.72
000905.SH,2019/8/13,7401378397068.0,5974435065840.0,1001757681079.0,8.32489E+11,4.58204E+11,0.71,1.28,22.29,21.86,1.71
000905.SH,2019/8/14,7444252002423.0,6007575896153.0,1001726372741.0,8.32478E+11,4.58208E+11,0.85,1.55,22.42,21.98,1.72
000905.SH,2019/8/15,7474860368664.0,6031887241637.0,1001726372741.0,8.32515E+11,4.58229E+11,0.94,1.71,22.51,22.11,1.72
000905.SH,2019/8/16,7497882913990.0,6051307734029.0,1001726372741.0,8.32553E+11,4.57698E+11,0.93,1.69,22.58,22.23,1.73
000905.SH,2019/8/19,7735851057055.0,6263573792183.0,1001726372741.0,8.33277E+11,4.5842E+11,1.28,2.33,23.3,22.97,1.78
000905.SH,2019/8/20,7735182054522.0,6261271176471.0,1001726372741.0,8.33434E+11,4.58589E+11,1.2,2.19,23.3,23,1.78
000905.SH,2019/8/21,7753915232401.0,6276031582384.0,1001859406159.0,8.33629E+11,4.59482E+11,1.02,1.85,23.35,23.06,1.78
000905.SH,2019/8/22,7759671441228.0,6281700355120.0,1001851422652.0,8.3364E+11,4.59482E+11,0.99,1.79,23.37,23.06,1.78
000905.SH,2019/8/23,7758416566378.0,6288882882671.0,1001851422652.0,8.33729E+11,4.58576E+11,0.99,1.8,23.37,23.14,1.78
000905.SH,2019/8/26,7705431484738.0,6248271342764.0,1002037860900.0,8.33967E+11,4.58777E+11,1.06,1.93,23.21,22.88,1.77
000905.SH,2019/8/27,7829090308970.0,6340608477934.0,1002037860900.0,8.33014E+11,4.56879E+11,1.3,2.37,23.58,23.44,1.8
000905.SH,2019/8/28,7819192640549.0,6330482753908.0,1002323779480.0,8.33176E+11,4.56404E+11,1.19,2.17,23.55,23.77,1.79
000905.SH,2019/8/29,7827418457784.0,6337231951351.0,1002323782294.0,8.33393E+11,4.55309E+11,1.16,2.13,23.57,23.81,1.8
000905.SH,2019/8/30,7788052780256.0,6278670154170.0,1002731740452.0,8.33377E+11,4.56108E+11,1.23,2.25,23.46,23.83,1.79
000905.SH,2019/9/2,7981873510289.0,6436651041356.0,1002731535772.0,8.34658E+11,4.58512E+11,1.3,2.36,24.04,24.62,1.83
000905.SH,2019/9/3,8034540195600.0,6476148319598.0,1002731535772.0,8.34658E+11,4.577E+11,1.31,2.38,24.2,24.78,1.84
000905.SH,2019/9/4,8116166567118.0,6541045335014.0,1002900666452.0,8.34659E+11,4.5771E+11,1.47,2.68,24.44,25.04,1.86
000905.SH,2019/9/5,8190498810406.0,6599729216317.0,1002900666452.0,8.35107E+11,4.5809E+11,1.9,3.47,24.67,25.27,1.87
000905.SH,2019/9/6,8213088334981.0,6617005528827.0,1002909129627.0,8.35116E+11,4.58159E+11,1.35,2.46,24.74,25.34,1.88
000905.SH,2019/9/9,8374501674190.0,6742129161420.0,1002909129627.0,8.35116E+11,4.58246E+11,1.59,2.9,25.22,25.83,1.92
000905.SH,2019/9/10,8350556021437.0,6723987776292.0,1002905770297.0,8.35215E+11,4.58432E+11,1.57,2.86,25.15,25.76,1.91
000905.SH,2019/9/11,8310646158070.0,6688104933690.0,1002905770297.0,8.35226E+11,4.58475E+11,1.38,2.52,25.03,25.64,1.9
000905.SH,2019/9/12,8345717610807.0,6722949425065.0,1002977302611.0,8.3523E+11,4.58844E+11,1.15,2.09,25.13,25.74,1.91
000905.SH,2019/9/16,8352043425484.0,6734824295335.0,1002977302611.0,8.35741E+11,4.5987E+11,1.37,2.48,25.15,25.76,1.91
000905.SH,2019/9/17,8188370608472.0,6610068240648.0,1002977037611.0,8.35982E+11,4.59875E+11,1.37,2.5,24.66,25.26,1.87
000905.SH,2019/9/18,8193250348686.0,6648380414228.0,1002966019437.0,8.38999E+11,4.60014E+11,1.07,1.95,24.68,25.27,1.87
000905.SH,2019/9/19,8270297205722.0,6715027890994.0,1002966019437.0,8.40473E+11,4.6101E+11,1.05,1.91,24.91,25.51,1.89
000905.SH,2019/9/20,8294229272659.0,6732289404285.0,1002872180758.0,8.4057E+11,4.60577E+11,1.12,2.05,24.98,25.59,1.9
000905.SH,2019/9/23,8240803055998.0,6693111834194.0,1002872121758.0,8.41435E+11,4.61022E+11,1.13,2.05,24.82,25.42,1.88
000905.SH,2019/9/24,8256379916989.0,6706420830314.0,1002867359264.0,8.41448E+11,4.611E+11,1.12,2.05,24.87,25.47,1.89
000905.SH,2019/9/25,8111330948874.0,6592819264174.0,1002856302992.0,8.4144E+11,4.6125E+11,1.1,2,24.43,25.02,1.86
000905.SH,2019/9/26,7938192071431.0,6451836797684.0,1002856303617.0,8.4144E+11,4.61335E+11,1.13,2.05,23.91,24.49,1.82
000905.SH,2019/9/27,7986679723350.0,6488146977496.0,1002858847661.0,8.41452E+11,4.613E+11,0.88,1.61,24.05,24.64,1.83
000905.SH,2019/9/30,7886721389384.0,6416527091991.0,1002858531821.0,8.42536E+11,4.6198E+11,0.78,1.42,23.75,24.33,1.81
000905.SH,2019/10/8,7890117318833.0,6424065085428.0,1002858746973.0,8.42536E+11,4.61986E+11,0.79,1.44,23.76,24.34,1.81
000905.SH,2019/10/9,7959812107890.0,6483218631786.0,1002933722317.0,8.44805E+11,4.62118E+11,0.79,1.44,23.97,24.55,1.82
000905.SH,2019/10/10,8061398026473.0,6568127337746.0,1003005673297.0,8.45636E+11,4.62405E+11,0.87,1.6,24.28,24.87,1.85
000905.SH,2019/10/11,8078963859028.0,6581065577820.0,1003005673297.0,8.45636E+11,4.62405E+11,0.98,1.79,24.33,24.91,1.85
000905.SH,2019/10/14,8204504648376.0,6693601844971.0,1003005673297.0,8.46291E+11,4.62629E+11,1.23,2.24,24.71,25.3,1.88
000905.SH,2019/10/15,8100500889760.0,6612140800950.0,1002998413187.0,8.46291E+11,4.62644E+11,1.04,1.91,24.4,24.98,1.85
000905.SH,2019/10/16,8068286168138.0,6582353221794.0,1002998413187.0,8.46406E+11,4.62774E+11,0.92,1.69,24.3,24.88,1.85
000905.SH,2019/10/17,8055600333605.0,6563369050312.0,1003436721896.0,8.4642E+11,4.62843E+11,0.83,1.52,24.26,24.85,1.84
000905.SH,2019/10/18,7944862710380.0,6476929964805.0,1003436721896.0,8.46765E+11,4.63133E+11,0.97,1.77,23.93,24.5,1.82
000905.SH,2019/10/21,7922380751025.0,6461785966990.0,1003436721896.0,8.46771E+11,4.63124E+11,0.83,1.51,23.86,24.39,1.81
000905.SH,2019/10/22,8006984110398.0,6530883095665.0,1003436591896.0,8.46771E+11,4.64548E+11,0.77,1.41,24.11,24.66,1.83
000905.SH,2019/10/23,7940862216909.0,6477460823562.0,1003436592799.0,8.46799E+11,4.64562E+11,0.82,1.49,23.92,24.55,1.81
000905.SH,2019/10/24,7931688674597.0,6471895964027.0,1003442154838.0,8.46864E+11,4.64283E+11,0.77,1.4,23.89,24.61,1.81
000905.SH,2019/10/25,7986418851477.0,6515125538066.0,1003446492438.0,8.46864E+11,4.64483E+11,0.86,1.58,24.05,24.66,1.82
000905.SH,2019/10/28,8113246098731.0,6628960914410.0,1003438931078.0,8.47347E+11,4.65489E+11,1.21,2.21,24.44,25.36,1.84
000905.SH,2019/10/29,8004001000443.0,6543139062015.0,1003438898099.0,8.47788E+11,4.66573E+11,1.28,2.33,24.11,25.27,1.81
000905.SH,2019/10/30,7915929048146.0,6462788897438.0,1003456926622.0,8.47793E+11,4.66424E+11,1.01,1.84,23.84,25.54,1.78
000905.SH,2019/10/31,7875764420692.0,6425268559711.0,1003456926622.0,8.47793E+11,4.67039E+11,0.94,1.7,23.72,25.59,1.77
000905.SH,2019/11/1,7944123576342.0,6485569234475.0,1003466385794.0,8.47846E+11,4.6686E+11,0.87,1.59,23.93,25.82,1.79
000905.SH,2019/11/4,8012302332255.0,6513735897047.0,1003869786383.0,8.47846E+11,4.67028E+11,0.96,1.74,24.13,26.04,1.8
000905.SH,2019/11/5,8072877494627.0,6562920033398.0,1003869786383.0,8.47824E+11,4.67106E+11,1,1.82,24.31,26.23,1.81
000905.SH,2019/11/6,7994900024504.0,6496863167520.0,1003873718973.0,8.47824E+11,4.67128E+11,0.98,1.78,24.08,25.98,1.8
000905.SH,2019/11/7,8040581166428.0,6539134744901.0,1003873781193.0,8.47825E+11,4.67102E+11,0.85,1.54,24.22,26.13,1.8
000905.SH,2019/11/8,8009191471699.0,6512857426590.0,1003910113193.0,8.47825E+11,4.67154E+11,0.93,1.69,24.12,26.03,1.8
000905.SH,2019/11/11,7837284133727.0,6385090851460.0,1003767516676.0,8.48751E+11,4.67329E+11,0.91,1.65,23.6,25.47,1.76
000905.SH,2019/11/12,7847550036874.0,6394880051614.0,1003767434386.0,8.48751E+11,4.67212E+11,0.81,1.47,23.64,25.5,1.76
000905.SH,2019/11/13,7847764836170.0,6385418017914.0,1003782489386.0,8.48757E+11,4.67165E+11,0.71,1.3,23.64,25.5,1.76
000905.SH,2019/11/14,7903460239091.0,6431066923469.0,1003782489386.0,8.49643E+11,4.6803E+11,0.75,1.37,23.8,25.68,1.77
000905.SH,2019/11/15,7835068001961.0,6374815985682.0,1003816272404.0,8.49722E+11,4.68176E+11,0.82,1.5,23.6,25.46,1.76
000905.SH,2019/11/18,7873359629374.0,6426638565759.0,1003790574398.0,8.49818E+11,4.68171E+11,0.75,1.37,23.71,25.59,1.77
000905.SH,2019/11/19,8006493753923.0,6537805930852.0,1003787188528.0,8.50727E+11,4.68336E+11,0.85,1.55,24.11,26.02,1.8
000905.SH,2019/11/20,7954309076621.0,6497302439328.0,1003787188528.0,8.50727E+11,4.68343E+11,0.93,1.69,23.96,25.85,1.79
000905.SH,2019/11/21,7955528091785.0,6497821052517.0,1003785308378.0,8.50727E+11,4.68525E+11,0.78,1.41,23.96,25.85,1.79
000905.SH,2019/11/22,7882297811329.0,6447585740361.0,1003788483578.0,8.50906E+11,4.68435E+11,1.03,1.88,23.74,25.61,1.77
000905.SH,2019/11/25,7878008877231.0,6455899777294.0,1003815059637.0,8.50932E+11,4.68561E+11,1.01,1.84,23.73,25.6,1.77
000905.SH,2019/11/26,7850174469667.0,6425683098894.0,1003815059637.0,8.50932E+11,4.68593E+11,0.95,1.73,23.64,25.51,1.76
000905.SH,2019/11/27,7884225753882.0,6450717533079.0,1003815059637.0,8.50981E+11,4.68648E+11,0.85,1.55,23.75,25.62,1.77
000905.SH,2019/11/28,7858920024502.0,6433546116653.0,1003815059637.0,8.5109E+11,4.68923E+11,0.7,1.27,23.67,25.54,1.76
000905.SH,2019/11/29,7867435518765.0,6438113279641.0,1003814716610.0,8.5109E+11,4.68933E+11,0.72,1.31,23.7,25.57,1.77
000905.SH,2019/12/2,7886525832459.0,6450515675873.0,1003855324832.0,8.51149E+11,4.68978E+11,0.74,1.35,23.75,25.63,1.77
000905.SH,2019/12/3,7923213568978.0,6473283942036.0,1003854621532.0,8.51149E+11,4.68978E+11,0.71,1.29,23.86,25.75,1.78
000905.SH,2019/12/4,7920933416498.0,6467510177849.0,1004053397412.0,8.5117E+11,4.68992E+11,0.75,1.35,23.86,25.74,1.78
000905.SH,2019/12/5,7993355877142.0,6528301905375.0,1004028851104.0,8.51132E+11,4.69493E+11,0.87,1.58,24.07,25.98,1.79
000905.SH,2019/12/6,8067235111684.0,6588240660554.0,1004269828020.0,8.52189E+11,4.69403E+11,0.86,1.57,24.3,26.22,1.81
000905.SH,2019/12/9,8087990326752.0,6615336410614.0,1004269800220.0,8.52564E+11,4.69471E+11,1.04,1.88,24.36,26.28,1.81
000905.SH,2019/12/10,8120697714794.0,6641464767033.0,1004248331458.0,8.53074E+11,4.69845E+11,0.97,1.77,24.46,26.39,1.82
000905.SH,2019/12/11,8096278349042.0,6618828427920.0,1004248906763.0,8.53025E+11,4.7006E+11,1.01,1.83,24.38,26.31,1.81
000905.SH,2019/12/12,8074084932021.0,6602681118624.0,1004248349263.0,8.53659E+11,4.70764E+11,0.94,1.7,24.32,26.24,1.81
000905.SH,2019/12/13,8171384821786.0,6687028530617.0,1004244787306.0,8.53658E+11,4.70786E+11,1.17,2.12,24.61,26.55,1.83
000905.SH,2019/12/16,8551589567957.0,6985331068621.0,1042134750347.0,8.67662E+11,4.80408E+11,1.34,2.43,23.14,24.41,1.81
000905.SH,2019/12/17,8669324785305.0,7081085902499.0,1042134750347.0,8.6802E+11,4.80414E+11,1.73,3.13,23.46,24.74,1.84
000905.SH,2019/12/18,8686021009134.0,7081053068394.0,1044756140688.0,8.6802E+11,4.80577E+11,1.49,2.69,23.5,24.79,1.84
000905.SH,2019/12/19,8701156258201.0,7090322924981.0,1044782204465.0,8.68046E+11,4.80652E+11,1.31,2.36,23.54,24.83,1.84
000905.SH,2019/12/20,8619230515637.0,7012014037840.0,1044956773599.0,8.67984E+11,4.80738E+11,1.36,2.45,23.32,24.6,1.82
000905.SH,2019/12/23,8456297061285.0,6886390951807.0,1044949777599.0,8.68378E+11,4.81019E+11,1.22,2.2,22.88,24.13,1.78
000905.SH,2019/12/24,8574319372981.0,6984228707319.0,1044949791509.0,8.68378E+11,4.81055E+11,0.98,1.78,23.2,24.47,1.81
000905.SH,2019/12/25,8604809927649.0,7010744743486.0,1044953995509.0,8.68438E+11,4.81288E+11,1.1,1.99,23.28,24.56,1.82
000905.SH,2019/12/26,8660752507501.0,7065375548175.0,1044953305909.0,8.68887E+11,4.81406E+11,1.1,1.99,23.43,24.72,1.83
000905.SH,2019/12/27,8599708549991.0,7032086987166.0,1044953305909.0,8.7057E+11,4.82037E+11,1.45,2.62,23.27,24.54,1.82
000905.SH,2019/12/30,8701802154288.0,7119636313059.0,1044953305909.0,8.70575E+11,4.81928E+11,1.34,2.43,23.54,24.84,1.84
000905.SH,2019/12/31,8744479760408.0,7155897107715.0,1044959305909.0,8.70576E+11,4.81936E+11,1.19,2.16,23.66,24.96,1.85
000905.SH,2020/1/2,8895381159952.0,7278033610092.0,1044954093803.0,8.70577E+11,4.82076E+11,1.68,3.03,24.07,25.39,1.88
000905.SH,2020/1/3,8914190797810.0,7316687950010.0,1045141246653.0,8.76171E+11,4.83467E+11,1.47,2.66,24.12,25.44,1.88
000905.SH,2020/1/6,8995515704359.0,7389658437132.0,1046039973593.0,8.76289E+11,4.83683E+11,1.82,3.3,24.34,25.67,1.9
000905.SH,2020/1/7,9099493995018.0,7495807560644.0,1046039973593.0,8.76764E+11,4.83801E+11,1.64,2.98,24.62,25.97,1.92
000905.SH,2020/1/8,8972382887001.0,7395741658508.0,1046039983306.0,8.78759E+11,4.85411E+11,1.77,3.2,24.27,25.61,1.89
000905.SH,2020/1/9,9093700320310.0,7500229720170.0,1046071902005.0,8.79035E+11,4.8552E+11,1.51,2.73,24.6,25.96,1.92
000905.SH,2020/1/10,9079443875473.0,7481200498515.0,1046745409462.0,8.79035E+11,4.85549E+11,1.29,2.34,24.56,25.92,1.91
000905.SH,2020/1/13,9203140641555.0,7584594873976.0,1046745409462.0,8.79047E+11,4.84327E+11,1.34,2.44,24.9,26.26,1.94
000905.SH,2020/1/14,9172794947941.0,7567034716755.0,1046745484462.0,8.79997E+11,4.85215E+11,1.48,2.68,24.82,26.16,1.93
000905.SH,2020/1/15,9146813727834.0,7545116676245.0,1046766871791.0,8.79997E+11,4.85256E+11,1.28,2.32,24.75,26.09,1.93
000905.SH,2020/1/16,9140653385959.0,7540957276255.0,1046766872416.0,8.80216E+11,4.85465E+11,1.27,2.31,24.73,26.07,1.92
000905.SH,2020/1/17,9114433093631.0,7521385847613.0,1046766872616.0,8.80235E+11,4.85544E+11,1.19,2.16,24.66,25.99,1.92
000905.SH,2020/1/20,9236480459918.0,7619788379183.0,1046773679143.0,8.8027E+11,4.85589E+11,1.31,2.38,24.99,26.31,1.94
000905.SH,2020/1/21,9129397815476.0,7535223019291.0,1046773679193.0,8.80732E+11,4.85804E+11,1.41,2.56,24.7,25.99,1.92
000905.SH,2020/1/22,9207654574113.0,7594779683839.0,1048002662842.0,8.80725E+11,4.85819E+11,1.4,2.54,24.91,26.21,1.94
000905.SH,2020/1/23,8884689781931.0,7342142675235.0,1048010632842.0,8.82603E+11,4.86896E+11,1.65,2.99,24.04,25.3,1.87
000905.SH,2020/2/3,8109267800604.0,6705156938953.0,1048010632842.0,8.83341E+11,4.87557E+11,0.93,1.68,21.94,23.08,1.71
000905.SH,2020/2/4,8230947262266.0,6810108461145.0,1048010632842.0,8.83341E+11,4.87557E+11,2.15,3.89,22.27,23.42,1.73
000905.SH,2020/2/5,8428707278758.0,6974400523902.0,1048012127862.0,8.83342E+11,4.86854E+11,1.94,3.51,22.8,23.99,1.77
000905.SH,2020/2/6,8678996005017.0,7179694656533.0,1048347103862.0,8.83342E+11,4.87569E+11,2.11,3.81,23.48,24.7,1.82
000905.SH,2020/2/7,8745268608069.0,7236964215985.0,1048359050335.0,8.83355E+11,4.87311E+11,2.16,3.92,23.66,24.88,1.83
000905.SH,2020/2/10,8842920403217.0,7328676943625.0,1048377169746.0,8.84301E+11,4.87476E+11,2,3.62,23.92,25.16,1.86
000905.SH,2020/2/11,8822808343328.0,7301093287932.0,1050386509167.0,8.84308E+11,4.87143E+11,1.72,3.13,23.87,25.11,1.85
000905.SH,2020/2/12,8966611948300.0,7422433455536.0,1050386509167.0,8.84271E+11,4.87143E+11,1.71,3.1,24.26,25.52,1.88
000905.SH,2020/2/13,8891417913163.0,7361153594283.0,1050386509167.0,8.84925E+11,4.87151E+11,1.79,3.25,24.06,25.3,1.86
000905.SH,2020/2/14,8900520118723.0,7373631747177.0,1050439139659.0,8.84978E+11,4.8729E+11,1.64,2.98,24.08,25.33,1.87
000905.SH,2020/2/17,9176564900068.0,7606635673929.0,1050439139659.0,8.85169E+11,4.87543E+11,1.97,3.58,24.83,26.12,1.92
000905.SH,2020/2/18,9277410262809.0,7690620281841.0,1050439139659.0,8.85169E+11,4.87643E+11,2.09,3.8,25.1,26.4,1.95
000905.SH,2020/2/19,9200076149778.0,7620630558001.0,1050439139659.0,8.85169E+11,4.87757E+11,2.1,3.81,24.89,26.18,1.93
000905.SH,2020/2/20,9369141478661.0,7760535734967.0,1050439139659.0,8.85132E+11,4.87783E+11,2.17,3.94,25.35,26.67,1.96
000905.SH,2020/2/21,9483786906913.0,7864288345617.0,1050439139659.0,8.85351E+11,4.88007E+11,2.34,4.25,25.66,27.1,1.99
000905.SH,2020/2/24,9601176684506.0,7959509039489.0,1050448197189.0,8.85677E+11,4.88403E+11,2.46,4.47,25.98,27.45,2.01
000905.SH,2020/2/25,9638651594229.0,7986993205731.0,1050448197189.0,8.85677E+11,4.88444E+11,3.02,5.47,26.08,27.66,2.02
000905.SH,2020/2/26,9402699394897.0,7807424028057.0,1050448197189.0,8.87557E+11,4.88461E+11,3,5.45,25.44,27.01,1.97
000905.SH,2020/2/27,9420052733882.0,7824275549312.0,1050448197189.0,8.87557E+11,4.88475E+11,2.31,4.19,25.49,27.02,1.97
000905.SH,2020/2/28,8940972609953.0,7428107417663.0,1050430243674.0,8.87594E+11,4.88466E+11,2.53,4.59,24.27,25.56,1.87
000905.SH,2020/3/2,9274966761164.0,7713380890617.0,1050430243674.0,8.8777E+11,4.88518E+11,2.25,4.08,25.13,27.53,1.95
000905.SH,2020/3/3,9357578610621.0,7781683285663.0,1050431170756.0,8.87825E+11,4.88749E+11,2.55,4.63,25.35,27.78,1.97
000905.SH,2020/3/4,9369552530785.0,7796282219859.0,1050431231156.0,8.87825E+11,4.89029E+11,2.09,3.79,25.38,27.81,1.97
000905.SH,2020/3/5,9511506812480.0,7914629752821.0,1050431231156.0,8.87825E+11,4.88976E+11,2.45,4.44,25.77,28.23,2
000905.SH,2020/3/6,9444115052892.0,7857871289116.0,1050431213483.0,8.87825E+11,4.89017E+11,2.09,3.79,25.57,28.01,1.99
000905.SH,2020/3/9,9071023064565.0,7551696479659.0,1050431213483.0,8.88031E+11,4.89046E+11,2.46,4.47,24.56,26.87,1.91
000905.SH,2020/3/10,9305054372689.0,7747039323308.0,1050444656451.0,8.88045E+11,4.89146E+11,2.35,4.26,25.2,27.55,1.96
000905.SH,2020/3/11,9180762998221.0,7642299021634.0,1050444658710.0,8.88105E+11,4.89304E+11,2.11,3.84,24.87,27.19,1.93
000905.SH,2020/3/12,9023842987384.0,7511263893498.0,1050455428179.0,8.88179E+11,4.8954E+11,1.79,3.24,24.44,26.69,1.9
000905.SH,2020/3/13,8948481298329.0,7453773364138.0,1050460943120.0,8.8818E+11,4.89674E+11,2.2,3.99,24.04,26.39,1.88
000905.SH,2020/3/16,8543177627815.0,7118258698145.0,1050460943120.0,8.88198E+11,4.89654E+11,2.1,3.82,22.93,25.18,1.8
000905.SH,2020/3/17,8555926777829.0,7144903865847.0,1050514183120.0,8.88464E+11,4.89657E+11,1.79,3.25,22.95,25.22,1.8
000905.SH,2020/3/18,8408714534625.0,7024727178478.0,1050514183120.0,8.88464E+11,4.89746E+11,1.85,3.35,22.55,24.77,1.77
000905.SH,2020/3/19,8462549234116.0,7066373534784.0,1051249312144.0,8.88464E+11,4.91027E+11,1.74,3.15,22.71,24.88,1.78
000905.SH,2020/3/20,8569451389779.0,7153339603413.0,1051249312144.0,8.88464E+11,4.90833E+11,1.44,2.6,23.03,25.16,1.8
000905.SH,2020/3/23,8230384219192.0,6871466497872.0,1051249312144.0,8.88497E+11,4.9084E+11,1.56,2.83,22.04,24.15,1.73
000905.SH,2020/3/24,8387248803927.0,7004218354732.0,1051255489444.0,8.885E+11,4.90887E+11,1.58,2.87,22.31,24.47,1.76
000905.SH,2020/3/25,8579925058925.0,7162359161436.0,1051255489444.0,8.885E+11,4.90898E+11,1.65,2.99,22.9,25.06,1.8
000905.SH,2020/3/26,8496138427367.0,7091902591236.0,1051292278299.0,8.88535E+11,4.90943E+11,1.41,2.56,22.63,24.81,1.78
000905.SH,2020/3/27,8461536291276.0,7065892983148.0,1051292214975.0,8.88683E+11,4.91028E+11,1.32,2.38,22.62,24.68,1.78
000905.SH,2020/3/30,8292615267010.0,6940741145365.0,1051291940975.0,8.9346E+11,4.9099E+11,1.39,2.53,22.11,24.18,1.74
000905.SH,2020/3/31,8326860605985.0,6961243777930.0,1051291940975.0,8.93022E+11,4.90891E+11,1.25,2.27,22.46,24.54,1.75
000905.SH,2020/4/1,8336672934011.0,6925838754753.0,1054135815307.0,8.92993E+11,4.9109E+11,1.26,2.28,22.46,24.55,1.73
000905.SH,2020/4/2,8537801852434.0,7098113916986.0,1054293445987.0,8.93583E+11,4.91077E+11,1.27,2.31,22.96,25.13,1.77
000905.SH,2020/4/3,8476678814188.0,7047688037282.0,1054293508622.0,8.93583E+11,4.91664E+11,1.23,2.23,22.77,24.92,1.76
000905.SH,2020/4/7,8729125461044.0,7261201090784.0,1054293608522.0,8.93718E+11,4.91746E+11,1.62,2.95,23.44,25.63,1.81
000905.SH,2020/4/8,8736588892602.0,7267176674353.0,1054293608522.0,8.93865E+11,4.91746E+11,1.54,2.8,23.53,25.68,1.82
000905.SH,2020/4/9,8814531900847.0,7331358595716.0,1055003016026.0,8.93865E+11,4.9175E+11,1.4,2.54,23.67,25.89,1.83
000905.SH,2020/4/10,8646773091245.0,7196615800183.0,1055039440180.0,8.94605E+11,4.92233E+11,1.38,2.52,23.08,25.36,1.8
000905.SH,2020/4/13,8582975014251.0,7147533836727.0,1055039440180.0,8.94707E+11,4.92385E+11,1.1,1.99,22.91,25.17,1.78
000905.SH,2020/4/14,8771204191929.0,7302003099590.0,1055039440368.0,8.94766E+11,4.92569E+11,1.23,2.24,23.44,25.7,1.82
000905.SH,2020/4/15,8740625130281.0,7274126989265.0,1055039440368.0,8.94766E+11,4.92493E+11,1.37,2.49,23.7,26.2,1.81
000905.SH,2020/4/16,8807158226858.0,7332947868279.0,1054958156687.0,8.9473E+11,4.9245E+11,1.35,2.45,23.92,26.39,1.83
000905.SH,2020/4/17,8808405336470.0,7337162670245.0,1054958931329.0,8.94849E+11,4.92517E+11,1.53,2.78,23.82,26.37,1.83
000905.SH,2020/4/20,8905813708110.0,7430074481038.0,1054958931329.0,8.95863E+11,4.92686E+11,1.35,2.45,23.98,26.65,1.85
000905.SH,2020/4/21,8845262218850.0,7380295326770.0,1055286312593.0,8.96225E+11,4.92858E+11,1.46,2.65,23.95,26.55,1.83
000905.SH,2020/4/22,8918373950725.0,7439551806552.0,1055300746520.0,8.96282E+11,4.92755E+11,1.38,2.51,24.04,26.78,1.85
000905.SH,2020/4/23,8884365447995.0,7408407172467.0,1055300746520.0,8.96282E+11,4.92939E+11,1.61,2.93,24.05,26.68,1.84
000905.SH,2020/4/24,8749403535930.0,7300910422197.0,1055303416921.0,8.96338E+11,4.92991E+11,1.47,2.67,23.87,26.41,1.81
000905.SH,2020/4/27,8741225359151.0,7292699931671.0,1055312734574.0,8.96456E+11,4.9396E+11,1.31,2.37,23.71,26.61,1.81
000905.SH,2020/4/28,8684539570969.0,7246550667419.0,1055311657974.0,8.96639E+11,4.93966E+11,1.57,2.85,24.01,26.42,1.79
000905.SH,2020/4/29,8685118499374.0,7246502080206.0,1055409514374.0,8.96817E+11,4.9432E+11,1.18,2.14,24.72,27.19,1.79
000905.SH,2020/4/30,8882348156591.0,7412795363489.0,1055410781479.0,8.96701E+11,4.94755E+11,1.48,2.69,27.73,30.97,1.83
000905.SH,2020/5/6,9030909525530.0,7536055076799.0,1055410974148.0,8.96736E+11,4.94865E+11,1.58,2.86,28.2,31.49,1.86
000905.SH,2020/5/7,9023603894028.0,7527082499686.0,1055411059997.0,8.96753E+11,4.94869E+11,1.56,2.83,28.17,31.46,1.86
000905.SH,2020/5/8,9122770009912.0,7608382465828.0,1055596979747.0,8.96757E+11,4.94541E+11,1.52,2.76,28.48,31.81,1.88
000905.SH,2020/5/11,9109051833164.0,7594817283639.0,1055622424149.0,8.96802E+11,4.94564E+11,1.45,2.63,28.44,31.76,1.88
000905.SH,2020/5/12,9130489189258.0,7612414184989.0,1055576876571.0,8.96797E+11,4.94415E+11,1.29,2.35,28.51,31.84,1.89
000905.SH,2020/5/13,9171666497617.0,7646063089191.0,1055581597156.0,8.96994E+11,4.94591E+11,1.2,2.18,28.63,31.98,1.89
000905.SH,2020/5/14,9086834918373.0,7576760330138.0,1055551399214.0,8.97111E+11,4.9471E+11,1.33,2.41,28.37,31.68,1.88
000905.SH,2020/5/15,9123804513063.0,7607560159731.0,1055551399214.0,8.97151E+11,4.94743E+11,1.26,2.28,28.49,31.81,1.89
000905.SH,2020/5/18,9095040133814.0,7560008555028.0,1056801237418.0,8.97151E+11,4.94744E+11,1.49,2.7,28.4,31.71,1.88
000905.SH,2020/5/19,9201954592670.0,7663661223489.0,1056801237418.0,8.97513E+11,4.94787E+11,1.25,2.26,28.73,32.09,1.9
000905.SH,2020/5/20,9107654652965.0,7583170632578.0,1057179022351.0,8.97747E+11,4.94968E+11,1.38,2.49,28.43,31.75,1.88
000905.SH,2020/5/21,9013383341966.0,7509105607296.0,1057815363009.0,8.97878E+11,4.95099E+11,1.28,2.31,28.14,31.42,1.86
000905.SH,2020/5/22,8859306927019.0,7381666333548.0,1058770799263.0,8.98589E+11,4.95773E+11,1.18,2.15,27.65,30.89,1.83
000905.SH,2020/5/25,8845173121068.0,7371727571100.0,1058770799263.0,8.9858E+11,4.95836E+11,0.94,1.7,27.61,30.84,1.83
000905.SH,2020/5/26,9014083642643.0,7500936050964.0,1059014232805.0,8.98581E+11,4.95854E+11,1.01,1.83,28.14,31.42,1.86
000905.SH,2020/5/27,8941575135280.0,7447649425340.0,1059014232805.0,8.9882E+11,4.95895E+11,1.16,2.1,27.91,31.17,1.85
000905.SH,2020/5/28,8929045669509.0,7438982381334.0,1059029477805.0,8.9882E+11,4.959E+11,1.14,2.07,27.87,31.13,1.84
000905.SH,2020/5/29,9001715384918.0,7495305675573.0,1059029519835.0,8.9882E+11,4.95909E+11,1.17,2.12,28.1,31.38,1.86
000905.SH,2020/6/1,9258496902759.0,7709896596021.0,1059025104997.0,8.98821E+11,4.95912E+11,1.58,2.86,28.9,32.28,1.91
000905.SH,2020/6/2,9246880390414.0,7698665861802.0,1059809012164.0,8.99407E+11,4.95658E+11,1.55,2.8,28.86,32.24,1.91
000905.SH,2020/6/3,9257030729629.0,7706727724891.0,1059809012164.0,8.99473E+11,4.95731E+11,1.54,2.79,28.9,32.27,1.91
000905.SH,2020/6/4,9269917646521.0,7718652268029.0,1059823920039.0,8.99488E+11,4.95821E+11,1.34,2.44,28.94,32.32,1.91
000905.SH,2020/6/5,9281806610175.0,7724016919161.0,1059951061251.0,8.99488E+11,4.95824E+11,1.25,2.26,28.97,32.36,1.92
000905.SH,2020/6/8,9270186879844.0,7728267259188.0,1060394515288.0,8.99902E+11,4.95949E+11,1.33,2.41,28.94,32.32,1.91
000905.SH,2020/6/9,9329971874169.0,7778172424730.0,1061266740918.0,9.00881E+11,4.96521E+11,1.28,2.31,29.12,32.53,1.93
000905.SH,2020/6/10,9341053664824.0,7789103946697.0,1061266768054.0,9.00881E+11,4.96522E+11,1.2,2.18,29.16,32.56,1.93
000905.SH,2020/6/11,9292695882881.0,7750251885371.0,1062059584373.0,9.01695E+11,4.9673E+11,1.41,2.57,29.01,32.4,1.92
000905.SH,2020/6/12,9316053139421.0,7754860310101.0,1065450660486.0,9.01699E+11,4.96793E+11,1.44,2.61,29.08,32.48,1.92
000905.SH,2020/6/15,9249253983094.0,7607125773206.0,1080755291829.0,9.09671E+11,4.99835E+11,1.6,2.91,24.18,26.91,1.86
000905.SH,2020/6/16,9425930425680.0,7747721402895.0,1080755291829.0,9.09671E+11,4.99847E+11,1.47,2.68,24.65,27.42,1.9
000905.SH,2020/6/17,9487308380119.0,7802629928149.0,1080827177882.0,9.09687E+11,4.99951E+11,1.61,2.94,24.81,27.6,1.91
000905.SH,2020/6/18,9482745765656.0,7806288090433.0,1080906950256.0,9.09787E+11,5.00019E+11,1.74,3.16,24.79,27.59,1.91
000905.SH,2020/6/19,9575116608421.0,7873806863189.0,1081813262918.0,9.09874E+11,5.00112E+11,1.56,2.83,25.04,27.86,1.93
000905.SH,2020/6/22,9554985709106.0,7870430926755.0,1082309551680.0,9.11222E+11,5.0108E+11,1.6,2.9,24.98,27.8,1.93
000905.SH,2020/6/23,9593450907154.0,7894882121620.0,1082593411851.0,9.11252E+11,5.01089E+11,1.38,2.51,25.08,27.91,1.94
000905.SH,2020/6/24,9567704408090.0,7877220331212.0,1083537675484.0,9.12488E+11,5.01601E+11,1.21,2.2,25.02,27.84,1.93
000905.SH,2020/6/29,9530642539127.0,7837088705580.0,1084674811478.0,9.12558E+11,5.01799E+11,1.29,2.35,24.92,27.73,1.93
000905.SH,2020/6/30,9691784647565.0,7969210590902.0,1085274170754.0,9.131E+11,5.02344E+11,1.26,2.3,25.4,28.27,1.96
000905.SH,2020/7/1,9718082070450.0,7996109722980.0,1085274187454.0,9.131E+11,5.0246E+11,1.56,2.84,25.46,28.34,1.96
000905.SH,2020/7/2,9868782478944.0,8130289755778.0,1085329590577.0,9.1315E+11,5.0246E+11,2.2,4,25.86,28.78,2
000905.SH,2020/7/3,10002524046057.0,8237390172966.0,1085550990656.0,9.13468E+11,5.02541E+11,2.48,4.51,26.21,29.17,2.02
000905.SH,2020/7/6,10404491824924.0,8578739024233.0,1085557411278.0,9.136E+11,5.02858E+11,3.31,6.01,27.26,30.34,2.1
000905.SH,2020/7/7,10534451593664.0,8686018688091.0,1085550851278.0,9.1384E+11,5.03126E+11,3.57,6.48,27.6,30.72,2.13
000905.SH,2020/7/8,10780682396339.0,8896364665874.0,1085946158794.0,9.13847E+11,5.03167E+11,3.16,5.74,28.25,31.41,2.18
000905.SH,2020/7/9,11041434540423.0,9110984357602.0,1086133368866.0,9.14188E+11,5.0335E+11,3.47,6.31,28.93,32.17,2.23
000905.SH,2020/7/10,11020495689929.0,9092121124557.0,1086133595866.0,9.14949E+11,5.03836E+11,3.16,5.73,28.88,32.08,2.23
000905.SH,2020/7/13,11380679018299.0,9391482608808.0,1087833947639.0,9.15355E+11,5.03945E+11,3.25,5.9,29.82,33.12,2.3
000905.SH,2020/7/14,11245065275046.0,9286914548662.0,1087831196499.0,9.15355E+11,5.03964E+11,3.21,5.83,29.47,32.72,2.28
000905.SH,2020/7/15,10996043132394.0,9074996679272.0,1088817923824.0,9.15381E+11,5.0405E+11,2.8,5.09,28.81,31.97,2.22
000905.SH,2020/7/16,10459820946301.0,8643395569294.0,1088831240677.0,9.15593E+11,5.0422E+11,2.77,5.02,27.41,30.4,2.12
000905.SH,2020/7/17,10505260467411.0,8680174789507.0,1088844000694.0,9.15606E+11,5.04232E+11,2.15,3.9,27.53,30.54,2.13
000905.SH,2020/7/20,10804712741805.0,8932611284431.0,1088818176487.0,9.15666E+11,5.0428E+11,2.32,4.21,28.31,31.41,2.19
000905.SH,2020/7/21,10878251058356.0,8983632135972.0,1088816641730.0,9.15666E+11,5.04472E+11,2.12,3.84,28.51,31.62,2.2
000905.SH,2020/7/22,10981413811285.0,9058040676462.0,1089516641965.0,9.15666E+11,5.04697E+11,2.29,4.16,28.78,31.91,2.22
000905.SH,2020/7/23,10981729909482.0,9054865225501.0,1089755057498.0,9.15675E+11,5.04705E+11,2.27,4.12,28.78,31.93,2.22
000905.SH,2020/7/24,10431938050787.0,8609148499369.0,1089755057498.0,9.16088E+11,5.05026E+11,2.39,4.34,27.34,30.33,2.11
000905.SH,2020/7/27,10451405299116.0,8634593556715.0,1089755057498.0,9.16264E+11,5.05268E+11,1.59,2.88,27.39,30.4,2.12
000905.SH,2020/7/28,10560094463507.0,8720894015539.0,1089755959162.0,9.16265E+11,5.05268E+11,1.52,2.75,27.67,30.74,2.14
000905.SH,2020/7/29,10832473315886.0,8940183892998.0,1089756860762.0,9.16228E+11,5.05355E+11,1.74,3.15,28.39,31.5,2.2
000905.SH,2020/7/30,10812167696512.0,8941040704976.0,1089764622899.0,9.16685E+11,5.05379E+11,1.94,3.51,28.33,31.4,2.19
000905.SH,2020/7/31,10917616138129.0,9066048709258.0,1089771962749.0,9.17217E+11,5.05463E+11,1.96,3.56,28.61,31.7,2.21
000905.SH,2020/8/3,11171856020621.0,9299520003356.0,1089772255949.0,9.19029E+11,5.05567E+11,2.26,4.1,29.28,32.4,2.26
000905.SH,2020/8/4,11119044153172.0,9248485972072.0,1089774291363.0,9.19032E+11,5.0561E+11,2.28,4.14,29.14,32.26,2.25
000905.SH,2020/8/5,11232817240596.0,9342931431014.0,1089774291363.0,9.19032E+11,5.05646E+11,2.01,3.66,29.43,32.58,2.27
000905.SH,2020/8/6,11225942963616.0,9348078180947.0,1089774521943.0,9.19053E+11,5.05618E+11,2.23,4.06,29.42,32.56,2.27
000905.SH,2020/8/7,11117029508815.0,9250334224392.0,1089881063713.0,9.19062E+11,5.05722E+11,2.16,3.92,29.13,32.23,2.25
000905.SH,2020/8/10,11182891216728.0,9310395026074.0,1089881063713.0,9.19139E+11,5.05861E+11,1.91,3.47,29.3,32.39,2.26
000905.SH,2020/8/11,10971854146900.0,9139133525396.0,1089927894306.0,9.19189E+11,5.05931E+11,1.97,3.57,28.75,31.59,2.22
000905.SH,2020/8/12,10850187110040.0,9039070121536.0,1090055487986.0,9.19303E+11,5.05931E+11,1.94,3.52,28.43,31.24,2.19
000905.SH,2020/8/13,10885931358314.0,9073285271312.0,1090055270450.0,9.19303E+11,5.06102E+11,1.76,3.2,28.53,31.32,2.2
000905.SH,2020/8/14,11001068780184.0,9173326429771.0,1090055270450.0,9.19305E+11,5.06392E+11,1.71,3.1,28.83,31.78,2.22
000905.SH,2020/8/17,11224553359903.0,9360751843673.0,1087377642708.0,9.17123E+11,5.05106E+11,2.2,3.99,29.33,32.29,2.27
000905.SH,2020/8/18,11314773446284.0,9435102497147.0,1087377642708.0,9.17357E+11,5.05311E+11,2.06,3.74,29.56,32.49,2.29
000905.SH,2020/8/19,11117589798702.0,9277856467183.0,1087493237168.0,9.17478E+11,5.05462E+11,2.12,3.84,29.05,31.81,2.24
000905.SH,2020/8/20,10991818354712.0,9174542754871.0,1087583799608.0,9.17473E+11,5.05892E+11,1.72,3.12,28.72,31.52,2.22
000905.SH,2020/8/21,11079576716543.0,9239630466753.0,1087874322128.0,9.17603E+11,5.05961E+11,1.56,2.83,28.95,31.88,2.23
000905.SH,2020/8/24,11157103168406.0,9309642785130.0,1087874322128.0,9.17811E+11,5.05491E+11,1.56,2.83,29.15,32.14,2.25
000905.SH,2020/8/25,11109008190779.0,9262642913713.0,1088006094212.0,9.18022E+11,5.0622E+11,1.6,2.91,29.02,31.55,2.23
000905.SH,2020/8/26,10900763592015.0,9091921002941.0,1088006094212.0,9.1804E+11,5.05208E+11,1.67,3.04,28.48,30.84,2.19
000905.SH,2020/8/27,10984968971057.0,9156491145276.0,1088017818665.0,9.1805E+11,5.0619E+11,1.41,2.57,28.7,31.07,2.2
000905.SH,2020/8/28,11173389072278.0,9315951512151.0,1088054619082.0,9.18593E+11,5.06854E+11,1.55,2.8,29.19,34.07,2.24
000905.SH,2020/8/31,11129929370666.0,9281621653283.0,1088099486123.0,9.1865E+11,5.06809E+11,1.7,3.08,29.08,34.26,2.25
000905.SH,2020/9/1,11204332801252.0,9337258316834.0,1088105536123.0,9.1865E+11,5.06672E+11,1.37,2.48,29.27,34.49,2.26
000905.SH,2020/9/2,11212009634700.0,9341103407739.0,1088105809662.0,9.1865E+11,5.06811E+11,1.63,2.95,29.29,34.51,2.27
000905.SH,2020/9/3,11124829822798.0,9269539784146.0,1088105809662.0,9.18696E+11,5.06824E+11,1.55,2.8,29.07,34.24,2.25
000905.SH,2020/9/4,11041350432477.0,9200030896047.0,1088936921662.0,9.18696E+11,5.06888E+11,1.36,2.47,28.85,33.99,2.23
000905.SH,2020/9/7,10801999060924.0,9007575211904.0,1089072177816.0,9.19602E+11,5.07116E+11,1.69,3.07,28.22,33.25,2.18
000905.SH,2020/9/8,10864806128979.0,9061283375717.0,1089092975498.0,9.19659E+11,5.07156E+11,1.75,3.18,28.39,33.44,2.2
000905.SH,2020/9/9,10582775676700.0,8850486913313.0,1089114939443.0,9.19871E+11,5.07299E+11,2.36,4.28,27.65,32.57,2.14
000905.SH,2020/9/10,10415609017025.0,8707926707748.0,1089540853380.0,9.19965E+11,5.07364E+11,1.97,3.57,27.21,32.06,2.1
000905.SH,2020/9/11,10548350954036.0,8812175760696.0,1089563264162.0,9.20142E+11,5.05679E+11,1.35,2.46,27.56,32.47,2.13
000905.SH,2020/9/14,10602832336897.0,8858709638372.0,1089731290423.0,9.20181E+11,5.05956E+11,1.42,2.58,27.7,32.64,2.14
000905.SH,2020/9/15,10668900042128.0,8912272150191.0,1089731290423.0,9.20181E+11,5.06045E+11,1.25,2.28,27.87,32.84,2.15
000905.SH,2020/9/16,10618385179432.0,8868868625825.0,1089731290423.0,9.20181E+11,5.0575E+11,1.23,2.24,27.74,32.68,2.14
000905.SH,2020/9/17,10637489243307.0,8884899232001.0,1089732900879.0,9.20183E+11,5.0575E+11,1.29,2.35,27.79,32.74,2.15
000905.SH,2020/9/18,10802247330531.0,9027691075732.0,1089758719717.0,9.20213E+11,5.04798E+11,1.47,2.68,28.22,33.25,2.18
000905.SH,2020/9/21,10770442392387.0,8996044155621.0,1089951893887.0,9.20407E+11,5.05052E+11,1.37,2.5,28.14,33.15,2.17
000905.SH,2020/9/22,10623057809524.0,8905763551016.0,1090027338571.0,9.20834E+11,5.05481E+11,1.32,2.4,27.75,32.7,2.14
000905.SH,2020/9/23,10677898006800.0,8958426673910.0,1090027338571.0,9.23041E+11,5.06444E+11,1.03,1.88,27.9,32.87,2.15
000905.SH,2020/9/24,10439060752122.0,8759477438059.0,1090820687789.0,9.23536E+11,5.06886E+11,1.22,2.23,27.27,32.13,2.11
000905.SH,2020/9/25,10430456740578.0,8754453436116.0,1090827437789.0,9.23538E+11,5.06839E+11,0.95,1.73,27.25,32.1,2.1
000905.SH,2020/9/28,10348015296497.0,8681070311625.0,1090829338789.0,9.2354E+11,5.07007E+11,0.86,1.56,27.04,31.85,2.09
000905.SH,2020/9/29,10434342466069.0,8750633681596.0,1092526233398.0,9.2354E+11,5.07733E+11,0.88,1.6,27.26,32.12,2.11
000905.SH,2020/9/30,10381886492879.0,8704345120826.0,1092524927405.0,9.23569E+11,5.07878E+11,0.88,1.6,27.12,31.96,2.09
000905.SH,2020/10/9,10647117696888.0,8924718995880.0,1092536018296.0,9.23581E+11,5.07889E+11,1.09,1.98,27.82,32.77,2.14
000905.SH,2020/10/12,10953121670126.0,9175995896298.0,1092571652411.0,9.23629E+11,5.07996E+11,1.57,2.85,28.62,33.69,2.2
000905.SH,2020/10/13,10979892346082.0,9198019068102.0,1092583543994.0,9.24818E+11,5.07101E+11,1.21,2.2,28.69,33.77,2.21
000905.SH,2020/10/14,10914685608827.0,9139944165035.0,1092583896293.0,9.24818E+11,5.07167E+11,1.28,2.34,28.52,33.55,2.2
000905.SH,2020/10/15,10837386461932.0,9073317554294.0,1093134418593.0,9.24837E+11,5.07193E+11,1.16,2.11,28.31,33.22,2.18
000905.SH,2020/10/16,10790638616569.0,9039508121658.0,1093134418593.0,9.26492E+11,5.08091E+11,1.07,1.94,28.19,33.07,2.16
000905.SH,2020/10/19,10654109344752.0,8930904461535.0,1093134418593.0,9.26492E+11,5.08188E+11,1.12,2.04,27.84,32.63,2.14
000905.SH,2020/10/20,10759311653346.0,9021063648724.0,1093129780593.0,9.26487E+11,5.08353E+11,0.93,1.7,28.11,32.88,2.16
000905.SH,2020/10/21,10650336726078.0,8925502784866.0,1093131383593.0,9.26487E+11,5.08694E+11,0.94,1.72,27.83,32.53,2.13
000905.SH,2020/10/22,10596024875662.0,8880873080151.0,1093130186873.0,9.26487E+11,5.08558E+11,0.93,1.69,27.68,32.19,2.12
000905.SH,2020/10/23,10429773650408.0,8737953152774.0,1093128260003.0,9.26487E+11,5.08569E+11,0.87,1.58,27.25,31.61,2.09
000905.SH,2020/10/26,10432183619896.0,8739797569901.0,1093127756003.0,9.26807E+11,5.08394E+11,0.79,1.44,27.26,31.35,2.08
000905.SH,2020/10/27,10451900913110.0,8751401809935.0,1093127756003.0,9.26837E+11,5.08928E+11,0.82,1.49,27.31,31.4,2.09
000905.SH,2020/10/28,10503961895656.0,8791863655283.0,1093127662003.0,9.2683E+11,5.08857E+11,0.94,1.71,27.46,31.35,2.09
000905.SH,2020/10/29,10528656739425.0,8808578939179.0,1093239025482.0,9.26883E+11,5.09962E+11,1,1.82,27.52,31.23,2.09
000905.SH,2020/10/30,10296007603570.0,8609190642966.0,1093294125209.0,9.26883E+11,5.09949E+11,1.21,2.2,26.91,30.29,2.03
000905.SH,2020/11/2,10360084956614.0,8651420688626.0,1093300544994.0,9.26873E+11,5.1025E+11,1.21,2.19,27.08,28.29,2.03
000905.SH,2020/11/3,10508165388168.0,8815973688095.0,1093300544994.0,9.27476E+11,5.10841E+11,1.14,2.06,27.47,28.7,2.06
000905.SH,2020/11/4,10494901229261.0,8807779510835.0,1093288868135.0,9.27606E+11,5.11092E+11,1,1.82,27.43,28.66,2.06
000905.SH,2020/11/5,10697749458466.0,8979558795680.0,1093283432092.0,9.28831E+11,5.1122E+11,1.28,2.32,27.96,29.22,2.1
000905.SH,2020/11/6,10614809671424.0,8911416908899.0,1093283432092.0,9.28831E+11,5.11222E+11,1.27,2.31,27.75,28.99,2.08
000905.SH,2020/11/9,10805935075970.0,9074576729206.0,1093339932941.0,9.2938E+11,5.11433E+11,1.72,3.13,28.25,29.51,2.12
000905.SH,2020/11/10,10735924497675.0,9010463774013.0,1093662418411.0,9.2926E+11,5.11581E+11,1.53,2.77,28.06,29.32,2.1
000905.SH,2020/11/11,10616405766693.0,8919205217978.0,1093662418411.0,9.30016E+11,5.12199E+11,1.41,2.55,27.75,28.99,2.08
000905.SH,2020/11/12,10651227015846.0,8951456168960.0,1093655999851.0,9.30025E+11,5.12026E+11,1.13,2.04,27.84,29.09,2.08
000905.SH,2020/11/13,10632025149778.0,8930364256210.0,1093655999851.0,9.30026E+11,5.1203E+11,1.15,2.09,27.79,29.04,2.08
000905.SH,2020/11/16,10769276096159.0,9071414522412.0,1093656068577.0,9.30164E+11,5.12132E+11,1.44,2.61,28.15,29.41,2.11
000905.SH,2020/11/17,10691911275773.0,9007479425373.0,1093819471571.0,9.30327E+11,5.12328E+11,1.52,2.76,27.95,29.2,2.09
000905.SH,2020/11/18,10695304835391.0,9007796588653.0,1093821822767.0,9.30344E+11,5.12389E+11,1.44,2.61,27.96,29.21,2.09
000905.SH,2020/11/19,10724122802992.0,9034702081058.0,1093782265218.0,9.30345E+11,5.12509E+11,1.33,2.42,28.03,29.29,2.1
000905.SH,2020/11/20,10840154791467.0,9124022459007.0,1094355893806.0,9.30345E+11,5.12779E+11,1.4,2.55,28.34,29.61,2.12
000905.SH,2020/11/23,10921318758502.0,9202564965954.0,1094355893806.0,9.32665E+11,5.13483E+11,1.95,3.54,28.55,29.83,2.13
000905.SH,2020/11/24,10927743714017.0,9200513166722.0,1094636710443.0,9.32682E+11,5.13513E+11,1.65,3,28.57,29.85,2.13
000905.SH,2020/11/25,10723099447504.0,9023843166577.0,1095765415550.0,9.32749E+11,5.13387E+11,1.65,3,28.03,29.29,2.09
000905.SH,2020/11/26,10705394560404.0,9009294168435.0,1095856411718.0,9.32754E+11,5.13624E+11,1.32,2.4,27.99,29.24,2.09
000905.SH,2020/11/27,10738721037690.0,9036604690013.0,1096871090937.0,9.32769E+11,5.13655E+11,1.3,2.35,28.07,29.33,2.09
000905.SH,2020/11/30,10686061232142.0,9002085386519.0,1097021317213.0,9.33223E+11,5.13976E+11,1.75,3.17,27.93,29.19,2.08
000905.SH,2020/12/1,10858941719221.0,9149088145009.0,1097021317213.0,9.34108E+11,5.14617E+11,1.62,2.93,28.39,29.66,2.11
000905.SH,2020/12/2,10887047624912.0,9163290572288.0,1097539029591.0,9.34032E+11,5.14686E+11,1.6,2.91,28.46,29.74,2.12
000905.SH,2020/12/3,10898835341483.0,9169336391775.0,1097651609706.0,9.34184E+11,5.1507E+11,1.63,2.96,28.49,29.77,2.12
000905.SH,2020/12/4,10931799986731.0,9209014799485.0,1097661817591.0,9.34195E+11,5.15396E+11,1.38,2.5,28.58,29.86,2.13
000905.SH,2020/12/7,10863281704199.0,9152462410137.0,1097661817591.0,9.34382E+11,5.15548E+11,1.3,2.35,28.4,29.67,2.11
000905.SH,2020/12/8,10856131618578.0,9142838404837.0,1097647532382.0,9.34299E+11,5.15528E+11,1.13,2.05,28.38,29.65,2.11
000905.SH,2020/12/9,10663804520214.0,8980435349672.0,1097649262629.0,9.34303E+11,5.15591E+11,1.3,2.36,27.88,29.13,2.07
000905.SH,2020/12/10,10686036604877.0,8995474896658.0,1097690907531.0,9.34303E+11,5.15588E+11,1.18,2.14,27.93,29.19,2.08
000905.SH,2020/12/11,10512470508687.0,8851461103260.0,1097754805382.0,9.34465E+11,5.15891E+11,1.42,2.57,27.48,28.71,2.04
000905.SH,2020/12/14,11057664487984.0,9001841329726.0,1165802388089.0,9.71544E+11,5.29526E+11,1.1,2.02,25.9,27.81,2.02
000905.SH,2020/12/15,11063310958706.0,9010009675110.0,1165851663089.0,9.71552E+11,5.29544E+11,1.01,1.85,25.91,27.83,2.02
000905.SH,2020/12/16,11012217602087.0,8975097785887.0,1165851431464.0,9.71552E+11,5.29549E+11,1.02,1.87,25.79,27.7,2.01
000905.SH,2020/12/17,11137045393964.0,9080845433345.0,1165859737644.0,9.71553E+11,5.29687E+11,1.31,2.41,26.08,28.01,2.04
000905.SH,2020/12/18,11106096201759.0,9062747126154.0,1165859741236.0,9.71609E+11,5.29723E+11,1.32,2.43,26.01,27.94,2.03
000905.SH,2020/12/21,11285883713330.0,9217494900146.0,1165878724570.0,9.72391E+11,5.29942E+11,1.4,2.57,26.43,28.39,2.06
000905.SH,2020/12/22,11022724767618.0,9006051050017.0,1165878724570.0,9.72391E+11,5.29991E+11,1.56,2.86,25.82,27.73,2.01
000905.SH,2020/12/23,11115238879659.0,9078589472433.0,1165878724570.0,9.72393E+11,5.2983E+11,1.48,2.72,26.03,27.96,2.03
000905.SH,2020/12/24,10945876787630.0,8938073293677.0,1165880792370.0,9.72393E+11,5.2983E+11,1.35,2.48,25.64,27.53,2
000905.SH,2020/12/25,11072201554209.0,9046491065434.0,1165880792604.0,9.72393E+11,5.29966E+11,1.38,2.54,25.93,27.85,2.02
000905.SH,2020/12/28,11010554923645.0,9025353306665.0,1165881296604.0,9.72857E+11,5.30461E+11,1.53,2.81,25.79,27.69,2.01
000905.SH,2020/12/29,10934864419232.0,8961287939934.0,1165922647063.0,9.72902E+11,5.30506E+11,1.59,2.91,25.61,27.5,2
000905.SH,2020/12/30,11045525233801.0,9053440212469.0,1165923929363.0,9.73004E+11,5.30466E+11,1.42,2.6,25.87,27.78,2.02
000905.SH,2020/12/31,11220505835764.0,9185335595350.0,1166418687278.0,9.72979E+11,5.30422E+11,1.65,3.02,26.28,28.22,2.05
000905.SH,2021/1/4,11408538885869.0,9345883583383.0,1166457540322.0,9.73001E+11,5.30427E+11,1.92,3.52,26.72,28.7,2.08
000905.SH,2021/1/5,11519060159652.0,9445192843439.0,1166648623139.0,9.73209E+11,5.30627E+11,2.02,3.71,26.98,28.97,2.1
000905.SH,2021/1/6,11506423193832.0,9432841350748.0,1166649154457.0,9.73496E+11,5.30997E+11,1.83,3.36,26.95,28.94,2.1
000905.SH,2021/1/7,11522072515218.0,9446794296337.0,1166649677357.0,9.73695E+11,5.31E+11,2.02,3.71,26.99,28.98,2.1
000905.SH,2021/1/8,11551807640387.0,9479379052989.0,1166846785093.0,9.73792E+11,5.31255E+11,1.86,3.4,27.06,29.06,2.11
000905.SH,2021/1/11,11369634137071.0,9330290725132.0,1166846795173.0,9.73795E+11,5.31339E+11,1.88,3.45,26.63,28.59,2.07
000905.SH,2021/1/12,11518110443294.0,9452065896662.0,1166872232066.0,9.74272E+11,5.31458E+11,1.67,3.05,26.98,28.97,2.1
000905.SH,2021/1/13,11442095003158.0,9389016349625.0,1166872278966.0,9.7432E+11,5.31496E+11,1.9,3.48,26.8,28.78,2.09
000905.SH,2021/1/14,11349369968652.0,9318600161623.0,1166884748966.0,9.74686E+11,5.31496E+11,1.67,3.07,26.58,28.54,2.07
000905.SH,2021/1/15,11320956222638.0,9313716144301.0,1166974449329.0,9.75519E+11,5.3235E+11,1.42,2.6,26.51,28.47,2.06
000905.SH,2021/1/18,11495108402555.0,9483941686489.0,1167041632887.0,9.79005E+11,5.32941E+11,1.4,2.57,26.92,28.91,2.1
000905.SH,2021/1/19,11444149626814.0,9438379758558.0,1167088210650.0,9.79004E+11,5.32993E+11,1.51,2.77,26.8,28.78,2.09
000905.SH,2021/1/20,11546676986667.0,9526540274236.0,1167180346288.0,9.79016E+11,5.33027E+11,1.31,2.41,27.04,29.03,2.1
000905.SH,2021/1/21,11698142910722.0,9643470726574.0,1167725130359.0,9.79016E+11,5.33013E+11,1.6,2.94,27.4,29.41,2.13
000905.SH,2021/1/22,11706295034206.0,9658832309898.0,1167725337822.0,9.79648E+11,5.33251E+11,1.61,2.96,27.42,29.43,2.13
000905.SH,2021/1/25,11714215330453.0,9673448683882.0,1168498568586.0,9.81311E+11,5.33383E+11,1.69,3.11,27.44,29.46,2.13
000905.SH,2021/1/26,11535583546059.0,9523246030970.0,1168521513534.0,9.81585E+11,5.33498E+11,1.46,2.69,27.02,29.01,2.1
000905.SH,2021/1/27,11570327774919.0,9550345091821.0,1168545006719.0,9.81611E+11,5.33524E+11,1.42,2.62,27.1,29.07,2.11
000905.SH,2021/1/28,11319217508604.0,9351431858603.0,1168545050582.0,9.81558E+11,5.33502E+11,1.48,2.71,26.51,28.44,2.06
000905.SH,2021/1/29,11199073179661.0,9250539112938.0,1168553028056.0,9.81558E+11,5.33502E+11,1.49,2.74,26.23,28.12,2.04
000905.SH,2021/2/1,11282593474036.0,9324820418193.0,1168581330318.0,9.8159E+11,5.33593E+11,1.4,2.57,26.42,28.45,2.05
000905.SH,2021/2/2,11390057089434.0,9414040657654.0,1168588528133.0,9.81598E+11,5.33419E+11,1.35,2.48,26.68,28.59,2.07
000905.SH,2021/2/3,11302264898859.0,9354895415742.0,1178316958644.0,9.91431E+11,5.33424E+11,1.47,2.73,26.41,28.36,2.06
000905.SH,2021/2/4,11174675030482.0,9244837301514.0,1178343234554.0,9.91434E+11,5.43306E+11,1.5,2.74,26.11,28.04,2.03
000905.SH,2021/2/5,11030927447330.0,9103558550725.0,1178376822005.0,9.81842E+11,5.33706E+11,1.38,2.53,25.78,27.67,2
000905.SH,2021/2/8,11182944375659.0,9255137594012.0,1178621983094.0,9.8326E+11,5.33895E+11,1.18,2.18,26.13,28.01,2.03
000905.SH,2021/2/9,11417220229996.0,9463476055475.0,1178621951594.0,9.93003E+11,5.43635E+11,1.2,2.19,26.68,28.6,2.07
000905.SH,2021/2/10,11521060244012.0,9558725757237.0,1178624510765.0,9.93032E+11,5.43892E+11,1.2,2.19,26.92,28.83,2.08
000905.SH,2021/2/18,11678481778323.0,9694325071018.0,1178625052220.0,9.93067E+11,5.43894E+11,1.68,3.07,27.29,29.23,2.11
000905.SH,2021/2/19,11820636216362.0,9813873708019.0,1178668644210.0,9.93039E+11,5.43877E+11,1.8,3.29,27.62,29.59,2.13
000905.SH,2021/2/22,11750137769032.0,9770090433302.0,1178669850776.0,9.93285E+11,5.44123E+11,2.39,4.36,27.45,29.41,2.12
000905.SH,2021/2/23,11712086815776.0,9739929837552.0,1178677440361.0,9.93292E+11,5.44151E+11,1.94,3.54,27.37,29.28,2.11
000905.SH,2021/2/24,11555168699226.0,9615418522574.0,1178677826759.0,9.93475E+11,5.44166E+11,1.75,3.19,27,28.89,2.09
000905.SH,2021/2/25,11513074260464.0,9575628716845.0,1178729219856.0,9.93484E+11,5.44256E+11,1.63,2.98,26.9,28.52,2.08
000905.SH,2021/2/26,11265257929745.0,9385723135775.0,1178729657089.0,9.9389E+11,5.44222E+11,1.52,2.77,26.32,27.76,2.03
000905.SH,2021/3/1,11472974004520.0,9569595822038.0,1178732719850.0,9.95186E+11,5.44358E+11,1.59,2.91,26.8,28.22,2.07
000905.SH,2021/3/2,11400467294997.0,9507324930603.0,1178736217071.0,9.96231E+11,5.45514E+11,1.67,3.04,26.63,28.03,2.05
000905.SH,2021/3/3,11566260795269.0,9647918051682.0,1178736556078.0,9.96283E+11,5.45519E+11,1.72,3.13,27.14,28.49,2.08
000905.SH,2021/3/4,11362310078809.0,9475548364557.0,1178737552649.0,9.96275E+11,5.45538E+11,1.95,3.56,26.67,27.99,2.05
000905.SH,2021/3/5,11348715780515.0,9466376999878.0,1178758127291.0,9.96303E+11,5.45546E+11,1.67,3.05,26.64,27.93,2.04
000905.SH,2021/3/8,11107283984980.0,9274438399196.0,1178757984580.0,9.96606E+11,5.45702E+11,1.69,3.09,25.96,27.16,2
000905.SH,2021/3/9,10856720193515.0,9066107279432.0,1178759423831.0,9.96607E+11,5.45702E+11,1.97,3.6,25.37,26.55,1.96
000905.SH,2021/3/10,10783732857227.0,9005118470603.0,1178783414369.0,9.96631E+11,5.45799E+11,1.43,2.61,25.2,26.31,1.94
000905.SH,2021/3/11,11048255521066.0,9234669040809.0,1178786474769.0,9.96927E+11,5.46297E+11,1.61,2.94,25.82,26.93,1.99
000905.SH,2021/3/12,11087057762982.0,9259574610543.0,1178799352676.0,9.96944E+11,5.46335E+11,1.76,3.22,25.91,27.03,2
000905.SH,2021/3/15,11015430562507.0,9194999315296.0,1173470295974.0,9.93911E+11,5.43125E+11,1.72,3.14,25.43,26.52,2
000905.SH,2021/3/16,11063780562226.0,9235086333603.0,1173483128094.0,9.94038E+11,5.43305E+11,1.54,2.81,25.53,26.56,2
000905.SH,2021/3/17,11112140941234.0,9272510107929.0,1173483128094.0,9.94039E+11,5.42942E+11,1.36,2.48,25.61,26.64,2.01
000905.SH,2021/3/18,11204877886636.0,9348058519571.0,1173489050908.0,9.9417E+11,5.43074E+11,1.42,2.59,25.76,26.82,2.03
000905.SH,2021/3/19,11090616926985.0,9250596580463.0,1173489050908.0,9.9417E+11,5.42606E+11,1.44,2.64,25.54,26.56,2.01
000905.SH,2021/3/22,11276567162413.0,9400854644240.0,1173581118401.0,9.94263E+11,5.42627E+11,1.44,2.64,25.99,27,2.04
000905.SH,2021/3/23,11131838258077.0,9271878422539.0,1173799270913.0,9.94369E+11,5.42659E+11,1.52,2.78,25.69,26.67,2.01
000905.SH,2021/3/24,11001179849534.0,9150691391728.0,1173807449413.0,9.94369E+11,5.42799E+11,1.49,2.72,25.37,26.34,1.99
000905.SH,2021/3/25,11018397213197.0,9156480388138.0,1173826894305.0,9.94206E+11,5.42819E+11,1.3,2.38,25.49,26.38,1.99
000905.SH,2021/3/26,11192598718968.0,9297217391547.0,1173902213566.0,9.94206E+11,5.42786E+11,1.3,2.37,25.81,26.77,2.02
000905.SH,2021/3/29,11232879722712.0,9321443839954.0,1174034543808.0,9.94256E+11,5.4305E+11,1.4,2.57,26.25,26.95,2.03
000905.SH,2021/3/30,11281736353633.0,9357420908793.0,1174034288448.0,9.94253E+11,5.44946E+11,1.35,2.47,26.08,26.77,2.04
000905.SH,2021/3/31,11237171073211.0,9320961671351.0,1174033771448.0,9.94343E+11,5.44484E+11,1.26,2.3,25.9,26.63,2.02
000905.SH,2021/4/1,11334877776717.0,9407884832365.0,1174033207927.0,9.94378E+11,5.44503E+11,1.31,2.39,26.1,26.86,2.04
000905.SH,2021/4/2,11350603826980.0,9424305124666.0,1174156950269.0,9.9467E+11,5.42629E+11,1.25,2.28,26.15,26.9,2.04
000905.SH,2021/4/6,11385544594669.0,9448610217724.0,1174157001966.0,9.94683E+11,5.42556E+11,1.12,2.05,26.28,27.03,2.05
000905.SH,2021/4/7,11411579410794.0,9461402227087.0,1174157001966.0,9.94682E+11,5.42555E+11,1.51,2.77,26.31,27.02,2.05
000905.SH,2021/4/8,11418960388256.0,9465029800858.0,1174157002303.0,9.94685E+11,5.4254E+11,1.75,3.2,26.35,27.03,2.06
000905.SH,2021/4/9,11382380676890.0,9439154762447.0,1174157020503.0,9.94592E+11,5.42449E+11,1.42,2.61,26.17,26.93,2.05
000905.SH,2021/4/12,11203452376010.0,9298224878492.0,1174157020683.0,9.94592E+11,5.41622E+11,1.56,2.87,25.79,26.47,2.02
000905.SH,2021/4/13,11159193671852.0,9263142862282.0,1174160661381.0,9.9459E+11,5.42531E+11,1.31,2.4,25.59,26.34,2.01
000905.SH,2021/4/14,11282767706818.0,9368543835579.0,1174160661381.0,9.94668E+11,5.42609E+11,1.18,2.16,25.87,26.72,2.03
000905.SH,2021/4/15,11273804223390.0,9361894049031.0,1174160661460.0,9.9467E+11,5.41935E+11,1.2,2.21,25.93,27.11,2.02
000905.SH,2021/4/16,11386437772649.0,9457256053734.0,1174160661460.0,9.9467E+11,5.42021E+11,1.27,2.34,26.2,27.52,2.04
000905.SH,2021/4/19,11526890244760.0,9572477694839.0,1174162531438.0,9.94672E+11,5.41963E+11,1.43,2.62,26.33,27.66,2.06
000905.SH,2021/4/20,11539198194955.0,9579194917896.0,1174139099014.0,9.94703E+11,5.41178E+11,1.35,2.49,26.38,27.53,2.07
000905.SH,2021/4/21,11524610146649.0,9568300243674.0,1174466987569.0,9.95032E+11,5.4121E+11,1.22,2.24,26.01,27.38,2.06
000905.SH,2021/4/22,11574473803484.0,9613610363578.0,1174466987569.0,9.95001E+11,5.4136E+11,1.26,2.31,26.16,27.26,2.07
000905.SH,2021/4/23,11601649688322.0,9635661963655.0,1174533945039.0,9.95001E+11,5.40685E+11,1.27,2.33,26.27,27.17,2.07
000905.SH,2021/4/26,11564056504942.0,9602599011015.0,1174538342948.0,9.95051E+11,5.38711E+11,1.46,2.69,26.11,26.51,2.07
000905.SH,2021/4/27,11575349456856.0,9609572266260.0,1175359530609.0,9.95287E+11,5.39554E+11,1.26,2.33,26.24,26.29,2.06
000905.SH,2021/4/28,11661869052598.0,9680020426257.0,1175359530609.0,9.95331E+11,5.40461E+11,1.18,2.17,25.43,25.43,2.07
000905.SH,2021/4/29,11670097670893.0,9684452958262.0,1175359997648.0,9.95819E+11,5.40461E+11,1.29,2.37,26.11,25.03,2.07
000905.SH,2021/4/30,11649160875161.0,9671657095016.0,1175362255484.0,9.95793E+11,5.34177E+11,1.45,2.7,28.69,24.48,2.05
000905.SH,2021/5/6,11679144511489.0,9695516746577.0,1175433652327.0,9.95949E+11,5.36911E+11,1.55,2.87,28.82,24.57,2.06
000905.SH,2021/5/7,11616902377617.0,9648801098761.0,1175579796077.0,9.95974E+11,5.36937E+11,1.78,3.31,28.66,24.44,2.05
000905.SH,2021/5/10,11680291830934.0,9709405103492.0,1175573256989.0,9.96013E+11,5.36941E+11,1.9,3.52,28.82,24.57,2.06
000905.SH,2021/5/11,11647139311383.0,9674776627534.0,1175845331962.0,9.96013E+11,5.36973E+11,1.88,3.49,28.74,24.5,2.06
000905.SH,2021/5/12,11740498367253.0,9761981081347.0,1175858891962.0,9.96295E+11,5.37093E+11,1.57,2.91,28.97,24.7,2.07
000905.SH,2021/5/13,11605279820686.0,9660488084575.0,1175925015331.0,9.96647E+11,5.37386E+11,1.6,2.97,28.63,24.41,2.05
000905.SH,2021/5/14,11753562165363.0,9781183962616.0,1176314162680.0,9.96911E+11,5.37722E+11,1.67,3.09,29,24.72,2.08
000905.SH,2021/5/17,11847252959801.0,9855207400431.0,1176375708015.0,9.96982E+11,5.37732E+11,1.6,2.96,29.23,24.92,2.09
000905.SH,2021/5/18,11902540450724.0,9905663467021.0,1176473980796.0,9.97423E+11,5.39317E+11,1.33,2.46,29.37,25.04,2.1
000905.SH,2021/5/19,11866461954855.0,9882066635878.0,1176981905249.0,9.99231E+11,5.41102E+11,1.35,2.5,29.28,24.96,2.1
000905.SH,2021/5/20,11790633658336.0,9828251416237.0,1177602827565.0,1000011782944.0,5.41799E+11,1.62,3,29.09,24.8,2.08
000905.SH,2021/5/21,11783377536705.0,9797823389406.0,1179687207476.0,1000186828302.0,6.09493E+11,1.34,2.2,29.07,24.79,2.08
000905.SH,2021/5/24,11822688486271.0,9844564516088.0,1180760857632.0,1001468913053.0,5.55976E+11,1.37,2.47,29.17,24.87,2.09
000905.SH,2021/5/25,11951672208017.0,9967556030008.0,1180760039172.0,1001647866476.0,5.55564E+11,1.44,2.6,29.49,25.14,2.11
000905.SH,2021/5/26,11970269902894.0,9980632700788.0,1180864022210.0,1001807222331.0,5.42992E+11,1.56,2.88,29.53,25.18,2.11
000905.SH,2021/5/27,12072967368007.0,10063725591995.0,1180863719257.0,1002350377578.0,5.43015E+11,1.45,2.67,29.79,25.39,2.13
000905.SH,2021/5/28,12032842850471.0,10103911891591.0,1180871605835.0,1002730872428.0,5.4308E+11,1.57,2.9,29.69,25.31,2.12
000905.SH,2021/5/31,12141096864486.0,10193432491731.0,1180871605938.0,1002730755973.0,5.43057E+11,1.47,2.71,29.96,25.54,2.14
000905.SH,2021/6/1,12165734427959.0,10210949760669.0,1180871605938.0,1002776437202.0,5.43142E+11,1.61,2.97,30.02,25.59,2.15
000905.SH,2021/6/2,12066252390349.0,10128201236015.0,1180783928933.0,1002786649292.0,5.43137E+11,1.57,2.9,29.77,25.38,2.13
000905.SH,2021/6/3,12043995011755.0,10118581374516.0,1181268460022.0,1003291891080.0,5.43362E+11,1.54,2.85,29.72,25.33,2.13
000905.SH,2021/6/4,12069842762228.0,10146304303111.0,1181458352444.0,1003481004190.0,5.43564E+11,1.37,2.54,29.78,25.39,2.13
000905.SH,2021/6/7,12122262885831.0,10194027149462.0,1181558296141.0,1003837130279.0,5.50659E+11,1.4,2.55,29.91,25.5,2.14
000905.SH,2021/6/8,12046982914169.0,10125423669287.0,1182012408301.0,1004004953453.0,5.50061E+11,1.38,2.52,29.72,25.34,2.13
000905.SH,2021/6/9,12071621349181.0,10154333968680.0,1182791554885.0,1005362698753.0,5.50132E+11,1.36,2.48,29.78,25.39,2.13
000905.SH,2021/6/10,12199064828131.0,10234892354924.0,1183991971753.0,1006031087738.0,5.49984E+11,1.53,2.81,30.1,25.66,2.16
000905.SH,2021/6/11,12146826866633.0,10204874865701.0,1183995019034.0,1006127837426.0,5.50564E+11,1.69,3.08,29.97,25.55,2.15
000905.SH,2021/6/15,12079207143366.0,10024298251780.0,1262234596786.0,1062179134523.0,5.71065E+11,1.43,2.67,24.67,21.54,1.96
000905.SH,2021/6/16,11912052317149.0,9885466993441.0,1262421048172.0,1062534859421.0,5.71394E+11,1.29,2.39,24.33,21.24,1.93
000905.SH,2021/6/17,12001575931567.0,9957947197124.0,1262421050030.0,1062653072655.0,5.7139E+11,1.17,2.18,24.51,21.4,1.95
000905.SH,2021/6/18,12064808252306.0,10010749242327.0,1262768799904.0,1062967437856.0,5.71461E+11,1.3,2.42,24.64,21.51,1.96
000905.SH,2021/6/21,12165375012277.0,10104047244026.0,1262921358197.0,1064381233684.0,5.72265E+11,1.34,2.5,24.85,21.69,1.97
000905.SH,2021/6/22,12237755232620.0,10158095661609.0,1263056691492.0,1064381233684.0,5.72267E+11,1.38,2.56,25,21.82,1.98
000905.SH,2021/6/23,12326200886299.0,10230285791578.0,1263538944602.0,1064382365852.0,5.72276E+11,1.46,2.71,25.18,21.98,2
000905.SH,2021/6/24,12254676349786.0,10186217056543.0,1263605909979.0,1065609054465.0,5.72483E+11,1.36,2.53,25.03,21.85,1.99
000905.SH,2021/6/25,12363753695905.0,10273161013756.0,1263565005710.0,1065728176194.0,5.71593E+11,1.42,2.65,25.25,22.04,2
000905.SH,2021/6/28,12368906665010.0,10301197887617.0,1263930758485.0,1066189877569.0,5.71009E+11,1.36,2.55,25.26,22.05,2.01
000905.SH,2021/6/29,12263949417887.0,10218531754370.0,1264042192328.0,1066396218521.0,5.71084E+11,1.28,2.39,25.05,21.87,1.99
000905.SH,2021/6/30,12342534670104.0,10281994257285.0,1264086780549.0,1066403752304.0,5.71167E+11,1.18,2.2,25.21,22.01,2
000905.SH,2021/7/1,12193460506918.0,10164082558511.0,1264086682583.0,1066403775040.0,5.69414E+11,1.3,2.43,24.91,21.74,1.98
000905.SH,2021/7/2,12084237529881.0,10074693715934.0,1263910197670.0,1066319649773.0,5.69419E+11,1.28,2.4,24.68,21.54,1.97
000905.SH,2021/7/5,12167658757676.0,10140068585796.0,1264787069300.0,1067119105201.0,5.69202E+11,1.26,2.37,24.85,21.69,1.98
000905.SH,2021/7/6,12155152728825.0,10141547661704.0,1264927672800.0,1067261854908.0,5.69908E+11,1.36,2.54,24.83,21.67,1.98
000905.SH,2021/7/7,12245167632358.0,10214031369877.0,1265405017193.0,1067654997478.0,5.70093E+11,1.38,2.59,25.01,21.83,2
000905.SH,2021/7/8,12194209400240.0,10166281514171.0,1265570180937.0,1067655718722.0,5.70093E+11,1.49,2.8,24.91,21.74,1.99
000905.SH,2021/7/9,12281693565428.0,10251110812010.0,1265544484871.0,1067821928996.0,5.70432E+11,1.56,2.91,25.09,21.88,2
000905.SH,2021/7/12,12443952164762.0,10383583752109.0,1265547277371.0,1067848311391.0,5.70458E+11,1.81,3.39,25.42,22.16,2.02
000905.SH,2021/7/13,12557879198556.0,10488136449379.0,1265547277371.0,1067848311391.0,5.70459E+11,1.68,3.15,25.65,22.37,2.04
000905.SH,2021/7/14,12453523070586.0,10397881095565.0,1265739567809.0,1068040715738.0,5.70692E+11,1.61,3.01,25.44,22.18,2.03
000905.SH,2021/7/15,12510257160537.0,10447990759795.0,1266020380363.0,1068046956488.0,5.70635E+11,1.62,3.04,25.55,22.34,2.03
000905.SH,2021/7/16,12485828393917.0,10440827438070.0,1266020114138.0,1068327807916.0,5.70741E+11,1.73,3.24,25.5,22.29,2.03
000905.SH,2021/7/19,12430340511218.0,10386972527275.0,1266020274138.0,1068406964316.0,5.70891E+11,1.59,2.97,25.39,22.16,2.02
000905.SH,2021/7/20,12445298153664.0,10393732358939.0,1266008259138.0,1068408572055.0,5.71036E+11,1.31,2.45,25.42,22.18,2.03
000905.SH,2021/7/21,12583057417771.0,10507205531463.0,1266008243343.0,1068408572055.0,5.71038E+11,1.53,2.85,25.7,22.42,2.05
000905.SH,2021/7/22,12661155424392.0,10577704617907.0,1266008243343.0,1068715159855.0,5.71062E+11,1.78,3.33,25.86,22.56,2.06
000905.SH,2021/7/23,12578527144231.0,10506441830990.0,1266008243343.0,1068635753932.0,5.70984E+11,2.11,3.94,25.69,22.41,2.04
000905.SH,2021/7/26,12366238263706.0,10337366795644.0,1266181108039.0,1069940031957.0,5.72039E+11,1.95,3.64,25.26,22.03,2.02
000905.SH,2021/7/27,12124359237828.0,10129396272647.0,1266792325585.0,1070077367087.0,5.71703E+11,2.14,4,24.77,21.55,1.98
000905.SH,2021/7/28,11952456004118.0,9985822789045.0,1266778112621.0,1070065536968.0,5.71769E+11,1.84,3.45,24.41,21.22,1.95
000905.SH,2021/7/29,12183729752002.0,10181279645374.0,1266778122666.0,1070065760324.0,5.71833E+11,1.6,2.99,24.89,21.57,1.99
000905.SH,2021/7/30,12214047823295.0,10198305948106.0,1266833964166.0,1070071851456.0,5.71839E+11,1.77,3.32,24.95,21.63,2
000905.SH,2021/8/2,12359030452131.0,10340529340507.0,1266833935096.0,1070897774993.0,5.71472E+11,1.93,3.61,25.24,21.9,2.01
000905.SH,2021/8/3,12271779175858.0,10271710732505.0,1266834848968.0,1071148143093.0,5.71526E+11,1.81,3.4,25.07,21.69,2
000905.SH,2021/8/4,12460408426288.0,10439093797264.0,1266834718968.0,1071344268089.0,5.71722E+11,1.62,3.04,25.45,22.02,2.03
000905.SH,2021/8/5,12410443765449.0,10413242520425.0,1266834718968.0,1072093168164.0,5.71733E+11,1.67,3.14,25.35,21.93,2.03
000905.SH,2021/8/6,12446838738778.0,10452419580566.0,1267008114087.0,1072110254755.0,5.70186E+11,1.61,3.02,25.42,21.97,2.03
000905.SH,2021/8/9,12554005956010.0,10537384856161.0,1267007086537.0,1072111973771.0,5.70532E+11,1.62,3.05,25.64,22.18,2.05
000905.SH,2021/8/10,12631752597320.0,10598028966062.0,1267436276456.0,1072112227243.0,5.69458E+11,1.61,3.04,25.8,22.26,2.06
000905.SH,2021/8/11,12741125311453.0,10696996707259.0,1267439383632.0,1072115334419.0,5.69461E+11,1.76,3.31,26.02,22.45,2.07
000905.SH,2021/8/12,12776718873183.0,10729592895654.0,1267439383632.0,1072236177398.0,5.69472E+11,1.81,3.41,26.1,22.52,2.08
000905.SH,2021/8/13,12770805962594.0,10729370569243.0,1267437609262.0,1072236548949.0,5.69495E+11,1.79,3.37,26.09,22.46,2.08
000905.SH,2021/8/16,12744792735724.0,10700917417904.0,1267437614772.0,1072263106657.0,5.69359E+11,1.76,3.31,26.03,22.34,2.08
000905.SH,2021/8/17,12460790352177.0,10464564773903.0,1267444749852.0,1072232041883.0,5.69355E+11,1.88,3.55,25.45,21.84,2.03
000905.SH,2021/8/18,12553675168672.0,10546411245287.0,1267439708732.0,1072329642585.0,5.69047E+11,1.64,3.08,25.64,21.68,2.04
000905.SH,2021/8/19,12552842558972.0,10547577941414.0,1267439708732.0,1072329642585.0,5.69046E+11,1.6,3.02,25.64,21.67,2.04
000905.SH,2021/8/20,12516702311860.0,10523837582879.0,1267439233732.0,1073022477668.0,5.69562E+11,1.64,3.08,25.57,21.45,2.03
000905.SH,2021/8/23,12726837131320.0,10702253081050.0,1267465753219.0,1073550210109.0,5.69049E+11,1.76,3.33,26,21.65,2.06
000905.SH,2021/8/24,12851429137027.0,10777087878083.0,1267468441767.0,1073551210764.0,5.69472E+11,1.89,3.56,26.25,21.68,2.08
000905.SH,2021/8/25,12981260894807.0,10885463350226.0,1267468441767.0,1073596059912.0,5.69532E+11,1.85,3.48,26.52,21.78,2.09
000905.SH,2021/8/26,12957847877987.0,10874629473133.0,1267468375717.0,1073580785044.0,5.69558E+11,2.14,4.04,26.47,21.61,2.09
000905.SH,2021/8/27,13066933738116.0,10969558116707.0,1267468375717.0,1073897373522.0,5.65136E+11,2.08,3.96,26.69,21.63,2.1
000905.SH,2021/8/30,13144760241007.0,11034665846144.0,1267468385806.0,1074107798895.0,5.69875E+11,2.33,4.4,26.85,21.27,2.1
000905.SH,2021/8/31,13202465934629.0,11106543265010.0,1267468385950.0,1076496499672.0,5.69049E+11,2.28,4.31,26.97,21.44,2.11
000905.SH,2021/9/1,13115735604196.0,11046004195953.0,1267535367365.0,1076991606285.0,5.66612E+11,2.74,5.22,26.79,21.3,2.09
000905.SH,2021/9/2,13333550005023.0,11229063074021.0,1267666654831.0,1077103493751.0,5.67938E+11,2.35,4.46,27.23,21.65,2.13
000905.SH,2021/9/3,13294847784881.0,11187316649884.0,1267749294592.0,1077105225938.0,5.6794E+11,2.68,5.09,27.16,21.59,2.12
000905.SH,2021/9/6,13430012358233.0,11298845385111.0,1267753080092.0,1077108436678.0,5.68133E+11,2.38,4.5,27.43,21.81,2.14
000905.SH,2021/9/7,13695836063389.0,11524346744094.0,1267749745292.0,1077108436678.0,5.68149E+11,2.42,4.59,27.97,22.24,2.18
000905.SH,2021/9/8,13805264550981.0,11594365795789.0,1268926215880.0,1077108436678.0,5.68172E+11,2.53,4.8,28.2,22.42,2.2
000905.SH,2021/9/9,13968397541069.0,11733427659010.0,1268933651289.0,1077114959506.0,5.68249E+11,2.67,5.05,28.53,22.68,2.22
000905.SH,2021/9/10,13940001586659.0,11707541816317.0,1268933651289.0,1077198702461.0,5.68376E+11,2.72,5.16,28.47,22.64,2.22
000905.SH,2021/9/13,14026123481465.0,11803450921323.0,1271444538202.0,1079951767262.0,5.68962E+11,2.44,4.63,28.84,22.65,2.23
000905.SH,2021/9/14,13856792493033.0,11655732459704.0,1271444542829.0,1079951853039.0,5.69022E+11,2.51,4.77,28.49,22.38,2.2
000905.SH,2021/9/15,13924684113749.0,11709007195069.0,1271444542829.0,1079951853039.0,5.69315E+11,2.16,4.1,28.63,22.49,2.21
000905.SH,2021/9/16,13682408456557.0,11498217365515.0,1271389577290.0,1079896887500.0,5.69343E+11,2.48,4.7,28.13,22.1,2.17
000905.SH,2021/9/17,13586425153916.0,11403397616737.0,1271390812235.0,1079908171208.0,5.69384E+11,2.16,4.1,27.94,21.94,2.16
000905.SH,2021/9/22,13722461484847.0,11532830719385.0,1271401873281.0,1083185467079.0,5.72578E+11,1.82,3.44,28.21,22.16,2.18
000905.SH,2021/9/23,13782534909446.0,11598149223465.0,1271407407494.0,1083211901743.0,5.72605E+11,2.23,4.21,28.34,22.26,2.19
000905.SH,2021/9/24,13559590729585.0,11404617343704.0,1271407410039.0,1083214141828.0,5.73002E+11,2.14,4.04,27.88,21.9,2.15
000905.SH,2021/9/27,13189247546717.0,11084400668823.0,1271637817077.0,1084012903459.0,5.73454E+11,2.21,4.18,27.12,21.3,2.1
000905.SH,2021/9/28,13357175498504.0,11151907896045.0,1313329031602.0,1095683721620.0,5.85111E+11,1.85,3.47,27.2,21.36,2.1
000905.SH,2021/9/29,12970115222730.0,10825081875889.0,1314148730932.0,1096484020376.0,5.85554E+11,1.92,3.6,26.41,20.74,2.04
000905.SH,2021/9/30,13139480209246.0,10958782751244.0,1314151006932.0,1096513693221.0,5.85608E+11,1.85,3.46,26.76,21.01,2.07
000905.SH,2021/10/8,13092247558658.0,10945377619972.0,1314180313240.0,1097115073506.0,5.86209E+11,1.87,3.51,26.66,20.94,2.05
000905.SH,2021/10/11,13065344534302.0,10945511137996.0,1314644112325.0,1097724520001.0,5.86696E+11,1.78,3.33,26.61,20.9,2.05
000905.SH,2021/10/12,12824125599980.0,10733423938072.0,1314767940547.0,1097724759767.0,5.86717E+11,1.84,3.44,26.12,20.49,2.01
000905.SH,2021/10/13,12839135887986.0,10757597740285.0,1314589979597.0,1097552102718.0,5.86618E+11,1.48,2.77,26.15,20.5,2.01
000905.SH,2021/10/14,12879213883059.0,10797373805860.0,1314589925675.0,1097552108796.0,5.86618E+11,1.41,2.64,26.23,20.57,2.02
000905.SH,2021/10/15,12910518437875.0,10823355767749.0,1314589925675.0,1097553355217.0,5.86882E+11,1.59,2.97,26.29,20.57,2.02
000905.SH,2021/10/18,13003756670635.0,10892059700955.0,1314595240049.0,1097558669591.0,5.86882E+11,1.6,2.99,26.48,20.71,2.04
000905.SH,2021/10/19,13112596053041.0,10982057704934.0,1315180459833.0,1097827977203.0,5.86935E+11,1.53,2.86,26.7,20.88,2.05
000905.SH,2021/10/20,13105235814846.0,10989872092335.0,1315237209805.0,1099527460536.0,5.87944E+11,1.55,2.9,26.69,20.88,2.05
000905.SH,2021/10/21,13076369983791.0,10972495801836.0,1315232554805.0,1099527460536.0,5.88002E+11,1.53,2.86,26.63,20.82,2.04
000905.SH,2021/10/22,12932314909423.0,10854136787420.0,1315812117412.0,1099959004362.0,5.89074E+11,1.56,2.91,26.34,20.57,2.02
000905.SH,2021/10/25,13075981027311.0,10964708950868.0,1316005220664.0,1100399678378.0,5.8988E+11,1.45,2.7,26.63,20.65,2.04
000905.SH,2021/10/26,13066096419721.0,10950498386671.0,1316592454734.0,1100424557194.0,5.89885E+11,1.59,2.97,26.61,20.56,2.03
000905.SH,2021/10/27,12953918259835.0,10859990776749.0,1316592454734.0,1101132998280.0,5.90084E+11,1.63,3.03,26.38,20.34,2.01
000905.SH,2021/10/28,12779379294550.0,10702766268385.0,1316589984251.0,1100831649428.0,5.89813E+11,1.71,3.19,26.03,19.82,1.98
000905.SH,2021/10/29,12888114761289.0,10798603504512.0,1316798236023.0,1100838560169.0,5.87422E+11,1.55,2.91,26.25,19.77,1.96
000905.SH,2021/11/1,12956726170488.0,10862932577052.0,1316798236023.0,1100905136177.0,5.90431E+11,1.67,3.12,26.39,19.94,1.95
000905.SH,2021/11/2,12919308586139.0,10751719775443.0,1324574328517.0,1101111460317.0,5.90883E+11,1.78,3.32,26.31,19.89,1.91
000905.SH,2021/11/3,12993502824125.0,10809009051060.0,1324574423217.0,1101112318558.0,5.90896E+11,1.37,2.55,26.46,20,1.92
000905.SH,2021/11/4,13087563018902.0,10887018245592.0,1324745567228.0,1101112831082.0,5.90933E+11,1.39,2.58,26.65,20.15,1.94
000905.SH,2021/11/5,12902142017346.0,10738708906744.0,1324952223650.0,1101232407504.0,5.91153E+11,1.61,3,26.28,19.86,1.91
000905.SH,2021/11/8,12956657268804.0,10792322674432.0,1325117803368.0,1101585267260.0,5.91376E+11,1.33,2.47,26.39,19.94,1.92
000905.SH,2021/11/9,13057385613103.0,10864731260512.0,1325582284242.0,1101647071957.0,5.9071E+11,1.29,2.4,26.59,20.1,1.93
000905.SH,2021/11/10,13019354953714.0,10833760059952.0,1325582284242.0,1101647071957.0,5.90945E+11,1.47,2.74,26.51,20.04,1.93
000905.SH,2021/11/11,13137091952953.0,10929351718162.0,1325596061815.0,1101577253567.0,5.90875E+11,1.5,2.8,26.75,20.22,1.94
000905.SH,2021/11/12,13200123006041.0,10980125794901.0,1325595134305.0,1101577258567.0,5.90899E+11,1.53,2.85,26.88,20.32,1.95
000905.SH,2021/11/15,13093572191409.0,10893321628217.0,1325628838918.0,1101609698065.0,5.90929E+11,1.46,2.73,26.67,20.15,1.94
000905.SH,2021/11/16,13007330029629.0,10814867105458.0,1325652037496.0,1101609698065.0,5.90955E+11,1.47,2.75,26.49,20.02,1.92
000905.SH,2021/11/17,13108924557491.0,10897863366391.0,1325569629715.0,1101512415184.0,5.90946E+11,1.27,2.38,26.7,20.18,1.94
000905.SH,2021/11/18,13078130213978.0,10875246536046.0,1325569322756.0,1101513626563.0,5.90956E+11,1.48,2.75,26.63,20.13,1.93
000905.SH,2021/11/19,13236355458471.0,11008706169468.0,1325833684988.0,1102500804056.0,5.92268E+11,1.62,3.01,26.96,20.37,1.96
000905.SH,2021/11/22,13391258886062.0,11146601567327.0,1327195407197.0,1103195286257.0,5.92135E+11,1.64,3.05,27.27,20.61,1.98
000905.SH,2021/11/23,13409297537926.0,11163756163930.0,1327195407197.0,1103195286257.0,5.92124E+11,1.72,3.2,27.31,20.64,1.98
000905.SH,2021/11/24,13414406505777.0,11168055767032.0,1327195407197.0,1103128024865.0,5.91385E+11,1.61,3,27.32,20.65,1.98
000905.SH,2021/11/25,13364068052824.0,11127199351830.0,1327200566125.0,1103133183793.0,5.90194E+11,1.49,2.78,27.22,20.57,1.98
000905.SH,2021/11/26,13328005292547.0,11106600161260.0,1327200206805.0,1103133155680.0,5.9105E+11,1.45,2.7,27.14,20.52,1.97
000905.SH,2021/11/29,13354082570007.0,11108911376023.0,1328741562557.0,1103133155680.0,5.91075E+11,1.51,2.82,27.2,20.56,1.97
000905.SH,2021/11/30,13391888117708.0,11145303823149.0,1328740840365.0,1103133457718.0,5.91076E+11,1.69,3.15,27.27,20.61,1.98
000905.SH,2021/12/1,13428243698469.0,11174612811176.0,1328740840365.0,1103128630361.0,5.91075E+11,1.56,2.91,27.35,20.67,1.98
000905.SH,2021/12/2,13373185703312.0,11123788150775.0,1328748920981.0,1103130693877.0,5.9108E+11,1.6,2.99,27.24,20.58,1.97
000905.SH,2021/12/3,13525852160559.0,11237969690503.0,1328748572981.0,1103099984454.0,5.91082E+11,1.69,3.15,27.55,20.82,2
000905.SH,2021/12/6,13411103492853.0,11150047981124.0,1328751490793.0,1103099429170.0,5.91088E+11,1.93,3.6,27.31,20.64,1.98
000905.SH,2021/12/7,13368554232111.0,11114196554571.0,1328748647393.0,1103162650719.0,5.89974E+11,1.74,3.26,27.23,20.58,1.97
000905.SH,2021/12/8,13526109766966.0,11255391393673.0,1328749146881.0,1103280871300.0,5.90095E+11,1.53,2.87,27.55,20.82,2
000905.SH,2021/12/9,13565445185354.0,11293907515236.0,1328749146881.0,1103427683937.0,5.90283E+11,1.78,3.32,27.63,20.88,2
000905.SH,2021/12/10,13540987234693.0,11275677534709.0,1328749767521.0,1103613372161.0,5.9042E+11,1.7,3.17,27.58,20.84,2
000905.SH,2021/12/13,13934330576552.0,11331039297556.0,1337026246175.0,1122856554982.0,5.97125E+11,1.65,3.1,25.72,20.25,1.99
000905.SH,2021/12/14,13874975501901.0,11283891254687.0,1337154675642.0,1122990289646.0,5.9709E+11,1.42,2.67,25.61,20.16,1.98
000905.SH,2021/12/15,13882283952038.0,11280327615356.0,1337542754988.0,1123052339676.0,5.97113E+11,1.42,2.68,25.62,20.18,1.98
000905.SH,2021/12/16,14036634286576.0,11393231518097.0,1338635676350.0,1123079504595.0,5.97166E+11,1.58,2.98,25.91,20.4,2
000905.SH,2021/12/17,13927629819783.0,11305002024330.0,1338637171962.0,1123080942957.0,5.97498E+11,1.75,3.28,25.71,20.24,1.98
000905.SH,2021/12/20,13711804004629.0,11135135740524.0,1339725207145.0,1123661574041.0,5.98026E+11,1.62,3.04,25.31,19.93,1.95
000905.SH,2021/12/21,13862561415733.0,11267204317104.0,1339727189081.0,1123703542585.0,5.9662E+11,1.57,2.95,25.59,20.15,1.97
000905.SH,2021/12/22,13908517756487.0,11301289028765.0,1340041438674.0,1123713516302.0,5.96613E+11,1.55,2.92,25.67,20.21,1.97
000905.SH,2021/12/23,13991488959572.0,11359359331111.0,1341176413761.0,1123719405330.0,5.975E+11,1.51,2.83,25.82,20.33,1.99
000905.SH,2021/12/24,13888468287479.0,11281461184105.0,1341785361347.0,1123817263410.0,5.97664E+11,1.51,2.83,25.63,20.18,1.97
000905.SH,2021/12/27,13882961096194.0,11289574362223.0,1341784484049.0,1123941689689.0,5.97744E+11,1.32,2.49,25.62,20.18,1.97
000905.SH,2021/12/28,13892388486751.0,11291457917451.0,1342593766189.0,1123972289563.0,5.96509E+11,1.27,2.4,25.64,20.19,1.97
000905.SH,2021/12/29,13815485042247.0,11232010726478.0,1342610151608.0,1123994374982.0,5.96461E+11,1.21,2.28,25.5,20.08,1.96
000905.SH,2021/12/30,13924646262390.0,11323438882883.0,1342612917530.0,1124034665479.0,5.968E+11,1.26,2.37,25.7,20.24,1.97
000905.SH,2021/12/31,14012337754113.0,11414974250183.0,1342872092756.0,1125757671490.0,5.97859E+11,1.33,2.51,25.86,20.36,1.98
000905.SH,2022/1/4,13998834587978.0,11415406063179.0,1342872100654.0,1127597770718.0,5.99092E+11,1.78,3.35,25.84,20.34,1.98
000905.SH,2022/1/5,13769988165767.0,11217143521779.0,1343367823600.0,1127763891328.0,5.99273E+11,1.72,3.24,25.41,20.01,1.95
000905.SH,2022/1/6,13795723014207.0,11233583905567.0,1343369280212.0,1127766556609.0,5.99782E+11,1.54,2.89,25.46,20.05,1.96
000905.SH,2022/1/7,13707094756029.0,11164817856785.0,1343898256262.0,1127766754045.0,6.00164E+11,1.77,3.33,25.3,19.92,1.94
000905.SH,2022/1/10,13741478264916.0,11194761070930.0,1344226166573.0,1129212361831.0,6.00198E+11,1.47,2.76,25.36,19.97,1.95
000905.SH,2022/1/11,13646322995091.0,11121379742182.0,1344227028921.0,1129500380608.0,6.00683E+11,1.5,2.82,25.19,19.84,1.93
000905.SH,2022/1/12,13745040207570.0,11208463857928.0,1344226202115.0,1129508250352.0,6.00725E+11,1.38,2.6,25.37,19.98,1.95
000905.SH,2022/1/13,13562490755400.0,11054791860381.0,1344997832928.0,1129498689656.0,6.01506E+11,1.5,2.81,25.03,19.71,1.92
000905.SH,2022/1/14,13504894585554.0,11007328407010.0,1345176404356.0,1129498722093.0,6.01508E+11,1.55,2.92,24.93,19.62,1.91
000905.SH,2022/1/17,13624015961324.0,11125324911034.0,1345176460860.0,1131936826301.0,6.02358E+11,1.43,2.69,25.15,19.78,1.93
000905.SH,2022/1/18,13660278807386.0,11175240406199.0,1345176505188.0,1133882057165.0,6.02388E+11,1.58,2.98,25.21,19.83,1.93
000905.SH,2022/1/19,13591963814179.0,11124525096231.0,1345176505188.0,1135681127467.0,6.02653E+11,1.44,2.71,25.09,19.74,1.92
000905.SH,2022/1/20,13505723557566.0,11047854339822.0,1345364373382.0,1135681474668.0,6.02668E+11,1.49,2.8,24.93,19.6,1.91
000905.SH,2022/1/21,13356035020679.0,10943600129063.0,1345365441617.0,1139203653668.0,6.0287E+11,1.27,2.4,24.65,19.38,1.89
000905.SH,2022/1/24,13358861272886.0,10956224187793.0,1345365009284.0,1140631733587.0,6.03115E+11,1.08,2.03,24.66,19.38,1.89
000905.SH,2022/1/25,12915659699723.0,10598192486230.0,1345365009284.0,1141326127533.0,6.03107E+11,1.32,2.49,23.84,18.73,1.83
000905.SH,2022/1/26,12998045824127.0,10660399270600.0,1345365009284.0,1141326243254.0,6.03132E+11,1.06,2,23.99,18.85,1.84
000905.SH,2022/1/27,12676434599162.0,10394997253680.0,1345365874504.0,1141326958461.0,6.0382E+11,1.1,2.07,23.4,18.38,1.79
000905.SH,2022/1/28,12617707300103.0,10353545869366.0,1345379154504.0,1141588364769.0,6.04704E+11,1.11,2.1,23.29,18.29,1.78
000905.SH,2022/2/7,12837722137511.0,10529376590383.0,1345379154624.0,1141920943289.0,6.05141E+11,1.27,2.4,23.69,18.62,1.82
000905.SH,2022/2/8,12972061982697.0,10647244036146.0,1345354783098.0,1141898788600.0,6.05243E+11,1.4,2.64,23.94,18.82,1.83
000905.SH,2022/2/9,13151611310636.0,10805552328415.0,1345355008916.0,1141899014418.0,6.05243E+11,1.43,2.69,24.27,19.08,1.86
000905.SH,2022/2/10,13161083123108.0,10821201339043.0,1345355008916.0,1142235824137.0,6.0558E+11,1.36,2.56,24.29,19.09,1.86
000905.SH,2022/2/11,12993759288600.0,10679001574401.0,1345355009046.0,1142235143194.0,6.05433E+11,1.4,2.64,23.98,18.85,1.84
000905.SH,2022/2/14,12882071852485.0,10590016420738.0,1345394936983.0,1142242579047.0,6.05451E+11,1.2,2.26,23.78,18.69,1.82
000905.SH,2022/2/15,12984415331186.0,10676322044904.0,1345384558532.0,1142429098302.0,6.05444E+11,0.99,1.86,23.97,18.84,1.83
000905.SH,2022/2/16,13019687773293.0,10702962055411.0,1345550760526.0,1142429470802.0,6.05444E+11,0.95,1.79,24.03,18.89,1.83
000905.SH,2022/2/17,13007775080610.0,10689308949722.0,1345550760526.0,1142428724985.0,6.05447E+11,1.08,2.03,23.9,18.9,1.83
000905.SH,2022/2/18,13143779458104.0,10804749690887.0,1345606540526.0,1142427682291.0,6.05467E+11,1.23,2.31,24.15,19.09,1.85
000905.SH,2022/2/21,13194671205335.0,10876095384957.0,1345668841926.0,1143961200915.0,6.05506E+11,1.27,2.4,24.24,19.15,1.86
000905.SH,2022/2/22,13046970065567.0,10754976483822.0,1345668841926.0,1143964984040.0,6.05511E+11,1.3,2.45,23.97,18.93,1.84
000905.SH,2022/2/23,13223770860534.0,10906131392191.0,1345668841926.0,1145153149434.0,6.056E+11,1.26,2.38,24.29,19.19,1.86
000905.SH,2022/2/24,13002777474098.0,10718350573600.0,1345818917889.0,1145153126873.0,6.05988E+11,1.84,3.48,23.89,18.86,1.83
000905.SH,2022/2/25,13109073977219.0,10800037639865.0,1346194843465.0,1145188129294.0,6.05878E+11,1.37,2.58,24.08,19.01,1.84
000905.SH,2022/2/28,13178465307336.0,10851634586019.0,1346196561744.0,1145130365323.0,6.05824E+11,1.22,2.3,24.2,19.19,1.86
000905.SH,2022/3/1,13215004202275.0,10896468488385.0,1346196709304.0,1147067086644.0,6.06148E+11,1.2,2.27,24.27,19.24,1.86
000905.SH,2022/3/2,13233379670952.0,10910181753573.0,1346200767254.0,1147067094523.0,6.06172E+11,1.2,2.26,24.3,19.23,1.86
000905.SH,2022/3/3,13234495992621.0,10911392243004.0,1346200924137.0,1147067251406.0,6.06419E+11,1.65,3.12,24.31,19.2,1.86
000905.SH,2022/3/4,13136199145877.0,10825222996425.0,1346786086388.0,1146664502329.0,6.07274E+11,1.55,2.92,24.08,18.98,1.85
000905.SH,2022/3/7,12864632838880.0,10616611913308.0,1346786086388.0,1147488058366.0,6.0654E+11,1.45,2.74,23.57,18.5,1.81
000905.SH,2022/3/8,12414861418721.0,10252668335930.0,1346785868775.0,1147663238024.0,6.06713E+11,1.62,3.07,22.75,17.84,1.74
000905.SH,2022/3/9,12181155178251.0,10053498427406.0,1346911477203.0,1147788846452.0,6.07919E+11,1.72,3.25,22.32,17.5,1.71
000905.SH,2022/3/10,12379516465511.0,10225952041163.0,1346911327203.0,1147801920627.0,6.07942E+11,1.33,2.52,22.65,17.79,1.74
000905.SH,2022/3/11,12481111208094.0,10317839340319.0,1346911327203.0,1147881953517.0,6.07988E+11,1.33,2.5,22.81,17.92,1.75
000905.SH,2022/3/14,12187875534581.0,10079510353723.0,1346923873903.0,1147882204817.0,6.07888E+11,1.2,2.27,22.26,17.49,1.71
000905.SH,2022/3/15,11496114710669.0,9494434718997.0,1346925177573.0,1147932251866.0,6.08033E+11,1.7,3.2,20.86,16.49,1.61
000905.SH,2022/3/16,11866488014360.0,9803086794792.0,1346959020000.0,1147970630785.0,6.08038E+11,1.56,2.94,21.48,17.02,1.66
000905.SH,2022/3/17,12070969765124.0,9972468992840.0,1346959021200.0,1147970631985.0,6.08112E+11,1.48,2.8,21.83,17.23,1.69
000905.SH,2022/3/18,12208888200625.0,10090161392247.0,1346959021200.0,1147970688044.0,6.08106E+11,1.33,2.51,22.02,17.45,1.71
000905.SH,2022/3/21,12249306774531.0,10159106203936.0,1346959021200.0,1148120915123.0,6.08111E+11,1.39,2.63,21.99,17.54,1.72
000905.SH,2022/3/22,12253544385772.0,10166854630014.0,1346958999600.0,1148114092623.0,6.08116E+11,1.32,2.48,21.26,17.5,1.74
000905.SH,2022/3/23,12317760071835.0,10224343728940.0,1346959023600.0,1148114116623.0,6.08589E+11,1.25,2.35,21.26,17.62,1.75
000905.SH,2022/3/24,12228054598216.0,10149917850651.0,1346959026235.0,1148114119158.0,6.08686E+11,1.2,2.26,20.96,17.5,1.74
000905.SH,2022/3/25,12083943865121.0,10032279035342.0,1346959026235.0,1148114119158.0,6.09018E+11,1.18,2.22,20.7,17.29,1.72
000905.SH,2022/3/28,12127420466743.0,10073546573179.0,1346959026441.0,1150230493245.0,6.09957E+11,1.26,2.37,20.89,17.44,1.72
000905.SH,2022/3/29,12064430911907.0,10028038262146.0,1346959026441.0,1150230472043.0,6.09852E+11,1.23,2.32,20.49,17.51,1.72
000905.SH,2022/3/30,12299306828188.0,10221441958808.0,1346959026441.0,1150230773489.0,6.09943E+11,1.43,2.69,21.08,18.09,1.75
000905.SH,2022/3/31,12214271495535.0,10152003127682.0,1346958925641.0,1150222631464.0,6.12618E+11,1.54,2.89,20.15,18.12,1.74
000905.SH,2022/4/1,12300077789133.0,10219323592590.0,1346959667122.0,1150235761517.0,6.12421E+11,1.52,2.86,20.3,18.25,1.75
000905.SH,2022/4/6,12295199875114.0,10227333996244.0,1346969275939.0,1150663224757.0,6.12372E+11,1.71,3.21,20.26,18.24,1.75
000905.SH,2022/4/7,12044582643122.0,10017839576838.0,1346969291532.0,1150670146644.0,6.11906E+11,1.66,3.12,19.84,17.87,1.71
000905.SH,2022/4/8,12068417393963.0,10032933277976.0,1346969300631.0,1150670155743.0,6.11932E+11,1.6,3.01,19.74,17.92,1.72
000905.SH,2022/4/11,11702203305349.0,9733467115858.0,1346969240631.0,1150749878164.0,6.12239E+11,1.55,2.91,19.01,17.39,1.67
000905.SH,2022/4/12,11882386628028.0,9890229661342.0,1346970931235.0,1150754486105.0,6.10925E+11,1.5,2.83,19.29,17.7,1.69
000905.SH,2022/4/13,11739265220778.0,9770140646145.0,1347017480350.0,1150754468055.0,6.11577E+11,1.45,2.73,19.09,17.54,1.67
000905.SH,2022/4/14,11901472336946.0,9911497230704.0,1347082351184.0,1150797296016.0,6.11607E+11,1.38,2.6,19.35,17.74,1.69
000905.SH,2022/4/15,11794210004294.0,9837916968819.0,1347082351980.0,1151429418764.0,6.09456E+11,1.6,3.03,18.65,17.44,1.68
000905.SH,2022/4/18,11768483890532.0,9831220531961.0,1347082674895.0,1152146810071.0,6.12574E+11,1.29,2.44,18.54,17.47,1.67
000905.SH,2022/4/19,11819426542412.0,9875491638887.0,1347080334398.0,1152144511422.0,6.12599E+11,1.23,2.32,18.58,17.56,1.68
000905.SH,2022/4/20,11560799307248.0,9662050023019.0,1348095307375.0,1152844688345.0,6.13199E+11,1.31,2.46,17.91,17.29,1.64
000905.SH,2022/4/21,11191321244587.0,9347998216665.0,1348071572816.0,1152817517846.0,6.10745E+11,1.37,2.58,17.36,16.75,1.59
000905.SH,2022/4/22,11177244073531.0,9336370916876.0,1348452458329.0,1153322771721.0,6.14729E+11,1.21,2.28,17.26,16.63,1.58
000905.SH,2022/4/25,10480728326147.0,8757720230275.0,1348452458441.0,1153805945441.0,6.15079E+11,1.62,3.04,15.86,15.58,1.48
000905.SH,2022/4/26,10211868034119.0,8523059538479.0,1348452290441.0,1153735417386.0,6.01036E+11,1.48,2.85,15.84,15.6,1.44
000905.SH,2022/4/27,10597929417781.0,8837804630899.0,1348704586566.0,1153816276671.0,6.03184E+11,1.56,2.98,16.41,16.17,1.49
000905.SH,2022/4/28,10575539180056.0,8826353223030.0,1348714045162.0,1153862413010.0,5.83334E+11,1.34,2.66,16.62,16.36,1.48
000905.SH,2022/4/29,10961980861882.0,9146220043953.0,1348928464384.0,1153838421369.0,6.14928E+11,1.57,2.95,16.82,16.95,1.53
000905.SH,2022/5/5,11084422758892.0,9261160176284.0,1348928369825.0,1154140232319.0,6.15478E+11,1.46,2.74,18.93,19.05,1.55
000905.SH,2022/5/6,10840011318974.0,9056764217625.0,1348943289316.0,1154141482530.0,6.15479E+11,1.33,2.49,18.52,18.63,1.52
000905.SH,2022/5/9,10919533086844.0,9140844084755.0,1348943359316.0,1155451631325.0,6.16872E+11,1.14,2.13,18.65,18.76,1.53
000905.SH,2022/5/10,11077687927441.0,9267440420634.0,1349124323894.0,1155646365157.0,6.16988E+11,1.43,2.68,18.92,19.04,1.55
000905.SH,2022/5/11,11171771015609.0,9340596821312.0,1349424913366.0,1155750462370.0,6.17127E+11,1.6,3,19.08,19.2,1.56
000905.SH,2022/5/12,11176577538429.0,9351024603047.0,1349754891216.0,1155998058045.0,6.1734E+11,1.2,2.26,19.09,19.21,1.56
000905.SH,2022/5/13,11286167992618.0,9443006382055.0,1349957370267.0,1156097587032.0,6.17419E+11,1.18,2.21,19.28,19.39,1.58
000905.SH,2022/5/16,11279253699971.0,9453629262943.0,1349957370267.0,1156629527087.0,6.17877E+11,1.31,2.45,19.27,19.38,1.58
000905.SH,2022/5/17,11316703934433.0,9484299615597.0,1349957370267.0,1158010169937.0,6.19285E+11,1.13,2.11,19.33,19.45,1.59
000905.SH,2022/5/18,11275598719052.0,9448669616409.0,1350033951867.0,1158051684384.0,6.20391E+11,1.1,2.05,19.26,19.38,1.58
000905.SH,2022/5/19,11357033923080.0,9503431142203.0,1350454610265.0,1158060014868.0,6.20399E+11,1.18,2.2,19.4,19.52,1.59
000905.SH,2022/5/20,11539297916764.0,9660093174460.0,1350609372255.0,1158440731731.0,6.20645E+11,1.43,2.67,19.71,19.83,1.62
000905.SH,2022/5/23,11606656196991.0,9724531927464.0,1350608899995.0,1159281632356.0,6.20844E+11,1.33,2.48,19.83,19.94,1.63
000905.SH,2022/5/24,11205338476445.0,9390559785751.0,1350723436895.0,1160345907135.0,6.20883E+11,1.53,2.86,19.14,19.25,1.57
000905.SH,2022/5/25,11400435781312.0,9558152263763.0,1350730916700.0,1160351418704.0,6.2093E+11,1.24,2.31,19.47,19.59,1.6
000905.SH,2022/5/26,11536610429966.0,9673569090374.0,1350896319365.0,1160444712389.0,6.20982E+11,1.4,2.61,19.71,19.82,1.62
000905.SH,2022/5/27,11514067652532.0,9659196852171.0,1350900241311.0,1160659356113.0,6.20992E+11,1.24,2.31,19.67,19.79,1.62
000905.SH,2022/5/30,11595877312874.0,9717537284611.0,1350980992407.0,1160651618713.0,6.21178E+11,1.15,2.15,19.81,19.93,1.63
000905.SH,2022/5/31,11752450376980.0,9853333913868.0,1351010962407.0,1160732022699.0,6.2122E+11,1.34,2.51,20.07,20.19,1.65
000905.SH,2022/6/1,11751607197002.0,9842952981194.0,1351560091245.0,1160736672666.0,6.21225E+11,1.34,2.5,20.07,20.19,1.65
000905.SH,2022/6/2,11837846519067.0,9921368714695.0,1351560093645.0,1161362590312.0,6.2171E+11,1.37,2.57,20.22,20.34,1.67
000905.SH,2022/6/6,12034379488125.0,10083831007289.0,1351574303838.0,1161362597709.0,6.2171E+11,1.57,2.94,20.56,20.68,1.7
000905.SH,2022/6/7,12048458160960.0,10097075262519.0,1351729745617.0,1161442172349.0,6.21794E+11,1.53,2.85,20.58,20.7,1.7
000905.SH,2022/6/8,12111959519723.0,10153300703971.0,1352504517075.0,1161898497886.0,6.22015E+11,1.6,3,20.69,20.81,1.71
000905.SH,2022/6/9,11954033296376.0,10037069582441.0,1352504891183.0,1162543100994.0,6.22241E+11,1.48,2.77,20.42,20.54,1.69
000905.SH,2022/6/10,12156444694492.0,10207268423461.0,1352657881950.0,1162543963223.0,6.22253E+11,1.66,3.09,20.77,20.89,1.72
000905.SH,2022/6/13,12286525703069.0,10259299255921.0,1346324796450.0,1143271437123.0,6.19168E+11,1.65,3.04,20.16,20.42,1.74
000905.SH,2022/6/14,12381030574814.0,10335602968226.0,1346477103993.0,1143492258085.0,6.19327E+11,1.73,3.19,20.32,20.58,1.75
000905.SH,2022/6/15,12354962876345.0,10318029493913.0,1346477104916.0,1143640627844.0,6.19333E+11,2.08,3.85,20.28,20.54,1.75
000905.SH,2022/6/16,12339613931440.0,10304450800999.0,1346207120579.0,1143453632877.0,6.1938E+11,1.7,3.14,20.25,20.51,1.75
000905.SH,2022/6/17,12424818990386.0,10378763019865.0,1346235995979.0,1143655834922.0,6.19619E+11,1.47,2.71,20.39,20.65,1.76
000905.SH,2022/6/20,12454500307637.0,10406732353910.0,1346283975513.0,1145341373886.0,6.21272E+11,1.53,2.82,20.44,20.7,1.76
000905.SH,2022/6/21,12354518991281.0,10320079919213.0,1346319176678.0,1145730268576.0,6.21667E+11,1.44,2.65,20.28,20.54,1.75
000905.SH,2022/6/22,12171770150285.0,10182197440217.0,1346319157898.0,1146392844334.0,6.22589E+11,1.34,2.48,19.98,20.23,1.73
000905.SH,2022/6/23,12388494930530.0,10365711201925.0,1347624274158.0,1147692012655.0,6.22854E+11,1.47,2.7,20.33,20.59,1.76
000905.SH,2022/6/24,12512408117372.0,10461752990507.0,1348064709161.0,1147709624245.0,6.22974E+11,1.37,2.53,20.54,20.8,1.78
000905.SH,2022/6/27,12588943881671.0,10552948075418.0,1348103498473.0,1156800141196.0,6.22946E+11,1.46,2.71,20.66,20.93,1.79
000905.SH,2022/6/28,12756350074514.0,10706884003524.0,1348094408202.0,1157045142448.0,6.23114E+11,1.47,2.74,20.94,21.21,1.81
000905.SH,2022/6/29,12525008218946.0,10522550223955.0,1348090297720.0,1157939851106.0,6.23177E+11,1.65,3.06,20.56,20.82,1.78
000905.SH,2022/6/30,12669504176261.0,10630954499553.0,1348522603653.0,1157922751066.0,6.23085E+11,1.42,2.63,20.79,21.06,1.8
000905.SH,2022/7/1,12638780155440.0,10627704275720.0,1348523349707.0,1158600585902.0,6.2373E+11,1.24,2.31,20.74,21.01,1.8
000905.SH,2022/7/4,12808214294123.0,10773122547461.0,1348523493917.0,1159617334246.0,6.23307E+11,1.36,2.53,21.02,21.29,1.82
000905.SH,2022/7/5,12788293671820.0,10758465540490.0,1348523573031.0,1159630881060.0,6.2356E+11,1.61,2.99,20.99,21.26,1.82
000905.SH,2022/7/6,12605406545967.0,10583663876334.0,1348916392075.0,1159797393575.0,6.23787E+11,1.53,2.84,20.69,20.95,1.8
000905.SH,2022/7/7,12657368524450.0,10652331591847.0,1348917192612.0,1161280191401.0,6.25006E+11,1.36,2.52,20.77,21.04,1.81
000905.SH,2022/7/8,12569709042149.0,10581118856008.0,1349076029445.0,1161423709764.0,6.24362E+11,1.3,2.42,20.63,20.87,1.79
000905.SH,2022/7/11,12431497777217.0,10448958774784.0,1349398240874.0,1161374967177.0,6.24314E+11,1.31,2.43,20.4,20.64,1.78
000905.SH,2022/7/12,12298469603356.0,10353685686177.0,1349398184700.0,1162087028225.0,6.24453E+11,1.24,2.31,20.18,20.42,1.76
000905.SH,2022/7/13,12349094317398.0,10401068099607.0,1349398184700.0,1162245004224.0,6.24428E+11,1.23,2.29,20.27,20.5,1.76
000905.SH,2022/7/14,12394566330224.0,10436044177192.0,1349397781367.0,1162379740295.0,6.25543E+11,1.21,2.24,20.34,20.58,1.77
000905.SH,2022/7/15,12187526176453.0,10260971122089.0,1349961263072.0,1162530315989.0,6.25548E+11,1.36,2.53,20,20.23,1.74
000905.SH,2022/7/18,12411945947687.0,10490113735057.0,1349961263533.0,1167832222195.0,6.26018E+11,1.36,2.54,20.37,20.62,1.78
000905.SH,2022/7/19,12447668818358.0,10524605464533.0,1349961221533.0,1167832366508.0,6.26018E+11,1.25,2.34,20.43,20.67,1.78
000905.SH,2022/7/20,12593501530608.0,10644084845925.0,1349961221533.0,1167834864555.0,6.26052E+11,1.22,2.28,20.67,20.91,1.8
000905.SH,2022/7/21,12478088458800.0,10543288624829.0,1349961221533.0,1167836426513.0,6.26148E+11,1.27,2.37,20.48,20.72,1.79
000905.SH,2022/7/22,12368063580648.0,10498620140732.0,1349961221533.0,1168572385844.0,6.26232E+11,1.12,2.09,20.3,20.51,1.77
000905.SH,2022/7/25,12258943629754.0,10409424455340.0,1349963085899.0,1168552612845.0,6.26232E+11,1.11,2.07,20.12,20.34,1.75
000905.SH,2022/7/26,12402965568502.0,10530994017705.0,1349970866235.0,1168549708503.0,6.26249E+11,1,1.87,20.36,20.58,1.78
000905.SH,2022/7/27,12443747255472.0,10563881578246.0,1350032736519.0,1168860534045.0,6.26282E+11,1.03,1.92,20.42,20.59,1.78
000905.SH,2022/7/28,12475708719022.0,10592551715601.0,1350060860759.0,1168925667209.0,6.26336E+11,1.18,2.21,20.48,20.62,1.79
000905.SH,2022/7/29,12372996969502.0,10498087473297.0,1350260459103.0,1168936772680.0,6.26382E+11,1.18,2.2,20.31,20.41,1.77
000905.SH,2022/8/1,12462633042967.0,10594486447992.0,1350260306553.0,1169113109474.0,6.26285E+11,1.1,2.05,20.45,20.54,1.78
000905.SH,2022/8/2,12116676408064.0,10307572912052.0,1350252281337.0,1170883555848.0,6.27282E+11,1.56,2.92,19.89,19.98,1.73
000905.SH,2022/8/3,12016297448116.0,10226790878567.0,1350252282605.0,1170883557116.0,6.27282E+11,1.26,2.35,19.72,19.81,1.72
000905.SH,2022/8/4,12081501195252.0,10279901958892.0,1350252282605.0,1170883557116.0,6.27292E+11,0.97,1.81,19.83,19.92,1.73
000905.SH,2022/8/5,12285598130244.0,10449839423132.0,1350252282605.0,1170883557116.0,6.27443E+11,1.06,1.98,20.16,20.26,1.76
000905.SH,2022/8/8,12385888918384.0,10565001742069.0,1350404908727.0,1171187805443.0,6.27508E+11,0.99,1.85,20.33,20.44,1.77
000905.SH,2022/8/9,12418320263858.0,10606756276995.0,1350399446576.0,1171340856446.0,6.27629E+11,1,1.86,20.38,20.38,1.78
000905.SH,2022/8/10,12380610935167.0,10571125451369.0,1350399461076.0,1171344994785.0,6.27646E+11,1.02,1.89,20.32,20.3,1.77
000905.SH,2022/8/11,12605586830821.0,10762334435502.0,1350399461076.0,1171416500437.0,6.27684E+11,1.21,2.26,20.69,20.67,1.8
000905.SH,2022/8/12,12577753206661.0,10749421573748.0,1350399161076.0,1171574127365.0,6.27768E+11,1.2,2.24,20.64,20.62,1.8
000905.SH,2022/8/15,12613809916265.0,10781015766485.0,1350399161076.0,1171574747416.0,6.2779E+11,1.14,2.13,20.7,20.64,1.8
000905.SH,2022/8/16,12671665893255.0,10823115738072.0,1350646604487.0,1171622359093.0,6.27924E+11,1.16,2.16,20.8,20.76,1.81
000905.SH,2022/8/17,12728744263177.0,10873051567432.0,1350646604487.0,1171634544106.0,6.27959E+11,1.25,2.33,20.89,20.78,1.82
000905.SH,2022/8/18,12677720238264.0,10851185883980.0,1352444048932.0,1173923142430.0,6.2867E+11,1.11,2.08,20.81,20.68,1.81
000905.SH,2022/8/19,12557028056210.0,10747327681132.0,1352446889542.0,1173960098559.0,6.28706E+11,1.21,2.27,20.61,20.54,1.79
000905.SH,2022/8/22,12715115277128.0,10883792577788.0,1353386169490.0,1174236650789.0,6.2803E+11,1.14,2.13,20.87,20.9,1.81
000905.SH,2022/8/23,12714218824428.0,10880188995853.0,1353386215210.0,1174259475003.0,6.28746E+11,1.14,2.13,20.87,20.93,1.81
000905.SH,2022/8/24,12374373711330.0,10594350456211.0,1353386215210.0,1175369433398.0,6.2928E+11,1.35,2.51,20.31,20.44,1.76
000905.SH,2022/8/25,12464833695386.0,10678602134627.0,1353387875210.0,1175356434131.0,6.29065E+11,1.21,2.26,20.46,20.76,1.77
000905.SH,2022/8/26,12417883452454.0,10649428827612.0,1353387875815.0,1177477486078.0,6.32977E+11,1.11,2.06,20.38,20.79,1.76
000905.SH,2022/8/29,12442426126634.0,10676329176439.0,1353389082091.0,1177511258149.0,6.29306E+11,1.06,1.99,20.42,21.14,1.75
000905.SH,2022/8/30,12354934834944.0,10629064291108.0,1352489524568.0,1177526278258.0,6.29615E+11,1.12,2.1,20.28,21.3,1.74
000905.SH,2022/8/31,12113473854053.0,10424295586092.0,1352454655023.0,1177500988370.0,6.3005E+11,1.25,2.34,19.88,21.84,1.69
000905.SH,2022/9/1,12060116681623.0,10377662087402.0,1352454434796.0,1177509770200.0,6.29378E+11,1.01,1.88,19.79,21.74,1.69
000905.SH,2022/9/2,12105991701066.0,10412005163987.0,1352458523707.0,1177509778511.0,6.29393E+11,0.91,1.69,19.87,21.82,1.69
000905.SH,2022/9/5,12189434695716.0,10481517156897.0,1352459821057.0,1177681831945.0,6.29523E+11,1,1.87,20.01,21.97,1.7
000905.SH,2022/9/6,12403705934218.0,10662355282212.0,1353882555470.0,1177681831945.0,6.29523E+11,1.1,2.06,20.36,22.36,1.73
000905.SH,2022/9/7,12421840126917.0,10674476624057.0,1354312014226.0,1177592549330.0,6.29561E+11,1.02,1.91,20.39,22.39,1.74
000905.SH,2022/9/8,12376366092186.0,10637065785564.0,1354291163268.0,1177567289723.0,6.29876E+11,0.99,1.84,20.31,22.31,1.73
000905.SH,2022/9/9,12465526970871.0,10717721643904.0,1354239806958.0,1177663261888.0,6.29922E+11,1.03,1.93,20.46,22.47,1.74
000905.SH,2022/9/13,12424698229449.0,10689488701283.0,1354240270003.0,1177712209805.0,6.29989E+11,1,1.87,20.39,22.4,1.74
000905.SH,2022/9/14,12334332821346.0,10609049298238.0,1354239948253.0,1177751958997.0,6.30037E+11,0.93,1.73,20.24,22.24,1.72
000905.SH,2022/9/15,12076534795398.0,10392148096348.0,1354259811354.0,1177771997098.0,6.30066E+11,1.2,2.25,19.82,21.77,1.69
000905.SH,2022/9/16,11766361611399.0,10124639478481.0,1354257421356.0,1177780650424.0,6.30079E+11,1.16,2.18,19.31,21.21,1.64
000905.SH,2022/9/19,11698459437517.0,10067371930254.0,1354256080089.0,1177789220415.0,6.30139E+11,0.88,1.65,19.2,21.09,1.63
000905.SH,2022/9/20,11778861369075.0,10134688495396.0,1354256119077.0,1177788089403.0,6.30192E+11,0.75,1.41,19.33,21.23,1.65
000905.SH,2022/9/21,11828029388748.0,10179309586007.0,1354185246109.0,1177717108635.0,6.30188E+11,0.88,1.64,19.41,21.32,1.65
000905.SH,2022/9/22,11800262098405.0,10154934980159.0,1354207771089.0,1177723369349.0,6.30224E+11,0.85,1.58,19.37,21.27,1.65
000905.SH,2022/9/23,11654139231727.0,10028809339511.0,1355706605023.0,1177723953127.0,6.30224E+11,0.85,1.6,19.13,21.01,1.63
000905.SH,2022/9/26,11494039014658.0,9891035492805.0,1355706605023.0,1178325909924.0,6.30506E+11,0.88,1.64,18.86,20.72,1.6
000905.SH,2022/9/27,11715428751696.0,10092691362784.0,1355690981600.0,1178495965006.0,6.30695E+11,0.83,1.54,19.23,21.12,1.64
000905.SH,2022/9/28,11447372738590.0,9858414022367.0,1355690990600.0,1178502795568.0,6.30764E+11,0.8,1.49,18.79,20.64,1.6
000905.SH,2022/9/29,11435535652161.0,9853796898768.0,1355697070188.0,1178502801156.0,6.30818E+11,0.81,1.51,18.77,20.61,1.6
000905.SH,2022/9/30,11340369857313.0,9770943702795.0,1355642513122.0,1178504488041.0,6.3079E+11,0.73,1.36,18.61,20.44,1.58
000905.SH,2022/10/10,11199970923291.0,9656798351767.0,1355635003319.0,1178482894780.0,6.30782E+11,0.83,1.55,18.38,20.19,1.56
000905.SH,2022/10/11,11288851400914.0,9735750827825.0,1355639663478.0,1178486441694.0,6.30751E+11,0.73,1.37,18.53,20.35,1.58
000905.SH,2022/10/12,11550644094939.0,9953648990428.0,1356218687378.0,1178480781278.0,6.30744E+11,0.9,1.68,18.96,20.79,1.61
000905.SH,2022/10/13,11575179831062.0,9974789189536.0,1356218687378.0,1179593540921.0,6.30741E+11,0.9,1.68,19,20.83,1.61
000905.SH,2022/10/14,11848803670460.0,10211550003051.0,1356218687378.0,1179596784609.0,6.30759E+11,1,1.87,19.45,21.31,1.65
000905.SH,2022/10/17,11932119859650.0,10305049214107.0,1356218687378.0,1179956784609.0,6.30921E+11,0.94,1.77,19.58,21.4,1.66
000905.SH,2022/10/18,11981119986897.0,10342076742903.0,1356225961878.0,1179956784609.0,6.30738E+11,0.9,1.68,19.66,21.3,1.67
000905.SH,2022/10/19,11869300856004.0,10241224504305.0,1356225651577.0,1179961916227.0,6.30743E+11,0.8,1.49,19.48,21.02,1.65
000905.SH,2022/10/20,11817857265692.0,10194048761264.0,1356225095127.0,1179964271027.0,6.30745E+11,0.88,1.64,19.4,20.91,1.64
000905.SH,2022/10/21,11841011840303.0,10210069077166.0,1356216445860.0,1179951822736.0,6.3074E+11,0.82,1.54,19.43,20.96,1.65
000905.SH,2022/10/24,11706762800872.0,10097450161185.0,1356219881810.0,1179955258686.0,6.30742E+11,1.01,1.89,19.21,20.69,1.63
000905.SH,2022/10/25,11662440041725.0,10051258466656.0,1356219881810.0,1179955258686.0,6.30445E+11,0.91,1.7,19.14,20.54,1.62
000905.SH,2022/10/26,11855992929917.0,10210375177951.0,1356226153547.0,1179961530423.0,6.30302E+11,0.99,1.85,19.46,20.99,1.64
000905.SH,2022/10/27,11836169172209.0,10195494125329.0,1356226270647.0,1179961638373.0,6.30214E+11,0.99,1.86,19.43,21.14,1.64
000905.SH,2022/10/28,11481720468584.0,9885989190742.0,1356234818574.0,1180093686300.0,6.29461E+11,1.12,2.09,18.84,21,1.58
000905.SH,2022/10/31,11509782285653.0,9911467923349.0,1356234953824.0,1180181486893.0,6.29794E+11,1.08,2.02,18.89,22.08,1.57
000905.SH,2022/11/1,11765035380298.0,10129743524940.0,1356234953824.0,1180168469507.0,6.29728E+11,1.16,2.17,19.31,22.57,1.61
000905.SH,2022/11/2,11886361669810.0,10225448249197.0,1356234364256.0,1180169160440.0,6.2973E+11,1.21,2.26,19.51,22.8,1.62
000905.SH,2022/11/3,11880717146386.0,10223000117063.0,1356234364286.0,1180169277666.0,6.2973E+11,0.9,1.69,19.5,22.79,1.62
000905.SH,2022/11/4,12157113357124.0,10458435558080.0,1356234364286.0,1180404180344.0,6.29823E+11,1.18,2.2,19.95,23.32,1.66
000905.SH,2022/11/7,12172034971711.0,10471917547415.0,1356234420146.0,1180467789463.0,6.29868E+11,1.17,2.19,19.98,23.35,1.66
000905.SH,2022/11/8,12144495736417.0,10456293913032.0,1356278350887.0,1180511720204.0,6.3052E+11,0.92,1.72,19.93,23.3,1.66
000905.SH,2022/11/9,12123550717254.0,10440018977794.0,1356296281767.0,1180529071084.0,6.30519E+11,0.89,1.66,19.9,23.25,1.66
000905.SH,2022/11/10,12064854054341.0,10389348384130.0,1356311570296.0,1180731357075.0,6.30721E+11,0.99,1.85,19.8,23.14,1.65
000905.SH,2022/11/11,12156693208113.0,10481223764801.0,1356311002496.0,1180745767094.0,6.30866E+11,1.49,2.8,19.95,23.32,1.66
000905.SH,2022/11/14,12155686831674.0,10472211283107.0,1356495185730.0,1180874558485.0,6.30708E+11,1.35,2.53,19.95,23.32,1.66
000905.SH,2022/11/15,12359789247941.0,10650847717069.0,1357079856619.0,1180936642380.0,6.31183E+11,1.27,2.37,20.29,23.71,1.69
000905.SH,2022/11/16,12302982763076.0,10603177990179.0,1357114649019.0,1180936642380.0,6.31213E+11,1.1,2.06,20.19,23.6,1.68
000905.SH,2022/11/17,12336503538166.0,10631777983491.0,1357117650674.0,1180944061284.0,6.3122E+11,1.05,1.96,20.25,23.66,1.68
000905.SH,2022/11/18,12289875947185.0,10584513526468.0,1357080375697.0,1180907375230.0,6.31249E+11,1.11,2.08,20.17,23.57,1.68
000905.SH,2022/11/21,12276215444793.0,10573659591527.0,1357080377486.0,1180907445191.0,6.31347E+11,0.96,1.79,20.15,23.55,1.68
000905.SH,2022/11/22,12162620275935.0,10481271432273.0,1357080751686.0,1180939855624.0,6.31666E+11,0.98,1.84,19.96,23.33,1.66
000905.SH,2022/11/23,12149629953866.0,10471166374314.0,1357083745627.0,1180979441599.0,6.31705E+11,0.98,1.82,19.94,23.3,1.66
000905.SH,2022/11/24,12160082608396.0,10480039542281.0,1357083745627.0,1180984980745.0,6.31609E+11,0.85,1.59,19.96,23.33,1.66
000905.SH,2022/11/25,12116901739732.0,10441521839176.0,1357085227477.0,1180996702718.0,6.31621E+11,0.91,1.71,19.89,23.24,1.65
000905.SH,2022/11/28,12068553816652.0,10392526141242.0,1358616312456.0,1181004025883.0,6.32616E+11,1,1.86,19.81,23.15,1.65
000905.SH,2022/11/29,12283108170066.0,10579776016875.0,1358920262206.0,1181004948933.0,6.32617E+11,1.32,2.46,20.16,23.56,1.68
000905.SH,2022/11/30,12262851256117.0,10567564555968.0,1358920446961.0,1181003686088.0,6.32836E+11,1.31,2.44,20.13,23.52,1.67
000905.SH,2022/12/1,12326042689315.0,10615406163221.0,1360330244580.0,1181007473908.0,6.32905E+11,1.29,2.41,20.23,23.64,1.68
000905.SH,2022/12/2,12282258859154.0,10578346001851.0,1360331180974.0,1181309068839.0,6.33207E+11,0.98,1.82,20.16,23.56,1.67
000905.SH,2022/12/5,12397333446597.0,10691651412790.0,1360315733574.0,1181707819416.0,6.33235E+11,1.44,2.69,20.35,23.78,1.69
000905.SH,2022/12/6,12378366854958.0,10679987149491.0,1360316821409.0,1181743159349.0,6.33412E+11,1.26,2.36,20.32,23.74,1.69
000905.SH,2022/12/7,12375847154708.0,10671641957132.0,1360447737216.0,1181857155647.0,6.3346E+11,1.17,2.18,20.31,23.74,1.69
000905.SH,2022/12/8,12349647845323.0,10653926899876.0,1360152751576.0,1183024267451.0,6.33374E+11,1.11,2.07,20.27,23.69,1.68
000905.SH,2022/12/9,12364193299510.0,10658052564827.0,1360981973026.0,1183024268000.0,6.33377E+11,1.42,2.65,20.29,23.72,1.68
000905.SH,2022/12/12,12610251970319.0,10840170030793.0,1335693829416.0,1154632383274.0,6.22035E+11,1.16,2.16,20.4,23.72,1.77
000905.SH,2022/12/13,12557081995445.0,10794341044750.0,1335694707416.0,1154632383274.0,6.22084E+11,0.91,1.69,20.31,23.62,1.76
000905.SH,2022/12/14,12503663645539.0,10755753378985.0,1335671733345.0,1155052497438.0,6.22099E+11,0.82,1.53,20.23,23.52,1.75
000905.SH,2022/12/15,12499907834846.0,10754114663156.0,1335680264178.0,1155129163484.0,6.22214E+11,0.76,1.42,20.22,23.51,1.75
000905.SH,2022/12/16,12463229190826.0,10722085877036.0,1335724561008.0,1155212386184.0,6.22298E+11,0.81,1.51,20.16,23.44,1.75
000905.SH,2022/12/19,12176593986841.0,10484100723193.0,1335724951008.0,1155676193651.0,6.22552E+11,0.91,1.69,19.7,22.9,1.71
000905.SH,2022/12/20,12060993960247.0,10383029651743.0,1335482107798.0,1155432041391.0,6.22263E+11,0.68,1.26,19.51,22.68,1.69
000905.SH,2022/12/21,11993047513527.0,10332239212788.0,1335572458741.0,1155629616008.0,6.22357E+11,0.6,1.12,19.4,22.56,1.68
000905.SH,2022/12/22,11855033497918.0,10219112555499.0,1335572375590.0,1155645961467.0,6.22344E+11,0.71,1.32,19.18,22.3,1.66
000905.SH,2022/12/23,11817931824638.0,10191375208644.0,1335576794555.0,1156030539497.0,6.22387E+11,0.58,1.07,19.12,22.23,1.66
000905.SH,2022/12/26,11967878692001.0,10323114113100.0,1335576740555.0,1156093012953.0,6.22575E+11,0.65,1.21,19.36,22.51,1.68
000905.SH,2022/12/27,12057179519726.0,10409925819841.0,1335629037765.0,1156688893570.0,6.22454E+11,0.71,1.31,19.51,22.68,1.69
000905.SH,2022/12/28,12023668141472.0,10376280948780.0,1336776258477.0,1156698002394.0,6.22473E+11,0.78,1.45,19.45,22.62,1.68
000905.SH,2022/12/29,12005103293881.0,10364676476327.0,1336776638484.0,1156703687401.0,6.2248E+11,0.69,1.28,19.42,22.58,1.68
000905.SH,2022/12/30,12023061209340.0,10381540151158.0,1336774638008.0,1156707508597.0,6.22485E+11,0.65,1.21,19.45,22.62,1.68
000905.SH,2023/1/3,12210809885918.0,10549764569467.0,1336774639393.0,1157505054681.0,6.22507E+11,0.86,1.6,19.76,22.97,1.71
000905.SH,2023/1/4,12206679182103.0,10547067473484.0,1336803908715.0,1157534448800.0,6.22541E+11,0.84,1.56,19.75,22.96,1.71
000905.SH,2023/1/5,12317585879597.0,10643057462704.0,1336806223573.0,1157536766158.0,6.22552E+11,0.83,1.55,19.93,23.17,1.72
000905.SH,2023/1/6,12313412283300.0,10640310622453.0,1336805978573.0,1157850816846.0,6.22567E+11,0.86,1.59,19.92,23.16,1.72
000905.SH,2023/1/9,12363850657805.0,10687458333801.0,1336809578873.0,1158303713590.0,6.22577E+11,0.87,1.62,20,23.25,1.73
000905.SH,2023/1/10,12370930249367.0,10691660443924.0,1336832187086.0,1158303713797.0,6.22599E+11,0.83,1.55,20.01,23.26,1.73
000905.SH,2023/1/11,12307167406784.0,10642678293526.0,1336831838710.0,1158318629497.0,6.22601E+11,0.82,1.52,19.91,23.12,1.72
000905.SH,2023/1/12,12305156313660.0,10640899790579.0,1336831820806.0,1158332461545.0,6.22617E+11,0.8,1.49,19.91,23.12,1.72
000905.SH,2023/1/13,12400567490854.0,10720124957587.0,1337203460272.0,1158332461545.0,6.22617E+11,0.78,1.45,20.06,23.3,1.74
000905.SH,2023/1/16,12533836627059.0,10833442187256.0,1337203460272.0,1158417178742.0,6.22704E+11,1.12,2.08,20.28,23.52,1.75
000905.SH,2023/1/17,12546125808852.0,10848423619077.0,1337202807991.0,1160649699120.0,6.2494E+11,0.83,1.53,20.3,23.51,1.76
000905.SH,2023/1/18,12579298551742.0,10877970590144.0,1337202802083.0,1160649800934.0,6.24928E+11,0.81,1.51,20.35,23.57,1.76
000905.SH,2023/1/19,12684490137738.0,10968532974810.0,1337202694588.0,1160649707135.0,6.24938E+11,0.86,1.6,20.52,23.77,1.77
000905.SH,2023/1/20,12774880122851.0,11051910559750.0,1337202840639.0,1160649716607.0,6.2496E+11,0.98,1.82,20.67,23.97,1.79
000905.SH,2023/1/30,12830706957653.0,11135798292296.0,1337523739066.0,1167734553364.0,6.25327E+11,1.25,2.34,20.76,24.08,1.79
000905.SH,2023/1/31,12842965665057.0,11150571452920.0,1337523739066.0,1167735213364.0,6.25356E+11,1.16,2.16,20.78,24.1,1.79
000905.SH,2023/2/1,12995724146501.0,11281958593352.0,1337906720719.0,1167722035969.0,6.2534E+11,1.31,2.44,21.02,24.4,1.82
000905.SH,2023/2/2,13011286448544.0,11292174080998.0,1337906729307.0,1167730356597.0,6.24055E+11,1.28,2.39,21.05,24.43,1.82
000905.SH,2023/2/3,12953952605457.0,11241679218431.0,1337907613821.0,1167731241111.0,6.2499E+11,1.04,1.94,20.96,24.32,1.81
000905.SH,2023/2/6,12870045594919.0,11170010150403.0,1337908346425.0,1167731643715.0,6.25095E+11,0.93,1.74,20.82,24.16,1.8
000905.SH,2023/2/7,12903735478517.0,11198359952231.0,1337908346425.0,1167731643715.0,6.25103E+11,0.94,1.75,20.88,24.24,1.8
000905.SH,2023/2/8,12811032309475.0,11134464525763.0,1337908756425.0,1167956209501.0,6.25078E+11,0.91,1.7,20.73,24.06,1.79
000905.SH,2023/2/9,12977190770234.0,11276482903604.0,1337908756425.0,1167956209501.0,6.25081E+11,0.93,1.74,20.99,24.37,1.81
000905.SH,2023/2/10,12950280276862.0,11248135605196.0,1337968638069.0,1168046389768.0,6.25144E+11,1.03,1.92,20.95,24.32,1.81
000905.SH,2023/2/13,13052284712232.0,11347654419901.0,1337905709138.0,1168472205409.0,6.2558E+11,1.13,2.1,21.12,24.51,1.82
000905.SH,2023/2/14,13089036614917.0,11380255770950.0,1337905535120.0,1168472205691.0,6.25582E+11,1.07,1.99,21.18,24.58,1.83
000905.SH,2023/2/15,13059397066409.0,11355632896551.0,1337908278120.0,1168479782872.0,6.256E+11,0.99,1.85,21.13,24.53,1.82
000905.SH,2023/2/16,12865648172505.0,11190651439549.0,1337908233829.0,1168482228229.0,6.25657E+11,1.44,2.69,20.81,24.17,1.8
000905.SH,2023/2/17,12776780903404.0,11115708431219.0,1337907538200.0,1168482230980.0,6.2567E+11,1,1.87,20.67,24,1.78
000905.SH,2023/2/20,12995427060141.0,11310858664811.0,1337908458953.0,1169070333241.0,6.26227E+11,1.2,2.24,21.02,24.41,1.81
000905.SH,2023/2/21,13074424733154.0,11380971147483.0,1337933710347.0,1169070333241.0,6.26279E+11,1.21,2.26,21.13,24.59,1.82
000905.SH,2023/2/22,13058639272420.0,11372108378183.0,1337940239433.0,1169480523861.0,6.26689E+11,0.93,1.74,21.1,24.56,1.82
000905.SH,2023/2/23,13035141536907.0,11349530752566.0,1337939767592.0,1169483159300.0,6.26452E+11,0.99,1.85,21.06,24.51,1.82
000905.SH,2023/2/24,12993226985066.0,11322259566921.0,1337939767592.0,1169660462405.0,6.26505E+11,0.83,1.55,20.99,24.44,1.81
000905.SH,2023/2/27,12926364946033.0,11282016162148.0,1337945772663.0,1170992747287.0,6.26583E+11,0.86,1.61,20.89,24.33,1.8
000905.SH,2023/2/28,13031658419232.0,11387276086211.0,1338622776379.0,1174812045694.0,6.26832E+11,0.82,1.54,21.07,24.47,1.82
000905.SH,2023/3/1,13116261683536.0,11463446658601.0,1338669049548.0,1175205596393.0,6.26813E+11,1.05,1.98,21.21,24.59,1.83
000905.SH,2023/3/2,13083454768841.0,11435272660362.0,1339036368922.0,1175205803036.0,6.27417E+11,1.07,2,21.15,24.53,1.82
000905.SH,2023/3/3,13111406299073.0,11455844527203.0,1339036368922.0,1175205803036.0,6.27416E+11,1.05,1.96,21.19,24.59,1.83
000905.SH,2023/3/6,13125277249253.0,11466106910425.0,1339036709605.0,1175206794731.0,6.26599E+11,1.08,2.02,21.21,24.68,1.83
000905.SH,2023/3/7,12913933505653.0,11277336782884.0,1339057688410.0,1175203062036.0,6.27242E+11,1.17,2.2,20.8,24.29,1.8
000905.SH,2023/3/8,12938840954235.0,11300681520145.0,1339057688427.0,1175202646766.0,6.27245E+11,0.84,1.57,20.84,24.14,1.8
000905.SH,2023/3/9,12908870607126.0,11272462831545.0,1339055825952.0,1175209609857.0,6.27259E+11,0.79,1.48,20.78,24.07,1.8
000905.SH,2023/3/10,12741344242953.0,11120560380087.0,1339057321570.0,1175209609857.0,6.27333E+11,0.92,1.72,20.52,23.75,1.77
000905.SH,2023/3/13,12823922346964.0,11197676858244.0,1339059179590.0,1175211335977.0,6.27327E+11,0.92,1.72,20.65,23.76,1.78
000905.SH,2023/3/14,12706190008285.0,11095839135840.0,1339279179590.0,1175308250779.0,6.27413E+11,1.03,1.93,20.46,23.51,1.77
000905.SH,2023/3/15,12797666216681.0,11175215633346.0,1339284619590.0,1175528250779.0,6.2747E+11,0.96,1.8,20.74,23.7,1.78
000905.SH,2023/3/16,12624870174157.0,11025691951050.0,1339284619590.0,1175528250779.0,6.27567E+11,1.09,2.03,20.47,23.38,1.75
000905.SH,2023/3/17,12707063695272.0,11097938317977.0,1339288234823.0,1175532318997.0,6.27869E+11,1.17,2.18,20.59,23.52,1.77
000905.SH,2023/3/20,12649920045010.0,11059672342369.0,1339282732640.0,1176135329201.0,6.27695E+11,1.24,2.32,20.59,23.46,1.76
000905.SH,2023/3/21,12793114429423.0,11187556038034.0,1339282732806.0,1176473167205.0,6.284E+11,1.05,1.96,20.78,23.78,1.78
000905.SH,2023/3/22,12846622243309.0,11235642119661.0,1339281626956.0,1176476860246.0,6.28403E+11,1.09,2.04,20.76,23.82,1.78
000905.SH,2023/3/23,12919150911814.0,11290933050023.0,1339281626956.0,1176476860320.0,6.28401E+11,1.1,2.06,20.85,23.95,1.79
000905.SH,2023/3/24,12915812388286.0,11287666640084.0,1339282492370.0,1176483303224.0,6.28675E+11,1.2,2.24,20.88,23.93,1.79
000905.SH,2023/3/27,12909448978498.0,11285584630243.0,1339282492370.0,1177642464555.0,6.29055E+11,1.23,2.3,20.83,23.88,1.79
000905.SH,2023/3/28,12855109500538.0,11238401539635.0,1339282775437.0,1177631414662.0,6.2909E+11,1.18,2.21,20.75,23.88,1.78
000905.SH,2023/3/29,12813452969736.0,11199440262138.0,1339283181687.0,1177618366911.0,6.29105E+11,1.12,2.09,20.43,23.4,1.77
000905.SH,2023/3/30,12875525951703.0,11251703897088.0,1339283181687.0,1177619181911.0,6.29105E+11,1.05,1.96,20.39,23.46,1.78
000905.SH,2023/3/31,12976792974444.0,11336570826920.0,1339614990352.0,1177679897347.0,6.29129E+11,1.1,2.06,21.03,23.44,1.8
000905.SH,2023/4/3,13105965328004.0,11447275793458.0,1339700579520.0,1177679313190.0,6.29228E+11,1.39,2.61,21.27,23.71,1.81
000905.SH,2023/4/4,13112474926059.0,11452501972639.0,1339756988533.0,1177721455742.0,6.29229E+11,1.34,2.5,21.32,23.74,1.81
000905.SH,2023/4/6,13122527116081.0,11465864491466.0,1339760743517.0,1177739542704.0,6.293E+11,1.22,2.29,21.34,23.76,1.81
000905.SH,2023/4/7,13214081329636.0,11539739395134.0,1339760725883.0,1177740298894.0,6.29481E+11,1.09,2.03,21.38,23.95,1.83
000905.SH,2023/4/10,13124447965744.0,11462362517923.0,1339661783047.0,1177641355533.0,6.29386E+11,1.23,2.31,21.15,23.73,1.81
000905.SH,2023/4/11,13137575909574.0,11477973243818.0,1339964874611.0,1177931359980.0,6.29456E+11,1.21,2.26,21.12,23.65,1.82
000905.SH,2023/4/12,13182098309906.0,11518607812725.0,1340022008462.0,1177933615886.0,6.29466E+11,1.27,2.37,21.16,23.74,1.82
000905.SH,2023/4/13,13121251366932.0,11464962039435.0,1340031778080.0,1177943393430.0,6.29446E+11,1.33,2.48,21,23.69,1.81
000905.SH,2023/4/14,13180863834437.0,11509909146446.0,1340081000700.0,1177946275721.0,6.29439E+11,1.23,2.31,21.09,23.77,1.82
000905.SH,2023/4/17,13251393753949.0,11574555469225.0,1340095538147.0,1178026649734.0,6.29344E+11,1.43,2.68,21.1,24.02,1.83
000905.SH,2023/4/18,13228984712151.0,11558240743946.0,1340136353602.0,1178082116731.0,6.29664E+11,1.22,2.28,21.46,24.21,1.82
000905.SH,2023/4/19,13201942519968.0,11536774501762.0,1342703594816.0,1180656609506.0,6.31291E+11,1.26,2.36,21.45,24.11,1.81
000905.SH,2023/4/20,13186201802139.0,11522009694724.0,1342704420227.0,1180660331041.0,6.31177E+11,1.27,2.38,21.94,24.31,1.81
000905.SH,2023/4/21,12875000502601.0,11251451779859.0,1342703867603.0,1180658898188.0,6.31329E+11,1.37,2.57,21.57,23.98,1.76
000905.SH,2023/4/24,12779679457666.0,11174195759817.0,1342732813740.0,1180688638281.0,6.31331E+11,1.25,2.34,21.92,24.09,1.75
000905.SH,2023/4/25,12616470173840.0,11037147738261.0,1342950541677.0,1180977521288.0,6.31584E+11,1.38,2.57,21.8,23.82,1.72
000905.SH,2023/4/26,12667406672284.0,11078778613684.0,1343212595488.0,1181212599391.0,6.31773E+11,1.29,2.41,22.06,23.99,1.73
000905.SH,2023/4/27,12716835415077.0,11119275718231.0,1343479690455.0,1181474683783.0,6.32012E+11,1.21,2.26,21.79,24.01,1.73
000905.SH,2023/4/28,12867600233000.0,11254806490835.0,1343478785387.0,1181443899962.0,6.31784E+11,1.42,2.66,23.22,25.03,1.74
000905.SH,2023/5/4,12931869525583.0,11321874541879.0,1343819507300.0,1184419367425.0,6.32429E+11,1.71,3.2,25.6,26.34,1.75
000905.SH,2023/5/5,12818192058590.0,11224806947994.0,1344011712007.0,1184543870222.0,6.33329E+11,1.5,2.81,25.37,26.11,1.73
000905.SH,2023/5/8,12922179484212.0,11317863993833.0,1344013328936.0,1184577248710.0,6.3338E+11,1.71,3.2,25.58,26.32,1.75
000905.SH,2023/5/9,12785015671774.0,11199017179805.0,1343995146826.0,1184559066600.0,6.33365E+11,1.89,3.54,25.31,26.04,1.73
000905.SH,2023/5/10,12754198399274.0,11174367078663.0,1343995146826.0,1184559084412.0,6.33365E+11,1.48,2.77,25.25,25.98,1.73
000905.SH,2023/5/11,12718490295468.0,11150525203337.0,1344306156826.0,1185870455757.0,6.3408E+11,1.23,2.3,25.18,25.91,1.72
000905.SH,2023/5/12,12600946558813.0,11070079905681.0,1344405410346.0,1186418292542.0,6.3411E+11,1.18,2.21,24.94,25.67,1.71
000905.SH,2023/5/15,12723464746732.0,11180477317346.0,1344405290596.0,1186619726891.0,6.34318E+11,1.26,2.36,25.19,25.92,1.72
000905.SH,2023/5/16,12627719957030.0,11094674597352.0,1344402455596.0,1186641833382.0,6.34363E+11,1.03,1.92,25,25.72,1.71
000905.SH,2023/5/17,12646403308133.0,11116541704317.0,1344403100538.0,1186869741833.0,6.34546E+11,0.9,1.69,25.03,25.76,1.71
000905.SH,2023/5/18,12649840809567.0,11120741121776.0,1344403050538.0,1186869821895.0,6.34546E+11,1.04,1.94,25.04,25.77,1.72
000905.SH,2023/5/19,12625785239824.0,11101329041784.0,1344407696354.0,1187735674157.0,6.34559E+11,1,1.88,24.99,25.72,1.71
000905.SH,2023/5/22,12636187963193.0,11109437971636.0,1344404753119.0,1187733322512.0,6.34537E+11,0.95,1.78,25.01,25.74,1.72
000905.SH,2023/5/23,12503597883917.0,10990677530447.0,1344403346919.0,1187731916312.0,6.34549E+11,0.94,1.75,24.75,25.47,1.7
000905.SH,2023/5/24,12405220963695.0,10903253814203.0,1344403491109.0,1187800706868.0,6.3463E+11,0.9,1.69,24.56,25.27,1.68
000905.SH,2023/5/25,12376893556755.0,10870087874628.0,1344403495261.0,1187800711020.0,6.34736E+11,0.93,1.73,24.5,25.21,1.68
000905.SH,2023/5/26,12474243114514.0,10954473739416.0,1344407944461.0,1187807121160.0,6.34747E+11,0.9,1.68,24.69,25.41,1.69
000905.SH,2023/5/29,12474450345818.0,10959210406143.0,1344543451492.0,1188277324406.0,6.35162E+11,1.05,1.97,24.69,25.41,1.69
000905.SH,2023/5/30,12535058630923.0,11006161974185.0,1344401673473.0,1188053837316.0,6.35139E+11,1.07,2,24.81,25.53,1.7
000905.SH,2023/5/31,12499457656037.0,10976103211744.0,1344624369552.0,1188247145122.0,6.3506E+11,0.99,1.85,24.74,25.46,1.7
000905.SH,2023/6/1,12493070658398.0,10975057855914.0,1344624370129.0,1188247145699.0,6.35061E+11,1.06,1.99,24.72,25.44,1.7
000905.SH,2023/6/2,12596698443246.0,11067856414356.0,1345059618162.0,1188570437518.0,6.35313E+11,1.03,1.93,24.93,25.65,1.71
000905.SH,2023/6/5,12576679348523.0,11055427614439.0,1344934013865.0,1188877695086.0,6.35409E+11,0.97,1.82,24.89,25.61,1.71
000905.SH,2023/6/6,12347977555832.0,10856564340533.0,1344975167958.0,1188917247007.0,6.35521E+11,1.03,1.94,24.44,25.15,1.68
000905.SH,2023/6/7,12360080009345.0,10866669859011.0,1345437443720.0,1189377519357.0,6.35717E+11,0.79,1.47,24.46,25.17,1.68
000905.SH,2023/6/8,12329750472341.0,10838052288408.0,1345427493898.0,1189377649478.0,6.35717E+11,0.92,1.71,24.4,25.11,1.68
000905.SH,2023/6/9,12410151847562.0,10921688297620.0,1345662317343.0,1191736237618.0,6.36689E+11,1.07,2,24.56,25.27,1.7
000905.SH,2023/6/12,12897343968058.0,11051852375794.0,1289439179222.0,1133697238834.0,6.00597E+11,1,1.89,22,23.22,1.81
000905.SH,2023/6/13,12921818590480.0,11074952802817.0,1289416009581.0,1133977920284.0,6.00633E+11,0.87,1.64,22.04,23.27,1.82
000905.SH,2023/6/14,12922601382763.0,11078668750219.0,1289416601460.0,1133978238310.0,6.00638E+11,0.97,1.83,22.04,23.27,1.82
000905.SH,2023/6/15,13021978739805.0,11167671347782.0,1289518996797.0,1134043545471.0,6.00754E+11,1.04,1.97,22.21,23.45,1.83
000905.SH,2023/6/16,13108719608004.0,11242498224861.0,1291107637449.0,1135660705436.0,6.01507E+11,1.02,1.92,22.36,23.6,1.85
000905.SH,2023/6/19,13064282296685.0,11201656303507.0,1291731857912.0,1136075841374.0,6.01686E+11,1,1.89,22.28,23.52,1.84
000905.SH,2023/6/20,13041802384012.0,11184849613042.0,1291725004658.0,1136167607986.0,6.01711E+11,0.94,1.77,22.25,23.48,1.84
000905.SH,2023/6/21,12779910025805.0,10963188159612.0,1291745102719.0,1136274691334.0,6.01863E+11,0.94,1.77,21.8,23.01,1.8
000905.SH,2023/6/26,12584773745125.0,10788968113234.0,1292156545839.0,1136545149860.0,6.02134E+11,0.98,1.84,21.47,22.66,1.78
000905.SH,2023/6/27,12717950114842.0,10915417858623.0,1292154143838.0,1136613669051.0,6.02204E+11,0.82,1.55,21.69,22.9,1.8
000905.SH,2023/6/28,12721248186295.0,10921061692171.0,1292158493394.0,1137132564752.0,6.02219E+11,0.83,1.56,21.7,22.91,1.8
000905.SH,2023/6/29,12707942984889.0,10937844631451.0,1294289463366.0,1142383188575.0,6.0435E+11,0.77,1.46,21.68,22.88,1.8
000905.SH,2023/6/30,12815505831888.0,11045359920724.0,1294289387948.0,1145875218966.0,6.04356E+11,0.82,1.56,21.86,23.08,1.82
000905.SH,2023/7/3,12915453165197.0,11130669387875.0,1295118636929.0,1146483684612.0,6.04869E+11,0.99,1.87,22.03,23.26,1.83
000905.SH,2023/7/4,12940303735864.0,11155361857062.0,1295143493325.0,1146574965803.0,6.04951E+11,0.92,1.75,22.07,23.3,1.83
000905.SH,2023/7/5,12861376629230.0,11094987875581.0,1295143493885.0,1146573532216.0,6.05008E+11,0.91,1.72,21.94,23.16,1.82
000905.SH,2023/7/6,12789180464842.0,11032730210760.0,1295143459484.0,1146573532216.0,6.05021E+11,0.82,1.55,21.82,23.03,1.82
000905.SH,2023/7/7,12745259496413.0,11013374403185.0,1295255258576.0,1149942144125.0,6.04486E+11,0.82,1.56,21.74,22.95,1.81
000905.SH,2023/7/10,12798743369390.0,11064853614603.0,1295257630831.0,1151614307960.0,6.0452E+11,0.74,1.41,21.83,23.05,1.82
000905.SH,2023/7/11,12882727141435.0,11141203943865.0,1295294826319.0,1151935342873.0,6.05201E+11,0.73,1.4,21.97,23.2,1.83
000905.SH,2023/7/12,12741359789464.0,11022101300479.0,1295799238243.0,1152387745832.0,6.05348E+11,0.84,1.6,21.73,22.95,1.81
000905.SH,2023/7/13,12901480645943.0,11168783333636.0,1295801427458.0,1152475083672.0,6.055E+11,0.86,1.65,22.01,23.24,1.83
000905.SH,2023/7/14,12867156335729.0,11142573597209.0,1295801428739.0,1152485118165.0,6.05524E+11,0.82,1.57,21.95,23.18,1.83
000905.SH,2023/7/17,12829047807584.0,11120803037717.0,1295943252649.0,1152847633796.0,6.05617E+11,0.77,1.46,21.88,23.13,1.82
000905.SH,2023/7/18,12812636923562.0,11108359628361.0,1295943252649.0,1152888139796.0,6.05926E+11,0.76,1.45,21.86,23.09,1.82
000905.SH,2023/7/19,12807643735366.0,11103208815002.0,1296296640689.0,1152887609696.0,6.06025E+11,0.67,1.28,21.85,23.08,1.82
000905.SH,2023/7/20,12677201994461.0,10986486627591.0,1297030412912.0,1152975517601.0,6.06188E+11,0.79,1.5,21.62,22.84,1.8
000905.SH,2023/7/21,12683237765881.0,10994818333446.0,1297036434870.0,1152979927601.0,6.06194E+11,0.71,1.35,21.63,22.85,1.8
000905.SH,2023/7/24,12671033957816.0,10986690308937.0,1297035733370.0,1153649927601.0,6.06538E+11,0.66,1.25,21.61,22.83,1.8
000905.SH,2023/7/25,12871761109491.0,11162031077856.0,1297251120399.0,1153838305833.0,6.06687E+11,1.14,2.17,21.96,23.19,1.83
000905.SH,2023/7/26,12845808111976.0,11134789034146.0,1297251527932.0,1153845927953.0,6.06695E+11,1.06,2.01,21.91,23.14,1.83
000905.SH,2023/7/27,12768863453755.0,11070534952569.0,1297255913762.0,1153845927953.0,6.06647E+11,1.07,2.03,21.78,23,1.81
000905.SH,2023/7/28,12946028285206.0,11225921887276.0,1297243414695.0,1153869256228.0,6.06653E+11,1.41,2.69,22.08,23.32,1.84
000905.SH,2023/7/31,13038959303134.0,11323948400005.0,1297222940941.0,1155269415082.0,6.06829E+11,1.61,3.07,22.24,23.55,1.85
000905.SH,2023/8/1,13058056174172.0,11337809408383.0,1297794862313.0,1155269039727.0,6.06829E+11,1.62,3.09,22.27,23.59,1.86
000905.SH,2023/8/2,13016008884151.0,11300077904922.0,1297794865133.0,1155291086446.0,6.06822E+11,1.27,2.43,22.2,23.51,1.85
000905.SH,2023/8/3,13067446441067.0,11340483539284.0,1297794410447.0,1155291086680.0,6.06882E+11,1.27,2.41,22.29,23.59,1.86
000905.SH,2023/8/4,13116853905143.0,11381884413513.0,1297794410447.0,1155298970080.0,6.06881E+11,1.7,3.25,22.37,23.66,1.87
000905.SH,2023/8/7,13035314306269.0,11314837706905.0,1297794659355.0,1155311132413.0,6.06891E+11,1.26,2.39,22.24,23.5,1.85
000905.SH,2023/8/8,12981911003455.0,11273951440836.0,1297761934931.0,1155311365131.0,6.07025E+11,1.05,2,22.14,23.4,1.85
000905.SH,2023/8/9,12895350127661.0,11192049640185.0,1297761934931.0,1155311040131.0,6.07146E+11,0.86,1.63,22,23.25,1.83
000905.SH,2023/8/10,12940850988702.0,11218573908152.0,1298540754270.0,1155371246308.0,6.07243E+11,0.86,1.64,22.07,23.33,1.84
000905.SH,2023/8/11,12690896367613.0,11004537251330.0,1298540614870.0,1155401930185.0,6.07308E+11,0.98,1.86,21.65,22.89,1.8
000905.SH,2023/8/14,12704545777857.0,11031020568336.0,1298540476726.0,1155738795850.0,6.07602E+11,0.9,1.71,21.67,22.95,1.81
000905.SH,2023/8/15,12646503258401.0,10976761391482.0,1298573711148.0,1155738888246.0,6.07433E+11,0.8,1.52,21.57,22.86,1.8
000905.SH,2023/8/16,12551252467699.0,10903769298932.0,1298573711172.0,1155970686786.0,6.07676E+11,0.91,1.73,21.41,22.69,1.78
000905.SH,2023/8/17,12627628078527.0,10971674575337.0,1298573110770.0,1155976326943.0,6.07679E+11,0.98,1.87,21.54,22.85,1.79
000905.SH,2023/8/18,12436430217611.0,10819684119808.0,1298573110770.0,1156252812124.0,6.07719E+11,0.89,1.69,21.21,22.53,1.76
000905.SH,2023/8/21,12290706026964.0,10691216968602.0,1298571084716.0,1156289701477.0,6.07739E+11,0.8,1.53,20.96,22.34,1.74
000905.SH,2023/8/22,12350127225166.0,10745431334831.0,1298565457611.0,1156282987347.0,6.0791E+11,0.92,1.75,21.07,22.5,1.75
000905.SH,2023/8/23,12118096558406.0,10551558877779.0,1298576267803.0,1156967721196.0,6.08447E+11,0.81,1.55,20.67,22.14,1.72
000905.SH,2023/8/24,12147825558830.0,10592857204603.0,1298574012055.0,1158267828339.0,6.086E+11,0.93,1.78,20.72,22.18,1.72
000905.SH,2023/8/25,12019235350241.0,10479171815632.0,1298573962055.0,1158346823255.0,6.08716E+11,0.92,1.75,20.5,22,1.7
000905.SH,2023/8/28,12158054296177.0,10604941737292.0,1298556694209.0,1158641972385.0,6.08415E+11,1.6,3.05,20.74,22.34,1.71
000905.SH,2023/8/29,12411248364882.0,10820832328157.0,1298556694557.0,1158519423518.0,6.08255E+11,1.39,2.64,21.17,22.83,1.74
000905.SH,2023/8/30,12408595140045.0,10814238415291.0,1298558446257.0,1158561678107.0,6.08163E+11,1.17,2.24,21.17,23.14,1.74
000905.SH,2023/8/31,12336458232089.0,10746568855889.0,1298685433178.0,1158356890555.0,6.08064E+11,1,1.91,21.04,23.62,1.72
000905.SH,2023/9/1,12359506223458.0,10776172893642.0,1298685433178.0,1158356890555.0,6.07306E+11,0.9,1.72,21.08,23.67,1.72
000905.SH,2023/9/4,12519747719512.0,10930721537583.0,1298685435277.0,1158416214454.0,6.07526E+11,1.17,2.23,21.36,23.97,1.75
000905.SH,2023/9/5,12436401722294.0,10852097043576.0,1298704821409.0,1158416214586.0,6.07526E+11,0.92,1.75,21.21,23.81,1.73
000905.SH,2023/9/6,12438501465268.0,10852834837097.0,1298704821513.0,1158435600690.0,6.06883E+11,0.78,1.49,21.22,23.82,1.74
000905.SH,2023/9/7,12262844664947.0,10700338195358.0,1298701724771.0,1158443970550.0,6.06058E+11,0.8,1.53,20.92,23.48,1.71
000905.SH,2023/9/8,12276401872244.0,10711958090812.0,1298699997800.0,1158444292550.0,6.06058E+11,0.69,1.31,20.94,23.51,1.71
000905.SH,2023/9/11,12411485755287.0,10840500221639.0,1298763500073.0,1158680012765.0,6.06161E+11,0.97,1.86,21.17,23.77,1.73
000905.SH,2023/9/12,12398281125833.0,10831198888439.0,1298758520908.0,1158680019890.0,6.06161E+11,0.74,1.42,21.15,23.74,1.73
000905.SH,2023/9/13,12291176274594.0,10738989957424.0,1298755871670.0,1158680019986.0,6.05991E+11,0.79,1.51,20.97,23.54,1.71
000905.SH,2023/9/14,12274972275874.0,10724457461101.0,1300896348349.0,1158680019986.0,6.05991E+11,0.78,1.49,20.94,23.51,1.71
000905.SH,2023/9/15,12289050353615.0,10732493363463.0,1300896563884.0,1158680019986.0,6.05221E+11,0.85,1.63,20.96,23.53,1.71
000905.SH,2023/9/18,12310701491782.0,10767570808079.0,1300893178519.0,1158724996429.0,6.05227E+11,0.8,1.53,21,23.57,1.72
000905.SH,2023/9/19,12251621164043.0,10719077588297.0,1300893178519.0,1158730810926.0,6.05232E+11,0.73,1.41,20.9,23.46,1.71
000905.SH,2023/9/20,12174520415088.0,10655582718765.0,1300877703670.0,1158831038451.0,6.05333E+11,0.67,1.28,20.77,23.31,1.7
000905.SH,2023/9/21,12091165448942.0,10582493526113.0,1300936442004.0,1157695929143.0,6.0532E+11,0.71,1.35,20.62,23.15,1.68
000905.SH,2023/9/22,12262569042066.0,10729341196198.0,1300936442004.0,1157696694846.0,6.05312E+11,0.9,1.72,20.92,23.48,1.71
000905.SH,2023/9/25,12192982081509.0,10677247887414.0,1300936635663.0,1158887289193.0,6.0564E+11,0.81,1.54,20.8,23.35,1.7
000905.SH,2023/9/26,12147653782895.0,10655174218127.0,1300936635663.0,1160840279305.0,6.06463E+11,0.64,1.23,20.72,23.26,1.69
000905.SH,2023/9/27,12201634412575.0,10700033065433.0,1300939252363.0,1160840579305.0,6.06463E+11,0.7,1.34,20.81,23.37,1.7
000905.SH,2023/9/28,12236456841766.0,10726611499203.0,1300999969226.0,1160883946107.0,6.06502E+11,0.68,1.31,20.87,23.43,1.71
000905.SH,2023/10/9,12166003891482.0,10664222939733.0,1301000222795.0,1160786008010.0,6.06354E+11,0.78,1.48,20.75,23.3,1.7
000905.SH,2023/10/10,12087049108984.0,10596952478942.0,1301019238478.0,1160819849358.0,6.06361E+11,0.76,1.45,20.62,23.14,1.68
000905.SH,2023/10/11,12077565553876.0,10591388065792.0,1300970048926.0,1160968244702.0,6.0649E+11,0.78,1.49,20.6,23.14,1.68
000905.SH,2023/10/12,12165227089641.0,10667781961507.0,1302086918722.0,1162085203249.0,6.07043E+11,0.86,1.66,20.75,23.31,1.7
000905.SH,2023/10/13,12080475384896.0,10603514044479.0,1302093452710.0,1162170209077.0,6.07056E+11,0.77,1.47,20.61,23.12,1.68
000905.SH,2023/10/16,11982804950066.0,10520257218178.0,1302093453366.0,1162178250153.0,6.0707E+11,0.77,1.48,20.44,22.91,1.67
000905.SH,2023/10/17,12015977202973.0,10549124106950.0,1302093634793.0,1162183212788.0,6.07056E+11,0.8,1.52,20.5,22.97,1.67
000905.SH,2023/10/18,11862949544765.0,10414589205948.0,1302093634793.0,1162183212788.0,6.07056E+11,0.85,1.63,20.24,22.64,1.65
000905.SH,2023/10/19,11737593152533.0,10298978770569.0,1302093967377.0,1162183212788.0,6.07054E+11,0.93,1.78,20.02,22.4,1.64
000905.SH,2023/10/20,11657222163865.0,10225580388826.0,1302078188685.0,1162206972788.0,6.07057E+11,0.82,1.56,19.88,22.21,1.62
000905.SH,2023/10/23,11370856441239.0,9981625041746.0,1302094451842.0,1162299381617.0,6.06486E+11,0.89,1.7,19.4,21.64,1.58
000905.SH,2023/10/24,11513845735746.0,10098620525689.0,1302094368236.0,1162295012161.0,6.0657E+11,0.99,1.89,19.64,21.92,1.6
000905.SH,2023/10/25,11564431935385.0,10148053426235.0,1302094103337.0,1162295055061.0,6.06705E+11,0.99,1.89,19.73,21.98,1.61
000905.SH,2023/10/26,11613440141380.0,10194440630679.0,1302095720142.0,1162621519467.0,6.06912E+11,0.88,1.69,19.81,22.02,1.61
000905.SH,2023/10/27,11810934953944.0,10370404487223.0,1302073086957.0,1162751385840.0,6.07574E+11,0.97,1.85,20.15,22.28,1.64
000905.SH,2023/10/30,11910052622629.0,10454383936010.0,1302085169754.0,1162746839075.0,6.07265E+11,1.06,2.03,20.32,22.82,1.64
000905.SH,2023/10/31,11878428596006.0,10428599877157.0,1302061399628.0,1162777377083.0,6.0733E+11,0.91,1.74,20.26,22.32,1.63
000905.SH,2023/11/1,11842871150422.0,10399252712014.0,1302071178487.0,1162788229634.0,6.06101E+11,0.75,1.44,20.2,22.23,1.62
000905.SH,2023/11/2,11741550962940.0,10311319652635.0,1302706271358.0,1162788190548.0,6.06092E+11,0.78,1.49,20.03,22.04,1.61
000905.SH,2023/11/3,11837450870699.0,10394774084358.0,1302717894396.0,1162796103986.0,6.06102E+11,0.84,1.62,20.19,22.22,1.62
000905.SH,2023/11/6,12029559119589.0,10563110428321.0,1302717894396.0,1163456004086.0,6.05092E+11,1.2,2.3,20.52,22.58,1.65
000905.SH,2023/11/7,12032273659192.0,10565303068047.0,1302717894396.0,1163456724469.0,6.05035E+11,1.04,1.99,20.52,22.59,1.65
000905.SH,2023/11/8,12025269368924.0,10557409995326.0,1302725318896.0,1163460532969.0,6.05042E+11,1.06,2.03,20.51,22.58,1.65
000905.SH,2023/11/9,11989335228793.0,10527208816800.0,1302725398475.0,1163460612548.0,6.04613E+11,0.91,1.76,20.45,22.51,1.64
000905.SH,2023/11/10,11948353057080.0,10491738535734.0,1302726271794.0,1163460900622.0,6.04518E+11,0.81,1.56,20.38,22.43,1.64
000905.SH,2023/11/13,12012923024773.0,10556175973106.0,1302726272935.0,1163656515942.0,6.04725E+11,0.88,1.69,20.49,22.55,1.64
000905.SH,2023/11/14,12069277326980.0,10601088899095.0,1302726210635.0,1163658730832.0,6.04903E+11,0.87,1.67,20.59,22.66,1.65
000905.SH,2023/11/15,12137807701255.0,10663467749570.0,1302729843817.0,1163659931132.0,6.05027E+11,0.97,1.87,20.7,22.79,1.66
000905.SH,2023/11/16,12025228805146.0,10568564710732.0,1302756703506.0,1163659931196.0,6.05027E+11,0.81,1.56,20.51,22.58,1.65
000905.SH,2023/11/17,12070916758222.0,10603914079713.0,1303768869275.0,1163742614546.0,6.05111E+11,0.77,1.48,20.59,22.66,1.65
000905.SH,2023/11/20,12133008757899.0,10656699943947.0,1303944508152.0,1163743826116.0,6.05061E+11,0.89,1.7,20.7,22.78,1.66
000905.SH,2023/11/21,12095750942305.0,10627704366332.0,1303957439425.0,1163753188589.0,6.05071E+11,0.99,1.9,20.63,22.71,1.65
000905.SH,2023/11/22,11960061518150.0,10511868629359.0,1303959092236.0,1163754841400.0,6.05047E+11,0.9,1.73,20.4,22.45,1.64
000905.SH,2023/11/23,12069431006324.0,10608449805640.0,1303958672018.0,1163754908461.0,6.05047E+11,0.84,1.62,20.59,22.66,1.65
000905.SH,2023/11/24,11965925256872.0,10530160159770.0,1303958679968.0,1163993990029.0,6.05154E+11,0.87,1.67,20.41,22.46,1.64
000905.SH,2023/11/27,11959093785743.0,10520159458997.0,1303958859112.0,1164004818437.0,6.05272E+11,0.84,1.62,20.4,22.45,1.64
000905.SH,2023/11/28,12013720202556.0,10566915265093.0,1303943492152.0,1164004818437.0,6.05272E+11,0.77,1.48,20.49,22.55,1.64
000905.SH,2023/11/29,11936475375625.0,10500893979019.0,1303943375962.0,1164018416167.0,6.05285E+11,0.77,1.48,20.36,22.41,1.63
000905.SH,2023/11/30,11937446623475.0,10491884416593.0,1304000835061.0,1164018416167.0,6.05241E+11,0.75,1.45,20.36,22.41,1.63
000905.SH,2023/12/1,11974040503659.0,10528712467869.0,1304119717287.0,1164018838393.0,6.05242E+11,0.8,1.54,20.42,22.48,1.64
000905.SH,2023/12/4,11957948693868.0,10518138020061.0,1304250916904.0,1164151923311.0,6.05375E+11,0.85,1.64,20.4,22.45,1.63
000905.SH,2023/12/5,11759383050537.0,10340496433855.0,1304332966812.0,1164153958061.0,6.0538E+11,0.78,1.51,20.06,22.08,1.61
000905.SH,2023/12/6,11799188081031.0,10374591834696.0,1304296294207.0,1164142552021.0,6.05368E+11,0.76,1.46,20.13,22.15,1.61
000905.SH,2023/12/7,11795045034583.0,10371977478105.0,1304296294207.0,1164170875789.0,6.0538E+11,0.76,1.47,20.12,22.14,1.61
000905.SH,2023/12/8,11831331019107.0,10402351193972.0,1304296294207.0,1164275349792.0,6.05406E+11,1.01,1.95,20.18,22.21,1.62
000905.SH,2023/12/11,12263708904155.0,10562604255180.0,1288051578474.0,1129036653285.0,5.88368E+11,1.05,2.02,20.53,22.37,1.71
000905.SH,2023/12/12,12275694797474.0,10575088114345.0,1288052341244.0,1129032048235.0,5.88374E+11,0.75,1.43,20.55,22.39,1.72
000905.SH,2023/12/13,12152482032550.0,10470247921138.0,1288115765244.0,1129032600189.0,5.88375E+11,0.67,1.29,20.34,22.16,1.7
000905.SH,2023/12/14,12123034752208.0,10442895348963.0,1288118141123.0,1129036379528.0,5.88381E+11,0.66,1.26,20.29,22.11,1.69
000905.SH,2023/12/15,12034527790949.0,10367162479038.0,1288118144201.0,1129022130350.0,5.88376E+11,0.71,1.36,20.14,21.95,1.68
000905.SH,2023/12/18,11899640660544.0,10253551524981.0,1288118144904.0,1129085957484.0,5.8844E+11,0.69,1.33,19.92,21.7,1.66
000905.SH,2023/12/19,11882136066784.0,10238709794539.0,1288114158583.0,1129117906207.0,5.88457E+11,0.62,1.2,19.89,21.67,1.66
000905.SH,2023/12/20,11741415088507.0,10114978699771.0,1288114158583.0,1129157950787.0,5.88497E+11,0.67,1.28,19.65,21.41,1.64
000905.SH,2023/12/21,11800214462039.0,10163982011764.0,1288115308583.0,1129160466287.0,5.88499E+11,0.72,1.39,19.75,21.52,1.65
000905.SH,2023/12/22,11745439486145.0,10116607483259.0,1288099759482.0,1129160466287.0,5.88493E+11,0.8,1.54,19.66,21.42,1.64
000905.SH,2023/12/25,11746218716468.0,10124939590311.0,1288121283507.0,1129183124650.0,5.88516E+11,0.58,1.12,19.66,21.42,1.64
000905.SH,2023/12/26,11624432529660.0,10022113552178.0,1288121922298.0,1129183166104.0,5.88482E+11,0.6,1.15,19.46,21.2,1.62
000905.SH,2023/12/27,11688862138980.0,10078095137124.0,1288121876197.0,1129184754297.0,5.88484E+11,0.67,1.28,19.56,21.32,1.63
000905.SH,2023/12/28,11882849846924.0,10241621066757.0,1288121876197.0,1129207368537.0,5.88507E+11,0.95,1.83,19.89,21.67,1.66
000905.SH,2023/12/29,11973351854981.0,10322510894196.0,1288171199245.0,1129207367787.0,5.88539E+11,0.81,1.55,20.04,21.84,1.67
000905.SH,2024/1/2,11947850971788.0,10343854472552.0,1288171999299.0,1130089888556.0,5.88722E+11,0.82,1.58,20,21.79,1.67
000905.SH,2024/1/3,11940690409949.0,10340173816872.0,1288290310542.0,1130169245039.0,5.88692E+11,0.77,1.47,19.98,21.78,1.67
000905.SH,2024/1/4,11852304835217.0,10263615864927.0,1288294655625.0,1130189992066.0,5.88817E+11,0.7,1.34,19.84,21.62,1.66
000905.SH,2024/1/5,11711175355527.0,10133221259850.0,1288582408746.0,1130190497452.0,5.88884E+11,0.79,1.52,19.6,21.36,1.64
000905.SH,2024/1/8,11461370701054.0,9922566002785.0,1288583530830.0,1130216979221.0,5.88894E+11,0.74,1.42,19.18,20.9,1.6
000905.SH,2024/1/9,11489009669645.0,9949538681044.0,1288584066548.0,1130217900517.0,5.88895E+11,0.7,1.34,19.23,20.95,1.6
000905.SH,2024/1/10,11442313411565.0,9908468756768.0,1288584066548.0,1130217900517.0,5.88894E+11,0.63,1.21,19.15,20.87,1.6
000905.SH,2024/1/11,11569148100455.0,10017716491825.0,1288583971548.0,1130217900517.0,5.88829E+11,0.75,1.44,19.36,21.1,1.62
000905.SH,2024/1/12,11542946929583.0,9994827101024.0,1288585747998.0,1130222188717.0,5.8883E+11,0.68,1.3,19.32,21.05,1.61
000905.SH,2024/1/15,11519419118476.0,9979983819801.0,1288585747998.0,1130325439918.0,5.8883E+11,0.65,1.26,19.28,21.02,1.61
000905.SH,2024/1/16,11514173759540.0,9977837019121.0,1288585747998.0,1130326091975.0,5.88886E+11,0.73,1.41,19.27,21.01,1.61
000905.SH,2024/1/17,11233282664780.0,9741232317340.0,1288585806060.0,1130328039462.0,5.88892E+11,0.7,1.34,18.8,20.49,1.57
000905.SH,2024/1/18,11225151993085.0,9759655684843.0,1288585866177.0,1131169299579.0,5.88896E+11,1.05,2.02,18.79,20.47,1.57
000905.SH,2024/1/19,11123759088709.0,9671162617428.0,1288589678348.0,1131169398790.0,5.8876E+11,0.69,1.33,18.62,20.29,1.55
000905.SH,2024/1/22,10595444457044.0,9216657788943.0,1288590829605.0,1131780556411.0,5.89336E+11,0.97,1.86,17.73,19.31,1.48
000905.SH,2024/1/23,10777127475079.0,9373131984290.0,1288590991961.0,1131781135767.0,5.89337E+11,0.88,1.7,18.04,19.64,1.5
000905.SH,2024/1/24,10945972582021.0,9525463972805.0,1288606177039.0,1132084996278.0,5.89494E+11,1.01,1.93,18.32,19.95,1.53
000905.SH,2024/1/25,11273980565101.0,9808288019398.0,1288606177039.0,1132084996278.0,5.89707E+11,1.17,2.24,18.87,20.55,1.57
000905.SH,2024/1/26,11186391748791.0,9738875885057.0,1288606199764.0,1132085023878.0,5.89845E+11,1.03,1.98,18.72,20.39,1.56
000905.SH,2024/1/29,10987172903952.0,9571026977307.0,1288609991848.0,1132713285988.0,5.89408E+11,1.03,1.98,18.39,20.03,1.53
000905.SH,2024/1/30,10731508536670.0,9351871081108.0,1288610009948.0,1132713304088.0,5.88937E+11,0.88,1.69,17.96,19.55,1.5
000905.SH,2024/1/31,10489099841461.0,9146617244703.0,1288610009948.0,1133232126633.0,5.89456E+11,1.07,2.05,17.56,19.11,1.46
000905.SH,2024/2/1,10435627334744.0,9097836221522.0,1288717103760.0,1133232162555.0,5.89267E+11,0.98,1.89,17.47,19.03,1.46
000905.SH,2024/2/2,10185203853989.0,8882490727616.0,1288843936498.0,1133369895424.0,5.89407E+11,1.21,2.33,17.05,18.55,1.42
000905.SH,2024/2/5,9964111022799.0,8694633384903.0,1288832528454.0,1133398950725.0,5.89421E+11,1.46,2.82,16.68,18.12,1.39
000905.SH,2024/2/6,10710179578174.0,9338514651939.0,1288833405850.0,1133401042470.0,5.89422E+11,1.53,2.94,17.93,19.48,1.49
000905.SH,2024/2/7,11375765227013.0,9915610737827.0,1288833411335.0,1133400931060.0,5.89422E+11,2,3.85,19.04,20.69,1.58
000905.SH,2024/2/8,11460145578844.0,9986825271605.0,1288833614300.0,1133401149925.0,5.89544E+11,1.89,3.62,19.18,20.84,1.6
000905.SH,2024/2/19,11417301940666.0,9961308329159.0,1288833614308.0,1133510466586.0,5.89586E+11,1.44,2.76,19.11,20.76,1.59
000905.SH,2024/2/20,11429508983301.0,9975625995683.0,1288852968073.0,1133563388966.0,5.89623E+11,1.07,2.06,19.13,20.79,1.59
000905.SH,2024/2/21,11427180701523.0,9968792505847.0,1288800367689.0,1133510788582.0,5.8957E+11,1.33,2.56,19.13,20.79,1.59
000905.SH,2024/2/22,11504167479123.0,10038859766986.0,1288800367689.0,1133510788582.0,5.89489E+11,1.03,1.98,19.25,20.97,1.6
000905.SH,2024/2/23,11547186949645.0,10074449161350.0,1288800367689.0,1133510790061.0,5.89492E+11,1.19,2.29,19.33,21.05,1.61
000905.SH,2024/2/26,11531969792929.0,10061332669372.0,1288938605485.0,1133672780034.0,5.89656E+11,1.27,2.44,19.3,21.08,1.61
000905.SH,2024/2/27,11761525272300.0,10260416967743.0,1288938605710.0,1133672780259.0,5.89656E+11,1.23,2.36,19.68,21.51,1.64
000905.SH,2024/2/28,11513363967391.0,10045249640599.0,1288938605710.0,1133677715259.0,5.8966E+11,1.79,3.44,19.27,21.05,1.6
000905.SH,2024/2/29,11866662428421.0,10346160530837.0,1288937126214.0,1133682008883.0,5.8968E+11,1.42,2.73,19.85,21.68,1.65
000905.SH,2024/3/1,11917829835193.0,10408060409826.0,1288937126214.0,1134946519532.0,5.89788E+11,1.25,2.41,19.93,21.78,1.66
000905.SH,2024/3/4,11931941072699.0,10420537668769.0,1288937227114.0,1134949057255.0,5.8979E+11,1.27,2.44,19.96,21.8,1.66
000905.SH,2024/3/5,11856554740921.0,10358464604515.0,1288938463569.0,1134950367100.0,5.89791E+11,1.24,2.39,19.83,21.66,1.65
000905.SH,2024/3/6,11856092455955.0,10355180960200.0,1288932279862.0,1134942212984.0,5.89788E+11,1.07,2.05,19.83,21.66,1.65
000905.SH,2024/3/7,11707883576777.0,10229664244859.0,1288932239970.0,1134940001092.0,5.89785E+11,1.23,2.37,19.58,21.35,1.63
000905.SH,2024/3/8,11857440544488.0,10361179641735.0,1288932183623.0,1134941938142.0,5.89787E+11,1.07,2.06,19.83,21.63,1.65
000905.SH,2024/3/11,12043710683184.0,10521786439828.0,1288930831938.0,1134964206729.0,5.90043E+11,1.26,2.42,20.13,21.97,1.67
000905.SH,2024/3/12,11997877824443.0,10480108011939.0,1288956030698.0,1134988885997.0,5.90105E+11,1.3,2.49,20.05,21.85,1.67
000905.SH,2024/3/13,11972913789163.0,10457394780048.0,1288956142348.0,1134987244372.0,5.90104E+11,1.14,2.2,20.01,21.8,1.66
000905.SH,2024/3/14,11927664022610.0,10418343229243.0,1288956142348.0,1134987244372.0,5.90112E+11,1.16,2.24,19.93,21.72,1.66
000905.SH,2024/3/15,12053468291384.0,10530425453451.0,1288996699910.0,1135034935161.0,5.90158E+11,1.2,2.31,20.22,21.95,1.68
000905.SH,2024/3/18,12204428815635.0,10674110730143.0,1288985552910.0,1135286587430.0,5.90409E+11,1.41,2.71,20.45,22.25,1.7
000905.SH,2024/3/19,12090979690859.0,10576231966131.0,1288985529070.0,1135286920870.0,5.90207E+11,1.29,2.49,20.34,22.05,1.68
000905.SH,2024/3/20,12123693719774.0,10605098749267.0,1288985529070.0,1135318601972.0,5.90483E+11,1.11,2.14,20.37,22.09,1.69
000905.SH,2024/3/21,12057506155197.0,10553299845058.0,1288985529099.0,1136374316952.0,5.90508E+11,1.14,2.19,20.24,21.96,1.68
000905.SH,2024/3/22,11875212817724.0,10401071414308.0,1288946730068.0,1136416517921.0,5.90545E+11,1.21,2.32,20,21.77,1.65
000905.SH,2024/3/25,11710549423764.0,10252551155412.0,1289079606033.0,1136417602757.0,5.90556E+11,1.15,2.21,19.53,21.44,1.63
000905.SH,2024/3/26,11696016972798.0,10243626042762.0,1289083201620.0,1136459457624.0,5.90672E+11,1.02,1.97,19.65,21.41,1.62
000905.SH,2024/3/27,11434722257365.0,10016237064542.0,1289086760731.0,1136466935535.0,5.90541E+11,0.97,1.86,19.27,20.93,1.59
000905.SH,2024/3/28,11573658721224.0,10137048419830.0,1289086760731.0,1136477188778.0,5.90557E+11,1.02,1.97,19.86,21.31,1.61
000905.SH,2024/3/29,11719875452745.0,10269217715456.0,1289677463588.0,1137986155422.0,5.90994E+11,0.96,1.85,20.5,21.63,1.62
000905.SH,2024/4/1,11953587765291.0,10479870433140.0,1289677463588.0,1138721966135.0,5.91149E+11,1.2,2.31,21.16,22.1,1.66
000905.SH,2024/4/2,11924679037406.0,10460353743277.0,1289929553011.0,1139407813919.0,5.90978E+11,1.16,2.24,21.31,22.04,1.65
000905.SH,2024/4/3,11917338816869.0,10456624348667.0,1289933593507.0,1139412778558.0,5.91706E+11,1.17,2.26,21.25,22.04,1.65
000905.SH,2024/4/8,11758479419679.0,10319806208053.0,1289935752417.0,1139491127253.0,5.91815E+11,1.3,2.51,20.89,21.73,1.63
000905.SH,2024/4/9,11849571468847.0,10398388105208.0,1289935820187.0,1139473590685.0,5.91838E+11,0.99,1.91,20.88,21.86,1.64
000905.SH,2024/4/10,11718149319242.0,10288586079336.0,1289935820187.0,1139788301665.0,5.9229E+11,1.03,1.99,20.62,21.6,1.62
000905.SH,2024/4/11,11788033124750.0,10349895409482.0,1289935820187.0,1139803303452.0,5.92275E+11,1.12,2.16,20.7,21.68,1.63
000905.SH,2024/4/12,11726413487814.0,10303029637598.0,1290042662446.0,1139917156580.0,5.92393E+11,1.04,2,20.67,21.56,1.62
000905.SH,2024/4/15,11883362502623.0,10441330518914.0,1290047779218.0,1139923500013.0,5.92399E+11,1.4,2.69,20.98,21.81,1.64
000905.SH,2024/4/16,11581766107893.0,10180810629748.0,1290036744371.0,1139913229583.0,5.9253E+11,1.43,2.74,20.19,21.35,1.6
000905.SH,2024/4/17,11893458764750.0,10449863953780.0,1290036744371.0,1139913229583.0,5.92371E+11,1.29,2.49,20.7,21.94,1.64
000905.SH,2024/4/18,11910677062417.0,10470020966757.0,1290036744413.0,1139920665878.0,5.9238E+11,1.35,2.59,20.94,22.09,1.65
000905.SH,2024/4/19,11850299529328.0,10420876938335.0,1290036744415.0,1139825543931.0,5.92414E+11,1.25,2.4,20.86,22,1.64
000905.SH,2024/4/22,11747821351192.0,10335760426619.0,1290038113997.0,1141386331910.0,5.92425E+11,1.19,2.28,20.57,21.59,1.62
000905.SH,2024/4/23,11605291005858.0,10205875497209.0,1290038793520.0,1141494163352.0,5.92813E+11,1.1,2.12,20.24,21.31,1.6
000905.SH,2024/4/24,11715251459770.0,10301331519009.0,1290039891926.0,1141495372008.0,5.92586E+11,1.03,1.98,20.7,21.58,1.62
000905.SH,2024/4/25,11715129163228.0,10297199247573.0,1290038009974.0,1141470624690.0,5.92592E+11,0.97,1.87,20.65,21.66,1.61
000905.SH,2024/4/26,11936073804830.0,10494607048894.0,1289993772696.0,1141438940679.0,5.92423E+11,1.52,2.93,21.62,22.45,1.64
000905.SH,2024/4/29,12151068967325.0,10676511453673.0,1290164289943.0,1141428583386.0,5.92439E+11,1.67,3.22,22.55,23.02,1.66
000905.SH,2024/4/30,12074289289205.0,10611458500740.0,1290063915012.0,1141329146444.0,5.9245E+11,1.43,2.75,22.77,23.64,1.64
000905.SH,2024/5/6,12277255056009.0,10793861120705.0,1290063915012.0,1141783234944.0,5.92687E+11,1.45,2.8,23.15,24.03,1.67
000905.SH,2024/5/7,12273433739477.0,10797419268016.0,1290048692440.0,1142581976077.0,5.92667E+11,1.2,2.3,23.14,24.03,1.67
000905.SH,2024/5/8,12132650035267.0,10672488640146.0,1290048692440.0,1142595355281.0,5.92784E+11,1.08,2.09,22.88,23.75,1.65
000905.SH,2024/5/9,12346057092371.0,10854474226565.0,1290048692440.0,1142595355281.0,5.92821E+11,1.15,2.21,23.28,24.17,1.68
000905.SH,2024/5/10,12308119887021.0,10828327297324.0,1290048692440.0,1142900794928.0,5.92829E+11,1.13,2.17,23.21,24.09,1.67
000905.SH,2024/5/13,12256056574818.0,10787105371613.0,1290049145472.0,1142905662001.0,5.92858E+11,1.15,2.22,23.11,23.99,1.67
000905.SH,2024/5/14,12241092857321.0,10773242946129.0,1289986899632.0,1142843416161.0,5.92796E+11,1.04,2.01,23.08,23.96,1.66
000905.SH,2024/5/15,12122581456951.0,10668674903127.0,1289988034068.0,1142845632214.0,5.92798E+11,0.96,1.86,22.86,23.73,1.65
000905.SH,2024/5/16,12068189639407.0,10618755738998.0,1290006638619.0,1142851631265.0,5.92837E+11,1.07,2.06,22.76,23.62,1.64
000905.SH,2024/5/17,12210551541275.0,10742371680909.0,1290056899940.0,1143263144938.0,5.93211E+11,1.11,2.14,23.02,23.9,1.66
000905.SH,2024/5/20,12274388968791.0,10802435181712.0,1290320033965.0,1143650217102.0,5.93495E+11,1.27,2.44,23.15,24.03,1.67
000905.SH,2024/5/21,12180381374590.0,10721603736275.0,1290761555597.0,1144381615408.0,5.93646E+11,0.95,1.83,22.97,23.84,1.66
000905.SH,2024/5/22,12154969926195.0,10696724883022.0,1290942726667.0,1144562786478.0,5.93935E+11,0.99,1.9,22.92,23.79,1.66
000905.SH,2024/5/23,11923664919067.0,10493559319512.0,1290942856937.0,1144599991675.0,5.93876E+11,1.11,2.13,22.48,23.34,1.63
000905.SH,2024/5/24,11828368475568.0,10410069118644.0,1291056587680.0,1144661118926.0,5.93931E+11,0.93,1.79,22.3,23.15,1.61
000905.SH,2024/5/27,11956092018010.0,10537475393982.0,1291182498094.0,1146545334909.0,5.9394E+11,1.01,1.95,22.54,23.4,1.63
000905.SH,2024/5/28,11842859785018.0,10434043009824.0,1291238124936.0,1146575801870.0,5.94002E+11,0.97,1.87,22.33,23.18,1.62
000905.SH,2024/5/29,11865662266900.0,10457430356801.0,1291520155724.0,1146842624327.0,5.94178E+11,0.91,1.76,22.37,23.23,1.62
000905.SH,2024/5/30,11818955209031.0,10414213305534.0,1291680601177.0,1147046060417.0,5.94321E+11,0.94,1.81,22.29,23.14,1.62
000905.SH,2024/5/31,11819703642530.0,10414202986867.0,1291680506405.0,1147051488865.0,5.94327E+11,0.91,1.75,22.29,23.14,1.62
000905.SH,2024/6/3,11735197975088.0,10340948000882.0,1291680506405.0,1147051590665.0,5.94327E+11,1.11,2.14,22.13,22.97,1.61
000905.SH,2024/6/4,11887312624971.0,10476243558537.0,1291682165069.0,1147052634610.0,5.94243E+11,0.94,1.82,22.42,23.27,1.63
000905.SH,2024/6/5,11743003332355.0,10348847723403.0,1291672971934.0,1147124404069.0,5.94326E+11,0.92,1.78,22.14,22.99,1.61
000905.SH,2024/6/6,11638638314579.0,10257216310241.0,1291672973074.0,1147131876662.0,5.94324E+11,1.16,2.24,21.95,22.78,1.6
000905.SH,2024/6/7,11615757499327.0,10240947592776.0,1293020397016.0,1149025394985.0,5.95034E+11,0.99,1.91,21.9,22.74,1.6
000905.SH,2024/6/11,11618430989614.0,10238646493219.0,1293233971985.0,1149190613379.0,5.95127E+11,1.01,1.96,21.91,22.74,1.6
000905.SH,2024/6/12,11655754568916.0,10270365468578.0,1293259783473.0,1149218336755.0,5.95167E+11,0.9,1.73,21.98,22.82,1.6
000905.SH,2024/6/13,11574857984063.0,10190899955481.0,1293244542087.0,1149219468384.0,5.95328E+11,1.03,1.99,21.83,22.66,1.59
000905.SH,2024/6/14,11592971313295.0,10215300071003.0,1293244914527.0,1149222665951.0,5.95316E+11,1.17,2.25,21.86,22.69,1.6
000905.SH,2024/6/17,11793038070505.0,10382847024470.0,1279736968842.0,1133285661426.0,5.80903E+11,0.95,1.86,21.64,22.3,1.63
000905.SH,2024/6/18,11837927080027.0,10437960012162.0,1279736969504.0,1135551563838.0,5.80669E+11,0.83,1.62,21.72,22.39,1.64
000905.SH,2024/6/19,11699607662509.0,10316711919823.0,1279777179742.0,1135575682598.0,5.81006E+11,0.77,1.51,21.47,22.12,1.62
000905.SH,2024/6/20,11547914597309.0,10179997471588.0,1279772990516.0,1135575903118.0,5.81036E+11,0.84,1.65,21.19,21.84,1.6
000905.SH,2024/6/21,11563510183382.0,10192717782332.0,1279846804044.0,1135650627196.0,5.8092E+11,0.74,1.44,21.22,21.87,1.6
000905.SH,2024/6/24,11323868250077.0,9985711538464.0,1279843745187.0,1135643426381.0,5.80867E+11,0.88,1.72,20.78,21.41,1.57
000905.SH,2024/6/25,11237020070400.0,9920844784679.0,1279839653241.0,1135820554182.0,5.80867E+11,0.81,1.58,20.62,21.25,1.56
000905.SH,2024/6/26,11378292880982.0,10044030054088.0,1279826852335.0,1135807272592.0,5.81034E+11,0.82,1.61,20.88,21.52,1.58
000905.SH,2024/6/27,11173194643016.0,9865283424131.0,1280181932955.0,1136166495778.0,5.81152E+11,0.78,1.52,20.5,21.13,1.55
000905.SH,2024/6/28,11210837427167.0,9897302277945.0,1280381127132.0,1136173057650.0,5.80618E+11,0.94,1.83,20.57,21.2,1.56
000905.SH,2024/7/1,11359405126155.0,10035174152706.0,1280380265404.0,1136957508429.0,5.80984E+11,0.86,1.68,20.84,21.48,1.58
000905.SH,2024/7/2,11239635628210.0,9928319333386.0,1280681937951.0,1137136765513.0,5.81055E+11,0.85,1.66,20.62,21.25,1.56
000905.SH,2024/7/3,11149753617572.0,9856199631730.0,1280726305366.0,1137656674533.0,5.8104E+11,0.74,1.45,20.46,21.08,1.55
000905.SH,2024/7/4,10976514645176.0,9704180756004.0,1280725347581.0,1137656232535.0,5.8157E+11,0.8,1.56,20.14,20.76,1.53
000905.SH,2024/7/5,11041493954987.0,9761914842249.0,1280848370864.0,1137780316468.0,5.81654E+11,0.73,1.43,20.26,20.88,1.54
000905.SH,2024/7/8,10856686850314.0,9600673663074.0,1280848703664.0,1137811359201.0,5.81692E+11,0.79,1.55,19.92,20.53,1.51
000905.SH,2024/7/9,11049008755522.0,9773945671438.0,1281094420236.0,1137813970351.0,5.81693E+11,0.98,1.92,20.27,20.89,1.54
000905.SH,2024/7/10,10954398276678.0,9689264681603.0,1281032840105.0,1137820238357.0,5.81699E+11,0.89,1.74,20.1,20.71,1.53
000905.SH,2024/7/11,11160692490633.0,9871798337073.0,1281028111739.0,1137912649413.0,5.81699E+11,1.01,1.98,20.48,21.1,1.55
000905.SH,2024/7/12,11117162891024.0,9830632703898.0,1281047163618.0,1137920706566.0,5.81859E+11,0.85,1.67,20.4,21.02,1.55
000905.SH,2024/7/15,11041837359328.0,9766325614082.0,1281047478071.0,1137971491296.0,5.81913E+11,0.76,1.49,20.26,20.85,1.54
000905.SH,2024/7/16,11053211043078.0,9774251176043.0,1281047481879.0,1137972069604.0,5.8202E+11,0.77,1.5,20.28,20.86,1.54
000905.SH,2024/7/17,10955915606596.0,9692609452618.0,1281047697095.0,1137972317370.0,5.8202E+11,0.85,1.67,20.1,20.68,1.53
000905.SH,2024/7/18,11012832238243.0,9742365713072.0,1281047498875.0,1137972325150.0,5.8202E+11,0.85,1.66,20.21,20.79,1.54
000905.SH,2024/7/19,11000147179956.0,9727086447612.0,1281071121828.0,1137989546862.0,5.81939E+11,0.82,1.6,20.18,20.76,1.54
000905.SH,2024/7/22,10981070697056.0,9709814979250.0,1281311932940.0,1138061540109.0,5.81997E+11,0.81,1.59,20.15,20.73,1.53
000905.SH,2024/7/23,10674176157227.0,9436152213233.0,1281323616343.0,1138058595326.0,5.81965E+11,0.9,1.76,19.59,20.14,1.49
000905.SH,2024/7/24,10564542664210.0,9343066289992.0,1281323356568.0,1138165560653.0,5.8195E+11,0.99,1.94,19.38,19.93,1.47
000905.SH,2024/7/25,10569015591789.0,9345257579987.0,1281304353708.0,1138165551886.0,5.81953E+11,0.78,1.52,19.39,19.95,1.48
000905.SH,2024/7/26,10712739181581.0,9474914342574.0,1281349870403.0,1138222751979.0,5.81994E+11,0.76,1.49,19.66,20.22,1.5
000905.SH,2024/7/29,10657637459194.0,9425413555532.0,1281453143095.0,1138328200294.0,5.8224E+11,0.71,1.39,19.56,20.12,1.49
000905.SH,2024/7/30,10634681591870.0,9405665454509.0,1281449021947.0,1138435108979.0,5.82277E+11,0.73,1.43,19.51,20.06,1.48
000905.SH,2024/7/31,11037559341199.0,9762184513968.0,1281429241383.0,1138435639255.0,5.82226E+11,1.26,2.46,20.25,20.82,1.54
000905.SH,2024/8/1,10967735877122.0,9696266163145.0,1281626639550.0,1138435764455.0,5.82273E+11,0.99,1.94,20.12,20.69,1.53
000905.SH,2024/8/2,10835873956387.0,9582022615000.0,1281625978498.0,1138440578513.0,5.81966E+11,0.87,1.69,19.88,20.44,1.51
000905.SH,2024/8/5,10637599461608.0,9423574722825.0,1281627588745.0,1138896706035.0,5.82029E+11,1,1.95,19.52,20.07,1.48
000905.SH,2024/8/6,10752800895604.0,9523780497333.0,1281621601040.0,1138896688090.0,5.82107E+11,0.95,1.85,19.73,20.29,1.5
000905.SH,2024/8/7,10752946275157.0,9523923119319.0,1281621601040.0,1138897853935.0,5.82109E+11,0.85,1.67,19.73,20.29,1.5
000905.SH,2024/8/8,10768269817202.0,9539587511411.0,1281674680637.0,1138950949132.0,5.82042E+11,0.92,1.79,19.76,20.31,1.5
000905.SH,2024/8/9,10687854108764.0,9468117597634.0,1281703709364.0,1138968910886.0,5.82043E+11,0.96,1.87,19.61,20.09,1.49
000905.SH,2024/8/12,10678876179326.0,9464472136054.0,1281705028870.0,1139869018054.0,5.82035E+11,0.78,1.53,19.59,20.07,1.49
000905.SH,2024/8/13,10715138963831.0,9498008719863.0,1281705028870.0,1139873980833.0,5.82035E+11,0.71,1.4,19.66,20.13,1.49
000905.SH,2024/8/14,10576868505981.0,9375642465893.0,1281712904176.0,1139876701029.0,5.82038E+11,0.65,1.28,19.41,19.87,1.48
000905.SH,2024/8/15,10652488675206.0,9441744063787.0,1281924635060.0,1139876010879.0,5.82038E+11,0.8,1.56,19.55,20,1.49
000905.SH,2024/8/16,10580825814854.0,9378249050302.0,1281924635060.0,1139941020341.0,5.82124E+11,0.77,1.5,19.41,19.88,1.48
000905.SH,2024/8/19,10615011014312.0,9415042487633.0,1281695640607.0,1140150386688.0,5.82139E+11,0.76,1.5,19.48,19.93,1.48
000905.SH,2024/8/20,10433288410042.0,9254529200865.0,1281694673386.0,1140149337482.0,5.82059E+11,0.81,1.58,19.14,19.56,1.45
000905.SH,2024/8/21,10389953314354.0,9216605923802.0,1281686204417.0,1140140868513.0,5.82212E+11,0.73,1.43,19.06,19.5,1.45
000905.SH,2024/8/22,10277965293046.0,9116984339968.0,1281803042865.0,1140291743750.0,5.82343E+11,0.75,1.47,18.86,19.3,1.43
000905.SH,2024/8/23,10288412675684.0,9132482930657.0,1281796977855.0,1140348350760.0,5.82687E+11,0.66,1.3,18.88,19.25,1.43
000905.SH,2024/8/26,10299764169181.0,9140808028114.0,1281882400591.0,1140424773979.0,5.82067E+11,0.76,1.5,18.9,19.41,1.43
000905.SH,2024/8/27,10195474673207.0,9048421191591.0,1281882436091.0,1140429707453.0,5.82361E+11,0.72,1.42,18.71,19.22,1.41
000905.SH,2024/8/28,10210787478854.0,9059651755647.0,1281882436091.0,1140501449143.0,5.82422E+11,0.73,1.42,18.74,19.26,1.41
000905.SH,2024/8/29,10322331291334.0,9159121208708.0,1281882673091.0,1140766195031.0,5.82491E+11,0.9,1.77,18.94,19.43,1.43
000905.SH,2024/8/30,10493395862795.0,9308002196827.0,1281883948021.0,1140770084208.0,5.81877E+11,1.33,2.61,19.25,19.9,1.44
000905.SH,2024/9/2,10308100773195.0,9147714911076.0,1281884061243.0,1140849273221.0,5.81851E+11,1.11,2.17,18.91,19.85,1.41
000905.SH,2024/9/3,10404430752814.0,9232986355159.0,1281868370306.0,1140833582284.0,5.81828E+11,0.86,1.69,19.09,20.04,1.43
000905.SH,2024/9/4,10376574617721.0,9208325324599.0,1281916190584.0,1140881402562.0,5.81845E+11,0.81,1.59,19.04,19.98,1.42
000905.SH,2024/9/5,10414954677540.0,9244884381959.0,1281948535597.0,1141024282562.0,5.81845E+11,0.71,1.39,19.11,20.06,1.43
000905.SH,2024/9/6,10274341588920.0,9124013174706.0,1281950242395.0,1141030481556.0,5.81843E+11,0.79,1.55,18.85,19.79,1.41
000905.SH,2024/9/9,10194941550265.0,9052907800842.0,1281950246054.0,1141038417592.0,5.81851E+11,0.81,1.58,18.71,19.63,1.4
000905.SH,2024/9/10,10191318562410.0,9047923802412.0,1281950272944.0,1141040059152.0,5.81854E+11,0.86,1.69,18.7,19.63,1.4
000905.SH,2024/9/11,10186749712256.0,9043225902506.0,1281940687757.0,1141018997965.0,5.81854E+11,0.75,1.46,18.69,19.62,1.4
000905.SH,2024/9/12,10156229450222.0,9015914174915.0,1281911211135.0,1141015699125.0,5.81843E+11,0.76,1.49,18.64,19.56,1.39
000905.SH,2024/9/13,10057098882092.0,8929963135737.0,1281911214485.0,1141017278431.0,5.81847E+11,0.81,1.59,18.45,19.37,1.38
000905.SH,2024/9/18,10100423642139.0,8971318173050.0,1281911156645.0,1141017277431.0,5.8185E+11,0.8,1.56,18.53,19.45,1.39
000905.SH,2024/9/19,10220554596101.0,9079758832869.0,1282006483056.0,1141114584111.0,5.81937E+11,1.01,1.99,18.75,19.68,1.4
000905.SH,2024/9/20,10167092241509.0,9034134685059.0,1282040820896.0,1141191649219.0,5.82009E+11,0.83,1.62,18.66,19.58,1.4
000905.SH,2024/9/23,10160660321841.0,9033146887615.0,1282004058616.0,1141367619032.0,5.82013E+11,0.79,1.55,18.64,19.57,1.39
000905.SH,2024/9/24,10595760037970.0,9420341441504.0,1282004065156.0,1141377539864.0,5.81936E+11,1.55,3.04,19.44,20.41,1.45
000905.SH,2024/9/25,10690515323299.0,9507832538323.0,1282004067156.0,1141377541864.0,5.81919E+11,1.79,3.52,19.62,20.59,1.47
000905.SH,2024/9/26,11150549343701.0,9920423126287.0,1282004067584.0,1141515271596.0,5.81944E+11,2.01,3.95,20.46,21.47,1.53
000905.SH,2024/9/27,11721939862126.0,10424570034933.0,1282963055858.0,1142475767418.0,5.82992E+11,2.01,3.95,21.51,22.58,1.61
000905.SH,2024/9/30,12914730643044.0,11467066718279.0,1282961184893.0,1142583397853.0,5.8303E+11,3.4,6.67,23.7,24.87,1.77
000905.SH,2024/10/8,13764687568138.0,12198295522645.0,1282958247946.0,1142629824604.0,5.8303E+11,4.32,8.47,25.26,26.51,1.89
000905.SH,2024/10/9,12824229235137.0,11374195810948.0,1283043278188.0,1142735013394.0,5.8304E+11,3.77,7.4,23.53,24.7,1.76
000905.SH,2024/10/10,12758999945394.0,11324056558546.0,1283042718532.0,1142724221490.0,5.83126E+11,3.09,6.06,23.41,24.57,1.75
000905.SH,2024/10/11,12280903344656.0,10909592789026.0,1283042718532.0,1142975809946.0,5.83118E+11,2.14,4.19,22.53,23.65,1.69
000905.SH,2024/10/14,12576334396006.0,11170883697384.0,1283055165599.0,1143002572330.0,5.83145E+11,2.19,4.3,23.08,24.23,1.73
000905.SH,2024/10/15,12263094474927.0,10901344278989.0,1283045145569.0,1143349684190.0,5.83205E+11,2.09,4.1,22.5,23.6,1.68
000905.SH,2024/10/16,12247632204175.0,10891154518410.0,1282958782461.0,1143250328082.0,5.83103E+11,1.8,3.52,22.47,23.58,1.68
000905.SH,2024/10/17,12130049579292.0,10785541396222.0,1282959450262.0,1143342147265.0,5.83122E+11,1.77,3.48,22.26,23.34,1.67
000905.SH,2024/10/18,12590712623927.0,11187422132768.0,1282958263062.0,1143342163774.0,5.83133E+11,2.51,4.92,23.1,24.23,1.73
000905.SH,2024/10/21,12719007704347.0,11299847823636.0,1282980471301.0,1143366411684.0,5.83064E+11,2.33,4.58,23.34,24.44,1.75
000905.SH,2024/10/22,12830938361665.0,11401564182311.0,1282980471301.0,1143366411684.0,5.83084E+11,2.07,4.07,23.54,24.66,1.76
000905.SH,2024/10/23,12896245954752.0,11453326591762.0,1282972151484.0,1143358091867.0,5.83387E+11,2.39,4.69,23.66,24.78,1.77
000905.SH,2024/10/24,12785141486486.0,11360078950068.0,1282972066773.0,1143358390237.0,5.83397E+11,1.82,3.56,23.46,24.54,1.75
000905.SH,2024/10/25,12960900560995.0,11514404072557.0,1282966104980.0,1143356469797.0,5.83399E+11,2.07,4.06,23.78,24.87,1.78
000905.SH,2024/10/28,13122815535054.0,11666484256872.0,1283014824497.0,1143343182887.0,5.83373E+11,2.37,4.64,24.08,25.36,1.79
000905.SH,2024/10/29,12949077245498.0,11521741556244.0,1283013844197.0,1143819402839.0,5.82773E+11,2.41,4.73,23.76,25.15,1.76
000905.SH,2024/10/30,12983022856621.0,11560694792159.0,1282976914570.0,1143783606587.0,5.81955E+11,2.2,4.33,23.82,25.16,1.76
000905.SH,2024/10/31,13110954519983.0,11674887873094.0,1283072400499.0,1143890737909.0,5.8233E+11,2.74,5.38,24.06,26.44,1.77
000905.SH,2024/11/1,12987838137184.0,11573908547674.0,1283058777991.0,1143878015758.0,5.8253E+11,3.23,6.35,23.83,26.19,1.75
000905.SH,2024/11/4,13198828321006.0,11756240466803.0,1283093104291.0,1143865883335.0,5.82678E+11,2.51,4.92,24.22,26.61,1.78
000905.SH,2024/11/5,13578604628437.0,12090538881517.0,1283087419460.0,1143860224766.0,5.82588E+11,3.2,6.29,24.91,27.38,1.83
000905.SH,2024/11/6,13595944903213.0,12107621225764.0,1283050426465.0,1143816477418.0,5.82838E+11,3.63,7.12,24.95,27.41,1.84
000905.SH,2024/11/7,13870642100377.0,12348361122123.0,1283130004089.0,1143834391374.0,5.82871E+11,3.66,7.18,25.45,27.97,1.87
000905.SH,2024/11/8,13829702725227.0,12307864660400.0,1283124008678.0,1143834392311.0,5.82871E+11,3.37,6.62,25.38,27.89,1.87
000905.SH,2024/11/11,14026230898757.0,12474552529277.0,1283130009727.0,1143834225660.0,5.82843E+11,2.92,5.73,25.74,28.28,1.89
000905.SH,2024/11/12,13881489430494.0,12353352356056.0,1283130990744.0,1144043289705.0,5.82214E+11,2.91,5.72,25.47,27.99,1.87
000905.SH,2024/11/13,13870792821762.0,12342332356312.0,1283130990744.0,1144043289705.0,5.82191E+11,2.28,4.47,25.45,27.97,1.87
000905.SH,2024/11/14,13488414619248.0,12000747243277.0,1283129903144.0,1144037255640.0,5.82185E+11,2.1,4.12,24.75,27.2,1.82
000905.SH,2024/11/15,13170249821354.0,11723169268151.0,1283128702512.0,1144705837925.0,5.82854E+11,2.06,4.05,24.17,26.56,1.78
000905.SH,2024/11/18,13006594563930.0,11576078761583.0,1283123616286.0,1144701005299.0,5.82847E+11,2.47,4.85,23.87,26.23,1.76
000905.SH,2024/11/19,13218795418727.0,11762038604492.0,1283123667655.0,1144717576188.0,5.82885E+11,2.11,4.14,24.25,26.65,1.78
000905.SH,2024/11/20,13334947622752.0,11866380391233.0,1283123700145.0,1144717608678.0,5.82892E+11,1.9,3.73,24.47,26.89,1.8
000905.SH,2024/11/21,13307876346435.0,11846570587529.0,1283159542914.0,1144970285491.0,5.83159E+11,1.8,3.54,24.42,26.83,1.8
000905.SH,2024/11/22,12793467613869.0,11386800748045.0,1283174097680.0,1144985569620.0,5.83175E+11,1.97,3.86,23.47,25.8,1.73
000905.SH,2024/11/25,12767708173171.0,11362845062287.0,1283174727552.0,1146435805161.0,5.83177E+11,1.62,3.19,23.43,25.74,1.72
000905.SH,2024/11/26,12680276711141.0,11286981794500.0,1283174207352.0,1146436668786.0,5.83166E+11,1.29,2.53,23.27,25.57,1.71
000905.SH,2024/11/27,12929509974276.0,11504637177685.0,1283174207352.0,1146437112636.0,5.83167E+11,1.53,3.01,23.72,26.07,1.75
000905.SH,2024/11/28,12838090865261.0,11424755004768.0,1283174274267.0,1146420020094.0,5.8315E+11,1.5,2.95,23.56,25.89,1.73
000905.SH,2024/11/29,13036049733823.0,11602898879881.0,1283164237167.0,1146409868167.0,5.83139E+11,1.78,3.5,23.92,26.29,1.76
000905.SH,2024/12/2,13233794494099.0,11779963885379.0,1283164291288.0,1146415931733.0,5.83145E+11,2.06,4.05,24.28,26.68,1.79
000905.SH,2024/12/3,13218306519730.0,11772740752646.0,1283165540572.0,1146944404802.0,5.83105E+11,1.83,3.6,24.25,26.65,1.79
000905.SH,2024/12/4,13103533905853.0,11674244921076.0,1283160206171.0,1146939915951.0,5.83203E+11,1.88,3.7,24.04,26.42,1.77
000905.SH,2024/12/5,13138346068946.0,11706920024860.0,1283229783307.0,1147009493087.0,5.83272E+11,1.73,3.4,24.11,26.49,1.77
000905.SH,2024/12/6,13317699659628.0,11864783551612.0,1283229783307.0,1147009493087.0,5.83272E+11,2.31,4.55,24.44,26.85,1.8
000905.SH,2024/12/9,13249995742469.0,11808904001004.0,1283229326607.0,1147192222579.0,5.83296E+11,2.48,4.88,24.31,26.72,1.79
000905.SH,2024/12/10,13340981857151.0,11889988901237.0,1283234344373.0,1147195358345.0,5.83304E+11,2.79,5.5,24.48,26.9,1.8
000905.SH,2024/12/11,13467644350529.0,12000939033376.0,1283234374971.0,1147195358345.0,5.83304E+11,2.21,4.35,24.71,27.16,1.82
000905.SH,2024/12/12,13581262057467.0,12106430993393.0,1283234374971.0,1147195358345.0,5.83304E+11,2.12,4.18,24.92,27.38,1.84
000905.SH,2024/12/13,13330026517065.0,11882731168716.0,1283234374971.0,1147195358345.0,5.83442E+11,2.5,4.91,24.46,26.88,1.8
000905.SH,2024/12/16,13443415381434.0,11831472439770.0,1256046806379.0,1113388830924.0,5.66397E+11,1.93,3.79,26.03,28.4,1.86
000905.SH,2024/12/17,13312988419975.0,11716622395935.0,1256216405887.0,1113430327671.0,5.66389E+11,1.73,3.41,25.78,28.12,1.85
000905.SH,2024/12/18,13401711301379.0,11792494798938.0,1256212188393.0,1113430327743.0,5.66389E+11,1.69,3.32,25.95,28.31,1.86
000905.SH,2024/12/19,13413658257802.0,11796884001956.0,1256204165074.0,1113422298424.0,5.66389E+11,1.77,3.47,25.98,28.34,1.86
000905.SH,2024/12/20,13440823477684.0,11819902473466.0,1256171083910.0,1113448569073.0,5.66376E+11,1.6,3.14,26.03,28.39,1.86
000905.SH,2024/12/23,13237212369809.0,11654895939455.0,1256171111996.0,1114408437005.0,5.66408E+11,1.59,3.13,25.64,27.96,1.84
000905.SH,2024/12/24,13419457142726.0,11816997171847.0,1256181348199.0,1114608830075.0,5.66498E+11,1.5,2.95,25.99,28.35,1.86
000905.SH,2024/12/25,13302357426839.0,11716364619151.0,1256181348199.0,1114608830075.0,5.66502E+11,1.41,2.78,25.76,28.1,1.84
000905.SH,2024/12/26,13385029930383.0,11788265166618.0,1256181473474.0,1114613947913.0,5.66506E+11,1.3,2.57,25.92,28.28,1.86
000905.SH,2024/12/27,13420886593515.0,11823486745935.0,1256141355657.0,1114598843621.0,5.66508E+11,1.61,3.16,25.99,28.35,1.86
000905.SH,2024/12/30,13413754757303.0,11823098193365.0,1256144028897.0,1114788693152.0,5.66717E+11,1.4,2.75,25.98,28.34,1.86
000905.SH,2024/12/31,13048219839851.0,11499978392013.0,1256144029339.0,1114783694648.0,5.66734E+11,1.63,3.21,25.27,27.56,1.81
000905.SH,2025/1/2,12654968839288.0,11155502894086.0,1256170924539.0,1114783077392.0,5.65958E+11,1.74,3.42,24.51,26.73,1.76
000905.SH,2025/1/3,12408167181014.0,10936831090334.0,1256315810863.0,1115000141375.0,5.65966E+11,1.56,3.08,24.03,26.21,1.72
000905.SH,2025/1/6,12410826669790.0,10945382346580.0,1256321520509.0,1115409854496.0,5.66338E+11,1.31,2.58,24.03,26.22,1.72
000905.SH,2025/1/7,12547098322617.0,11038391576328.0,1258961789574.0,1115428673958.0,5.66354E+11,1.3,2.56,24.3,26.51,1.73
000905.SH,2025/1/8,12495867287315.0,10997583737284.0,1258961789574.0,1115431797333.0,5.66335E+11,1.47,2.89,24.2,26.4,1.73
000905.SH,2025/1/9,12467802158121.0,10972014973646.0,1258976240793.0,1115431797333.0,5.66276E+11,1.16,2.29,24.15,26.32,1.72
000905.SH,2025/1/10,12271194472584.0,10802094388515.0,1258976366962.0,1115433338063.0,5.6627E+11,1.17,2.3,23.76,25.9,1.69
000905.SH,2025/1/13,12300745016771.0,10826128184832.0,1258976078762.0,1115462090264.0,5.66266E+11,1.07,2.11,23.82,25.95,1.7
000905.SH,2025/1/14,12716012256194.0,11193675710485.0,1259105862570.0,1115570418583.0,5.66293E+11,1.54,3.04,24.63,26.82,1.75
000905.SH,2025/1/15,12601246940762.0,11096846734047.0,1259038606468.0,1115504164681.0,5.66308E+11,1.24,2.44,24.4,26.57,1.74
000905.SH,2025/1/16,12652669615021.0,11143012401579.0,1259038508968.0,1115504761755.0,5.66335E+11,1.34,2.64,24.5,26.68,1.75
000905.SH,2025/1/17,12747326876738.0,11230970803071.0,1259033710158.0,1116993355986.0,5.67312E+11,1.13,2.23,24.69,26.88,1.76
000905.SH,2025/1/20,12801841265008.0,11280995308206.0,1259033614108.0,1117295664533.0,5.67523E+11,1.21,2.39,24.79,26.98,1.77
000905.SH,2025/1/21,12834644205870.0,11310004688205.0,1259033580633.0,1117299869138.0,5.67535E+11,1.13,2.23,24.86,27.05,1.77
000905.SH,2025/1/22,12916989117445.0,11253989952345.0,1261266013200.0,1117446361798.0,5.67682E+11,1.03,2.03,25.01,27.22,1.78
000905.SH,2025/1/23,12876505825140.0,11222379285332.0,1261360056839.0,1117446685548.0,5.67682E+11,1.46,2.88,24.94,27.14,1.77
000905.SH,2025/1/24,13010268836005.0,11338689087443.0,1261361465115.0,1117448093824.0,5.67966E+11,1.25,2.46,25.2,27.44,1.79
000905.SH,2025/1/27,12896331340170.0,11245161952484.0,1261353237552.0,1117522442165.0,5.67875E+11,1.22,2.4,24.97,27.16,1.77
000905.SH,2025/2/5,12916560164189.0,11262019069410.0,1261353237552.0,1117532102917.0,5.67885E+11,1.39,2.74,25.01,27.21,1.78
000905.SH,2025/2/6,13200776533163.0,11502349374010.0,1261353237552.0,1117532135929.0,5.67893E+11,1.62,3.19,25.56,27.79,1.82
000905.SH,2025/2/7,13381671868944.0,11666808961225.0,1261353237552.0,1117532135929.0,5.67873E+11,2.08,4.1,25.91,28.18,1.84
000905.SH,2025/2/10,13500675510011.0,11767894415475.0,1261353237552.0,1117532135929.0,5.6789E+11,1.87,3.69,26.14,28.43,1.86
000905.SH,2025/2/11,13437136761649.0,11719226062064.0,1261352099838.0,1117601124442.0,5.67789E+11,1.63,3.2,26.02,28.27,1.85
000905.SH,2025/2/12,13614004794520.0,11873186650686.0,1261352381769.0,1117598007741.0,5.67775E+11,1.75,3.44,26.36,28.66,1.87
000905.SH,2025/2/13,13528642523538.0,11801570801164.0,1261352381769.0,1117598007741.0,5.67775E+11,2.04,4.02,26.2,28.48,1.86
000905.SH,2025/2/14,13634965981218.0,11895335253608.0,1261345278336.0,1117583351098.0,5.67882E+11,1.9,3.73,26.4,28.7,1.88
000905.SH,2025/2/17,13628306779037.0,11890317335823.0,1261321193594.0,1117794888971.0,5.68505E+11,2.09,4.11,26.39,28.68,1.87
000905.SH,2025/2/18,13381092187701.0,11685794669009.0,1261321193594.0,1117800185346.0,5.68507E+11,1.92,3.78,25.91,28.16,1.84
000905.SH,2025/2/19,13597486556313.0,11870138124525.0,1261330291674.0,1117815615200.0,5.68753E+11,1.84,3.61,26.33,28.61,1.87
000905.SH,2025/2/20,13614017503927.0,11885766214069.0,1261330083839.0,1117820245548.0,5.68762E+11,1.77,3.48,26.36,28.65,1.87
000905.SH,2025/2/21,13833414320580.0,12064629743920.0,1261304422861.0,1117873381131.0,5.68736E+11,2.26,4.44,26.79,29.11,1.9
000905.SH,2025/2/24,13811454799092.0,12040738310809.0,1261305485327.0,1117875273405.0,5.68807E+11,2.18,4.29,26.75,29.06,1.9
000905.SH,2025/2/25,13669244388334.0,11915677924411.0,1261305138519.0,1117874961597.0,5.69332E+11,1.85,3.63,26.48,28.73,1.88
000905.SH,2025/2/26,13839593839398.0,12065092974391.0,1261305138519.0,1117915295299.0,5.69672E+11,1.89,3.7,26.81,29.04,1.9
000905.SH,2025/2/27,13801633424831.0,12033695585420.0,1261305138519.0,1117916441099.0,5.70455E+11,1.94,3.8,26.73,29.01,1.9
000905.SH,2025/2/28,13437781292858.0,11718858114118.0,1261298988097.0,1117910119157.0,5.70757E+11,1.84,3.6,25.96,28.31,1.85
000905.SH,2025/3/3,13489956623256.0,11779882882066.0,1261281232409.0,1118162454215.0,5.72753E+11,1.65,3.23,26.06,28.42,1.85
000905.SH,2025/3/4,13607410311088.0,11873817348738.0,1261170706361.0,1118162379144.0,5.73363E+11,1.38,2.68,26.29,28.67,1.87
000905.SH,2025/3/5,13618046134037.0,11887419646203.0,1261170706361.0,1118207463481.0,5.74615E+11,1.46,2.84,26.31,28.68,1.87
000905.SH,2025/3/6,13816148642476.0,12060467611983.0,1261402884466.0,1118357091055.0,5.76067E+11,1.91,3.7,26.69,29.1,1.9
000905.SH,2025/3/7,13744161603112.0,12001968149569.0,1261401737105.0,1118428953694.0,5.76477E+11,1.85,3.6,26.55,28.94,1.89
000905.SH,2025/3/10,13751495758697.0,12008548799040.0,1261562668702.0,1118384685781.0,5.77282E+11,1.55,3,26.57,28.96,1.89
000905.SH,2025/3/11,13826158305429.0,12073785388338.0,1261562668702.0,1118384685781.0,5.78158E+11,1.55,3.01,26.71,29.1,1.9
000905.SH,2025/3/12,13813290174711.0,12074939708650.0,1261749482175.0,1118537893536.0,5.78453E+11,1.65,3.19,26.69,29.01,1.9
000905.SH,2025/3/13,13724525020400.0,12000194608524.0,1261749482175.0,1118537893536.0,5.78616E+11,1.73,3.35,26.51,28.82,1.89
000905.SH,2025/3/14,13953793546975.0,12200907521927.0,1261749482175.0,1118537893536.0,5.7874E+11,1.96,3.79,26.96,29.29,1.92
000905.SH,2025/3/17,13968186634506.0,12215209749752.0,1262426252619.0,1119212154541.0,5.7934E+11,1.65,3.18,27,29.31,1.92
000905.SH,2025/3/18,14020086407553.0,12262481544581.0,1262426160570.0,1119211679000.0,5.79545E+11,1.48,2.86,27.04,29.41,1.92
000905.SH,2025/3/19,13953724448166.0,12207126234655.0,1262426658320.0,1119211680750.0,5.79838E+11,1.38,2.65,26.91,29.28,1.92
000905.SH,2025/3/20,13867531991001.0,12132119605033.0,1262426623757.0,1119211680750.0,5.79891E+11,1.32,2.54,26.71,29.07,1.9
000905.SH,2025/3/21,13699012900145.0,11984021319421.0,1262426185925.0,1119212262576.0,5.80477E+11,1.56,3,26.4,28.76,1.88
000905.SH,2025/3/24,13692800735323.0,11982620205999.0,1262433427863.0,1119213434729.0,5.81026E+11,1.51,2.91,26.64,28.79,1.88
000905.SH,2025/3/25,13660814956833.0,11957791355190.0,1262437502110.0,1119217808279.0,5.81283E+11,1.32,2.54,26.77,28.77,1.87
000905.SH,2025/3/26,13663588461325.0,11962547775907.0,1262469706122.0,1119262253828.0,5.82152E+11,1.22,2.35,26.71,28.73,1.87
000905.SH,2025/3/27,13682852066543.0,11977294488883.0,1262511061922.0,1119266258693.0,5.82451E+11,1.2,2.31,26.82,28.73,1.88
000905.SH,2025/3/28,13589650329937.0,11900765772147.0,1262514744400.0,1119260548792.0,5.82454E+11,1.2,2.31,26.47,28.49,1.86
000905.SH,2025/3/31,13458171520351.0,11792356606035.0,1262515125511.0,1120792279499.0,5.82601E+11,1.38,2.65,26.64,28.43,1.85
000905.SH,2025/4/1,13558033007834.0,11874957549269.0,1262522009297.0,1120796593066.0,5.8257E+11,1.22,2.34,26.92,28.71,1.86
000905.SH,2025/4/2,13568135494859.0,11886582870707.0,1262527123224.0,1120811791090.0,5.82558E+11,1,1.93,26.97,28.72,1.86
000905.SH,2025/4/3,13472224828709.0,11794930455963.0,1262665120933.0,1120740002810.0,5.82593E+11,1.2,2.32,26.78,28.5,1.85
000905.SH,2025/4/7,12199526550844.0,10711884648346.0,1262664658033.0,1121196952970.0,5.82609E+11,2.11,4.06,24.23,25.8,1.67
000905.SH,2025/4/8,12332493339977.0,10817374174142.0,1262664623948.0,1121196952970.0,5.82505E+11,2,3.84,24.5,26.09,1.69
000905.SH,2025/4/9,12597851177923.0,11038211120204.0,1262594537379.0,1121127705215.0,5.82404E+11,2.19,4.21,25.07,26.79,1.73
000905.SH,2025/4/10,12826228438985.0,11253064615966.0,1262594538249.0,1121494646137.0,5.82404E+11,1.89,3.64,25.49,27.28,1.76
000905.SH,2025/4/11,12893624014399.0,11304017199748.0,1262594557150.0,1121512984801.0,5.82515E+11,1.47,2.82,25.71,27.48,1.76
000905.SH,2025/4/14,12995036850610.0,11399606689816.0,1262594557150.0,1121578782379.0,5.82562E+11,1.39,2.67,25.84,27.73,1.78
000905.SH,2025/4/15,12939322288553.0,11350547622380.0,1262625189435.0,1121583855058.0,5.82666E+11,1.1,2.12,26.25,27.62,1.77
000905.SH,2025/4/16,12836971420063.0,11258433602532.0,1262478088435.0,1121583854608.0,5.82792E+11,1.18,2.27,26.06,27.38,1.75
000905.SH,2025/4/17,12838998875694.0,11260765223719.0,1262478088435.0,1121583854608.0,5.82792E+11,1.01,1.95,26.06,27.41,1.75
000905.SH,2025/4/18,12836314868562.0,11262977653665.0,1262479427515.0,1121589768566.0,5.82774E+11,1,1.92,25.91,27.36,1.75
000905.SH,2025/4/21,13011733410530.0,11437546638823.0,1262479427515.0,1121957406760.0,5.82642E+11,1.1,2.11,26.5,27.92,1.78
000905.SH,2025/4/22,12983142998135.0,11421126782377.0,1262479427515.0,1122000243203.0,5.82627E+11,1.11,2.14,26.31,27.74,1.77
000905.SH,2025/4/23,13001389717769.0,11435491284001.0,1262451461766.0,1122001639953.0,5.82206E+11,1.13,2.18,26.64,27.84,1.77
000905.SH,2025/4/24,12948859966199.0,11388098154558.0,1262454498248.0,1122017077936.0,5.82141E+11,1.09,2.11,26.84,27.83,1.76
000905.SH,2025/4/25,12989800661007.0,11421162156769.0,1262454509221.0,1121810829865.0,5.81833E+11,1.25,2.41,27.03,28.04,1.76
000905.SH,2025/4/28,12929556722820.0,11364477196981.0,1262454528155.0,1121812209173.0,5.74867E+11,1.21,2.37,27.59,28.04,1.74
000905.SH,2025/4/29,12926349630144.0,11369975451440.0,1262455404706.0,1121964662871.0,5.74709E+11,1.13,2.21,28.36,28.13,1.74
000905.SH,2025/4/30,12976093897845.0,11411875015842.0,1262455372306.0,1121964662871.0,5.73779E+11,1.23,2.41,28.99,28.27,1.74
000905.SH,2025/5/6,13201509547111.0,11615112775781.0,1262455590799.0,1122155605047.0,5.73323E+11,1.45,2.84,29.5,28.76,1.77
000905.SH,2025/5/7,13250785792130.0,11645649314986.0,1262455589273.0,1122219579440.0,5.73236E+11,1.52,2.98,29.61,28.87,1.78
000905.SH,2025/5/8,13330508408436.0,11689081851870.0,1262455589273.0,1122219855600.0,5.73312E+11,1.21,2.37,29.78,29.04,1.79
000905.SH,2025/5/9,13222056906180.0,11598901167926.0,1262486437073.0,1122222510200.0,5.73267E+11,1.1,2.16,29.54,28.8,1.77
000905.SH,2025/5/12,13414697076567.0,11741783922464.0,1262488567437.0,1122769353302.0,5.73301E+11,1.21,2.37,29.97,29.22,1.8
000905.SH,2025/5/13,13375254340206.0,11722185930018.0,1262488567437.0,1122769353302.0,5.73297E+11,1.23,2.41,29.88,29.14,1.79
000905.SH,2025/5/14,13422815567189.0,11759975269754.0,1262641360421.0,1122769353302.0,5.73467E+11,1.39,2.73,29.99,29.24,1.8
000905.SH,2025/5/15,13246003050878.0,11605256453228.0,1262634115960.0,1122769354141.0,5.73483E+11,1.2,2.36,29.6,28.86,1.78
000905.SH,2025/5/16,13237721075667.0,11603174129717.0,1262622997933.0,1122758236114.0,5.73437E+11,1.04,2.04,29.58,28.84,1.78
000905.SH,2025/5/19,13269255316896.0,11626755562986.0,1262620934195.0,1122760778486.0,5.7344E+11,1.03,2.01,29.65,28.91,1.78
000905.SH,2025/5/20,13311711069650.0,11676924280908.0,1262620934294.0,1122806934233.0,5.73459E+11,1.04,2.04,29.74,29,1.79
000905.SH,2025/5/21,13330090092082.0,11692456059556.0,1262620936112.0,1122814930960.0,5.73467E+11,1.03,2.02,29.78,29.04,1.79
000905.SH,2025/5/22,13208258435676.0,11583874040250.0,1262691035810.0,1122868774032.0,5.73498E+11,0.97,1.9,29.51,28.77,1.77
000905.SH,2025/5/23,13095610125691.0,11484611324131.0,1262691069699.0,1122870627010.0,5.735E+11,1.02,1.99,29.26,28.53,1.76
000905.SH,2025/5/26,13131813810313.0,11520607254867.0,1262699528676.0,1122874481065.0,5.73508E+11,0.87,1.69,29.34,28.61,1.77
000905.SH,2025/5/27,13104085410485.0,11494533053106.0,1262691271675.0,1122866477181.0,5.73499E+11,0.85,1.66,29.28,28.55,1.76
000905.SH,2025/5/28,13077509775207.0,11474161070327.0,1262683796884.0,1122870978420.0,5.73608E+11,0.85,1.65,29.22,28.49,1.76
000905.SH,2025/5/29,13255401537447.0,11632539700554.0,1262679477684.0,1122870990608.0,5.73593E+11,1.02,2,29.62,28.88,1.78
000905.SH,2025/5/30,13152184690625.0,11540271929458.0,1262969693796.0,1123133236432.0,5.73893E+11,0.98,1.92,29.39,28.65,1.77
000905.SH,2025/6/3,13212478698506.0,11586954712517.0,1262983985544.0,1123132547557.0,5.73893E+11,1.09,2.14,29.52,28.78,1.78
000905.SH,2025/6/4,13303899419088.0,11671145387420.0,1264442608316.0,1124357053911.0,5.75145E+11,1.03,2.02,29.72,28.98,1.79
000905.SH,2025/6/5,13359237805593.0,11720935541052.0,1264741296918.0,1124658149152.0,5.75324E+11,1.11,2.18,29.85,29.1,1.8
000905.SH,2025/6/6,13360125407364.0,11713744531336.0,1264744497466.0,1124657245338.0,5.75323E+11,0.96,1.88,29.85,29.11,1.8
000905.SH,2025/6/9,13453265781078.0,11805462152467.0,1264809123195.0,1124788623340.0,5.75317E+11,1.14,2.23,30.06,29.31,1.82
000905.SH,2025/6/10,13347195454024.0,11718350105689.0,1264809123255.0,1124788653400.0,5.75288E+11,1.23,2.4,29.82,29.08,1.8
000905.SH,2025/6/11,13419711924898.0,11784016253722.0,1264801373286.0,1124780457876.0,5.75307E+11,1.1,2.15,29.98,29.24,1.82
000905.SH,2025/6/12,13435389702367.0,11794714021330.0,1264797076172.0,1124785945854.0,5.75337E+11,1.12,2.18,30.02,29.27,1.82
000905.SH,2025/6/13,13322165360951.0,11689403221224.0,1265122396871.0,1125747735941.0,5.75793E+11,1.49,2.91,29.77,29.02,1.81
000905.SH,2025/6/16,13676780006934.0,11839486743624.0,1252460072410.0,1115371158018.0,5.68301E+11,1.15,2.26,29.15,28.32,1.88
000905.SH,2025/6/17,13623634849742.0,11804047314946.0,1252459962410.0,1115385266986.0,5.68343E+11,1.09,2.14,29.03,28.21,1.87
000905.SH,2025/6/18,13609008220069.0,11787679666279.0,1252461676468.0,1115387823063.0,5.68383E+11,1.01,1.98,29,28.18,1.87
000905.SH,2025/6/19,13450346531365.0,11647054383772.0,1252979633392.0,1115913696070.0,5.68743E+11,1.12,2.21,28.67,27.85,1.85
000905.SH,2025/6/20,13363128497045.0,11570495711716.0,1253202081561.0,1116098512670.0,5.68928E+11,0.91,1.79,28.48,27.67,1.84
000905.SH,2025/6/23,13443385977874.0,11650231941624.0,1253208404039.0,1119991047353.0,5.68982E+11,1,1.96,28.65,27.84,1.85
000905.SH,2025/6/24,13651528771910.0,11827859688575.0,1254684390799.0,1119991026728.0,5.69078E+11,1.27,2.5,29.09,28.27,1.88
000905.SH,2025/6/25,13872222276394.0,12023515308073.0,1254684390799.0,1119992694645.0,5.69061E+11,1.65,3.24,29.56,28.73,1.91
000905.SH,2025/6/26,13813505208646.0,11975287096039.0,1254684390799.0,1119992694645.0,5.69075E+11,1.61,3.17,29.44,28.61,1.9
000905.SH,2025/6/27,13843073427247.0,12024751297392.0,1254947219403.0,1120256788394.0,5.6931E+11,1.78,3.5,29.5,28.67,1.91
000905.SH,2025/6/30,13948490686391.0,12143811598462.0,1255128305003.0,1120843460451.0,5.69355E+11,1.48,2.92,29.73,28.88,1.92
000905.SH,2025/7/1,14010984542079.0,12190743690468.0,1255102586483.0,1120820657129.0,5.69518E+11,1.38,2.71,29.86,29.01,1.93
000905.SH,2025/7/2,13913206113580.0,12119243364290.0,1254808852917.0,1120538834500.0,5.69449E+11,1.45,2.85,29.65,28.81,1.92
000905.SH,2025/7/3,13975074100886.0,12171482002248.0,1255008426056.0,1120728874281.0,5.69343E+11,1.16,2.28,29.78,28.94,1.93
000905.SH,2025/7/4,13951377441419.0,12158553959033.0,1254924129219.0,1120729767762.0,5.68902E+11,1.47,2.9,29.73,28.89,1.93
000905.SH,2025/7/7,13943993269549.0,12155202149324.0,1255027711071.0,1120754802244.0,5.68924E+11,1.22,2.41,29.72,28.88,1.92
000905.SH,2025/7/8,14108081783286.0,12305479608173.0,1255027166891.0,1120915212927.0,5.69406E+11,1.5,2.96,30.07,29.22,1.95
000905.SH,2025/7/9,14065409214166.0,12264786070565.0,1255030624531.0,1120945460142.0,5.69112E+11,1.47,2.9,29.98,29.13,1.94
000905.SH,2025/7/10,14139577941177.0,12331038295629.0,1255066922067.0,1120951035993.0,5.69018E+11,1.57,3.1,30.13,29.28,1.95
000905.SH,2025/7/11,14238892539483.0,12417464504554.0,1255002335057.0,1120885584390.0,5.6897E+11,1.98,3.91,30.35,29.49,1.97
000905.SH,2025/7/14,14229596320270.0,12419267928705.0,1255002340057.0,1121017202357.0,5.68561E+11,1.69,3.33,30.33,29.47,1.97
000905.SH,2025/7/15,14226358394033.0,12396876199066.0,1254974802495.0,1120991256920.0,5.68535E+11,1.69,3.34,30.32,29.45,1.97
000905.SH,2025/7/16,14219560333577.0,12388975196030.0,1254975837795.0,1120992836820.0,5.6849E+11,1.33,2.61,30.3,29.43,1.97
000905.SH,2025/7/17,14374373082487.0,12515936166175.0,1254929211710.0,1120942724235.0,5.68421E+11,1.34,2.63,30.63,29.75,1.99
000905.SH,2025/7/18,14417799464353.0,12556148773016.0,1254929211831.0,1120942724356.0,5.68421E+11,1.37,2.69,30.73,29.85,1.99
000905.SH,2025/7/21,14552380962747.0,12696203485797.0,1254923617781.0,1120952040626.0,5.68409E+11,1.85,3.65,31.01,30.12,2.01
000905.SH,2025/7/22,14690310871947.0,12840540999214.0,1254936340730.0,1121611098050.0,5.68373E+11,2.2,4.33,31.31,30.4,2.03
000905.SH,2025/7/23,14655226945856.0,12807791711616.0,1254934460202.0,1121611679251.0,5.68374E+11,2.3,4.55,31.23,30.33,2.03
000905.SH,2025/7/24,14862817915954.0,13000005027922.0,1254933319880.0,1121742394543.0,5.68512E+11,2.39,4.72,31.68,30.76,2.06
000905.SH,2025/7/25,14852516633005.0,12994047942817.0,1254917910191.0,1121731240887.0,5.68502E+11,2.11,4.17,31.65,30.73,2.06
000905.SH,2025/7/28,14900072498757.0,13032043860578.0,1254917960791.0,1121932734469.0,5.68551E+11,1.91,3.77,31.75,30.79,2.06
000905.SH,2025/7/29,14987058240865.0,13102631292323.0,1254929181053.0,1121931986207.0,5.68584E+11,1.8,3.55,31.94,30.97,2.07
000905.SH,2025/7/30,14893585073371.0,13024674222890.0,1254901555478.0,1121931730952.0,5.6863E+11,1.89,3.73,31.74,30.78,2.06
000905.SH,2025/7/31,14671085183644.0,12826901533231.0,1254881507178.0,1121930782085.0,5.68623E+11,2,3.94,31.27,30.31,2.03
000905.SH,2025/8/1,14640363507887.0,12798161271518.0,1254884270743.0,1121933545650.0,5.68631E+11,1.48,2.92,31.2,30.25,2.03
000905.SH,2025/8/4,14752786050583.0,12889725579542.0,1255117664284.0,1121950222828.0,5.68678E+11,1.32,2.61,31.44,30.46,2.04
000905.SH,2025/8/5,14854282334487.0,12988145737080.0,1255103999226.0,1122110176315.0,5.68709E+11,1.37,2.71,31.66,30.61,2.06
000905.SH,2025/8/6,14969940158463.0,13097570105157.0,1255155054594.0,1122166172459.0,5.68768E+11,1.48,2.92,31.9,30.85,2.07
000905.SH,2025/8/7,14886695929847.0,13053061398966.0,1255047335884.0,1122166172610.0,5.68803E+11,1.52,3,31.73,30.58,2.06
000905.SH,2025/8/8,14854454720853.0,13036681421629.0,1255047453274.0,1122166772609.0,5.68847E+11,1.54,3.03,31.66,30.52,2.06
000905.SH,2025/8/11,15000206219814.0,13161206604769.0,1255047126494.0,1122170789529.0,5.68851E+11,1.56,3.07,31.97,30.82,2.08
000905.SH,2025/8/12,15053553078571.0,13207779726672.0,1254995652291.0,1122115900326.0,5.68797E+11,1.5,2.96,32.08,30.93,2.08
000905.SH,2025/8/13,15247877213917.0,13380984687870.0,1254995652291.0,1122116017716.0,5.68851E+11,1.93,3.8,32.5,31.33,2.11
000905.SH,2025/8/14,15065020540650.0,13220422121776.0,1255013703851.0,1122136333727.0,5.68872E+11,2.04,4.02,32.11,30.95,2.09
000905.SH,2025/8/15,15387620477235.0,13504323781000.0,1256061117401.0,1123207228427.0,5.69916E+11,2.18,4.3,32.79,31.57,2.13
000905.SH,2025/8/18,15608754130778.0,13711109077080.0,1256050451601.0,1124570122475.0,5.69905E+11,2.69,5.31,33.26,31.94,2.16
000905.SH,2025/8/19,15560097139800.0,13682754809033.0,1256075499363.0,1124633062082.0,5.70199E+11,2.25,4.43,33.16,31.78,2.15
000905.SH,2025/8/20,15727815351436.0,13827531919026.0,1256075492696.0,1124633080237.0,5.70351E+11,2.17,4.28,33.52,32.11,2.17
000905.SH,2025/8/21,15698224079575.0,13790889002275.0,1256123138278.0,1124632867092.0,5.70422E+11,2.16,4.25,33.46,32.02,2.17
000905.SH,2025/8/22,15962648512936.0,14016806228373.0,1256214272391.0,1124767657946.0,5.70446E+11,2.28,4.5,34.02,32.59,2.2
000905.SH,2025/8/25,16259013599157.0,14272222656966.0,1256214282949.0,1124714196579.0,5.70423E+11,2.97,5.85,34.65,33.13,2.24
000905.SH,2025/8/26,16268715032549.0,14288535421119.0,1256204283005.0,1124608043417.0,5.70347E+11,2.5,4.94,34.67,33.09,2.23
000905.SH,2025/8/27,16014088940787.0,14066679721035.0,1256205943542.0,1124631061665.0,5.70264E+11,2.92,5.75,34.13,32.73,2.19
000905.SH,2025/8/28,16333508064727.0,14351478528528.0,1256288318845.0,1124647922082.0,5.70156E+11,2.74,5.4,34.81,33.4,2.23
000905.SH,2025/8/29,16430968300552.0,14408424477308.0,1256288480304.0,1124703169447.0,5.69902E+11,2.5,4.93,35.02,33.33,2.24
000905.SH,2025/9/1,16606171883375.0,14533765690938.0,1255934511752.0,1124783781770.0,5.69877E+11,2.54,5.02,35.39,33.92,2.25
000905.SH,2025/9/2,16314599096121.0,14257085946972.0,1255591652441.0,1124440922459.0,5.69579E+11,2.62,5.16,34.77,33.32,2.21
000905.SH,2025/9/3,16092411304172.0,14061662047507.0,1255653926285.0,1125931767731.0,5.69625E+11,2.3,4.55,34.3,32.87,2.18
000905.SH,2025/9/4,15712237918510.0,13741530394171.0,1255608626585.0,1125886468031.0,5.69599E+11,2.4,4.75,33.49,32.09,2.13
000905.SH,2025/9/5,16200567103849.0,14161982933342.0,1256922228557.0,1125885622631.0,5.69558E+11,2.14,4.23,34.53,33.09,2.2
000905.SH,2025/9/8,16374215258954.0,14352861359600.0,1256918865461.0,1128089463030.0,5.69584E+11,2.16,4.29,34.9,33.45,2.22
000905.SH,2025/9/9,16259344830299.0,14260184186677.0,1256918865461.0,1128289640541.0,5.69609E+11,2,3.96,34.65,33.21,2.2
000905.SH,2025/9/10,16243413206778.0,14259930002531.0,1256918046176.0,1128498192229.0,5.69112E+11,1.68,3.34,34.62,33.18,2.2
000905.SH,2025/9/11,16634859080906.0,14624753458461.0,1256918067502.0,1128498213555.0,5.69068E+11,2.16,4.29,35.45,33.98,2.26
000905.SH,2025/9/12,16697762820565.0,14664509781741.0,1256895436986.0,1128475583039.0,5.69067E+11,2.36,4.68,35.59,34.11,2.26
000905.SH,2025/9/15,16700373453745.0,14628656327869.0,1257006515755.0,1128486483415.0,5.69215E+11,2.11,4.19,35.59,34.11,2.27
000905.SH,2025/9/16,16803898288760.0,14729419661115.0,1257006516150.0,1128486483810.0,5.69232E+11,2.15,4.26,35.81,34.32,2.28
000905.SH,2025/9/17,16947548773442.0,14880484903664.0,1257067430050.0,1128947421049.0,5.69315E+11,2.29,4.54,36.12,34.62,2.3
000905.SH,2025/9/18,16804870340921.0,14747713091079.0,1257067430050.0,1128947421049.0,5.69315E+11,3.09,6.12,35.81,34.33,2.28
000905.SH,2025/9/19,16742174630502.0,14696869978655.0,1257078997175.0,1128958186499.0,5.69339E+11,2.4,4.77,35.68,34.2,2.27
000905.SH,2025/9/22,16849945705386.0,14787543294656.0,1257078997506.0,1129091688574.0,5.69348E+11,2.05,4.07,35.91,34.42,2.29
000905.SH,2025/9/23,16730538281532.0,14696347615282.0,1257150719810.0,1129162912586.0,5.69348E+11,2.49,4.94,35.66,34.17,2.27
000905.SH,2025/9/24,17053495583183.0,14973963643681.0,1257164360176.0,1129176632452.0,5.69503E+11,2.13,4.22,36.34,34.83,2.31
000905.SH,2025/9/25,17083047737756.0,14990723847632.0,1257110751665.0,1129168816375.0,5.69471E+11,2.09,4.15,36.41,34.89,2.32
000905.SH,2025/9/26,16867511083941.0,14815061586745.0,1257112383742.0,1129808136964.0,5.6954E+11,1.87,3.71,35.95,34.45,2.29
000905.SH,2025/9/29,17097616536842.0,15028402408504.0,1257091035839.0,1129845885720.0,5.69682E+11,2.07,4.1,36.44,34.92,2.32
000905.SH,2025/9/30,17245657396618.0,15147471415656.0,1257081114257.0,1129849816086.0,5.69719E+11,1.95,3.87,36.75,35.23,2.34
000905.SH,2025/10/9,17541155850662.0,15414454818860.0,1257080895207.0,1130149651430.0,5.69756E+11,2.51,4.97,37.38,35.83,2.38
000905.SH,2025/10/10,17222908595773.0,15163237079940.0,1257158911702.0,1130252975754.0,5.69854E+11,2.32,4.6,36.7,35.18,2.34
000905.SH,2025/10/13,17161258852979.0,15117635101965.0,1257161562103.0,1131024972508.0,5.69898E+11,2.28,4.53,36.57,35.05,2.33
000905.SH,2025/10/14,16775071422900.0,14786330422082.0,1257169118711.0,1131032529116.0,5.69915E+11,2.45,4.87,35.75,34.27,2.28
000905.SH,2025/10/15,16992595883433.0,14974386133954.0,1257192128119.0,1131047422131.0,5.69915E+11,1.92,3.82,36.21,34.7,2.31
000905.SH,2025/10/16,16860222170272.0,14844535176334.0,1257192916409.0,1131051884127.0,5.69926E+11,1.72,3.42,35.93,34.43,2.29
000905.SH,2025/10/17,16386520923873.0,14432145007528.0,1257193612952.0,1131056283004.0,5.69934E+11,1.77,3.51,34.92,33.44,2.23
000905.SH,2025/10/20,16501141453033.0,14540917631200.0,1257208554064.0,1132133583645.0,5.69934E+11,1.56,3.1,35.17,33.66,2.24
000905.SH,2025/10/21,16771254389860.0,14771716524884.0,1257142909474.0,1132069163785.0,5.69869E+11,1.82,3.61,35.74,34.16,2.28
000905.SH,2025/10/22,16645922311876.0,14661406280066.0,1257147529529.0,1132073456328.0,5.69939E+11,1.5,2.98,35.48,33.9,2.26
000905.SH,2025/10/23,16667642164658.0,14689487910721.0,1257175740957.0,1132073456328.0,5.70006E+11,1.67,3.31,35.52,33.95,2.26
000905.SH,2025/10/24,16911049295228.0,14902911478379.0,1257175753830.0,1132073865287.0,5.70007E+11,1.73,3.43,36.04,34.39,2.29
000905.SH,2025/10/27,17190159507895.0,15142577888610.0,1257175988906.0,1132074218571.0,5.70153E+11,2.05,4.07,36.64,34.56,2.32
000905.SH,2025/10/28,17105580340329.0,15073701550503.0,1257205338421.0,1132103041869.0,5.7068E+11,1.79,3.54,36.45,34.03,2.3
000905.SH,2025/10/29,17420612375005.0,15355933673779.0,1257387122112.0,1132280200114.0,5.713E+11,1.98,3.92,37.13,34.32,2.34
000905.SH,2025/10/30,17216143500267.0,15168209487842.0,1257394666592.0,1132289818517.0,5.71108E+11,2.15,4.26,36.69,33.73,2.3
000905.SH,2025/10/31,17108263139353.0,15054817214532.0,1257462990135.0,1132451998556.0,5.71801E+11,2.05,4.06,36.46,33.4,2.28
000905.SH,2025/11/3,17103120334194.0,15064208008918.0,1257425774435.0,1132413368606.0,5.71776E+11,1.96,3.88,36.45,33.39,2.28
000905.SH,2025/11/4,16829402873787.0,14830594505358.0,1257425516403.0,1132413456669.0,5.71869E+11,1.71,3.38,35.87,32.85,2.24
000905.SH,2025/11/5,16880853730699.0,14881499391681.0,1257579315858.0,1132565782326.0,5.72021E+11,1.73,3.42,35.98,32.95,2.25
000905.SH,2025/11/6,17141899375137.0,15105853633086.0,1257579315858.0,1132592261243.0,5.72063E+11,1.78,3.53,36.53,33.46,2.28
000905.SH,2025/11/7,17097093012622.0,15079441856564.0,1257663773857.0,1132944964968.0,5.72096E+11,1.7,3.37,36.44,33.38,2.27
000905.SH,2025/11/10,17150632190682.0,15127577862290.0,1257974238639.0,1132948726798.0,5.72101E+11,1.81,3.57,36.55,33.48,2.28
000905.SH,2025/11/11,17052657131418.0,15031763696052.0,1258081177086.0,1133063794745.0,5.72307E+11,1.69,3.35,36.34,33.29,2.27
000905.SH,2025/11/12,16974393741190.0,14942764437483.0,1258153528710.0,1133136113850.0,5.7238E+11,1.64,3.24,36.18,33.14,2.26
000905.SH,2025/11/13,17228467608250.0,15157487609449.0,1258153528726.0,1133292153191.0,5.72464E+11,1.76,3.49,36.72,33.53,2.29
000905.SH,2025/11/14,16967094618053.0,14927822599458.0,1258154554571.0,1133292220740.0,5.72459E+11,1.82,3.6,36.16,33.03,2.26
000905.SH,2025/11/17,16942897422285.0,14924155394283.0,1258275965846.0,1135753737444.0,5.72892E+11,1.79,3.54,36.11,32.98,2.25
000905.SH,2025/11/18,16734616134728.0,14741412400189.0,1258184573564.0,1135663226902.0,5.72447E+11,1.78,3.53,35.66,32.57,2.22
000905.SH,2025/11/19,16665067596342.0,14681857671156.0,1258782512657.0,1135664967851.0,5.7245E+11,1.43,2.84,35.52,32.44,2.21
000905.SH,2025/11/20,16528514849460.0,14560437571525.0,1258939913184.0,1135822368378.0,5.7261E+11,1.41,2.79,35.23,32.17,2.2
000905.SH,2025/11/21,15982239898830.0,14121743657323.0,1258961765674.0,1136561472434.0,5.72665E+11,1.84,3.65,34.06,31.11,2.12
000905.SH,2025/11/24,16106933543266.0,14224089756589.0,1259028945368.0,1136628423997.0,5.72861E+11,1.46,2.9,34.33,31.35,2.14
000905.SH,2025/11/25,16282565014413.0,14387977369288.0,1259029141646.0,1136628079248.0,5.72852E+11,1.43,2.84,34.7,31.69,2.16
000905.SH,2025/11/26,16305243853411.0,14403562927454.0,1259029027402.0,1136628527017.0,5.72894E+11,1.31,2.6,34.75,31.74,2.17
000905.SH,2025/11/27,16272972551256.0,14373195832660.0,1259029018139.0,1136659257517.0,5.7294E+11,1.21,2.41,34.68,31.67,2.16
000905.SH,2025/11/28,16454720717031.0,14527548432693.0,1259103995905.0,1136734565371.0,5.73094E+11,1.23,2.45,35.07,32.03,2.19
000905.SH,2025/12/1,16603743820637.0,14669264201870.0,1259104001405.0,1136734570996.0,5.731E+11,1.57,3.12,35.39,32.32,2.21
000905.SH,2025/12/2,16462375999795.0,14552598210479.0,1259132831121.0,1136763452058.0,5.7313E+11,1.32,2.61,35.08,32.04,2.19
000905.SH,2025/12/3,16376734211429.0,14477843842186.0,1259205518879.0,1136836459616.0,5.73207E+11,1.39,2.75,34.9,31.88,2.12
000905.SH,2025/12/4,16407123469242.0,14502311049672.0,1259256902037.0,1136887856274.0,5.73262E+11,1.24,2.46,34.97,31.94,2.18
000905.SH,2025/12/5,16620993424339.0,14674359515709.0,1259351954072.0,1136880661674.0,5.73255E+11,1.48,2.94,35.42,32.35,2.21
000905.SH,2025/12/8,16782675050106.0,14815188854584.0,1259351954072.0,1136880482674.0,5.73305E+11,1.69,3.36,35.77,32.67,2.23
000905.SH,2025/12/9,16673848797817.0,14719493106265.0,1259418724754.0,1136928184956.0,5.73431E+11,1.47,2.91,35.53,32.45,2.21
000905.SH,2025/12/10,16745845898431.0,14787809624722.0,1259418724754.0,1136928184956.0,5.73431E+11,1.35,2.69,35.69,32.59,2.22
000905.SH,2025/12/11,16581408432122.0,14634608646021.0,1259416817254.0,1136927595350.0,5.73414E+11,1.6,3.17,35.34,32.27,2.2
000905.SH,2025/12/12,16781651393215.0,14808192449801.0,1259417767254.0,1136930667595.0,5.73417E+11,1.75,3.46,35.76,32.66,2.23
000905.SH,2025/12/15,16712710559383.0,14530085610325.0,1236419012590.0,1115030121304.0,5.70065E+11,1.54,3.02,34.89,32.35,2.23
000905.SH,2025/12/16,16457534846784.0,14317299807837.0,1236419012590.0,1115223400478.0,5.70049E+11,1.54,3.02,34.36,31.86,2.19
000905.SH,2025/12/17,16759452657036.0,14579848984565.0,1236421325271.0,1115225298159.0,5.7018E+11,1.56,3.06,34.99,32.44,2.23
000905.SH,2025/12/18,16681380697513.0,14508391292881.0,1236421362710.0,1115225335598.0,5.70218E+11,1.39,2.72,34.83,32.29,2.22
000905.SH,2025/12/19,16832297543833.0,14649255193782.0,1236438933356.0,1115242248736.0,5.70293E+11,1.6,3.14,35.14,32.58,2.24
000905.SH,2025/12/22,17023545808139.0,14810600181125.0,1236438933356.0,1115263740736.0,5.70393E+11,1.6,3.12,35.54,32.95,2.27
000905.SH,2025/12/23,17027815936734.0,14841687489843.0,1236438970795.0,1116545293552.0,5.70407E+11,1.55,3.04,35.55,32.96,2.27
000905.SH,2025/12/24,17240441689065.0,15029087878261.0,1236437571704.0,1116592873534.0,5.70442E+11,1.51,2.96,36,33.37,2.3
000905.SH,2025/12/25,17365089304023.0,15144958029852.0,1236461577600.0,1116621355175.0,5.70471E+11,1.51,2.95,36.26,33.61,2.31
000905.SH,2025/12/26,17475772721148.0,15242444531162.0,1236461577600.0,1116621355175.0,5.70485E+11,1.78,3.49,36.49,33.83,2.33
000905.SH,2025/12/29,17411374793160.0,15195773303577.0,1236461334200.0,1116999355175.0,5.70499E+11,1.78,3.49,36.35,33.7,2.32
000905.SH,2025/12/30,17458277177028.0,15252130864483.0,1237381711232.0,1117114651055.0,5.70489E+11,1.76,3.44,36.45,33.79,2.32
000905.SH,2025/12/31,17462413714163.0,15262102732370.0,1237756523561.0,1117102941954.0,5.70529E+11,1.74,3.41,36.46,33.8,2.32
000905.SH,2026/1/5,17912597819790.0,15624071578833.0,1237756599502.0,1117741766042.0,5.70631E+11,2.25,4.41,37.4,34.67,2.38
000905.SH,2026/1/6,18275192806319.0,15953583943762.0,1237787178744.0,1117760656584.0,5.70734E+11,2.8,5.49,38.16,35.38,2.43
000905.SH,2026/1/7,18422456717515.0,16073542438851.0,1237788222200.0,1117787408127.0,5.70746E+11,2.63,5.15,38.46,35.66,2.45
000905.SH,2026/1/8,18455444687314.0,16099141231477.0,1237789836897.0,1117787408127.0,5.70784E+11,2.63,5.14,38.53,35.72,2.46
000905.SH,2026/1/9,18820011350037.0,16421093838126.0,1237791659397.0,1117798763037.0,5.70859E+11,2.81,5.51,39.29,36.43,2.51
000905.SH,2026/1/12,19216863437795.0,16784555679042.0,1237132925231.0,1116457211563.0,5.7008E+11,3,5.88,40.22,37.29,2.56
000905.SH,2026/1/13,19063149519117.0,16590097105078.0,1249122635438.0,1116459034063.0,5.71215E+11,3.26,6.37,39.9,36.99,2.54
000905.SH,2026/1/14,19241336159444.0,16743149218521.0,1249125457441.0,1116467347422.0,5.7126E+11,3.79,7.4,40.27,37.33,2.57
000905.SH,2026/1/15,19224029782864.0,16711868550090.0,1249128288514.0,1116467347422.0,5.7155E+11,2.81,5.49,40.23,37.3,2.56
000905.SH,2026/1/16,19272975901409.0,16729776203986.0,1249128288514.0,1116467678089.0,5.7156E+11,2.53,4.93,40.33,37.38,2.57
000905.SH,2026/1/19,19392983490094.0,16863544841076.0,1249129589224.0,1116862313770.0,5.7165E+11,2.34,4.57,40.59,37.6,2.59
000905.SH,2026/1/20,19295906039574.0,16795985223420.0,1249125037045.0,1116862314001.0,5.7171E+11,2.6,5.07,40.38,37.41,2.57
000905.SH,2026/1/21,19506864995490.0,16972642222089.0,1249119648817.0,1116857201642.0,5.7171E+11,2.18,4.26,40.82,37.82,2.6
000905.SH,2026/1/22,19633136499079.0,17082993304404.0,1249363719601.0,1116867402752.0,5.71756E+11,2.41,4.7,41.09,38.07,2.62
000905.SH,2026/1/23,20061696410855.0,17463810719620.0,1249415735473.0,1116867402752.0,5.71655E+11,2.86,5.59,41.99,38.9,2.67
000905.SH,2026/1/26,19871594095409.0,17300254711305.0,1249416111821.0,1116860879085.0,5.71648E+11,3.13,6.11,41.59,38.52,2.65
000905.SH,2026/1/27,19961163814140.0,17353683267540.0,1249457700468.0,1116902255010.0,5.71472E+11,2.71,5.3,41.78,38.7,2.66
000905.SH,2026/1/28,20103525172874.0,17472187237652.0,1249462713118.0,1116907267660.0,5.71501E+11,2.79,5.46,42.07,38.95,2.68
000905.SH,2026/1/29,19919661164397.0,17332639383097.0,1249472213685.0,1116916153852.0,5.71519E+11,3.17,6.2,41.69,38.58,2.65
000905.SH,2026/1/30,19582714580188.0,17036538673439.0,1249669224970.0,1117036951789.0,5.7164E+11,2.94,5.75,40.98,37.93,2.61
000905.SH,2026/2/2,18791833313783.0,16362871517739.0,1249669169370.0,1117037648514.0,5.71651E+11,2.68,5.24,39.33,36.4,2.5
000905.SH,2026/2/3,19332786046375.0,16834836562356.0,1249669287626.0,1117037649917.0,5.71648E+11,2.44,4.76,40.46,37.45,2.58
000905.SH,2026/2/4,19409173302883.0,16910978530864.0,1249669287979.0,1117040431924.0,5.71639E+11,2.41,4.7,40.62,37.6,2.59
000905.SH,2026/2/5,19083709345677.0,16618977652583.0,1249669363369.0,1117040624167.0,5.71962E+11,2.08,4.05,39.94,36.92,2.54
000905.SH,2026/2/6,19075369953025.0,16613930566311.0,1249700910581.0,1117040624218.0,5.71491E+11,1.96,3.83,39.92,36.9,2.54
000905.SH,2026/2/9,19437790862021.0,16944091653305.0,1249751379681.0,1117418285442.0,5.71546E+11,1.89,3.7,40.68,37.6,2.59
000905.SH,2026/2/10,19438113614957.0,16941146398491.0,1249751379681.0,1117423751713.0,5.71556E+11,1.75,3.43,40.67,37.6,2.59
000905.SH,2026/2/11,19496581197335.0,16993447917622.0,1250312533121.0,1117448467907.0,5.71604E+11,1.83,3.57,40.8,37.7,2.59
000905.SH,2026/2/12,19690553196718.0,17164525425168.0,1250420191521.0,1117448467907.0,5.71612E+11,1.9,3.71,41.2,38.08,2.62
000905.SH,2026/2/13,19415261376994.0,16907833085179.0,1250420191521.0,1117452445258.0,5.71673E+11,1.81,3.55,40.63,37.55,2.58
000905.SH,2026/2/24,19640179500660.0,17118294582518.0,1250560180321.0,1117453436331.0,5.71912E+11,2.01,3.93,41.1,38.03,2.61
000905.SH,2026/2/25,19944442455065.0,17386376764959.0,1250560180321.0,1117453436331.0,5.71913E+11,2.49,4.86,41.73,38.47,2.65
000905.SH,2026/2/26,19980214725615.0,17429319063373.0,1250560180321.0,1117453463964.0,5.71916E+11,2.27,4.44,41.81,38.56,2.66
000905.SH,2026/2/27,20190393929639.0,17624878813573.0,1250588853389.0,1117483416032.0,5.71949E+11,2.51,4.9,42.25,38.84,2.68
000905.SH,2026/3/2,20204969761453.0,17660797914643.0,1250668546690.0,1117929134122.0,5.72573E+11,3.03,5.92,42.26,38.85,2.69
000905.SH,2026/3/3,19381286355572.0,16954794875206.0,1250800666625.0,1118061266238.0,5.72716E+11,3.1,6.04,40.54,37.27,2.58
000905.SH,2026/3/4,19294708420652.0,16880869185325.0,1250813680605.0,1118074251467.0,5.72749E+11,2.43,4.75,40.36,37.1,2.56
000905.SH,2026/3/5,19420161466200.0,16983397158775.0,1250866437809.0,1118137941052.0,5.72816E+11,2.29,4.48,40.62,37.34,2.58
000905.SH,2026/3/6,19553786950420.0,17095146448096.0,1250810003990.0,1118082049702.0,5.72887E+11,2.1,4.09,40.8,37.55,2.6
000905.SH,2026/3/9,19361653893186.0,16936128515742.0,1250851782439.0,1118123828151.0,5.72933E+11,2.56,5,40.4,37.18,2.57
000905.SH,2026/3/10,19666113012924.0,17177567966368.0,1250886098465.0,1118123828177.0,5.72902E+11,2.15,4.19,41.03,37.76,2.61
000905.SH,2026/3/11,19665910671528.0,17187102109081.0,1250902209632.0,1118139539344.0,5.72998E+11,2.37,4.62,41.02,37.76,2.61
000905.SH,2026/3/12,19599516302535.0,17139588054449.0,1250901478731.0,1118140043443.0,5.73039E+11,2.53,4.93,40.88,37.63,2.6
000905.SH,2026/3/13,19330309561540.0,16914827168359.0,1251169082349.0,1118406930764.0,5.73304E+11,2.58,5.03,40.32,37.11,2.57
000905.SH,2026/3/16,19221804453036.0,16786836431855.0,1251299981901.0,1118374667054.0,5.73064E+11,2.29,4.47,39.98,36.9,2.55
000905.SH,2026/3/17,18855119557551.0,16460905780915.0,1251302265169.0,1118374557022.0,5.7306E+11,2.06,4.02,39.12,36.16,2.5
000905.SH,2026/3/18,19024713788184.0,16596223496676.0,1251302265169.0,1118374557022.0,5.7306E+11,1.85,3.6,39.38,36.47,2.52
000905.SH,2026/3/19,18542029027661.0,16176069654584.0,1251295340315.0,1118367632168.0,5.73053E+11,1.96,3.83,38.52,35.63,2.46
000905.SH,2026/3/20,18274901520025.0,15949016479985.0,1251294998518.0,1118367363782.0,5.73138E+11,1.96,3.83,37.86,35.08,2.42
000905.SH,2026/3/23,17532234103798.0,15313605725734.0,1251340999343.0,1118367995707.0,5.7336E+11,2.43,4.74,36.14,33.6,2.33
000905.SH,2026/3/24,17932822287668.0,15653291122389.0,1251330065114.0,1118339058329.0,5.73496E+11,2.05,3.99,37.36,34.63,2.38
000905.SH,2026/3/25,18304392623470.0,15984930850434.0,1251336609197.0,1118342791245.0,5.73513E+11,2.15,4.2,38.1,35.35,2.43
000905.SH,2026/3/26,18013079596472.0,15738460286068.0,1251336609197.0,1118271123953.0,5.73441E+11,1.84,3.6,37.02,34.64,2.39
000905.SH,2026/3/27,18232448640771.0,15913445303163.0,1251336625197.0,1118255356372.0,5.734E+11,1.68,3.28,37.49,35.22,2.42
000905.SH,2026/3/30,18261621259913.0,15946178532869.0,1251343968995.0,1118270185457.0,5.73827E+11,1.77,3.45,37.39,35.15,2.42
000905.SH,2026/3/31,17927131796051.0,15656465389941.0,1251345515901.0,1118271114893.0,5.74268E+11,1.78,3.47,35.91,34.6,2.37
