ts_code,trade_date,total_mv,float_mv,total_share,float_share,free_share,turnover_rate,turnover_rate_f,pe,pe_ttm,pb
399001.SZ,2013/12/25,1636636070931.0,1285148291800.0,1.44165E+11,1.16308E+11,74297716198,0.84,1.32,14.81,14.01,2
399001.SZ,2013/12/26,1595692068214.0,1253683240891.0,1.44165E+11,1.16308E+11,74297716198,0.74,1.16,14.44,13.66,1.95
399001.SZ,2013/12/27,1625045435114.0,1276529666646.0,1.44165E+11,1.16308E+11,74297716198,0.79,1.23,14.71,13.91,1.98
399001.SZ,2013/12/30,1613437299804.0,1266900495512.0,1.44165E+11,1.16308E+11,74297716198,0.69,1.08,14.6,13.81,1.97
399001.SZ,2013/12/31,1640051914596.0,1288717561601.0,1.44165E+11,1.16308E+11,74297716198,0.72,1.12,14.84,14.04,2
399001.SZ,2014/1/2,1809932176291.0,1331609805441.0,1.4317E+11,1.12651E+11,72925814745,0.64,0.99,16.19,14.84,2.2
399001.SZ,2014/1/3,1794915838103.0,1318104876520.0,1.4317E+11,1.12651E+11,72925814745,0.81,1.24,16.06,14.72,2.18
399001.SZ,2014/1/6,1749363921214.0,1284746783495.0,1.4317E+11,1.12651E+11,72925814745,0.89,1.37,15.65,14.35,2.13
399001.SZ,2014/1/7,1747876489099.0,1281568966675.0,1.4317E+11,1.12651E+11,72925814745,0.58,0.89,15.63,14.33,2.13
399001.SZ,2014/1/8,1745874956446.0,1278485450245.0,1.4317E+11,1.12651E+11,72925814745,0.72,1.12,15.62,14.32,2.12
399001.SZ,2014/1/9,1748673074332.0,1268012388995.0,1.44494E+11,1.11976E+11,72250787942,0.94,1.45,15.64,14.34,2.09
399001.SZ,2014/1/10,1724562249978.0,1251881647193.0,1.44494E+11,1.11976E+11,72250787942,0.72,1.11,15.43,14.12,2.06
399001.SZ,2014/1/13,1714858087675.0,1243926965469.0,1.44494E+11,1.11976E+11,72247878821,0.73,1.13,15.34,14.04,2.05
399001.SZ,2014/1/14,1734914500352.0,1257922884152.0,1.44494E+11,1.11976E+11,72152297583,0.9,1.4,15.52,14.2,2.07
399001.SZ,2014/1/15,1737834738425.0,1257975410581.0,1.44494E+11,1.11976E+11,72152297583,0.74,1.14,15.54,14.22,2.07
399001.SZ,2014/1/16,1737693970354.0,1258130916648.0,1.44494E+11,1.11976E+11,72232642047,0.77,1.19,15.54,14.22,2.07
399001.SZ,2014/1/17,1711044352943.0,1238839676744.0,1.44494E+11,1.11976E+11,72232642047,0.64,0.99,15.31,14,2.04
399001.SZ,2014/1/20,1699971399880.0,1233196080812.0,1.44494E+11,1.11976E+11,72232642047,0.59,0.92,15.21,13.78,2.02
399001.SZ,2014/1/21,1715589117070.0,1243647997204.0,1.44494E+11,1.11976E+11,72232642047,0.56,0.87,15.35,13.91,2.04
399001.SZ,2014/1/22,1765181284255.0,1279720984695.0,1.44494E+11,1.11976E+11,72232642047,1.09,1.68,15.79,14.31,2.1
399001.SZ,2014/1/23,1758795672579.0,1274686899527.0,1.44494E+11,1.11976E+11,72232642047,0.8,1.24,15.73,14.26,2.09
399001.SZ,2014/1/24,1773138400586.0,1283372103440.0,1.44494E+11,1.11976E+11,72232642047,0.94,1.46,15.86,14.33,2.11
399001.SZ,2014/1/27,1748662379903.0,1266690109242.0,1.44494E+11,1.11976E+11,72232642047,1.9,2.94,15.64,14.21,2.07
399001.SZ,2014/1/28,1747032877752.0,1263319754319.0,1.44494E+11,1.11976E+11,72232642047,1.25,1.94,15.63,14.27,2.07
399001.SZ,2014/1/29,1739430776087.0,1256671501339.0,1.44494E+11,1.11968E+11,72232642047,0.92,1.43,15.56,14.21,2.06
399001.SZ,2014/1/30,1708796616072.0,1236085405264.0,1.44494E+11,1.11968E+11,72232642047,0.84,1.31,15.29,13.96,2.02
399001.SZ,2014/2/7,1717277652345.0,1242228630837.0,1.44494E+11,1.11971E+11,72227488873,1.03,1.6,15.36,14.03,2.03
399001.SZ,2014/2/10,1768476987325.0,1274560103235.0,1.44494E+11,1.11971E+11,72227488873,1.41,2.19,15.82,14.45,2.09
399001.SZ,2014/2/11,1773652876531.0,1278385839241.0,1.44494E+11,1.11971E+11,72227488873,1.51,2.34,15.87,14.49,2.1
399001.SZ,2014/2/12,1786733143484.0,1287613364134.0,1.44494E+11,1.11971E+11,72227488873,1.12,1.73,15.98,14.6,2.12
399001.SZ,2014/2/13,1784157457005.0,1281402747861.0,1.44494E+11,1.11971E+11,72227488873,1.33,2.06,15.96,14.58,2.11
399001.SZ,2014/2/14,1791212907584.0,1288858935361.0,1.44494E+11,1.11971E+11,72216179133,0.95,1.48,16.02,14.64,2.12
399001.SZ,2014/2/17,1810956563619.0,1300500412289.0,1.44536E+11,1.11971E+11,72216689833,1.42,2.2,16.2,14.75,2.13
399001.SZ,2014/2/18,1782452547318.0,1282723907526.0,1.44536E+11,1.11971E+11,72216689833,1.25,1.94,15.94,14.52,2.1
399001.SZ,2014/2/19,1811217583931.0,1303812456844.0,1.44536E+11,1.11971E+11,72216689833,1.71,2.65,16.2,14.76,2.13
399001.SZ,2014/2/20,1788489264975.0,1285554724004.0,1.44536E+11,1.11971E+11,72197642530,1.81,2.81,16,14.57,2.11
399001.SZ,2014/2/21,1768482110290.0,1271965126377.0,1.44536E+11,1.11971E+11,72197642530,1.19,1.84,15.82,14.5,2.08
399001.SZ,2014/2/24,1729694991816.0,1241459047966.0,1.44536E+11,1.11971E+11,72197642530,1.77,2.74,15.47,14.19,2.04
399001.SZ,2014/2/25,1671827838430.0,1200309389106.0,1.4457E+11,1.12004E+11,72230258838,1.87,2.9,14.65,13.62,1.96
399001.SZ,2014/2/26,1682111063346.0,1202496080003.0,1.4457E+11,1.12004E+11,72230258838,1.68,2.61,14.74,13.7,1.98
399001.SZ,2014/2/27,1655742854046.0,1182335966868.0,1.4457E+11,1.12004E+11,72230258838,1.28,1.98,14.51,13.49,1.94
399001.SZ,2014/2/28,1700152180399.0,1211171671089.0,1.4457E+11,1.12004E+11,72230258838,1.09,1.69,14.9,13.87,1.99
399001.SZ,2014/3/3,1708326160442.0,1216256439109.0,1.4457E+11,1.12004E+11,72230258838,1.03,1.59,14.97,13.94,2
399001.SZ,2014/3/4,1693345116404.0,1206718568639.0,1.4457E+11,1.12004E+11,72230258838,1.16,1.8,14.84,13.81,1.99
399001.SZ,2014/3/5,1685390952467.0,1201485041242.0,1.4457E+11,1.12004E+11,72230258838,0.85,1.31,14.77,13.75,1.98
399001.SZ,2014/3/6,1689247502126.0,1205958553676.0,1.4457E+11,1.12004E+11,72230258838,1.12,1.73,14.81,13.78,1.98
399001.SZ,2014/3/7,1685956598181.0,1204276699335.0,1.44572E+11,1.12005E+11,72231502788,0.94,1.45,14.23,13.55,1.95
399001.SZ,2014/3/10,1640678060701.0,1170332706038.0,1.44572E+11,1.12005E+11,72231502788,1.11,1.71,13.85,13.32,1.9
399001.SZ,2014/3/11,1656328647109.0,1187129917324.0,1.44572E+11,1.12005E+11,72231502788,1.03,1.59,13.98,13.45,1.92
399001.SZ,2014/3/12,1655266351260.0,1187476070285.0,1.44572E+11,1.12002E+11,72232903796,1.32,2.05,13.91,13.44,1.91
399001.SZ,2014/3/13,1682706149211.0,1207070974044.0,1.44572E+11,1.11982E+11,72232903796,1.05,1.63,14.07,13.65,1.95
399001.SZ,2014/3/14,1661721510024.0,1194357881468.0,1.44572E+11,1.11982E+11,72212100323,0.97,1.5,13.89,13.48,1.92
399001.SZ,2014/3/17,1687246263316.0,1208734974556.0,1.44572E+11,1.11977E+11,72207643579,0.77,1.19,14.06,13.68,1.95
399001.SZ,2014/3/18,1672811219842.0,1199123603808.0,1.44572E+11,1.11977E+11,72207643579,0.68,1.06,13.84,13.6,1.93
399001.SZ,2014/3/19,1645312362017.0,1177610181381.0,1.44572E+11,1.11977E+11,72207624832,1.06,1.65,13.61,13.38,1.9
399001.SZ,2014/3/20,1604052383023.0,1152319438280.0,1.44572E+11,1.11976E+11,72207624832,0.97,1.51,13.15,12.97,1.85
399001.SZ,2014/3/21,1655840028979.0,1189544643698.0,1.44572E+11,1.11976E+11,72180245775,1.42,2.21,13.57,13.39,1.91
399001.SZ,2014/3/24,1659698239764.0,1194701566902.0,1.44572E+11,1.11976E+11,72180245775,1.26,1.96,13.6,13.42,1.92
399001.SZ,2014/3/25,1652272840739.0,1188875899644.0,1.44572E+11,1.11976E+11,72180245775,1.15,1.79,13.54,13.36,1.91
399001.SZ,2014/3/26,1653226961643.0,1186791571551.0,1.44572E+11,1.11976E+11,72180245775,0.71,1.1,13.55,13.37,1.91
399001.SZ,2014/3/27,1635032191427.0,1173989160431.0,1.44572E+11,1.11976E+11,72180747200,0.91,1.41,13.11,13.06,1.89
399001.SZ,2014/3/28,1628763099644.0,1170465909660.0,1.44577E+11,1.11982E+11,72180747200,0.92,1.43,12.95,12.99,1.88
399001.SZ,2014/3/31,1635014105899.0,1174807684976.0,1.44577E+11,1.11977E+11,72186820276,0.68,1.06,13.26,12.99,1.88
399001.SZ,2014/4/1,1656626844722.0,1190134830228.0,1.44577E+11,1.11977E+11,72181207315,0.65,1.01,13.51,13.13,1.91
399001.SZ,2014/4/2,1668001856730.0,1198592409291.0,1.44577E+11,1.11977E+11,72181207315,0.9,1.4,13.6,13.22,1.92
399001.SZ,2014/4/3,1663443888329.0,1195013753137.0,1.44577E+11,1.11977E+11,72181207315,0.89,1.38,13.56,13.18,1.91
399001.SZ,2014/4/4,1681345676246.0,1207023345812.0,1.44577E+11,1.11977E+11,72181207315,0.72,1.11,13.71,13.33,1.93
399001.SZ,2014/4/8,1762655193618.0,1230145941558.0,1.66345E+11,1.11977E+11,76249436509,1.16,1.71,14.49,13.98,1.93
399001.SZ,2014/4/9,1762624291289.0,1230158118358.0,1.66345E+11,1.11977E+11,76249436509,0.85,1.25,14.49,13.98,1.93
399001.SZ,2014/4/10,1775083761458.0,1238249222167.0,1.66345E+11,1.11977E+11,76249436509,1.39,2.05,14.59,14.11,1.94
399001.SZ,2014/4/11,1777093881414.0,1243175926722.0,1.66345E+11,1.11977E+11,76249436509,1.14,1.68,14.6,14.12,1.94
399001.SZ,2014/4/14,1777039653894.0,1243992697240.0,1.66346E+11,1.11982E+11,76305636759,0.76,1.11,14.66,14.07,1.94
399001.SZ,2014/4/15,1748170807788.0,1223468262909.0,1.66346E+11,1.11982E+11,76310637637,1.08,1.58,14.43,13.83,1.91
399001.SZ,2014/4/16,1750369064532.0,1225722112735.0,1.66346E+11,1.11982E+11,76310637637,0.66,0.97,14.44,13.86,1.91
399001.SZ,2014/4/17,1747756127413.0,1224213305372.0,1.66346E+11,1.11982E+11,76310637638,0.61,0.9,14.18,13.84,1.9
399001.SZ,2014/4/18,1750307463415.0,1225203798180.0,1.66346E+11,1.11982E+11,76030411820,0.55,0.82,14.44,13.79,1.9
399001.SZ,2014/4/21,1727525644979.0,1208520079052.0,1.66346E+11,1.11982E+11,75988829956,0.8,1.17,14.21,13.59,1.88
399001.SZ,2014/4/22,1733197212341.0,1216289937779.0,1.66346E+11,1.1208E+11,75992329956,0.8,1.18,13.8,13.55,1.88
399001.SZ,2014/4/23,1741315201747.0,1223832510592.0,1.66346E+11,1.1199E+11,75897588907,0.68,1,14.11,13.69,1.88
399001.SZ,2014/4/24,1732902103133.0,1220261674657.0,1.66346E+11,1.1199E+11,75889845327,0.68,1.01,14.04,13.47,1.87
399001.SZ,2014/4/25,1710969043816.0,1202234464117.0,1.66346E+11,1.1199E+11,75889845327,1.01,1.49,13.48,13.23,1.76
399001.SZ,2014/4/28,1692065364144.0,1188727279265.0,1.66346E+11,1.1199E+11,75733991259,1.21,1.78,13.32,13.24,1.73
399001.SZ,2014/4/29,1712911717883.0,1204933168305.0,1.66346E+11,1.11996E+11,75733991259,0.71,1.05,13.49,13.17,1.75
399001.SZ,2014/4/30,1711554419549.0,1203816350617.0,1.69792E+11,1.13025E+11,76753009260,0.55,0.8,13.51,13.13,1.74
399001.SZ,2014/5/5,1711157790984.0,1204271041640.0,1.69792E+11,1.13025E+11,76753009260,0.58,0.86,13.51,13.13,1.74
399001.SZ,2014/5/6,1713826212547.0,1205631283166.0,1.69817E+11,1.13025E+11,76758565693,0.83,1.22,13.53,13.15,1.74
399001.SZ,2014/5/7,1689698962334.0,1192966530723.0,1.69817E+11,1.13025E+11,76338325256,0.73,1.09,13.34,12.96,1.71
399001.SZ,2014/5/8,1677099742917.0,1184694086511.0,1.69817E+11,1.13025E+11,76696087551,0.71,1.04,13.24,12.86,1.71
399001.SZ,2014/5/9,1673568088275.0,1184332083378.0,1.69817E+11,1.13025E+11,76696087551,0.75,1.11,13.21,12.84,1.71
399001.SZ,2014/5/12,1712118175765.0,1211414778482.0,1.69817E+11,1.13025E+11,76696087551,1.24,1.83,13.52,13.13,1.74
399001.SZ,2014/5/13,1711014130990.0,1210605401468.0,1.69817E+11,1.13025E+11,76696087551,0.96,1.42,13.51,13.12,1.74
399001.SZ,2014/5/14,1712915080671.0,1210776992070.0,1.69817E+11,1.13025E+11,76693937551,0.89,1.32,13.52,13.14,1.75
399001.SZ,2014/5/15,1685070206977.0,1191724293796.0,1.69817E+11,1.13025E+11,76693937551,0.68,1,13.3,12.93,1.72
399001.SZ,2014/5/16,1691516953703.0,1195516622934.0,1.69817E+11,1.13025E+11,76693937551,0.71,1.04,13.35,12.97,1.73
399001.SZ,2014/5/19,1669573263177.0,1179276076521.0,1.69817E+11,1.13025E+11,76693937551,0.61,0.9,13.18,12.81,1.7
399001.SZ,2014/5/20,1668716412354.0,1179072727882.0,1.69817E+11,1.13025E+11,76693937551,0.57,0.84,13.17,12.8,1.7
399001.SZ,2014/5/21,1681208144064.0,1187265852905.0,1.69817E+11,1.13025E+11,76712984854,0.58,0.85,13.27,12.9,1.71
399001.SZ,2014/5/22,1675048581787.0,1181189489853.0,1.69817E+11,1.13025E+11,76712984854,0.75,1.11,13.22,12.85,1.71
399001.SZ,2014/5/23,1685681054501.0,1188599846319.0,1.69817E+11,1.13025E+11,76712984854,0.7,1.03,13.31,12.93,1.72
399001.SZ,2014/5/26,1699524300373.0,1194394585364.0,1.69817E+11,1.13025E+11,76712984854,0.66,0.97,13.42,13.04,1.73
399001.SZ,2014/5/27,1696955111022.0,1192178472231.0,1.69813E+11,1.13022E+11,76731372587,0.51,0.75,13.4,13.02,1.73
399001.SZ,2014/5/28,1721469516002.0,1209885001635.0,1.7016E+11,1.13369E+11,76859073114,0.93,1.38,13.59,13.2,1.76
399001.SZ,2014/5/29,1709741430873.0,1202526973799.0,1.7016E+11,1.13369E+11,76859073114,0.84,1.23,13.5,13.11,1.75
399001.SZ,2014/5/30,1714836027550.0,1206018705192.0,1.7016E+11,1.13369E+11,76859073114,0.7,1.04,13.54,13.15,1.75
399001.SZ,2014/6/3,1710644588870.0,1200230980680.0,1.70282E+11,1.13399E+11,76888959721,0.62,0.92,13.51,13.12,1.74
399001.SZ,2014/6/4,1688979986427.0,1185148650631.0,1.70282E+11,1.13399E+11,76888959721,0.59,0.87,13.33,12.96,1.72
399001.SZ,2014/6/5,1706659289475.0,1197116765208.0,1.70282E+11,1.13399E+11,76888959721,0.52,0.77,13.47,13.09,1.74
399001.SZ,2014/6/6,1694548786264.0,1182676287801.0,1.71141E+11,1.13399E+11,77231061769,0.6,0.87,13.38,13,1.73
399001.SZ,2014/6/9,1691120527098.0,1179496035302.0,1.71461E+11,1.13557E+11,77351526079,0.8,1.17,13.35,12.97,1.73
399001.SZ,2014/6/10,1717593524327.0,1199264340735.0,1.71461E+11,1.13577E+11,77351526079,0.83,1.22,13.56,13.17,1.76
399001.SZ,2014/6/11,1716018997208.0,1202841980746.0,1.71461E+11,1.13919E+11,77449434359,0.68,1.01,13.55,13.16,1.76
399001.SZ,2014/6/12,1707012716803.0,1196687417995.0,1.73366E+11,1.15034E+11,78231146499,0.69,1.02,13.48,13.09,1.75
399001.SZ,2014/6/13,1734710314519.0,1212093604145.0,1.73366E+11,1.15034E+11,78231146499,0.85,1.26,13.7,13.31,1.78
399001.SZ,2014/6/16,1739262569485.0,1215795140732.0,1.73953E+11,1.15587E+11,78500701782,0.95,1.4,13.73,13.34,1.78
399001.SZ,2014/6/17,1719443609178.0,1202311408655.0,1.74131E+11,1.15695E+11,78608083771,0.7,1.04,13.58,13.19,1.76
399001.SZ,2014/6/18,1711615576655.0,1195342477819.0,1.74131E+11,1.15695E+11,78608083771,0.83,1.22,13.51,13.13,1.76
399001.SZ,2014/6/19,1682183173077.0,1175489956339.0,1.74131E+11,1.15695E+11,78608083771,0.82,1.21,13.28,12.9,1.73
399001.SZ,2014/6/20,1685828594859.0,1177068754078.0,1.74131E+11,1.15695E+11,78608083771,0.83,1.23,13.31,12.93,1.73
399001.SZ,2014/6/23,1685277977859.0,1176904049859.0,1.74131E+11,1.15695E+11,78608083771,0.63,0.93,13.31,12.93,1.73
399001.SZ,2014/6/24,1700448858980.0,1185824224274.0,1.74131E+11,1.15687E+11,78608083771,0.52,0.77,13.43,13.04,1.75
399001.SZ,2014/6/25,1695589835766.0,1181718212465.0,1.74131E+11,1.15687E+11,78600142921,0.52,0.76,13.39,13.01,1.74
399001.SZ,2014/6/26,1712087116895.0,1193053054530.0,1.74131E+11,1.15687E+11,78600142921,0.58,0.85,13.52,13.13,1.76
399001.SZ,2014/6/27,1715724531359.0,1196423006513.0,1.74131E+11,1.15687E+11,78600146543,0.67,0.99,13.55,13.16,1.76
399001.SZ,2014/6/30,1721006923775.0,1204099015318.0,1.74131E+11,1.1572E+11,78600146543,0.74,1.1,13.59,13.2,1.77
399001.SZ,2014/7/1,1769572057906.0,1259539042197.0,1.71544E+11,1.12955E+11,78346575134,0.76,1.09,14.2,13.67,1.89
399001.SZ,2014/7/2,1771900264864.0,1261131244493.0,1.71544E+11,1.12955E+11,74278480765,0.89,1.35,14.21,13.69,1.89
399001.SZ,2014/7/3,1779502319790.0,1266530839883.0,1.71544E+11,1.12956E+11,74278480765,0.75,1.14,14.28,13.75,1.9
399001.SZ,2014/7/4,1776787994034.0,1264645505456.0,1.71548E+11,1.12958E+11,74281287532,0.72,1.09,14.25,13.73,1.89
399001.SZ,2014/7/7,1770892727924.0,1262265073503.0,1.71548E+11,1.12958E+11,74281287532,0.71,1.09,14.21,13.68,1.89
399001.SZ,2014/7/8,1781609560021.0,1271143939988.0,1.71548E+11,1.13074E+11,74357101086,0.79,1.2,14.29,13.77,1.9
399001.SZ,2014/7/9,1740485834900.0,1241859835259.0,1.7392E+11,1.15445E+11,76012830031,0.94,1.42,13.96,13.41,1.86
399001.SZ,2014/7/10,1728143489532.0,1234722711683.0,1.7392E+11,1.15445E+11,76007994810,0.98,1.49,13.86,13.32,1.85
399001.SZ,2014/7/11,1738005384131.0,1241929937282.0,1.7392E+11,1.15445E+11,76007994810,0.96,1.45,13.94,13.39,1.86
399001.SZ,2014/7/14,1758135938870.0,1257002257767.0,1.7392E+11,1.15445E+11,76029306594,0.87,1.32,14.1,13.55,1.88
399001.SZ,2014/7/15,1765261276777.0,1263355469239.0,1.7392E+11,1.15445E+11,76029306594,1.03,1.56,14.16,13.6,1.89
399001.SZ,2014/7/16,1753716445398.0,1255699024189.0,1.7392E+11,1.15445E+11,76029306594,0.89,1.35,14.07,13.52,1.88
399001.SZ,2014/7/17,1736507951461.0,1243103084218.0,1.7392E+11,1.15445E+11,76029306594,0.72,1.09,13.93,13.39,1.86
399001.SZ,2014/7/18,1751232715097.0,1255536824662.0,1.7392E+11,1.15445E+11,76031556594,0.81,1.23,14.05,13.5,1.87
399001.SZ,2014/7/21,1756986861959.0,1261395119884.0,1.7392E+11,1.1555E+11,76056324630,0.7,1.06,14.09,13.52,1.88
399001.SZ,2014/7/22,1782852073903.0,1279452452804.0,1.7392E+11,1.1555E+11,76056324630,0.95,1.44,14.3,13.72,1.91
399001.SZ,2014/7/23,1780724648058.0,1278816752814.0,1.7392E+11,1.1555E+11,76056724590,1,1.51,14.29,13.7,1.9
399001.SZ,2014/7/24,1807354723919.0,1298671723899.0,1.7392E+11,1.1555E+11,76056724590,1.75,2.65,14.5,13.9,1.93
399001.SZ,2014/7/25,1825378487437.0,1311774524933.0,1.7392E+11,1.1555E+11,76056724590,1.47,2.24,14.64,14.04,1.95
399001.SZ,2014/7/28,1881575131016.0,1352165265941.0,1.7392E+11,1.1555E+11,76056388909,2.33,3.54,15.09,14.47,2.01
399001.SZ,2014/7/29,1900449861882.0,1366117010054.0,1.7392E+11,1.15615E+11,76083388909,1.95,2.97,15.25,14.64,2.03
399001.SZ,2014/7/30,1901056708139.0,1365790154712.0,1.7392E+11,1.15615E+11,76083388909,1.66,2.52,15.25,14.64,2.03
399001.SZ,2014/7/31,1925005752700.0,1386087493939.0,1.7392E+11,1.15681E+11,76086361708,1.66,2.52,15.44,14.91,2.06
399001.SZ,2014/8/1,1906704345934.0,1373527321576.0,1.7392E+11,1.15681E+11,76086361708,1.7,2.59,15.3,14.77,2.04
399001.SZ,2014/8/4,1937802936743.0,1395854009674.0,1.7392E+11,1.15681E+11,76086361708,1.42,2.16,15.55,15.01,2.07
399001.SZ,2014/8/5,1938833411258.0,1395989040952.0,1.7392E+11,1.15681E+11,76086361708,1.52,2.31,15.55,15.01,2.07
399001.SZ,2014/8/6,1939196405329.0,1395969165947.0,1.7392E+11,1.15681E+11,76086361708,1.76,2.68,15.56,15.02,2.07
399001.SZ,2014/8/7,1908932294658.0,1373327492672.0,1.7392E+11,1.15681E+11,76086361708,1.65,2.5,15.31,14.78,2.04
399001.SZ,2014/8/8,1913851039726.0,1376762054717.0,1.7392E+11,1.15681E+11,76030161459,1.3,1.98,15.35,14.84,2.05
399001.SZ,2014/8/11,1943384028248.0,1396758040498.0,1.7392E+11,1.15681E+11,76030161459,1.18,1.8,15.59,15.07,2.08
399001.SZ,2014/8/12,1932536695526.0,1388093576840.0,1.7392E+11,1.15682E+11,76030792610,1.1,1.67,15.5,14.96,2.07
399001.SZ,2014/8/13,1935009207469.0,1391153830526.0,1.7392E+11,1.15682E+11,76030792610,1.45,2.21,15.52,14.98,2.07
399001.SZ,2014/8/14,1915392268629.0,1376350550388.0,1.7392E+11,1.15682E+11,76030168695,1.3,1.97,15.37,14.71,2.04
399001.SZ,2014/8/15,1933407338649.0,1390356960190.0,1.7392E+11,1.1568E+11,76030168695,1.46,2.21,15.51,14.8,2.06
399001.SZ,2014/8/18,1948048152066.0,1400867272382.0,1.7392E+11,1.1568E+11,76030168695,2.03,3.09,15.63,14.87,2.05
399001.SZ,2014/8/19,1948074357984.0,1401409667684.0,1.7392E+11,1.15699E+11,76045452705,1.66,2.52,15.63,14.67,2.04
399001.SZ,2014/8/20,1943612713944.0,1398959135018.0,1.7392E+11,1.15699E+11,76045452705,1.54,2.35,15.59,14.63,2.03
399001.SZ,2014/8/21,1941329746454.0,1396198668246.0,1.7392E+11,1.15699E+11,76045452705,1.58,2.4,15.57,14.57,2.03
399001.SZ,2014/8/22,1951754407973.0,1403863426699.0,1.7392E+11,1.157E+11,76045452705,1.22,1.86,15.66,14.69,2.04
399001.SZ,2014/8/25,1925493071686.0,1354917124769.0,1.7392E+11,1.15148E+11,76197207732,1.21,1.83,15.45,14.47,2.01
399001.SZ,2014/8/26,1896863556477.0,1333822292698.0,1.7392E+11,1.15129E+11,76251947607,1.14,1.72,15.22,14.16,1.97
399001.SZ,2014/8/27,1905183383625.0,1338208953244.0,1.7392E+11,1.15129E+11,76286057044,0.87,1.31,15.28,14.21,1.98
399001.SZ,2014/8/28,1880480123547.0,1321468926384.0,1.7392E+11,1.15129E+11,76286057044,0.94,1.42,15.09,14.12,1.95
399001.SZ,2014/8/29,1906082339616.0,1339278174098.0,1.7392E+11,1.15129E+11,76265208687,0.75,1.13,15.29,14.31,1.98
399001.SZ,2014/9/1,1929651516207.0,1389149197431.0,1.7392E+11,1.18273E+11,76265255842,1.12,1.73,15.48,14.42,2.08
399001.SZ,2014/9/2,1953755369876.0,1408728288904.0,1.7392E+11,1.18273E+11,80595910517,1.5,2.2,15.67,14.6,2.11
399001.SZ,2014/9/3,1970810563596.0,1420220492243.0,1.7392E+11,1.18273E+11,80595910517,1.51,2.22,15.81,14.73,2.13
399001.SZ,2014/9/4,1982948290108.0,1430368532256.0,1.7392E+11,1.18273E+11,80595910517,1.36,1.99,15.91,14.82,2.14
399001.SZ,2014/9/5,1991640908297.0,1436873865201.0,1.7392E+11,1.18273E+11,80595910517,1.69,2.48,15.98,14.88,2.15
399001.SZ,2014/9/9,1992643069131.0,1434113514108.0,1.7392E+11,1.18273E+11,80595910517,1.6,2.35,15.99,14.89,2.15
399001.SZ,2014/9/10,1983824172103.0,1428051871779.0,1.7392E+11,1.18273E+11,80595910517,1.38,2.02,15.91,14.82,2.14
399001.SZ,2014/9/11,1969420182718.0,1420167660359.0,1.7392E+11,1.18273E+11,80595910517,1.75,2.56,15.8,14.72,2.13
399001.SZ,2014/9/12,1976728358082.0,1424679849316.0,1.7392E+11,1.18273E+11,80595994507,1.55,2.28,15.86,14.77,2.13
399001.SZ,2014/9/15,1969093962876.0,1419500093887.0,1.7392E+11,1.18272E+11,80595994507,1.61,2.37,15.8,14.71,2.13
399001.SZ,2014/9/16,1920499753376.0,1383435551155.0,1.7392E+11,1.18272E+11,80595994507,2.58,3.78,15.41,14.35,2.07
399001.SZ,2014/9/17,1933841829884.0,1392319989816.0,1.7392E+11,1.18272E+11,80595994507,1.76,2.58,15.51,14.45,2.09
399001.SZ,2014/9/18,1938498261574.0,1407610782347.0,1.7392E+11,1.188E+11,80819058487,1.64,2.41,15.55,14.48,2.09
399001.SZ,2014/9/19,1949012157208.0,1417035265584.0,1.7392E+11,1.188E+11,80819058487,1.31,1.93,15.64,14.56,2.1
399001.SZ,2014/9/22,1909334449443.0,1389865582802.0,1.7392E+11,1.188E+11,80819058487,1.42,2.09,15.32,14.27,2.06
399001.SZ,2014/9/23,1925666140770.0,1401920693598.0,1.7392E+11,1.188E+11,80819058487,1.12,1.65,15.45,14.39,2.08
399001.SZ,2014/9/24,1957252289544.0,1426128720437.0,1.7392E+11,1.18806E+11,80824302718,1.69,2.49,15.7,14.62,2.11
399001.SZ,2014/9/25,1949502792390.0,1421278869966.0,1.7392E+11,1.18806E+11,80824302718,1.84,2.71,15.64,14.57,2.11
399001.SZ,2014/9/26,1947954951687.0,1419168930872.0,1.7392E+11,1.18806E+11,80824302718,1.37,2.01,15.63,14.55,2.1
399001.SZ,2014/9/29,1952838793895.0,1423517724439.0,1.7392E+11,1.18806E+11,80824302718,1.45,2.12,15.67,14.59,2.11
399001.SZ,2014/9/30,1952725873338.0,1423365464490.0,1.7392E+11,1.18806E+11,80831962718,1.22,1.79,15.67,14.59,2.11
399001.SZ,2014/10/8,1980934138666.0,1441159048563.0,1.74286E+11,1.18806E+11,80827518268,1.51,2.22,15.89,14.8,2.13
399001.SZ,2014/10/9,1987222395669.0,1444019915787.0,1.74286E+11,1.18806E+11,80827518268,1.75,2.58,15.94,14.85,2.14
399001.SZ,2014/10/10,1986871544993.0,1442209073701.0,1.74286E+11,1.18806E+11,80827518268,2.66,3.9,15.94,14.85,2.14
399001.SZ,2014/10/13,1972925300294.0,1432242369026.0,1.74286E+11,1.18806E+11,80827518268,2.24,3.29,15.83,14.74,2.12
399001.SZ,2014/10/14,1966519732388.0,1428094217469.0,1.74286E+11,1.18806E+11,80827518268,2.18,3.2,15.78,14.69,2.12
399001.SZ,2014/10/15,1981304011799.0,1440251017782.0,1.74286E+11,1.18806E+11,80827518268,2.08,3.05,15.89,14.71,2.13
399001.SZ,2014/10/16,1961686450542.0,1427317601961.0,1.74286E+11,1.18806E+11,80827518268,1.81,2.67,15.74,14.52,2.1
399001.SZ,2014/10/17,1973787709766.0,1437729178776.0,1.74286E+11,1.18806E+11,80827518268,1.63,2.4,15.83,14.61,2.11
399001.SZ,2014/10/20,1985923579994.0,1445938010724.0,1.74286E+11,1.18806E+11,80827518268,1.19,1.75,15.93,14.7,2.13
399001.SZ,2014/10/21,1961990383731.0,1428807432752.0,1.74286E+11,1.18806E+11,80827518268,1.13,1.67,15.74,14.59,2.1
399001.SZ,2014/10/22,1952996328399.0,1421410288833.0,1.74286E+11,1.18806E+11,80827438268,1.1,1.62,15.67,14.59,2.09
399001.SZ,2014/10/23,1930002864416.0,1404827594306.0,1.74286E+11,1.18806E+11,80827438268,1.58,2.32,15.48,14.42,2.06
399001.SZ,2014/10/24,1916299248426.0,1394981589108.0,1.74286E+11,1.18806E+11,80827438268,1.03,1.51,15.37,14,2.03
399001.SZ,2014/10/27,1893897548071.0,1379587068295.0,1.74286E+11,1.18806E+11,80824235108,1.03,1.52,15.19,13.83,2
399001.SZ,2014/10/28,1930104534319.0,1406790297962.0,1.74286E+11,1.18806E+11,80826735108,1.28,1.88,15.48,14.11,2.03
399001.SZ,2014/10/29,1954508688063.0,1424275316836.0,1.74286E+11,1.18806E+11,80826735108,1.9,2.79,15.68,14.37,2.05
399001.SZ,2014/10/30,1954250822980.0,1424983399780.0,1.74286E+11,1.18824E+11,80826735108,1.9,2.79,15.68,14.33,2.04
399001.SZ,2014/10/31,1983467589857.0,1448534129217.0,1.74286E+11,1.18824E+11,80867568314,2.56,3.76,15.91,14.46,2.06
399001.SZ,2014/11/3,1985574841377.0,1451146876700.0,1.74286E+11,1.18824E+11,80748767753,2.46,3.62,15.93,14.48,2.07
399001.SZ,2014/11/4,1977415929476.0,1443122540282.0,1.74286E+11,1.18824E+11,80748767753,2.27,3.34,15.86,14.42,2.06
399001.SZ,2014/11/5,1972635058939.0,1442137409820.0,1.74286E+11,1.18824E+11,80748767753,2.15,3.16,15.82,14.38,2.05
399001.SZ,2014/11/6,1975319949312.0,1444937413553.0,1.74286E+11,1.18824E+11,80748767753,1.7,2.5,15.85,14.4,2.05
399001.SZ,2014/11/7,1979172504510.0,1449036124454.0,1.74286E+11,1.18824E+11,80748767753,2.42,3.56,15.88,14.43,2.06
399001.SZ,2014/11/10,2021649470485.0,1481478281106.0,1.74286E+11,1.18824E+11,80748767753,2.38,3.5,16.22,14.74,2.1
399001.SZ,2014/11/11,1994983653785.0,1464238926683.0,1.74286E+11,1.18824E+11,80748767753,3.08,4.53,16,14.54,2.08
399001.SZ,2014/11/12,2013546025526.0,1479780126731.0,1.74286E+11,1.18824E+11,80748767753,1.74,2.56,16.15,14.68,2.09
399001.SZ,2014/11/13,1989002559008.0,1460824579400.0,1.74286E+11,1.18824E+11,80748767753,2.13,3.13,15.96,14.5,2.07
399001.SZ,2014/11/14,1996559587292.0,1465055158496.0,1.74285E+11,1.18824E+11,80748767753,1.82,2.67,16.02,14.56,2.08
399001.SZ,2014/11/17,1986864302347.0,1458045261817.0,1.74285E+11,1.18824E+11,80748767753,1.48,2.18,15.94,14.48,2.07
399001.SZ,2014/11/18,1965142271945.0,1450122076727.0,1.74285E+11,1.19204E+11,80748767753,1.18,1.74,15.76,14.33,2.04
399001.SZ,2014/11/19,1970493977538.0,1454353427128.0,1.74285E+11,1.19204E+11,80748767753,1.14,1.68,15.81,14.37,2.05
399001.SZ,2014/11/20,1963935079388.0,1451730687588.0,1.74285E+11,1.19279E+11,80823803465,1.09,1.61,15.75,14.32,2.04
399001.SZ,2014/11/21,1992138258195.0,1473190408692.0,1.74285E+11,1.19279E+11,80825303465,1.51,2.23,15.98,14.52,2.07
399001.SZ,2014/11/24,2042924513443.0,1513618590429.0,1.74285E+11,1.19279E+11,80825303465,3.02,4.46,16.39,14.89,2.12
399001.SZ,2014/11/25,2071404071573.0,1535902072972.0,1.74247E+11,1.19241E+11,80787153563,2.36,3.49,16.62,15.1,2.16
399001.SZ,2014/11/26,2088943360120.0,1551740124304.0,1.74247E+11,1.19241E+11,80787153563,2.4,3.55,16.76,15.23,2.17
399001.SZ,2014/11/27,2108578851302.0,1570348945398.0,1.74247E+11,1.19241E+11,80787153563,2.87,4.24,16.92,15.37,2.19
399001.SZ,2014/11/28,2137697083724.0,1592311185077.0,1.74247E+11,1.19241E+11,80787153563,3.66,5.4,17.15,15.58,2.22
399001.SZ,2014/12/1,2161429316794.0,1612184191926.0,1.74247E+11,1.19241E+11,80988457763,3.83,5.64,17.34,15.76,2.25
399001.SZ,2014/12/2,2220632493067.0,1661929607522.0,1.74248E+11,1.1925E+11,80988457763,3.47,5.1,17.81,16.19,2.31
399001.SZ,2014/12/3,2283070270575.0,1709154970598.0,1.74248E+11,1.1925E+11,80988457763,5.07,7.47,18.32,16.64,2.38
399001.SZ,2014/12/4,2372618958480.0,1781058142895.0,1.74248E+11,1.1925E+11,80988457763,4.21,6.2,19.03,17.3,2.47
399001.SZ,2014/12/5,2381287683067.0,1796570198909.0,1.74248E+11,1.19238E+11,80988457763,5.33,7.84,19.1,17.36,2.48
399001.SZ,2014/12/8,2483428129144.0,1880609595792.0,1.74248E+11,1.19239E+11,80977754513,4.97,7.32,19.92,18.1,2.58
399001.SZ,2014/12/9,2384281852491.0,1805889201908.0,1.74248E+11,1.19239E+11,80977754513,6.47,9.53,19.13,17.38,2.48
399001.SZ,2014/12/10,2479783557371.0,1879005927524.0,1.74248E+11,1.19239E+11,80986790633,4.32,6.35,19.89,18.08,2.58
399001.SZ,2014/12/11,2466289968979.0,1864110050854.0,1.74248E+11,1.19239E+11,80986790633,3.67,5.4,19.78,17.98,2.57
399001.SZ,2014/12/12,2465789134555.0,1862738847773.0,1.74248E+11,1.19239E+11,80986790633,2.71,3.98,19.78,17.98,2.57
399001.SZ,2014/12/15,2476575854428.0,1870967595093.0,1.74248E+11,1.19239E+11,80986790633,2.83,4.16,19.87,18.05,2.58
399001.SZ,2014/12/16,2508911871892.0,1901142766678.0,1.74248E+11,1.19239E+11,80986790633,3.42,5.04,20.13,18.29,2.61
399001.SZ,2014/12/17,2527810912603.0,1922249695516.0,1.74248E+11,1.19239E+11,81519363091,4.12,6.02,20.28,18.43,2.63
399001.SZ,2014/12/18,2498295989505.0,1896567701204.0,1.74248E+11,1.19239E+11,81519363091,3.2,4.68,20.04,18.21,2.6
399001.SZ,2014/12/19,2491875430052.0,1890329751406.0,1.74248E+11,1.19239E+11,81519363091,3.65,5.34,19.99,18.17,2.59
399001.SZ,2014/12/22,2486842914293.0,1889289021460.0,1.74248E+11,1.19239E+11,81519363091,4.36,6.37,19.95,18.13,2.59
399001.SZ,2014/12/23,2478079881065.0,1883175226959.0,1.74248E+11,1.19239E+11,81519363091,3.47,5.07,19.88,18.07,2.58
399001.SZ,2014/12/24,2426060123267.0,1836407790203.0,1.74248E+11,1.19239E+11,81519363091,2.93,4.29,19.46,17.69,2.52
399001.SZ,2014/12/25,2472836800441.0,1872883983479.0,1.74248E+11,1.19239E+11,81519343291,2.71,3.96,19.84,18.03,2.57
399001.SZ,2014/12/26,2538718007401.0,1927267026972.0,1.74248E+11,1.19239E+11,81519343291,3.41,4.98,20.37,18.51,2.64
399001.SZ,2014/12/29,2533758308327.0,1920148232141.0,1.74248E+11,1.19239E+11,81519343291,3.99,5.84,20.33,18.47,2.64
399001.SZ,2014/12/30,2521410465378.0,1912909055119.0,1.74248E+11,1.19239E+11,81519343291,2.88,4.21,20.23,18.38,2.62
399001.SZ,2014/12/31,2580335603454.0,1956698484165.0,1.74248E+11,1.19239E+11,81529386803,2.79,4.08,20.7,18.81,2.68
399001.SZ,2015/1/5,2692855644357.0,2030899013210.0,1.72127E+11,1.16809E+11,80691643781,4.42,6.4,21.69,19.59,2.83
399001.SZ,2015/1/6,2732028092539.0,2060006852133.0,1.72127E+11,1.1681E+11,80692882910,3.89,5.63,22,19.88,2.88
399001.SZ,2015/1/7,2716237154724.0,2050299924698.0,1.72127E+11,1.1681E+11,80692882910,2.82,4.09,21.88,19.76,2.86
399001.SZ,2015/1/8,2687267635692.0,2026200047923.0,1.7218E+11,1.1681E+11,80692882910,2.74,3.97,21.64,19.55,2.83
399001.SZ,2015/1/9,2655803609458.0,2003048625564.0,1.7218E+11,1.1681E+11,80692882910,3.02,4.37,21.39,19.32,2.79
399001.SZ,2015/1/12,2649798991313.0,1996994860734.0,1.7218E+11,1.1681E+11,80692882910,2.56,3.7,21.34,18.99,2.78
399001.SZ,2015/1/13,2666399541906.0,2006057812721.0,1.7218E+11,1.1681E+11,80692882910,1.86,2.69,21.47,19.07,2.79
399001.SZ,2015/1/14,2634880256337.0,1985362617362.0,1.7218E+11,1.1681E+11,80692882910,1.77,2.57,21.22,18.85,2.76
399001.SZ,2015/1/15,2685860251149.0,2025586748400.0,1.7218E+11,1.1681E+11,80710947345,1.93,2.79,21.63,19.21,2.81
399001.SZ,2015/1/16,2703495321938.0,2037527062559.0,1.7218E+11,1.1681E+11,80710947345,2.08,3.01,21.77,19.34,2.83
399001.SZ,2015/1/19,2534385848726.0,1907539248188.0,1.7218E+11,1.1681E+11,80710947345,3.11,4.5,20.41,18.13,2.65
399001.SZ,2015/1/20,2586856641574.0,1942414831832.0,1.7218E+11,1.1681E+11,80710947345,2.68,3.88,20.83,18.37,2.69
399001.SZ,2015/1/21,2671432688123.0,2007612572796.0,1.7218E+11,1.1681E+11,80710947345,2.89,4.19,21.51,18.97,2.78
399001.SZ,2015/1/22,2691895493270.0,2023645095812.0,1.72206E+11,1.16845E+11,80710947345,2.21,3.19,21.68,19.12,2.8
399001.SZ,2015/1/23,2679421328498.0,2015146791843.0,1.72206E+11,1.16845E+11,80710947345,2.19,3.17,21.58,19.03,2.79
399001.SZ,2015/1/26,2879133446111.0,1991538659653.0,1.8309E+11,1.16581E+11,82377500592,3.13,4.42,23.07,20.46,2.94
399001.SZ,2015/1/27,2836612840099.0,1973423941682.0,1.8309E+11,1.16581E+11,82377500592,3.26,4.61,22.73,20.06,2.9
399001.SZ,2015/1/28,2786501571151.0,1939664320458.0,1.8309E+11,1.16581E+11,82377500592,2.14,3.03,22.33,19.71,2.85
399001.SZ,2015/1/29,2765992118897.0,1918963152510.0,1.8309E+11,1.16581E+11,82377500592,2.16,3.05,22.16,19.56,2.83
399001.SZ,2015/1/30,2735235445572.0,1902664773451.0,1.8309E+11,1.16581E+11,82377500592,2.06,2.92,21.91,19.34,2.8
399001.SZ,2015/2/2,2687450255672.0,1874550681845.0,1.8309E+11,1.16581E+11,82377500592,1.98,2.8,21.53,19.01,2.75
399001.SZ,2015/2/3,2747534428411.0,1918204136053.0,1.8309E+11,1.16581E+11,82377500592,2.02,2.86,22.01,19.43,2.81
399001.SZ,2015/2/4,2724931128295.0,1903634732779.0,1.8309E+11,1.16581E+11,82377500592,2.03,2.87,21.83,19.27,2.78
399001.SZ,2015/2/5,2711540819483.0,1894747097169.0,1.8309E+11,1.16581E+11,82377500592,2.53,3.58,21.72,19.18,2.77
399001.SZ,2015/2/6,2643558067079.0,1848550218366.0,1.83091E+11,1.16582E+11,82413183500,2.07,2.93,21.18,18.7,2.7
399001.SZ,2015/2/9,2663572397107.0,1865066472135.0,1.83091E+11,1.16582E+11,82413183500,1.86,2.63,21.34,18.84,2.72
399001.SZ,2015/2/10,2725844708196.0,1911640670474.0,1.83091E+11,1.16582E+11,82407149786,1.76,2.48,21.84,19.28,2.79
399001.SZ,2015/2/11,2761654734774.0,1932961169953.0,1.83091E+11,1.1659E+11,82407149786,2.44,3.46,22.13,19.52,2.82
399001.SZ,2015/2/12,2769384426185.0,1938053663468.0,1.83091E+11,1.16593E+11,82407149786,2.35,3.33,22.19,19.57,2.83
399001.SZ,2015/2/13,2804075598894.0,1959005298581.0,1.83091E+11,1.16593E+11,82407149786,2.31,3.27,22.47,19.81,2.86
399001.SZ,2015/2/16,2843811005853.0,1982967304885.0,1.83091E+11,1.16607E+11,82428026942,2.24,3.17,22.39,20.08,2.9
399001.SZ,2015/2/17,2875537149388.0,2003202949441.0,1.83091E+11,1.16671E+11,82496035526,1.8,2.55,22.64,20.3,2.93
399001.SZ,2015/2/25,2831073236068.0,1972684336346.0,1.83113E+11,1.16712E+11,82496035526,1.75,2.48,22.29,19.99,2.89
399001.SZ,2015/2/26,2892751781584.0,2009713943964.0,1.85841E+11,1.16712E+11,82537296706,2.05,2.9,22.77,20.42,2.94
399001.SZ,2015/2/27,2897087721356.0,2011177872298.0,1.85841E+11,1.16712E+11,82537296706,2.26,3.19,22.81,20.44,2.94
399001.SZ,2015/3/2,2925705487418.0,2029871236923.0,1.85841E+11,1.16712E+11,82537296706,2.93,4.14,23.03,20.29,2.95
399001.SZ,2015/3/3,2839975841065.0,1968453465199.0,1.85845E+11,1.16716E+11,82541406608,2.74,3.88,22.17,19.7,2.86
399001.SZ,2015/3/4,2870751822016.0,1987478374495.0,1.85845E+11,1.16716E+11,82541406608,2.52,3.56,22.41,19.91,2.89
399001.SZ,2015/3/5,2859167612388.0,1977889137523.0,1.85845E+11,1.16886E+11,82541406608,2.24,3.18,22.32,19.83,2.88
399001.SZ,2015/3/6,2812603611835.0,1951689166400.0,1.85845E+11,1.16886E+11,82541406608,1.95,2.76,21.96,19.51,2.83
399001.SZ,2015/3/9,2844309301153.0,1977420663162.0,1.85845E+11,1.16886E+11,82541406608,2.16,3.06,22.2,19.73,2.86
399001.SZ,2015/3/10,2853461990181.0,1981771918494.0,1.85845E+11,1.16886E+11,82541406608,2.08,2.95,22.27,19.6,2.87
399001.SZ,2015/3/11,2841072949318.0,1975601795575.0,1.85845E+11,1.16886E+11,82704984623,1.85,2.62,22.17,19.51,2.85
399001.SZ,2015/3/12,2867553870554.0,1998235416511.0,1.85845E+11,1.16886E+11,82704988223,2.34,3.3,22.1,19.69,2.88
399001.SZ,2015/3/13,2885139896955.0,2014360250686.0,1.85845E+11,1.17024E+11,87851270477,2.09,2.78,21.48,19.74,2.88
399001.SZ,2015/3/16,2959519636316.0,2067591723966.0,1.85845E+11,1.17024E+11,87862759693,2.8,3.73,22.03,20.25,2.96
399001.SZ,2015/3/17,3007552692551.0,2092063461692.0,1.85845E+11,1.17024E+11,87862759693,4.16,5.54,22.39,20.57,3
399001.SZ,2015/3/18,3089338001969.0,2142194052308.0,1.85851E+11,1.1703E+11,87832076564,5.36,7.14,22.98,21.13,3.08
399001.SZ,2015/3/19,3072712044547.0,2128957801836.0,1.85851E+11,1.1703E+11,87832076564,4.6,6.12,22.83,20.95,3.06
399001.SZ,2015/3/20,3102216152846.0,2147141965245.0,1.85851E+11,1.1703E+11,87832022769,4.44,5.92,23.05,21.15,3.09
399001.SZ,2015/3/23,3157562986867.0,2185021859396.0,1.85851E+11,1.1703E+11,87832022769,4.12,5.49,23.39,21.46,3.14
399001.SZ,2015/3/24,3165324118890.0,2188644336864.0,1.85851E+11,1.1703E+11,87832022769,5.12,6.83,23.45,21.52,3.15
399001.SZ,2015/3/25,3148086497665.0,2178645625856.0,1.85851E+11,1.1703E+11,87832022769,4.14,5.51,23.32,21.4,3.13
399001.SZ,2015/3/26,3143764592891.0,2176985422563.0,1.85851E+11,1.1703E+11,87832372156,3.62,4.83,23.04,21.39,3.13
399001.SZ,2015/3/27,3175880416933.0,2201641898931.0,1.85855E+11,1.17033E+11,87835614391,2.91,3.88,23.12,21.61,3.16
399001.SZ,2015/3/30,3244934685135.0,2253268054960.0,1.85855E+11,1.17046E+11,87848898816,4.35,5.8,24.22,22.15,3.23
399001.SZ,2015/3/31,3239665642826.0,2251156439689.0,1.85855E+11,1.17046E+11,87866913666,4.95,6.6,23.11,22.11,3.18
399001.SZ,2015/4/1,3299961572211.0,2289310708164.0,1.85855E+11,1.17051E+11,87871315363,3.89,5.19,23.54,22.53,3.24
399001.SZ,2015/4/2,3312750228307.0,2294448018061.0,1.85855E+11,1.17051E+11,87872315363,4.12,5.49,23.64,22.61,3.25
399001.SZ,2015/4/3,3334001922348.0,2308647995995.0,1.85855E+11,1.17062E+11,87872315363,3.76,5.01,23.79,22.76,3.27
399001.SZ,2015/4/7,3395746505451.0,2355248255793.0,1.85855E+11,1.17062E+11,87883709707,4.61,6.14,24.23,23.18,3.33
399001.SZ,2015/4/8,3417595106353.0,2371887712237.0,1.85855E+11,1.17062E+11,87883709707,4.96,6.6,24.38,23.33,3.35
399001.SZ,2015/4/9,3394282558929.0,2359199972777.0,1.85855E+11,1.17062E+11,87883709707,5.1,6.79,24.22,23.17,3.33
399001.SZ,2015/4/10,3497182326738.0,2401747669715.0,1.87335E+11,1.17062E+11,87883709707,3.79,5.04,24.95,23.84,3.36
399001.SZ,2015/4/13,3535407982403.0,2420546833516.0,1.8962E+11,1.19029E+11,89873052137,4.53,6.01,25.22,24.04,3.39
399001.SZ,2015/4/14,3515545830325.0,2402962808785.0,1.8962E+11,1.19029E+11,89873052137,4.39,5.81,25.08,23.91,3.38
399001.SZ,2015/4/15,3410018106711.0,2391316570417.0,1.8962E+11,1.30877E+11,1.01721E+11,4.44,5.71,24.33,23.62,3.29
399001.SZ,2015/4/16,3490577033323.0,2453938036528.0,1.90024E+11,1.31174E+11,1.01986E+11,3.36,4.32,24.9,24.19,3.37
399001.SZ,2015/4/17,3525465140563.0,2478896171734.0,1.90024E+11,1.31174E+11,1.01984E+11,5.17,6.65,24.81,24.24,3.39
399001.SZ,2015/4/20,3460330938489.0,2431218546747.0,1.90246E+11,1.31174E+11,1.01984E+11,5.94,7.64,24.36,23.79,3.32
399001.SZ,2015/4/21,3600250988944.0,2533851525378.0,1.90246E+11,1.31174E+11,1.0057E+11,5.27,6.87,25.22,24.79,3.45
399001.SZ,2015/4/22,3681730981585.0,2587471079364.0,1.90246E+11,1.31174E+11,94727556195,5.55,7.69,25.79,25.36,3.53
399001.SZ,2015/4/23,3685385959380.0,2584677944568.0,1.90247E+11,1.31176E+11,94728107960,5.56,7.7,25.74,25.33,3.52
399001.SZ,2015/4/24,3645738494248.0,2556579956988.0,1.90247E+11,1.31176E+11,95281129236,5.07,6.98,25.46,24.94,3.44
399001.SZ,2015/4/27,3693289541008.0,2594180962668.0,1.90253E+11,1.31183E+11,95281772964,4.77,6.57,25.78,25.71,3.48
399001.SZ,2015/4/28,3650886237950.0,2570894277140.0,1.90253E+11,1.31183E+11,95332170467,4.85,6.67,24.69,24.97,3.43
399001.SZ,2015/4/29,3690949171578.0,2597235612566.0,1.90253E+11,1.31183E+11,95343034783,3.92,5.4,25.81,25.25,3.44
399001.SZ,2015/4/30,3673514063662.0,2588811269706.0,1.90253E+11,1.31207E+11,95353874692,3.73,5.13,25.41,24.55,3.39
399001.SZ,2015/5/4,3686760924419.0,2596698282003.0,1.90253E+11,1.31183E+11,95353874692,4,5.5,25.5,24.64,3.41
399001.SZ,2015/5/5,3537628644486.0,2489417499393.0,1.90253E+11,1.3119E+11,95361219470,4.41,6.06,24.47,23.64,3.27
399001.SZ,2015/5/6,3512185610825.0,2468553678469.0,1.90253E+11,1.3119E+11,95361219470,3.49,4.8,24.29,23.47,3.24
399001.SZ,2015/5/7,3505158966255.0,2465935363499.0,1.90253E+11,1.31983E+11,96048485852,3,4.13,24.24,23.42,3.24
399001.SZ,2015/5/8,3592589901362.0,2528963609509.0,1.90253E+11,1.31983E+11,96048485852,3.22,4.42,24.85,24.01,3.32
399001.SZ,2015/5/11,3706742835982.0,2607099860765.0,1.90253E+11,1.31983E+11,96075359442,3.94,5.41,25.64,24.77,3.43
399001.SZ,2015/5/12,3740004255698.0,2625848189775.0,1.90253E+11,1.31983E+11,96076920609,3.57,4.9,25.87,24.99,3.46
399001.SZ,2015/5/13,3752110794457.0,2638429323365.0,1.91262E+11,1.32555E+11,96531410057,4.19,5.76,25.95,25.07,3.47
399001.SZ,2015/5/14,3713030032742.0,2613949771272.0,1.91262E+11,1.32579E+11,96554845971,4.7,6.45,25.68,24.81,3.43
399001.SZ,2015/5/15,3639999444569.0,2558059189349.0,1.91262E+11,1.32579E+11,96554845971,3.9,5.36,25.18,24.33,3.37
399001.SZ,2015/5/18,3638272180144.0,2551561481491.0,1.91262E+11,1.32566E+11,96554845971,2.9,3.99,25.16,24.31,3.37
399001.SZ,2015/5/19,3753085774152.0,2635330365196.0,1.91262E+11,1.32595E+11,96581584365,3.41,4.68,25.96,25.08,3.47
399001.SZ,2015/5/20,14063571232976.0,10784768403661.0,6.2181E+11,4.86242E+11,3.01339E+11,4.35,7.03,49.24,48.15,4.89
399001.SZ,2015/5/21,14561392542778.0,11159474546475.0,6.22995E+11,4.86787E+11,3.01511E+11,4.04,6.53,50.98,49.85,5.05
399001.SZ,2015/5/22,14742963469312.0,11294034761892.0,6.25291E+11,4.88199E+11,3.02479E+11,5.05,8.16,51.62,50.47,5.11
399001.SZ,2015/5/25,15016575670433.0,11525259090031.0,6.2631E+11,4.88853E+11,3.03315E+11,4.98,8.02,52.58,51.41,5.21
399001.SZ,2015/5/26,15495320024618.0,11900404554081.0,6.28375E+11,4.90447E+11,3.04576E+11,5.48,8.82,54.25,53.05,5.37
399001.SZ,2015/5/27,15568741742716.0,11956489730075.0,6.30356E+11,4.92044E+11,3.05719E+11,5.33,8.58,54.51,53.3,5.4
399001.SZ,2015/5/28,14615838433268.0,11208154055541.0,6.30424E+11,4.91825E+11,3.06016E+11,6.41,10.3,51.18,50.04,5.07
399001.SZ,2015/5/29,14773727913449.0,11334384502591.0,6.32568E+11,4.93356E+11,3.06708E+11,4.7,7.56,51.73,50.58,5.12
399001.SZ,2015/6/1,15519401729231.0,11917804619033.0,6.34055E+11,4.94451E+11,3.07505E+11,4.16,6.69,54.34,53.13,5.38
399001.SZ,2015/6/2,16012843823649.0,12298863614436.0,6.37371E+11,4.96849E+11,3.087E+11,4.4,7.09,56.07,54.82,5.55
399001.SZ,2015/6/3,16029424428554.0,12331246518681.0,6.39301E+11,4.9883E+11,3.09987E+11,4.56,7.33,56.12,54.88,5.56
399001.SZ,2015/6/4,15996845471916.0,12307564190253.0,6.40509E+11,4.99599E+11,3.10454E+11,4.6,7.41,56.01,54.77,5.55
399001.SZ,2015/6/5,16152020235516.0,12451198919349.0,6.40511E+11,4.99833E+11,3.10603E+11,5.21,8.39,56.55,55.3,5.6
399001.SZ,2015/6/8,16004082057703.0,12348394291857.0,6.41874E+11,5.00738E+11,3.11286E+11,5,8.05,56.04,54.79,5.55
399001.SZ,2015/6/9,15956154695213.0,12303904466020.0,6.43128E+11,5.01658E+11,3.12263E+11,4.18,6.72,55.87,54.63,5.53
399001.SZ,2015/6/10,16217409277152.0,12497818196732.0,6.47204E+11,5.04685E+11,3.13539E+11,4.24,6.82,56.78,55.52,5.62
399001.SZ,2015/6/11,16394835998950.0,12650693614747.0,6.48491E+11,5.05821E+11,3.14214E+11,4.09,6.59,57.4,56.13,5.68
399001.SZ,2015/6/12,16587451426068.0,12790603424200.0,6.50497E+11,5.07207E+11,3.15215E+11,4.46,7.18,58.08,56.79,5.75
399001.SZ,2015/6/15,16237822275012.0,12534284512057.0,6.5121E+11,5.08011E+11,3.15828E+11,4.86,7.81,56.85,55.59,5.63
399001.SZ,2015/6/16,15675747872634.0,12109631798782.0,6.51978E+11,5.08636E+11,3.16227E+11,4.16,6.7,54.89,53.67,5.43
399001.SZ,2015/6/17,15954931735098.0,12335753316273.0,6.52089E+11,5.08967E+11,3.16298E+11,3.59,5.78,55.86,54.62,5.53
399001.SZ,2015/6/18,15346488866465.0,11877284325661.0,6.52896E+11,5.09707E+11,3.16523E+11,3.22,5.18,53.73,52.54,5.33
399001.SZ,2015/6/19,14435190891862.0,11160780668503.0,6.53682E+11,5.10735E+11,3.16906E+11,3.52,5.68,50.54,49.42,5.02
399001.SZ,2015/6/23,14738039358507.0,11396605597047.0,6.53682E+11,5.1074E+11,3.16945E+11,3.48,5.61,51.6,50.46,5.13
399001.SZ,2015/6/24,15001830586386.0,11604337357094.0,6.5391E+11,5.10898E+11,3.17141E+11,4.1,6.6,52.53,51.36,5.22
399001.SZ,2015/6/25,14433858662306.0,11183030172177.0,6.55354E+11,5.11948E+11,3.18063E+11,3.96,6.38,50.54,49.42,5.02
399001.SZ,2015/6/26,13254631589369.0,10266897358199.0,6.57245E+11,5.12857E+11,3.18479E+11,3.65,5.87,46.41,45.38,4.62
399001.SZ,2015/6/29,12518648449451.0,9702315446826.0,6.5737E+11,5.12886E+11,3.18479E+11,4.47,7.2,43.83,42.86,4.36
399001.SZ,2015/6/30,13226537712523.0,10250563436393.0,6.5722E+11,5.13166E+11,3.18464E+11,4.62,7.45,46.31,45.28,4.61
399001.SZ,2015/7/1,13167131415509.0,10017281400105.0,6.71626E+11,5.18529E+11,3.23847E+11,4.07,6.52,44.31,42.99,4.51
399001.SZ,2015/7/2,12481253123605.0,9483685435861.0,6.72233E+11,5.19103E+11,3.2414E+11,3.84,6.15,42,40.75,4.28
399001.SZ,2015/7/3,11843500099866.0,8985875584979.0,6.76411E+11,5.22807E+11,3.26552E+11,3.81,6.1,39.86,38.67,4.07
399001.SZ,2015/7/6,11707494279249.0,8865436393493.0,6.76531E+11,5.22863E+11,3.26752E+11,4.81,7.7,39.4,38.22,4.03
399001.SZ,2015/7/7,11068680697378.0,8368601798353.0,6.77164E+11,5.2331E+11,3.26926E+11,3.37,5.39,37.25,36.14,3.81
399001.SZ,2015/7/8,10735756480648.0,8129723027742.0,6.77537E+11,5.25043E+11,3.27155E+11,4.15,6.66,36.13,35.05,3.69
399001.SZ,2015/7/9,11222412672421.0,8490142587535.0,6.77552E+11,5.25046E+11,3.27155E+11,2.33,3.75,37.77,36.24,3.85
399001.SZ,2015/7/10,11768669999131.0,8901528532626.0,6.79023E+11,5.26651E+11,3.2763E+11,2.04,3.27,39.6,37.88,4.04
399001.SZ,2015/7/13,12303946669011.0,9316920163358.0,6.79033E+11,5.26653E+11,3.26961E+11,2.84,4.58,41.4,39.61,4.22
399001.SZ,2015/7/14,12363881068505.0,9375129045785.0,6.79102E+11,5.26653E+11,3.26961E+11,3.24,5.22,41.61,39.79,4.24
399001.SZ,2015/7/15,11761725386058.0,8928384252175.0,6.7998E+11,5.27419E+11,3.27357E+11,3.86,6.21,39.58,37.85,4.04
399001.SZ,2015/7/16,11984817065177.0,9097306935828.0,6.80665E+11,5.27905E+11,3.2758E+11,3.35,5.4,40.33,37.94,4.1
399001.SZ,2015/7/17,12606161063708.0,9568569306478.0,6.81368E+11,5.28567E+11,3.28273E+11,3.32,5.35,42.42,39.91,4.32
399001.SZ,2015/7/20,12769899402447.0,9696328131165.0,6.81368E+11,5.28579E+11,3.28274E+11,3.79,6.1,42.97,40.35,4.37
399001.SZ,2015/7/21,12886136760698.0,9782620212169.0,6.81483E+11,5.2877E+11,3.28492E+11,3.17,5.11,43.36,40.7,4.42
399001.SZ,2015/7/22,12965824079727.0,9853582374874.0,6.82203E+11,5.29125E+11,3.28733E+11,3.43,5.52,43.63,40.9,4.45
399001.SZ,2015/7/23,13292677162889.0,10099839603004.0,6.82203E+11,5.29126E+11,3.28736E+11,3.86,6.22,44.73,41.87,4.56
399001.SZ,2015/7/24,13094252404378.0,9927434487139.0,6.83238E+11,5.2913E+11,3.28738E+11,4.2,6.75,44.06,40.57,4.46
399001.SZ,2015/7/27,12105220545708.0,9173508827793.0,6.83925E+11,5.2917E+11,3.28679E+11,3.82,6.16,40.74,37.49,4.11
399001.SZ,2015/7/28,11968478126842.0,9063150085911.0,6.83925E+11,5.29175E+11,3.28679E+11,4.04,6.5,40.28,37.04,4.07
399001.SZ,2015/7/29,12459814765341.0,9429931585347.0,6.8402E+11,5.29208E+11,3.28662E+11,2.97,4.79,41.93,38.55,4.23
399001.SZ,2015/7/30,12040818242995.0,9127458191485.0,6.84084E+11,5.29213E+11,3.28662E+11,3.01,4.85,40.52,37.16,4.08
399001.SZ,2015/7/31,12039422581492.0,9133057779768.0,6.84072E+11,5.2967E+11,3.28555E+11,2.4,3.88,40.51,37.07,4.08
399001.SZ,2015/8/3,11882123355700.0,9001660400079.0,6.84641E+11,5.29772E+11,3.28571E+11,2.59,4.17,39.99,36.6,4.02
399001.SZ,2015/8/4,12403049903284.0,9400665570665.0,6.84607E+11,5.29771E+11,3.28532E+11,2.65,4.28,41.74,38.22,4.19
399001.SZ,2015/8/5,12200487055112.0,9255560477420.0,6.84666E+11,5.2978E+11,3.28558E+11,2.59,4.17,41.06,37.59,4.12
399001.SZ,2015/8/6,12094522950419.0,9172035209577.0,6.8471E+11,5.29739E+11,3.2855E+11,1.89,3.04,40.7,37.26,4.08
399001.SZ,2015/8/7,12046159946934.0,9063682859807.0,6.40553E+11,4.94844E+11,3.2857E+11,2.53,3.8,41.73,38.21,4.2
399001.SZ,2015/8/10,12949806469427.0,9818543836562.0,6.84831E+11,5.30234E+11,3.28863E+11,3.23,5.2,43.58,39.85,4.34
399001.SZ,2015/8/11,12949679444957.0,9826591571651.0,6.84835E+11,5.3024E+11,3.28908E+11,3.47,5.59,43.58,39.86,4.34
399001.SZ,2015/8/12,12747871336455.0,9677530212698.0,6.84879E+11,5.30241E+11,3.28829E+11,2.69,4.34,42.9,39.21,4.28
399001.SZ,2015/8/13,13005711244922.0,9873202230310.0,6.84893E+11,5.30302E+11,3.28856E+11,2.75,4.43,43.77,40,4.36
399001.SZ,2015/8/14,13054173595189.0,9914000675809.0,6.84974E+11,5.30352E+11,3.28885E+11,3.17,5.12,43.93,39.99,4.36
399001.SZ,2015/8/17,13168349407080.0,10003130458438.0,6.85122E+11,5.303E+11,3.28427E+11,3.3,5.33,44.31,40.23,4.4
399001.SZ,2015/8/18,12317567320330.0,9355972730720.0,6.85264E+11,5.30392E+11,3.28493E+11,3.92,6.33,41.45,37.66,4.11
399001.SZ,2015/8/19,12580098761061.0,9558710853554.0,6.85296E+11,5.30389E+11,3.28688E+11,3.26,5.26,42.33,38.41,4.19
399001.SZ,2015/8/20,12210413730881.0,9258248645973.0,6.8727E+11,5.30654E+11,3.30481E+11,2.81,4.52,41.09,37.29,4.06
399001.SZ,2015/8/21,11532826228367.0,8759367726322.0,6.87789E+11,5.3114E+11,3.30067E+11,2.72,4.38,38.81,35.2,3.83
399001.SZ,2015/8/24,10615079696336.0,8069303511518.0,6.87793E+11,5.3114E+11,3.30074E+11,2.19,3.53,35.72,32.22,3.52
399001.SZ,2015/8/25,9861294664856.0,7497781300642.0,6.88087E+11,5.31145E+11,3.30069E+11,2.54,4.08,33.18,29.66,3.24
399001.SZ,2015/8/26,9586121020437.0,7287089308631.0,6.88172E+11,5.31338E+11,3.3012E+11,3.36,5.41,32.26,28.7,3.15
399001.SZ,2015/8/27,9949013414517.0,7554169854296.0,6.88176E+11,5.31368E+11,3.30868E+11,2.84,4.57,33.48,29.77,3.27
399001.SZ,2015/8/28,10471964848074.0,7955610018361.0,6.89243E+11,5.323E+11,3.30482E+11,3.34,5.39,35.24,31.69,3.43
399001.SZ,2015/8/31,10242615796439.0,7785848245215.0,6.89712E+11,5.33009E+11,3.29328E+11,2.82,4.57,34.47,30.53,3.33
399001.SZ,2015/9/1,9895751226703.0,7515419259623.0,6.90976E+11,5.34245E+11,3.30894E+11,2.81,4.54,33.31,29.5,3.22
399001.SZ,2015/9/2,9824111175470.0,7452228794755.0,6.91059E+11,5.34244E+11,3.30881E+11,2.9,4.68,33.06,29.29,3.19
399001.SZ,2015/9/7,9737114514259.0,7387824786612.0,6.91072E+11,5.34502E+11,3.31135E+11,2.39,3.86,32.77,29.03,3.16
399001.SZ,2015/9/8,10053976404507.0,7622126499919.0,6.9109E+11,5.345E+11,3.31021E+11,2,3.23,33.84,29.97,3.27
399001.SZ,2015/9/9,10340990265245.0,7839645909756.0,6.9109E+11,5.34503E+11,3.31024E+11,3.14,5.08,34.8,30.83,3.36
399001.SZ,2015/9/10,10158077316349.0,7703198325541.0,6.9109E+11,5.34541E+11,3.31089E+11,2.13,3.45,34.19,30.28,3.32
399001.SZ,2015/9/11,10189993504121.0,7735313656913.0,6.91149E+11,5.34829E+11,3.31113E+11,1.77,2.85,34.3,30.38,3.33
399001.SZ,2015/9/14,9517407163189.0,7234230094625.0,6.91149E+11,5.35092E+11,3.31234E+11,2.34,3.79,32.03,28.37,3.11
399001.SZ,2015/9/15,9046508766736.0,6874285286648.0,6.91153E+11,5.35118E+11,3.31235E+11,1.96,3.17,30.45,26.97,2.96
399001.SZ,2015/9/16,9645746362367.0,7325786566590.0,6.91153E+11,5.35481E+11,3.31559E+11,2.26,3.66,32.46,28.76,3.15
399001.SZ,2015/9/17,9497354421325.0,7206132483829.0,6.92532E+11,5.36345E+11,3.31669E+11,2.65,4.29,31.96,28.31,3.11
399001.SZ,2015/9/18,9606537021844.0,7281833054645.0,6.93633E+11,5.37207E+11,3.32458E+11,1.78,2.88,32.33,28.64,3.14
399001.SZ,2015/9/21,9916581079641.0,7516964158532.0,6.96172E+11,5.39278E+11,3.33374E+11,2.19,3.54,33.38,29.56,3.24
399001.SZ,2015/9/22,9988094436143.0,7567236146481.0,6.96289E+11,5.39278E+11,3.33406E+11,2.49,4.03,33.62,29.78,3.27
399001.SZ,2015/9/23,9875662859696.0,7481796548226.0,7.02175E+11,5.44796E+11,3.36673E+11,2.14,3.47,33.24,29.44,3.23
399001.SZ,2015/9/24,9983104610873.0,7568780077072.0,7.08434E+11,5.49455E+11,3.3885E+11,1.94,3.15,33.6,29.76,3.26
399001.SZ,2015/9/25,9659120969240.0,7325831820024.0,7.12872E+11,5.53156E+11,3.40559E+11,2.01,3.26,32.51,28.8,3.16
399001.SZ,2015/9/28,9871311538021.0,7475998542007.0,7.13043E+11,5.53198E+11,3.40568E+11,1.39,2.26,33.22,29.37,3.22
399001.SZ,2015/9/29,9710403836431.0,7353195970711.0,7.13043E+11,5.5336E+11,3.40688E+11,1.55,2.51,32.68,28.89,3.17
399001.SZ,2015/9/30,9761606231586.0,7394412270836.0,7.14137E+11,5.54046E+11,3.41102E+11,1.3,2.11,32.85,29.04,3.18
399001.SZ,2015/10/8,10152453573595.0,7688862285606.0,7.14138E+11,5.54064E+11,3.41197E+11,2.09,3.4,34.17,30.2,3.31
399001.SZ,2015/10/9,10286374074079.0,7791257533227.0,7.14988E+11,5.54416E+11,3.41454E+11,2.13,3.46,34.62,30.6,3.35
399001.SZ,2015/10/12,10694707915877.0,8106058498943.0,7.14989E+11,5.54544E+11,3.41587E+11,3.11,5.05,35.99,31.83,3.48
399001.SZ,2015/10/13,10768553942519.0,8167770455608.0,7.14989E+11,5.54771E+11,3.41814E+11,2.53,4.1,36.24,32.07,3.51
399001.SZ,2015/10/14,10628875321824.0,8061688693357.0,7.1609E+11,5.55532E+11,3.42505E+11,2.56,4.15,35.77,31.65,3.46
399001.SZ,2015/10/15,10943858723507.0,8298673034243.0,7.16414E+11,5.55548E+11,3.42523E+11,2.75,4.46,36.83,32.61,3.56
399001.SZ,2015/10/16,11087236364770.0,8420888421614.0,7.17044E+11,5.58756E+11,3.45362E+11,3.23,5.22,37.32,32.99,3.61
399001.SZ,2015/10/19,11110891267886.0,8445784234874.0,7.17044E+11,5.59123E+11,3.45602E+11,3.19,5.16,37.39,33.05,3.61
399001.SZ,2015/10/20,11305749407273.0,8590517808851.0,7.18273E+11,5.59762E+11,3.45925E+11,2.91,4.71,38.05,33.57,3.67
399001.SZ,2015/10/21,10645809287415.0,8093718910297.0,7.18778E+11,5.60247E+11,3.46226E+11,3.75,6.08,35.83,31.6,3.46
399001.SZ,2015/10/22,11014918785549.0,8375342268460.0,7.18773E+11,5.60247E+11,3.46292E+11,2.85,4.62,37.07,32.66,3.58
399001.SZ,2015/10/23,11298866634465.0,8594000885667.0,7.18773E+11,5.60251E+11,3.46782E+11,3.42,5.53,38.03,33.4,3.66
399001.SZ,2015/10/26,11383706658979.0,8653648725289.0,7.18788E+11,5.60258E+11,3.46745E+11,3.43,5.55,38.31,33.72,3.68
399001.SZ,2015/10/27,11442578752468.0,8702641784787.0,7.18786E+11,5.60257E+11,3.46872E+11,3.34,5.39,38.51,34.01,3.69
399001.SZ,2015/10/28,11188238288346.0,8508963222908.0,7.20007E+11,5.61164E+11,3.47415E+11,3.08,4.97,37.66,33.34,3.59
399001.SZ,2015/10/29,11264705966114.0,8567399692505.0,7.20103E+11,5.61202E+11,3.48115E+11,2.46,3.97,37.91,33.53,3.61
399001.SZ,2015/10/30,11253981534248.0,8553597492875.0,7.20103E+11,5.61204E+11,3.48498E+11,2.53,4.08,37.88,33.32,3.6
399001.SZ,2015/11/2,11020415102424.0,8371164315114.0,7.20195E+11,5.61182E+11,3.48317E+11,2.38,3.84,37.09,32.86,3.51
399001.SZ,2015/11/3,11005061605118.0,8356969458739.0,7.20195E+11,5.61182E+11,3.47978E+11,1.88,3.03,37.04,32.82,3.51
399001.SZ,2015/11/4,11593613607543.0,8797366492532.0,7.20195E+11,5.61175E+11,3.47978E+11,3.06,4.94,39.02,34.57,3.69
399001.SZ,2015/11/5,11661698666183.0,8844248059305.0,7.21104E+11,5.61511E+11,3.48246E+11,4.22,6.8,39.25,34.77,3.71
399001.SZ,2015/11/6,12000546384852.0,9089532643490.0,7.21104E+11,5.61587E+11,3.48246E+11,3.57,5.76,40.39,35.78,3.82
399001.SZ,2015/11/9,12175596182666.0,9221769559932.0,7.21205E+11,5.61609E+11,3.48216E+11,3.99,6.44,40.98,36.31,3.88
399001.SZ,2015/11/10,12221502634294.0,9261101655036.0,7.21206E+11,5.6223E+11,3.48824E+11,3.72,6,41.13,36.44,3.89
399001.SZ,2015/11/11,12396799382920.0,9386818393703.0,7.21208E+11,5.6223E+11,3.48781E+11,3.51,5.66,41.72,36.97,3.95
399001.SZ,2015/11/12,12359033024756.0,9358792856406.0,7.21241E+11,5.62298E+11,3.4885E+11,3.58,5.77,41.6,36.88,3.93
399001.SZ,2015/11/13,12138823272242.0,9193233297543.0,7.21326E+11,5.62298E+11,3.48907E+11,3.16,5.1,40.85,36.23,3.86
399001.SZ,2015/11/16,12345984998615.0,9359216545432.0,7.21326E+11,5.62504E+11,3.489E+11,2.49,4.02,41.55,36.85,3.93
399001.SZ,2015/11/17,12264167456347.0,9290399695308.0,7.21472E+11,5.62508E+11,3.48905E+11,3.7,5.96,41.28,36.6,3.9
399001.SZ,2015/11/18,12044083695459.0,9127517494521.0,7.21727E+11,5.62508E+11,3.48975E+11,2.8,4.51,40.54,35.94,3.82
399001.SZ,2015/11/19,12365561150339.0,9360927750169.0,7.21781E+11,5.62507E+11,3.48974E+11,2.65,4.28,41.62,36.9,3.92
399001.SZ,2015/11/20,12441640196982.0,9429853476646.0,7.22547E+11,5.63344E+11,3.49491E+11,3.31,5.34,41.87,37.13,3.95
399001.SZ,2015/11/23,12533919970485.0,9366772022359.0,7.25456E+11,5.6298E+11,3.49392E+11,2.97,4.79,41.81,36.72,3.95
399001.SZ,2015/11/24,12647738097482.0,9448145128763.0,7.25461E+11,5.63193E+11,3.49534E+11,2.37,3.81,42.19,37.05,3.99
399001.SZ,2015/11/25,12830289921851.0,9586014374238.0,7.25351E+11,5.63184E+11,3.49526E+11,2.73,4.4,42.8,37.58,4.05
399001.SZ,2015/11/26,12701274774688.0,9498292176325.0,7.25379E+11,5.63184E+11,3.49526E+11,3.04,4.9,42.37,37.21,4.01
399001.SZ,2015/11/27,11901310951771.0,8900039107542.0,7.25633E+11,5.6321E+11,3.49552E+11,3.32,5.35,39.7,34.86,3.75
399001.SZ,2015/11/30,11968693194740.0,8944372611328.0,7.26137E+11,5.63215E+11,3.49557E+11,2.8,4.5,39.93,35.06,3.76
399001.SZ,2015/12/1,12004935156630.0,8987050955932.0,7.26137E+11,5.63215E+11,3.49556E+11,2.27,3.66,40.05,35.17,3.77
399001.SZ,2015/12/2,12110777737217.0,9071251714939.0,7.26137E+11,5.63219E+11,3.49552E+11,2.49,4.01,40.4,35.48,3.81
399001.SZ,2015/12/3,12359267928345.0,9252661595845.0,7.26138E+11,5.63215E+11,3.49549E+11,2.32,3.74,41.23,36.2,3.89
399001.SZ,2015/12/4,12235140797810.0,9160179084937.0,7.26162E+11,5.63277E+11,3.49611E+11,2.29,3.69,40.82,35.84,3.85
399001.SZ,2015/12/7,12349353913053.0,9250473733838.0,7.26239E+11,5.63606E+11,3.49865E+11,2.02,3.25,41.2,36.17,3.88
399001.SZ,2015/12/8,12072619384112.0,9062442080192.0,7.26254E+11,5.65549E+11,3.51793E+11,2.08,3.34,40.27,35.36,3.79
399001.SZ,2015/12/9,12079082972474.0,9073702956928.0,7.26279E+11,5.65578E+11,3.51822E+11,1.92,3.08,40.3,35.38,3.79
399001.SZ,2015/12/10,12087593912585.0,9068418058656.0,7.26351E+11,5.65578E+11,3.51819E+11,1.96,3.15,40.32,35.41,3.8
399001.SZ,2015/12/11,12029220348574.0,9030786599458.0,7.26351E+11,5.65839E+11,3.51819E+11,1.73,2.77,40.13,35.24,3.78
399001.SZ,2015/12/14,12318787223043.0,9240746246573.0,7.27085E+11,5.65853E+11,3.51831E+11,1.98,3.18,41.1,36.09,3.86
399001.SZ,2015/12/15,12404563103420.0,9312278230299.0,7.27257E+11,5.66144E+11,3.51933E+11,2.03,3.27,41.38,36.34,3.89
399001.SZ,2015/12/16,12429246844136.0,9327772710685.0,7.27279E+11,5.66207E+11,3.51996E+11,2.02,3.25,41.46,36.41,3.89
399001.SZ,2015/12/17,12740973356076.0,9558886469524.0,7.28499E+11,5.66265E+11,3.52074E+11,3,4.82,42.5,37.32,3.98
399001.SZ,2015/12/18,12742703956274.0,9555975090436.0,7.29352E+11,5.66269E+11,3.52082E+11,2.66,4.29,42.51,37.33,3.97
399001.SZ,2015/12/21,12937847125913.0,9708094589396.0,7.29468E+11,5.66266E+11,3.5208E+11,2.86,4.6,43.16,37.9,4.02
399001.SZ,2015/12/22,13044019932583.0,9785344212404.0,7.29468E+11,5.66271E+11,3.52085E+11,2.72,4.37,43.52,38.21,4.06
399001.SZ,2015/12/23,12920399307329.0,9693438434178.0,7.29481E+11,5.66941E+11,3.52755E+11,2.87,4.61,43.1,37.85,4.02
399001.SZ,2015/12/24,12838056996089.0,9637021083757.0,7.29481E+11,5.67004E+11,3.52878E+11,2.09,3.35,42.83,37.61,3.99
399001.SZ,2015/12/25,12893622731061.0,9681538037764.0,7.29785E+11,5.67731E+11,3.53605E+11,1.84,2.95,43.01,37.77,4.01
399001.SZ,2015/12/28,12605401513702.0,9463888304436.0,7.29996E+11,5.67852E+11,3.51074E+11,2.39,3.86,42.05,36.92,3.91
399001.SZ,2015/12/29,12742740386356.0,9571088098242.0,7.30968E+11,5.68841E+11,3.5154E+11,1.78,2.88,42.51,37.33,3.94
399001.SZ,2015/12/30,12899541474077.0,9639945681163.0,7.35817E+11,5.69732E+11,3.5243E+11,1.92,3.1,43.19,38.97,3.91
399001.SZ,2015/12/31,12697794400702.0,9486690913113.0,7.37325E+11,5.70136E+11,3.52695E+11,1.8,2.9,42.51,37.29,3.84
399001.SZ,2016/1/4,12312462960759.0,8838810824159.0,7.53846E+11,5.70908E+11,3.55589E+11,1.85,2.98,40.91,35.34,3.7
399001.SZ,2016/1/5,12167162264210.0,8733319217514.0,7.54154E+11,5.70917E+11,3.55598E+11,2.66,4.27,40.43,34.92,3.65
399001.SZ,2016/1/6,12451585585906.0,8931174507360.0,7.55006E+11,5.70925E+11,3.55661E+11,2.35,3.77,41.37,35.71,3.73
399001.SZ,2016/1/7,11429414335427.0,8206310983844.0,7.55006E+11,5.70925E+11,3.5566E+11,0.66,1.07,37.97,32.78,3.43
399001.SZ,2016/1/8,11620929912404.0,8318836326422.0,7.57642E+11,5.70924E+11,3.55959E+11,2.61,4.19,38.61,33.32,3.47
399001.SZ,2016/1/11,10919295087251.0,7814641607559.0,7.57779E+11,5.72008E+11,3.56635E+11,2.48,3.98,36.28,31.32,3.26
399001.SZ,2016/1/12,11011476036471.0,7869808659018.0,7.57944E+11,5.72016E+11,3.56627E+11,1.99,3.19,36.59,31.24,3.27
399001.SZ,2016/1/13,10684047066524.0,7639141826537.0,7.57944E+11,5.72017E+11,3.56594E+11,1.9,3.04,35.5,30.32,3.18
399001.SZ,2016/1/14,11083782047918.0,7908719858844.0,7.58446E+11,5.72031E+11,3.56511E+11,2.07,3.33,36.83,31.45,3.28
399001.SZ,2016/1/15,10717637178112.0,7644459280674.0,7.59075E+11,5.72031E+11,3.56719E+11,2,3.21,35.61,30.41,3.17
399001.SZ,2016/1/18,10864465122968.0,7756427098785.0,7.59154E+11,5.72067E+11,3.56741E+11,1.7,2.73,36.05,30.81,3.21
399001.SZ,2016/1/19,11221823957620.0,8020212453540.0,7.59158E+11,5.72084E+11,3.56759E+11,2.06,3.3,37.24,31.81,3.34
399001.SZ,2016/1/20,11074036389190.0,7915948137304.0,7.59728E+11,5.72233E+11,3.56803E+11,1.98,3.17,36.75,31.36,3.29
399001.SZ,2016/1/21,10662913039673.0,7623074740298.0,7.59932E+11,5.72236E+11,3.56831E+11,1.78,2.86,35.39,30.22,3.17
399001.SZ,2016/1/22,10792405435692.0,7744629336089.0,7.60169E+11,5.72591E+11,3.57186E+11,1.5,2.4,35.76,30.59,3.2
399001.SZ,2016/1/25,10877451851918.0,7810902518863.0,7.60588E+11,5.73109E+11,3.57239E+11,1.37,2.2,36.04,30.73,3.22
399001.SZ,2016/1/26,10124382718088.0,7293672911173.0,7.60592E+11,5.75115E+11,3.58532E+11,1.89,3.03,33.55,28.6,3
399001.SZ,2016/1/27,10057999311229.0,7250358422178.0,7.60707E+11,5.75126E+11,3.58547E+11,1.98,3.17,33.33,28.41,2.98
399001.SZ,2016/1/28,9701188054411.0,6995076186077.0,7.6071E+11,5.75136E+11,3.5855E+11,1.5,2.4,32.14,27.41,2.88
399001.SZ,2016/1/29,10053721388877.0,7247722759976.0,7.60783E+11,5.75178E+11,3.58552E+11,1.59,2.55,33.29,28.38,2.98
399001.SZ,2016/2/1,9960042830733.0,7173460037906.0,7.61423E+11,5.76048E+11,3.58562E+11,1.32,2.11,32.96,28.09,2.95
399001.SZ,2016/2/2,10261154093713.0,7386337822586.0,7.61425E+11,5.7601E+11,3.5898E+11,1.45,2.32,33.96,28.93,3.04
399001.SZ,2016/2/3,10284556078849.0,7403078110734.0,7.6153E+11,5.7603E+11,3.58608E+11,1.36,2.19,34.02,28.98,3.04
399001.SZ,2016/2/4,10462017957564.0,7541906260440.0,7.61981E+11,5.78931E+11,3.58615E+11,1.54,2.48,34.61,29.48,3.09
399001.SZ,2016/2/5,10352119306933.0,7455259160574.0,7.62704E+11,5.78952E+11,3.59149E+11,1.24,2,34.14,29.12,3.04
399001.SZ,2016/2/15,10335068619188.0,7450609407060.0,7.62704E+11,5.79285E+11,3.59185E+11,1.19,1.92,33.92,29.02,3.03
399001.SZ,2016/2/16,10730010704872.0,7732484769317.0,7.62704E+11,5.79291E+11,3.59191E+11,1.79,2.89,35.21,30.13,3.15
399001.SZ,2016/2/17,10880224785193.0,7817394739523.0,7.6561E+11,5.79291E+11,3.59373E+11,2.08,3.35,35.71,30.55,3.18
399001.SZ,2016/2/18,10834398892077.0,7783305544447.0,7.6561E+11,5.79292E+11,3.59387E+11,2.04,3.29,35.55,30.41,3.17
399001.SZ,2016/2/19,10879142224147.0,7814256252552.0,7.6561E+11,5.79292E+11,3.59386E+11,1.62,2.62,35.69,30.53,3.18
399001.SZ,2016/2/22,11107599530228.0,7983905901899.0,7.6561E+11,5.79292E+11,3.59481E+11,2.12,3.42,36.44,31.15,3.24
399001.SZ,2016/2/23,11034488726325.0,7932524773044.0,7.65611E+11,5.79291E+11,3.59465E+11,1.97,3.17,36.18,30.96,3.22
399001.SZ,2016/2/24,11050113381306.0,7948217904420.0,7.65611E+11,5.79366E+11,3.5954E+11,1.86,3,36.23,31,3.23
399001.SZ,2016/2/25,10253780008706.0,7390079672449.0,7.65611E+11,5.81895E+11,3.59541E+11,2.36,3.82,33.56,28.71,2.99
399001.SZ,2016/2/26,10293254131201.0,7418217513481.0,7.65611E+11,5.81895E+11,3.5887E+11,1.75,2.83,33.66,28.76,3
399001.SZ,2016/2/29,9824690178730.0,7069288762496.0,7.6571E+11,5.81956E+11,3.5893E+11,1.91,3.1,32.07,27.38,2.84
399001.SZ,2016/3/1,10074062912661.0,7243275561855.0,7.66489E+11,5.82325E+11,3.5927E+11,1.88,3.04,32.87,28.07,2.91
399001.SZ,2016/3/2,10550611709062.0,7592242608498.0,7.66489E+11,5.82326E+11,3.59249E+11,2.53,4.1,34.41,29.4,3.05
399001.SZ,2016/3/3,10533394694073.0,7589843369926.0,7.66499E+11,5.82326E+11,3.59254E+11,2.73,4.42,34.36,29.35,3.05
399001.SZ,2016/3/4,10322132952143.0,7436742347602.0,7.66508E+11,5.82407E+11,3.59327E+11,2.45,3.97,33.67,28.76,2.99
399001.SZ,2016/3/7,10497038132018.0,7563828122441.0,7.66509E+11,5.82437E+11,3.59612E+11,1.79,2.91,34.23,29.22,3.04
399001.SZ,2016/3/8,10510105094591.0,7573943475265.0,7.66579E+11,5.82456E+11,3.59656E+11,2.03,3.29,34.3,29.26,3.04
399001.SZ,2016/3/9,10279350585117.0,7407031617290.0,7.66579E+11,5.82456E+11,3.59673E+11,1.55,2.52,33.54,28.62,2.97
399001.SZ,2016/3/10,10146517306909.0,7308369671520.0,7.66579E+11,5.82464E+11,3.60041E+11,1.26,2.05,32.82,28.23,2.93
399001.SZ,2016/3/11,10125185710984.0,7290482381611.0,7.67245E+11,5.82787E+11,3.60261E+11,1.07,1.73,32.74,28.17,2.92
399001.SZ,2016/3/14,10448881722233.0,7514655647351.0,7.67284E+11,5.82779E+11,3.61008E+11,1.8,2.91,33.47,28.91,3
399001.SZ,2016/3/15,10350518726695.0,7443960102484.0,7.67453E+11,5.82902E+11,3.61144E+11,1.45,2.33,33.13,28.64,2.97
399001.SZ,2016/3/16,10238526207521.0,7362368060911.0,7.67579E+11,5.82884E+11,3.61125E+11,1.28,2.07,32.65,28.33,2.94
399001.SZ,2016/3/17,10579161563984.0,7601301248493.0,7.67586E+11,5.82899E+11,3.6114E+11,1.98,3.2,33.68,29.28,3.04
399001.SZ,2016/3/18,10936965920600.0,7861174248196.0,7.67664E+11,5.83139E+11,3.6138E+11,2.85,4.59,34.7,30.28,3.13
399001.SZ,2016/3/21,11227240666222.0,8071446264634.0,7.67665E+11,5.83214E+11,3.61441E+11,3.08,4.98,34.54,31.05,3.21
399001.SZ,2016/3/22,11178903623330.0,8029533891053.0,7.6774E+11,5.83214E+11,3.61395E+11,2.39,3.86,34.33,30.92,3.2
399001.SZ,2016/3/23,11289228246358.0,8110277770485.0,7.6782E+11,5.84101E+11,3.61468E+11,2.07,3.34,34.61,31.21,3.23
399001.SZ,2016/3/24,11116802757905.0,7984926411348.0,7.67823E+11,5.84121E+11,3.61526E+11,2.27,3.66,34.07,30.73,3.18
399001.SZ,2016/3/25,11178493692581.0,8039613162265.0,7.68662E+11,5.84778E+11,3.6234E+11,1.76,2.85,34.19,30.87,3.19
399001.SZ,2016/3/28,11141902788096.0,7998825473799.0,7.71096E+11,5.85571E+11,3.62517E+11,2,3.23,33.7,30.74,3.17
399001.SZ,2016/3/29,10954363112689.0,7860705706617.0,7.71695E+11,5.85905E+11,3.62849E+11,1.72,2.78,32.38,30.16,3.14
399001.SZ,2016/3/30,11323713429012.0,8126868005257.0,7.71699E+11,5.85929E+11,3.63282E+11,1.91,3.08,33.24,31.15,3.24
399001.SZ,2016/3/31,11337652530513.0,8141682210345.0,7.7211E+11,5.86233E+11,3.63874E+11,2.07,3.33,34.13,31.34,3.24
399001.SZ,2016/4/1,11248439603225.0,8082863049797.0,7.73295E+11,5.87171E+11,3.64507E+11,1.75,2.82,33.9,31.09,3.21
399001.SZ,2016/4/5,11518374662545.0,8282018609479.0,7.73796E+11,5.87733E+11,3.64958E+11,2.22,3.57,34.7,31.83,3.29
399001.SZ,2016/4/6,11561872159432.0,8310741473800.0,7.75341E+11,5.88969E+11,3.65465E+11,2.11,3.4,34.81,31.95,3.31
399001.SZ,2016/4/7,11368117245661.0,8173102155941.0,7.75341E+11,5.88968E+11,3.6519E+11,2.17,3.5,34.13,31.43,3.26
399001.SZ,2016/4/8,11275646599603.0,8100555730418.0,7.75968E+11,5.89189E+11,3.65004E+11,1.8,2.9,33.87,31.22,3.23
399001.SZ,2016/4/11,11475849094969.0,8244278886348.0,7.77027E+11,5.8945E+11,3.6562E+11,2.05,3.31,34.42,31.76,3.28
399001.SZ,2016/4/12,11381373572243.0,8188217862990.0,7.77878E+11,5.90213E+11,3.66162E+11,1.72,2.77,34.22,32.01,3.26
399001.SZ,2016/4/13,11542965908161.0,8307333570089.0,7.78149E+11,5.90234E+11,3.66151E+11,2.82,4.55,34.69,32.44,3.3
399001.SZ,2016/4/14,11632092440252.0,8370028588267.0,7.78727E+11,5.90719E+11,3.66125E+11,2.08,3.36,35.01,32.76,3.33
399001.SZ,2016/4/15,11593805184390.0,8342955889520.0,7.79114E+11,5.91E+11,3.66718E+11,1.74,2.8,34.85,33.22,3.32
399001.SZ,2016/4/18,11426162333304.0,8222064493125.0,7.81473E+11,5.93223E+11,3.6787E+11,1.64,2.65,33.12,33,3.27
399001.SZ,2016/4/19,11457938631494.0,8237598400209.0,7.81873E+11,5.93318E+11,3.67999E+11,1.45,2.33,33.14,32.98,3.27
399001.SZ,2016/4/20,11002042102970.0,7910420420480.0,7.83572E+11,5.9333E+11,3.67784E+11,2.49,4.01,31.91,31.59,3.13
399001.SZ,2016/4/21,10890725682362.0,7832080056348.0,7.83243E+11,5.93126E+11,3.6744E+11,1.79,2.89,31.46,31.3,3.1
399001.SZ,2016/4/22,10994376547007.0,7902721750793.0,7.83631E+11,5.93464E+11,3.67659E+11,1.4,2.25,31.79,31.38,3.12
399001.SZ,2016/4/25,10951090981715.0,7877270714577.0,7.83758E+11,5.93694E+11,3.67039E+11,1.23,1.99,31.64,31.2,3.1
399001.SZ,2016/4/26,11061696120478.0,7957511537758.0,7.84219E+11,5.93983E+11,3.67047E+11,1.17,1.9,31.7,31.43,3.12
399001.SZ,2016/4/27,11023813443441.0,7929615832736.0,7.86438E+11,5.95209E+11,3.69012E+11,1.25,2.02,30.79,31.04,3.1
399001.SZ,2016/4/28,10993479513799.0,7908306336427.0,7.86585E+11,5.95287E+11,3.69066E+11,1.28,2.07,31.18,30.84,3.09
399001.SZ,2016/4/29,10989987819993.0,7903273732173.0,7.86585E+11,5.95294E+11,3.69066E+11,1.05,1.7,31.13,30.85,3.08
399001.SZ,2016/5/3,11311085360793.0,8138039135391.0,7.88076E+11,5.96348E+11,3.69066E+11,1.62,2.62,32.4,31.89,3.16
399001.SZ,2016/5/4,11286558024410.0,8124071320754.0,7.89117E+11,5.97306E+11,3.69083E+11,1.56,2.53,32.33,31.82,3.15
399001.SZ,2016/5/5,11341276572511.0,8163311026033.0,7.90388E+11,5.9835E+11,3.69255E+11,1.35,2.18,32.48,31.97,3.16
399001.SZ,2016/5/6,10993058092512.0,7877885289290.0,7.9593E+11,6.01429E+11,3.70028E+11,1.98,3.22,31.49,30.99,3.05
399001.SZ,2016/5/9,10664864486740.0,7645732439976.0,7.96212E+11,6.01667E+11,3.71122E+11,1.59,2.58,30.55,30.07,2.96
399001.SZ,2016/5/10,10664925442219.0,7653186715180.0,7.97734E+11,6.02509E+11,3.71918E+11,1.07,1.73,30.55,30.07,2.96
399001.SZ,2016/5/11,10667473775974.0,7653483445923.0,7.99887E+11,6.03697E+11,3.7471E+11,1.2,1.94,30.55,30.07,2.96
399001.SZ,2016/5/12,10681576702404.0,7666580968313.0,8.02282E+11,6.0536E+11,3.75757E+11,1.2,1.94,30.59,30.11,2.96
399001.SZ,2016/5/13,10639782558940.0,7639531693865.0,8.03237E+11,6.05994E+11,3.76118E+11,1.07,1.73,30.47,30,2.95
399001.SZ,2016/5/16,10800631646779.0,7760730347934.0,8.06045E+11,6.07754E+11,3.77572E+11,1.15,1.85,30.93,30.45,3.01
399001.SZ,2016/5/17,10797707610865.0,7756132293889.0,8.07199E+11,6.08455E+11,3.78074E+11,1.38,2.22,30.93,30.44,3.01
399001.SZ,2016/5/18,10567036380821.0,7595216825271.0,8.10028E+11,6.10657E+11,3.79111E+11,1.4,2.25,30.27,29.79,2.95
399001.SZ,2016/5/19,10601568194154.0,7619931179381.0,8.12092E+11,6.12661E+11,3.8048E+11,1.22,1.97,30.36,29.89,2.96
399001.SZ,2016/5/20,10695227089109.0,7686293036120.0,8.13439E+11,6.13798E+11,3.81303E+11,1.13,1.82,30.63,30.15,2.98
399001.SZ,2016/5/23,10800961315745.0,7777257555495.0,8.15182E+11,6.16856E+11,3.8202E+11,1.25,2.02,30.94,30.45,3.01
399001.SZ,2016/5/24,10695185903267.0,7702813338963.0,8.16243E+11,6.17741E+11,3.82697E+11,1.15,1.86,30.63,30.15,2.98
399001.SZ,2016/5/25,10658690149054.0,7674825533516.0,8.16623E+11,6.17924E+11,3.82838E+11,1.14,1.84,30.53,30.05,2.97
399001.SZ,2016/5/26,10698135639961.0,7705312755451.0,8.16623E+11,6.17925E+11,3.82845E+11,1.26,2.03,30.64,30.16,2.99
399001.SZ,2016/5/27,10690087309299.0,7698257475896.0,8.20153E+11,6.20804E+11,3.84959E+11,1.23,1.99,30.62,30.14,2.98
399001.SZ,2016/5/30,10645075686154.0,7659398717773.0,8.20694E+11,6.2103E+11,3.84994E+11,1.02,1.64,30.49,30.01,2.97
399001.SZ,2016/5/31,11067254732559.0,7964724449354.0,8.24527E+11,6.23755E+11,3.86913E+11,2.05,3.3,31.7,31.2,3.09
399001.SZ,2016/6/1,11111992920865.0,7999027718076.0,8.27649E+11,6.25408E+11,3.88321E+11,2.08,3.35,31.83,31.33,3.11
399001.SZ,2016/6/2,11176968335901.0,8050150541453.0,8.2951E+11,6.27286E+11,3.8996E+11,1.7,2.73,32.01,31.51,3.13
399001.SZ,2016/6/3,11254615053571.0,8115353103147.0,8.31857E+11,6.30075E+11,3.90779E+11,1.94,3.12,32.23,31.73,3.15
399001.SZ,2016/6/6,11301000605374.0,8130591957114.0,8.34905E+11,6.30344E+11,3.91088E+11,1.57,2.53,32.37,31.86,3.13
399001.SZ,2016/6/7,11286030573174.0,8122966542517.0,8.36222E+11,6.31571E+11,3.91706E+11,1.46,2.35,32.32,31.82,3.13
399001.SZ,2016/6/8,11241796904077.0,8093840462305.0,8.392E+11,6.32486E+11,3.92686E+11,1.5,2.42,32.2,31.69,3.12
399001.SZ,2016/6/13,10754704287264.0,7749161506593.0,8.41263E+11,6.34669E+11,3.93819E+11,1.74,2.8,30.8,30.32,2.99
399001.SZ,2016/6/14,10789935228363.0,7778169767507.0,8.42628E+11,6.35472E+11,3.94342E+11,1.21,1.95,30.91,30.42,2.99
399001.SZ,2016/6/15,11079056942434.0,7989021161833.0,8.44825E+11,6.3726E+11,3.94994E+11,1.7,2.74,31.73,31.24,3.08
399001.SZ,2016/6/16,11005586419817.0,7939793914045.0,8.48212E+11,6.39901E+11,3.9643E+11,1.66,2.68,31.52,31.03,3.06
399001.SZ,2016/6/17,11083260601828.0,7997021695226.0,8.50655E+11,6.41804E+11,3.97718E+11,1.59,2.57,31.75,31.25,3.08
399001.SZ,2016/6/20,11124534223218.0,8026634736127.0,8.51152E+11,6.42314E+11,3.97984E+11,1.37,2.21,31.86,31.36,3.1
399001.SZ,2016/6/21,11028400541921.0,7961368006398.0,8.54424E+11,6.43505E+11,3.98959E+11,1.71,2.75,31.59,31.09,3.07
399001.SZ,2016/6/22,11205196821123.0,8092434471921.0,8.54393E+11,6.43714E+11,3.99129E+11,1.36,2.19,32.09,31.59,3.12
399001.SZ,2016/6/23,11162918049762.0,8059604147469.0,8.56027E+11,6.44405E+11,3.99733E+11,1.51,2.44,31.97,31.47,3.11
399001.SZ,2016/6/24,11040054309919.0,7975544452315.0,8.60674E+11,6.47012E+11,4.02036E+11,1.96,3.15,31.62,31.13,3.06
399001.SZ,2016/6/27,11283767347012.0,8153506174835.0,8.61665E+11,6.47794E+11,4.02345E+11,1.68,2.71,32.32,31.81,3.13
399001.SZ,2016/6/28,11381015738284.0,8221134653844.0,8.6375E+11,6.49524E+11,4.03267E+11,1.9,3.07,32.6,32.09,3.16
399001.SZ,2016/6/29,11374889110062.0,8217201823705.0,8.63779E+11,6.49543E+11,4.03309E+11,1.75,2.82,32.58,32.07,3.16
399001.SZ,2016/6/30,11413162511594.0,8257742472726.0,8.63817E+11,6.50152E+11,4.035E+11,1.53,2.46,32.69,32.18,3.17
399001.SZ,2016/7/1,11913202901137.0,8351509568492.0,8.61962E+11,6.348E+11,3.94288E+11,1.5,2.42,33.38,32.82,3.34
399001.SZ,2016/7/4,12085573076225.0,8473832247202.0,8.61962E+11,6.348E+11,3.94298E+11,2.03,3.27,33.86,33.3,3.39
399001.SZ,2016/7/5,12076831781593.0,8468342570774.0,8.61963E+11,6.34804E+11,3.94327E+11,1.98,3.19,33.83,33.27,3.39
399001.SZ,2016/7/6,12132976464802.0,8508957631086.0,8.67163E+11,6.36667E+11,3.95829E+11,1.93,3.11,33.99,33.43,3.41
399001.SZ,2016/7/7,12112755959671.0,8489777980284.0,8.67263E+11,6.36649E+11,3.95815E+11,2.13,3.43,33.93,33.37,3.41
399001.SZ,2016/7/8,12107376536589.0,8482947674812.0,8.68061E+11,6.36835E+11,3.96094E+11,1.74,2.8,33.92,33.36,3.41
399001.SZ,2016/7/11,12084809827079.0,8472262172886.0,8.68048E+11,6.36845E+11,3.96104E+11,2.07,3.33,33.86,33.92,3.4
399001.SZ,2016/7/12,12274272704041.0,8605727720223.0,8.68049E+11,6.36839E+11,3.96094E+11,2.3,3.69,34.39,34.45,3.45
399001.SZ,2016/7/13,12385212482847.0,8678522849649.0,8.68173E+11,6.37007E+11,3.96146E+11,2.43,3.9,34.7,34.77,3.48
399001.SZ,2016/7/14,12390659209026.0,8678539951554.0,8.68178E+11,6.37038E+11,3.96264E+11,1.89,3.05,34.71,34.76,3.48
399001.SZ,2016/7/15,12360698330506.0,8654438494141.0,8.69032E+11,6.37342E+11,3.96708E+11,1.8,2.89,34.63,34.68,3.48
399001.SZ,2016/7/18,12292548352201.0,8600873147329.0,8.71143E+11,6.38466E+11,3.97681E+11,1.76,2.83,34.44,34.49,3.46
399001.SZ,2016/7/19,12300996421491.0,8606832286001.0,8.72601E+11,6.39262E+11,3.98216E+11,1.6,2.57,34.46,34.5,3.46
399001.SZ,2016/7/20,12284562983809.0,8589500201512.0,8.72598E+11,6.39262E+11,3.9834E+11,1.5,2.4,34.42,34.44,3.46
399001.SZ,2016/7/21,12324889179614.0,8617535392118.0,8.73155E+11,6.39813E+11,3.988E+11,1.63,2.62,34.53,34.49,3.47
399001.SZ,2016/7/22,12231370333125.0,8563651738319.0,8.73196E+11,6.40012E+11,3.98877E+11,1.63,2.61,34.27,34.23,3.44
399001.SZ,2016/7/25,12247181243681.0,8570586269846.0,8.73312E+11,6.40037E+11,3.98931E+11,1.46,2.34,34.31,34.31,3.44
399001.SZ,2016/7/26,12404562794171.0,8686580317178.0,8.7345E+11,6.40212E+11,3.99146E+11,1.42,2.28,34.75,34.76,3.48
399001.SZ,2016/7/27,11898981231724.0,8347189657270.0,8.73452E+11,6.40972E+11,3.99909E+11,2.54,4.07,33.34,33.33,3.33
399001.SZ,2016/7/28,11894230335374.0,8349995691871.0,8.73451E+11,6.41113E+11,4.00219E+11,1.73,2.77,33.32,33.29,3.33
399001.SZ,2016/7/29,11831818877565.0,8303732337418.0,8.75807E+11,6.44215E+11,4.01745E+11,1.32,2.12,33.15,33.53,3.32
399001.SZ,2016/8/1,11681802900966.0,8192424268736.0,8.76615E+11,6.4425E+11,4.01743E+11,1.34,2.14,32.73,33.1,3.27
399001.SZ,2016/8/2,11755830014734.0,8247447087202.0,8.76613E+11,6.44374E+11,4.01863E+11,0.95,1.53,32.94,33.31,3.29
399001.SZ,2016/8/3,11789778854507.0,8280793112864.0,8.76643E+11,6.44622E+11,4.01901E+11,1.1,1.77,33.03,33.4,3.3
399001.SZ,2016/8/4,11878009621426.0,8346562869571.0,8.76752E+11,6.44653E+11,4.01922E+11,1.29,2.06,33.28,33.63,3.32
399001.SZ,2016/8/5,11854348104009.0,8332058002360.0,8.76752E+11,6.4474E+11,4.02009E+11,1.26,2.02,33.21,33.57,3.31
399001.SZ,2016/8/8,12001451188128.0,8438313922558.0,8.76899E+11,6.4478E+11,4.02192E+11,1.38,2.21,33.62,33.98,3.35
399001.SZ,2016/8/9,12111711479770.0,8513974764447.0,8.76944E+11,6.4474E+11,4.02222E+11,1.43,2.29,33.93,34.26,3.38
399001.SZ,2016/8/10,12046683014490.0,8472793526966.0,8.7695E+11,6.44862E+11,4.02361E+11,1.43,2.3,33.75,34.03,3.36
399001.SZ,2016/8/11,11917218493778.0,8381520609664.0,8.7695E+11,6.44862E+11,4.02361E+11,1.38,2.22,33.39,33.66,3.32
399001.SZ,2016/8/12,12079198828173.0,8500417474537.0,8.76908E+11,6.44908E+11,4.02811E+11,1.41,2.26,33.84,34.03,3.36
399001.SZ,2016/8/15,12420678808582.0,8738714954354.0,8.77328E+11,6.44904E+11,4.03074E+11,2.51,4.01,34.8,34.97,3.45
399001.SZ,2016/8/16,12481584461984.0,8781164629372.0,8.77329E+11,6.449E+11,4.02618E+11,2.19,3.51,34.97,35.08,3.46
399001.SZ,2016/8/17,12489684694533.0,8787523024929.0,8.77329E+11,6.44924E+11,4.02616E+11,1.93,3.09,34.99,35.09,3.46
399001.SZ,2016/8/18,12472887122590.0,8782324126463.0,8.77337E+11,6.44869E+11,4.02558E+11,2.04,3.27,34.94,35,3.46
399001.SZ,2016/8/19,12459509994518.0,8776527437188.0,8.77342E+11,6.45125E+11,4.02985E+11,1.67,2.68,34.91,34.86,3.45
399001.SZ,2016/8/22,12302693014109.0,8670131908774.0,8.77542E+11,6.45335E+11,4.03003E+11,1.59,2.55,34.47,34.37,3.4
399001.SZ,2016/8/23,12327634743445.0,8689353247922.0,8.77741E+11,6.45528E+11,4.03192E+11,1.4,2.24,34.54,34.2,3.39
399001.SZ,2016/8/24,12345675979884.0,8692369568441.0,8.77844E+11,6.45548E+11,4.0329E+11,1.36,2.18,34.59,34.27,3.4
399001.SZ,2016/8/25,12251347012622.0,8635625954124.0,8.77851E+11,6.45944E+11,4.03585E+11,1.51,2.41,34.32,33.96,3.37
399001.SZ,2016/8/26,12280542283542.0,8639073120806.0,8.78956E+11,6.45653E+11,4.04607E+11,1.36,2.17,34.41,33.85,3.36
399001.SZ,2016/8/29,12312537774196.0,8671893944396.0,8.78961E+11,6.46093E+11,4.05022E+11,1.18,1.89,34.49,34.09,3.36
399001.SZ,2016/8/30,12321451750446.0,8679566067982.0,8.78961E+11,6.46136E+11,4.04996E+11,1.12,1.79,34.52,34.3,3.35
399001.SZ,2016/8/31,12353583485504.0,8718326281114.0,8.78975E+11,6.46321E+11,4.05219E+11,1.22,1.95,34.61,34.62,3.34
399001.SZ,2016/9/1,12252888253883.0,8641998131532.0,8.78992E+11,6.46353E+11,4.05254E+11,1.28,2.05,34.33,34.33,3.32
399001.SZ,2016/9/2,12210542415378.0,8617723348077.0,8.78992E+11,6.46434E+11,4.05614E+11,1.18,1.87,34.21,34.22,3.31
399001.SZ,2016/9/5,12263988976984.0,8661122863526.0,8.79039E+11,6.46614E+11,4.05672E+11,1.14,1.81,34.36,34.37,3.32
399001.SZ,2016/9/6,12437635163624.0,8789617408515.0,8.79039E+11,6.46627E+11,4.05683E+11,1.58,2.52,34.85,34.85,3.37
399001.SZ,2016/9/7,12407963889567.0,8771773912262.0,8.79039E+11,6.46632E+11,4.05689E+11,1.63,2.59,34.76,34.77,3.36
399001.SZ,2016/9/8,12421973468165.0,8783163835125.0,8.79035E+11,6.46651E+11,4.05738E+11,1.22,1.95,34.8,34.81,3.36
399001.SZ,2016/9/9,12327250089937.0,8712112839937.0,8.79746E+11,6.47019E+11,4.06021E+11,1.31,2.09,34.54,34.54,3.34
399001.SZ,2016/9/12,11992845206134.0,8474137411673.0,8.79992E+11,6.472E+11,4.06178E+11,1.59,2.54,33.6,33.61,3.24
399001.SZ,2016/9/13,12043526039807.0,8514150863482.0,8.79992E+11,6.47219E+11,4.06154E+11,1.15,1.82,33.74,33.75,3.26
399001.SZ,2016/9/14,11985463668312.0,8467358281272.0,8.80109E+11,6.47219E+11,4.06153E+11,1.02,1.63,33.58,33.59,3.24
399001.SZ,2016/9/19,12096466208057.0,8626413181402.0,8.80109E+11,6.50193E+11,4.06903E+11,0.89,1.42,33.89,33.9,3.27
399001.SZ,2016/9/20,12084070349508.0,8619585588743.0,8.80378E+11,6.50241E+11,4.0695E+11,0.84,1.34,33.85,33.86,3.26
399001.SZ,2016/9/21,12125125028585.0,8650388870163.0,8.80378E+11,6.50243E+11,4.06952E+11,0.93,1.48,33.97,33.98,3.27
399001.SZ,2016/9/22,12213953538874.0,8720411129830.0,8.8057E+11,6.50343E+11,4.07064E+11,1.16,1.86,34.22,34.23,3.3
399001.SZ,2016/9/23,12154578756742.0,8676192777749.0,8.81213E+11,6.50785E+11,4.07375E+11,1.05,1.68,34.05,34.06,3.28
399001.SZ,2016/9/26,11910687182599.0,8503051147843.0,8.81719E+11,6.51204E+11,4.07668E+11,1.21,1.94,33.37,33.38,3.22
399001.SZ,2016/9/27,12006269174640.0,8572175378012.0,8.81738E+11,6.51204E+11,4.07663E+11,0.95,1.52,33.64,33.64,3.24
399001.SZ,2016/9/28,11994849878036.0,8580249735644.0,8.83949E+11,6.53705E+11,4.08534E+11,0.79,1.26,33.6,33.61,3.24
399001.SZ,2016/9/29,12047967381278.0,8620714535415.0,8.83949E+11,6.53708E+11,4.08586E+11,0.85,1.36,33.75,33.76,3.25
399001.SZ,2016/9/30,12113900954984.0,8670830597721.0,8.8413E+11,6.53939E+11,4.08855E+11,0.78,1.25,33.94,33.95,3.27
399001.SZ,2016/10/10,12310980814695.0,8800889437444.0,8.8413E+11,6.53939E+11,4.08877E+11,1.25,2,34.49,34.5,3.32
399001.SZ,2016/10/11,12354753842093.0,8834382308619.0,8.84129E+11,6.53934E+11,4.08913E+11,1.31,2.1,34.61,34.59,3.33
399001.SZ,2016/10/12,12372492474613.0,8840526539679.0,8.84145E+11,6.53934E+11,4.08989E+11,1.2,1.92,34.66,34.61,3.33
399001.SZ,2016/10/13,12376820263102.0,8838054495079.0,8.84216E+11,6.53934E+11,4.08996E+11,1.24,1.99,34.67,34.59,3.33
399001.SZ,2016/10/14,12350322872898.0,8818582265559.0,8.84489E+11,6.53934E+11,4.08991E+11,1.13,1.81,34.6,34.45,3.32
399001.SZ,2016/10/17,12226251594170.0,8731427660840.0,8.84518E+11,6.53993E+11,4.0905E+11,1.22,1.96,34.25,34.02,3.29
399001.SZ,2016/10/18,12390364882590.0,8849310171684.0,8.85891E+11,6.54931E+11,4.09707E+11,1.27,2.02,34.71,34.48,3.33
399001.SZ,2016/10/19,12346551569572.0,8820687704613.0,8.8589E+11,6.5493E+11,4.09724E+11,1.27,2.04,34.59,34.19,3.32
399001.SZ,2016/10/20,12376816346864.0,8839075759381.0,8.85895E+11,6.54941E+11,4.09729E+11,1.16,1.85,34.67,34.21,3.32
399001.SZ,2016/10/21,12338382724457.0,8849217952881.0,8.86164E+11,6.56435E+11,4.11275E+11,1.27,2.03,34.57,33.95,3.3
399001.SZ,2016/10/24,12453320761136.0,8933772480761.0,8.86464E+11,6.56448E+11,4.10912E+11,1.42,2.27,34.89,34.08,3.31
399001.SZ,2016/10/25,12482033738223.0,8955186648868.0,8.86464E+11,6.56448E+11,4.11392E+11,1.32,2.1,34.97,33.83,3.31
399001.SZ,2016/10/26,12430981997256.0,8916909761593.0,8.88774E+11,6.579E+11,4.12453E+11,1.34,2.14,34.83,33.48,3.29
399001.SZ,2016/10/27,12399751356001.0,8895616275266.0,8.88845E+11,6.58343E+11,4.12441E+11,1.1,1.75,34.74,32.96,3.27
399001.SZ,2016/10/28,12318237465554.0,8834960985647.0,8.8886E+11,6.5837E+11,4.12542E+11,1.17,1.86,34.51,32.38,3.22
399001.SZ,2016/10/31,12310418485675.0,8836218919268.0,8.89035E+11,6.58582E+11,4.12693E+11,1.01,1.61,34.47,31.91,3.19
399001.SZ,2016/11/1,12414713384769.0,8909772282798.0,8.89035E+11,6.58582E+11,4.12699E+11,1.02,1.62,34.76,32.18,3.22
399001.SZ,2016/11/2,12296961948716.0,8928882711558.0,8.89032E+11,6.61696E+11,4.16342E+11,1.21,1.92,34.43,31.87,3.19
399001.SZ,2016/11/3,12358362583335.0,8968751568380.0,8.90093E+11,6.61546E+11,4.16294E+11,1.33,2.12,34.61,32.04,3.2
399001.SZ,2016/11/4,12319296532463.0,8936098353789.0,8.90218E+11,6.61646E+11,4.16351E+11,1.12,1.79,34.5,31.95,3.19
399001.SZ,2016/11/7,12309109896178.0,8932427971902.0,8.90218E+11,6.61664E+11,4.16479E+11,1.31,2.08,34.47,32.19,3.18
399001.SZ,2016/11/8,12387454532125.0,8990352680320.0,8.90225E+11,6.61693E+11,4.16512E+11,1.21,1.93,34.69,32.11,3.2
399001.SZ,2016/11/9,12312857360047.0,8938780153809.0,8.90224E+11,6.61725E+11,4.16521E+11,1.59,2.52,34.48,31.92,3.18
399001.SZ,2016/11/10,12454651294120.0,9039523920677.0,8.90225E+11,6.6173E+11,4.16525E+11,1.53,2.42,34.88,32.28,3.22
399001.SZ,2016/11/11,12529027383134.0,9092643922016.0,8.90417E+11,6.61758E+11,4.16528E+11,1.9,3.03,35.08,32.48,3.24
399001.SZ,2016/11/14,12572067456502.0,9117118842725.0,8.90529E+11,6.61821E+11,4.1661E+11,2,3.18,35.2,32.59,3.25
399001.SZ,2016/11/15,12639327573832.0,9161559459612.0,8.91116E+11,6.62197E+11,4.16625E+11,1.61,2.55,35.39,32.76,3.26
399001.SZ,2016/11/16,12650617278047.0,9168910787263.0,8.91183E+11,6.62265E+11,4.16695E+11,1.65,2.62,35.42,32.79,3.26
399001.SZ,2016/11/17,12621290259515.0,9160869913259.0,8.91182E+11,6.6274E+11,4.17105E+11,1.29,2.05,35.34,32.72,3.25
399001.SZ,2016/11/18,12550252426733.0,9115748188807.0,8.91301E+11,6.62874E+11,4.17207E+11,1.19,1.89,35.14,32.53,3.23
399001.SZ,2016/11/21,12572082449637.0,9126294920543.0,8.92032E+11,6.63016E+11,4.17357E+11,1.24,1.97,35.2,32.59,3.24
399001.SZ,2016/11/22,12665209625472.0,9194339540814.0,8.92032E+11,6.63011E+11,4.17306E+11,1.44,2.3,35.47,32.83,3.26
399001.SZ,2016/11/23,12647139019508.0,9188096119344.0,8.92032E+11,6.63011E+11,4.17368E+11,1.63,2.59,35.41,32.78,3.26
399001.SZ,2016/11/24,12644126110581.0,9191281624848.0,8.92049E+11,6.63014E+11,4.17371E+11,1.55,2.46,35.41,32.77,3.25
399001.SZ,2016/11/25,12718074256788.0,9248783911335.0,8.9205E+11,6.63091E+11,4.17431E+11,1.55,2.46,35.61,32.98,3.27
399001.SZ,2016/11/28,12749504915573.0,9281790323975.0,8.92049E+11,6.63314E+11,4.17699E+11,1.68,2.67,35.7,33.05,3.28
399001.SZ,2016/11/29,12713592997934.0,9258801809427.0,8.92053E+11,6.63329E+11,4.17717E+11,1.71,2.71,35.6,33.03,3.27
399001.SZ,2016/11/30,12681227611902.0,9230075865724.0,8.92075E+11,6.63352E+11,4.17754E+11,1.47,2.34,35.51,32.87,3.26
399001.SZ,2016/12/1,12776766545930.0,9296214639887.0,8.92225E+11,6.63352E+11,4.17914E+11,1.44,2.28,35.78,33.12,3.29
399001.SZ,2016/12/2,12585975106672.0,9151668007997.0,8.92695E+11,6.63436E+11,4.17995E+11,1.52,2.42,35.24,32.7,3.24
399001.SZ,2016/12/5,12446684951297.0,9048006326851.0,8.93231E+11,6.6332E+11,4.17654E+11,1.38,2.19,34.85,32.26,3.19
399001.SZ,2016/12/6,12439650010423.0,9048245686157.0,8.93233E+11,6.6332E+11,4.17654E+11,1.05,1.67,34.83,32.24,3.19
399001.SZ,2016/12/7,12527653385536.0,9111719152252.0,8.93234E+11,6.63322E+11,4.17654E+11,1.12,1.78,35.08,32.47,3.21
399001.SZ,2016/12/8,12467618888061.0,9074125445421.0,8.93279E+11,6.63336E+11,4.17655E+11,1.18,1.88,34.91,32.32,3.2
399001.SZ,2016/12/9,12443723184119.0,9063161933744.0,8.93292E+11,6.63389E+11,4.17797E+11,1.17,1.86,34.84,32.26,3.19
399001.SZ,2016/12/12,11901705859091.0,8683575577095.0,8.93299E+11,6.63658E+11,4.18014E+11,1.73,2.75,33.33,30.85,3.05
399001.SZ,2016/12/13,11937258644024.0,8712779084744.0,8.93308E+11,6.63745E+11,4.18122E+11,1.23,1.96,33.43,30.94,3.06
399001.SZ,2016/12/14,11823899193170.0,8633504998830.0,8.93308E+11,6.63937E+11,4.18314E+11,1.19,1.89,33.11,30.65,3.04
399001.SZ,2016/12/15,11853667567999.0,8650186782351.0,8.93308E+11,6.63983E+11,4.18336E+11,1.14,1.81,33.19,30.73,3.04
399001.SZ,2016/12/16,11948057377638.0,8712052909481.0,8.93347E+11,6.64027E+11,4.18423E+11,1.02,1.62,33.46,30.97,3.07
399001.SZ,2016/12/19,11885419611488.0,8682698276619.0,8.93351E+11,6.65039E+11,4.19414E+11,0.99,1.56,33.28,30.81,3.05
399001.SZ,2016/12/20,11843122624491.0,8644543402676.0,8.93338E+11,6.65039E+11,4.19414E+11,0.96,1.52,33.16,30.7,3.04
399001.SZ,2016/12/21,11924663597810.0,8704819343624.0,8.93338E+11,6.65056E+11,4.19431E+11,0.94,1.49,33.39,30.91,3.06
399001.SZ,2016/12/22,11911140828316.0,8697277969551.0,8.93365E+11,6.65256E+11,4.19651E+11,0.88,1.4,33.35,30.87,3.06
399001.SZ,2016/12/23,11799556565761.0,8614782057214.0,8.93376E+11,6.65561E+11,4.19999E+11,0.95,1.51,33.04,30.59,3.03
399001.SZ,2016/12/26,11829853196577.0,8646302854000.0,8.93552E+11,6.65955E+11,4.20335E+11,0.92,1.46,33.13,30.66,3.04
399001.SZ,2016/12/27,11819440027229.0,8644553181345.0,8.93557E+11,6.65994E+11,4.20351E+11,0.79,1.25,33.1,30.64,3.03
399001.SZ,2016/12/28,11768481816455.0,8610097515353.0,8.93563E+11,6.66037E+11,4.20381E+11,0.78,1.24,32.95,30.5,3.02
399001.SZ,2016/12/29,11741020498474.0,8633997492932.0,8.93611E+11,6.69246E+11,4.20836E+11,0.74,1.17,32.88,30.43,3.01
399001.SZ,2016/12/30,11772349408974.0,8669893708649.0,8.93622E+11,6.70287E+11,4.21671E+11,0.75,1.2,32.96,30.51,3.02
399001.SZ,2017/1/3,12261724957836.0,8771005749710.0,9.01544E+11,6.61062E+11,4.16904E+11,0.94,1.49,34.05,30.81,3.12
399001.SZ,2017/1/4,12406851517728.0,8874596511392.0,9.02232E+11,6.61316E+11,4.1698E+11,1.09,1.73,34.46,31.18,3.15
399001.SZ,2017/1/5,12393287495840.0,8866450047783.0,9.02296E+11,6.61412E+11,4.17084E+11,1.03,1.63,34.42,31.18,3.15
399001.SZ,2017/1/6,12296501039988.0,8805223836066.0,9.02433E+11,6.61694E+11,4.17578E+11,0.93,1.48,34.15,30.93,3.12
399001.SZ,2017/1/9,12337955815675.0,8867793371546.0,9.02711E+11,6.64183E+11,4.17691E+11,0.93,1.48,34.26,31.04,3.13
399001.SZ,2017/1/10,12305564664048.0,8849777808198.0,9.02711E+11,6.64579E+11,4.18088E+11,0.97,1.55,34.17,30.96,3.12
399001.SZ,2017/1/11,12204316560416.0,8776996242275.0,9.02853E+11,6.64801E+11,4.18526E+11,0.93,1.48,33.89,30.72,3.09
399001.SZ,2017/1/12,12099828481469.0,8702952268062.0,9.02866E+11,6.64837E+11,4.18539E+11,0.94,1.49,33.6,30.45,3.07
399001.SZ,2017/1/13,11962006603254.0,8615244493302.0,9.02878E+11,6.64843E+11,4.18541E+11,0.9,1.43,33.22,30.11,3.03
399001.SZ,2017/1/16,11613298224933.0,8364980978260.0,9.02878E+11,6.6452E+11,4.18205E+11,1.24,1.98,32.25,29.21,2.94
399001.SZ,2017/1/17,11759538900891.0,8460028252451.0,9.0438E+11,6.64834E+11,4.18578E+11,0.87,1.38,32.66,29.57,2.98
399001.SZ,2017/1/18,11739089204397.0,8459349889140.0,9.04898E+11,6.65361E+11,4.19271E+11,0.7,1.11,32.58,29.5,2.94
399001.SZ,2017/1/19,11695522101651.0,8427357291577.0,9.04947E+11,6.65382E+11,4.19304E+11,0.68,1.08,32.46,29.4,2.93
399001.SZ,2017/1/20,11858612838792.0,8536459507921.0,9.05058E+11,6.65441E+11,4.19169E+11,0.79,1.26,32.91,29.74,2.97
399001.SZ,2017/1/23,11946102543641.0,8605886172451.0,9.05063E+11,6.6586E+11,4.19375E+11,0.85,1.35,33.16,29.96,2.99
399001.SZ,2017/1/24,11911990660066.0,8599388873716.0,9.05561E+11,6.66527E+11,4.19537E+11,0.77,1.22,33.06,29.85,2.98
399001.SZ,2017/1/25,11955905767858.0,8634352462874.0,9.05563E+11,6.66844E+11,4.19784E+11,0.65,1.03,33.18,29.96,2.99
399001.SZ,2017/1/26,12052769551983.0,8700855085520.0,9.05933E+11,6.67036E+11,4.19976E+11,0.68,1.08,33.45,30.36,3.01
399001.SZ,2017/2/3,11995823721985.0,8666940702682.0,9.05933E+11,6.67508E+11,4.20184E+11,0.68,1.07,33.29,30.37,2.99
399001.SZ,2017/2/6,12078854953578.0,8754399215834.0,9.05933E+11,6.6965E+11,4.21683E+11,0.77,1.23,33.52,30.58,3.02
399001.SZ,2017/2/7,12053990069204.0,8740068842685.0,9.05933E+11,6.69776E+11,4.21699E+11,0.8,1.27,33.45,30.52,3.01
399001.SZ,2017/2/8,12145965896426.0,8802731106903.0,9.05933E+11,6.69778E+11,4.21639E+11,0.86,1.36,33.71,30.74,3.03
399001.SZ,2017/2/9,12205237888594.0,8848175284648.0,9.05934E+11,6.69859E+11,4.21635E+11,1.03,1.64,33.87,30.89,3.05
399001.SZ,2017/2/10,12208481489106.0,8855618085438.0,9.05935E+11,6.70268E+11,4.22166E+11,1.13,1.79,33.85,30.8,3.05
399001.SZ,2017/2/13,12340197682882.0,8936758892436.0,9.06927E+11,6.70418E+11,4.22263E+11,1.16,1.85,34.22,31.12,3.07
399001.SZ,2017/2/14,12339077512218.0,8938281282927.0,9.06926E+11,6.70462E+11,4.22318E+11,0.97,1.54,34.22,31.11,3.07
399001.SZ,2017/2/15,12230693992246.0,8861494037729.0,9.06951E+11,6.70455E+11,4.22303E+11,1.18,1.87,33.92,30.85,3.05
399001.SZ,2017/2/16,12311172038043.0,8924859664355.0,9.06962E+11,6.70483E+11,4.22368E+11,1.03,1.64,34.14,30.94,3.07
399001.SZ,2017/2/17,12250893883787.0,8882483671824.0,9.06962E+11,6.70513E+11,4.22287E+11,1.12,1.77,33.98,30.73,3.05
399001.SZ,2017/2/20,12401229081244.0,9015778013670.0,9.06962E+11,6.71132E+11,4.22744E+11,1.14,1.8,34.27,31.15,3.09
399001.SZ,2017/2/21,12492172099067.0,9077041757675.0,9.06978E+11,6.71145E+11,4.22788E+11,1.22,1.94,34.52,31.39,3.1
399001.SZ,2017/2/22,12532447581716.0,9112317356720.0,9.06978E+11,6.71167E+11,4.22668E+11,1.21,1.92,34.63,31.46,3.11
399001.SZ,2017/2/23,12514636584804.0,9091597911744.0,9.06978E+11,6.71182E+11,4.22668E+11,1.29,2.05,34.58,31.4,3.11
399001.SZ,2017/2/24,12533659213595.0,9095912572379.0,9.06978E+11,6.71176E+11,4.22683E+11,1.14,1.81,34.64,31.33,3.11
399001.SZ,2017/2/27,12433982515976.0,9014876602948.0,9.07039E+11,6.71244E+11,4.22651E+11,1.1,1.75,34.37,30.86,3.08
399001.SZ,2017/2/28,12478680617215.0,9056751045548.0,9.07042E+11,6.71785E+11,4.22937E+11,0.96,1.52,34.45,30.77,3.1
399001.SZ,2017/3/1,12513752625641.0,9079830552638.0,9.07045E+11,6.71791E+11,4.22974E+11,1.12,1.77,34.55,30.85,3.11
399001.SZ,2017/3/2,12453754442255.0,9037376781754.0,9.07143E+11,6.71791E+11,4.22974E+11,1.08,1.71,34.38,30.7,3.09
399001.SZ,2017/3/3,12486565712679.0,9056621513476.0,9.07287E+11,6.71804E+11,4.22974E+11,1.04,1.65,34.47,30.78,3.1
399001.SZ,2017/3/6,12629620190654.0,9160039437552.0,9.0728E+11,6.71811E+11,4.22998E+11,1.16,1.85,34.97,31.13,3.14
399001.SZ,2017/3/7,12664613331409.0,9183653639645.0,9.0728E+11,6.71811E+11,4.22999E+11,1.13,1.79,35.02,31.22,3.15
399001.SZ,2017/3/8,12600232935446.0,9146064107339.0,9.0728E+11,6.71948E+11,4.23059E+11,0.95,1.51,34.79,31.51,3.13
399001.SZ,2017/3/9,12504523354061.0,9077942981123.0,9.0728E+11,6.72022E+11,4.2313E+11,1,1.59,34.49,31.27,3.11
399001.SZ,2017/3/10,12536451057892.0,9107160703394.0,9.07309E+11,6.72111E+11,4.2326E+11,0.92,1.45,34.47,31.32,3.11
399001.SZ,2017/3/13,12659841814771.0,9202710575418.0,9.07308E+11,6.72112E+11,4.23262E+11,1.14,1.81,34.8,31.62,3.14
399001.SZ,2017/3/14,12637290410043.0,9183664823456.0,9.07317E+11,6.72131E+11,4.23269E+11,1.07,1.7,34.67,31.58,3.14
399001.SZ,2017/3/15,12640291781447.0,9190546038114.0,9.07317E+11,6.72101E+11,4.23172E+11,1.04,1.64,34.55,31.59,3.14
399001.SZ,2017/3/16,12739396535164.0,9258677978109.0,9.07324E+11,6.72105E+11,4.23164E+11,1.28,2.03,34.71,31.84,3.16
399001.SZ,2017/3/17,12611722205523.0,9167863834100.0,9.07336E+11,6.72203E+11,4.23169E+11,1.31,2.08,34.24,31.55,3.13
399001.SZ,2017/3/20,12624740317159.0,9180291417871.0,9.07337E+11,6.72227E+11,4.2314E+11,1.04,1.65,33.96,31.54,3.13
399001.SZ,2017/3/21,12686712994754.0,9238141916215.0,9.07426E+11,6.7235E+11,4.23242E+11,0.99,1.58,34.04,31.64,3.15
399001.SZ,2017/3/22,12645380551983.0,9213367301455.0,9.0743E+11,6.72504E+11,4.23397E+11,1.17,1.86,34,31.54,3.13
399001.SZ,2017/3/23,12688436550459.0,9245845802438.0,9.0797E+11,6.74021E+11,4.23292E+11,1.14,1.81,34.02,31.62,3.14
399001.SZ,2017/3/24,12768595171641.0,9302429545025.0,9.08024E+11,6.74099E+11,4.23366E+11,1.24,1.97,34.7,31.82,3.16
399001.SZ,2017/3/27,12697213819523.0,9249475434177.0,9.08024E+11,6.74359E+11,4.23729E+11,1.11,1.76,34.57,31.59,3.13
399001.SZ,2017/3/28,12670186673469.0,9238720771220.0,9.0802E+11,6.75009E+11,4.23814E+11,0.97,1.54,33.89,31.38,3.12
399001.SZ,2017/3/29,12611829257904.0,9205131007155.0,9.08022E+11,6.75019E+11,4.23835E+11,1.16,1.84,32.96,30.95,3.11
399001.SZ,2017/3/30,12409971319818.0,9063806842156.0,9.08022E+11,6.75102E+11,4.23229E+11,1.26,2.01,32.55,30.31,3.06
399001.SZ,2017/3/31,12505756382291.0,9140066658591.0,9.0803E+11,6.75685E+11,4.22996E+11,0.94,1.51,32.46,30.59,3.07
399001.SZ,2017/4/5,12740126908406.0,9308441154229.0,9.08031E+11,6.75852E+11,4.23163E+11,1.42,2.27,33.06,31.16,3.13
399001.SZ,2017/4/6,12778461141984.0,9336696999620.0,9.08413E+11,6.75837E+11,4.23051E+11,1.31,2.09,33.14,31.26,3.14
399001.SZ,2017/4/7,12795955774862.0,9354617564399.0,9.08413E+11,6.75981E+11,4.23137E+11,1.55,2.47,32.69,31.32,3.14
399001.SZ,2017/4/10,12729238283683.0,9350065005574.0,9.08413E+11,6.86221E+11,4.2311E+11,1.8,2.91,32.12,31.06,3.13
399001.SZ,2017/4/11,12802866079954.0,9398399892505.0,9.08412E+11,6.8626E+11,4.23148E+11,2,3.24,32.18,31.07,3.14
399001.SZ,2017/4/12,12745884613394.0,9359932240318.0,9.09129E+11,6.87239E+11,4.23659E+11,2.03,3.29,31.96,30.84,3.13
399001.SZ,2017/4/13,12814654697797.0,9420520820516.0,9.09129E+11,6.8728E+11,4.237E+11,1.59,2.58,32.13,31.01,3.15
399001.SZ,2017/4/14,12656014453633.0,9306965104176.0,9.09575E+11,6.87941E+11,4.23797E+11,1.62,2.63,31.57,30.29,3.1
399001.SZ,2017/4/17,12555962399415.0,9244277837999.0,9.09575E+11,6.88458E+11,4.24249E+11,1.29,2.09,31.29,30.04,3.07
399001.SZ,2017/4/18,12520175836320.0,9220698139800.0,9.12885E+11,6.90147E+11,4.25678E+11,1.26,2.05,31.61,29.98,3.05
399001.SZ,2017/4/19,12438359579260.0,9154741932534.0,9.12992E+11,6.90096E+11,4.25655E+11,1.34,2.17,31.19,29.76,3.03
399001.SZ,2017/4/20,12467317550712.0,9191232144502.0,9.13726E+11,6.92914E+11,4.2804E+11,1.22,1.98,31.08,29.82,3.03
399001.SZ,2017/4/21,12415866571991.0,9144991133725.0,9.13751E+11,6.92523E+11,4.28027E+11,1.03,1.66,30.9,29.56,3.01
399001.SZ,2017/4/24,12166864439502.0,8957560480797.0,9.1433E+11,6.93043E+11,4.28558E+11,1.1,1.78,30.22,28.93,2.94
399001.SZ,2017/4/25,12251526348983.0,9026756993975.0,9.16113E+11,6.94233E+11,4.29425E+11,1.08,1.74,30.09,28.89,2.95
399001.SZ,2017/4/26,12303605938518.0,9059875488537.0,9.17542E+11,6.95931E+11,4.30524E+11,1.21,1.96,30,28.86,2.96
399001.SZ,2017/4/27,12321745165797.0,9069290598655.0,9.17611E+11,6.95774E+11,4.30456E+11,1.38,2.24,29.58,28.59,2.95
399001.SZ,2017/4/28,12334826004223.0,9071526637926.0,9.20179E+11,6.9786E+11,4.31939E+11,1.16,1.87,29.41,28.34,2.94
399001.SZ,2017/5/2,12313529252494.0,9055948011839.0,9.20179E+11,6.97862E+11,4.31459E+11,1.11,1.79,29.42,28.09,2.92
399001.SZ,2017/5/3,12257501749497.0,9017431094047.0,9.20186E+11,6.97869E+11,4.3146E+11,1.09,1.76,29.28,27.97,2.91
399001.SZ,2017/5/4,12221791913104.0,8985039782912.0,9.20186E+11,6.97869E+11,4.31084E+11,1.14,1.85,29.2,27.89,2.9
399001.SZ,2017/5/5,12074582024031.0,8878942656723.0,9.20186E+11,6.98077E+11,4.3131E+11,1.11,1.8,28.85,27.55,2.87
399001.SZ,2017/5/8,11853074396675.0,8710735556441.0,9.20143E+11,6.98143E+11,4.3126E+11,1.18,1.91,28.32,27.04,2.81
399001.SZ,2017/5/9,11920960547796.0,8761895195220.0,9.20188E+11,6.98151E+11,4.31263E+11,0.92,1.5,28.48,27.2,2.83
399001.SZ,2017/5/10,11779218887148.0,8666264958648.0,9.20433E+11,6.99117E+11,4.31667E+11,1.07,1.73,28.14,26.88,2.8
399001.SZ,2017/5/11,11793079770698.0,8708019733010.0,9.22542E+11,7.01836E+11,4.33781E+11,1.17,1.89,28.18,26.91,2.81
399001.SZ,2017/5/12,11808275138826.0,8723445034117.0,9.23564E+11,7.02632E+11,4.34342E+11,0.91,1.47,28.21,26.94,2.81
399001.SZ,2017/5/15,11869657054332.0,8773486122831.0,9.26386E+11,7.04788E+11,4.35709E+11,0.88,1.42,28.36,27.08,2.83
399001.SZ,2017/5/16,12099800959852.0,8952801153908.0,9.29488E+11,7.07657E+11,4.36817E+11,1.27,2.06,28.91,27.61,2.89
399001.SZ,2017/5/17,12091231175041.0,8948501661635.0,9.29486E+11,7.08328E+11,4.37067E+11,1.29,2.08,28.89,27.59,2.88
399001.SZ,2017/5/18,12031645297283.0,8901265463630.0,9.3166E+11,7.10085E+11,4.37841E+11,0.99,1.61,28.75,27.45,2.87
399001.SZ,2017/5/19,12026202359184.0,8907407556490.0,9.32819E+11,7.10955E+11,4.38591E+11,0.9,1.46,28.73,27.44,2.87
399001.SZ,2017/5/22,11937655543636.0,8846226122965.0,9.34031E+11,7.11916E+11,4.39304E+11,1.02,1.64,28.52,27.24,2.85
399001.SZ,2017/5/23,11786002363080.0,8741335403199.0,9.35411E+11,7.13292E+11,4.40136E+11,1.13,1.83,28.16,26.89,2.81
399001.SZ,2017/5/24,11841517797909.0,8778477839991.0,9.35899E+11,7.13732E+11,4.40337E+11,0.92,1.5,28.29,27.02,2.83
399001.SZ,2017/5/25,11949028139538.0,8861607546875.0,9.37301E+11,7.14744E+11,4.41372E+11,1.16,1.88,28.55,27.26,2.85
399001.SZ,2017/5/26,11912568218690.0,8850198761725.0,9.42151E+11,7.18193E+11,4.43612E+11,1.01,1.63,28.46,27.18,2.85
399001.SZ,2017/5/31,11930492171096.0,8858177280313.0,9.4215E+11,7.1823E+11,4.43516E+11,1.04,1.68,28.5,27.22,2.85
399001.SZ,2017/6/1,11782689552120.0,8753397873452.0,9.42153E+11,7.18228E+11,4.43659E+11,0.98,1.58,28.15,26.88,2.82
399001.SZ,2017/6/2,11860090420454.0,8804172125563.0,9.42511E+11,7.18453E+11,4.4382E+11,0.9,1.46,28.34,27.06,2.84
399001.SZ,2017/6/5,11917487690818.0,8840579935210.0,9.44069E+11,7.1938E+11,4.44503E+11,0.81,1.31,28.47,27.19,2.85
399001.SZ,2017/6/6,12002155554049.0,8906972734749.0,9.44236E+11,7.19479E+11,4.44597E+11,0.75,1.21,28.67,27.38,2.87
399001.SZ,2017/6/7,12240873765395.0,9086614831076.0,9.44549E+11,7.1993E+11,4.4469E+11,1.24,2,29.25,27.93,2.93
399001.SZ,2017/6/8,12280994782250.0,9123057542638.0,9.45542E+11,7.20751E+11,4.4515E+11,1.08,1.75,29.34,28.02,2.94
399001.SZ,2017/6/9,12320611659001.0,9152940195843.0,9.4871E+11,7.23579E+11,4.46351E+11,0.99,1.6,29.44,28.11,2.95
399001.SZ,2017/6/12,12249458112782.0,9113965565691.0,9.50339E+11,7.25318E+11,4.47372E+11,1.01,1.63,29.27,27.95,2.94
399001.SZ,2017/6/13,12375535683629.0,9206092925756.0,9.54741E+11,7.27816E+11,4.49538E+11,1,1.63,29.57,28.24,2.97
399001.SZ,2017/6/14,12279231405802.0,9132502253898.0,9.55187E+11,7.28116E+11,4.49793E+11,1.01,1.64,29.34,28.02,2.95
399001.SZ,2017/6/15,12353633684530.0,9188391880563.0,9.55192E+11,7.28324E+11,4.50011E+11,1.08,1.75,29.51,28.19,2.96
399001.SZ,2017/6/16,12316666199080.0,9162467705385.0,9.55805E+11,7.28798E+11,4.50414E+11,0.94,1.52,29.43,28.1,2.96
399001.SZ,2017/6/19,12384629545893.0,9221473697383.0,9.57053E+11,7.29992E+11,4.51061E+11,0.9,1.46,29.59,28.26,2.98
399001.SZ,2017/6/20,12404412046830.0,9241838210876.0,9.60647E+11,7.32648E+11,4.52909E+11,1.09,1.77,29.64,28.3,2.99
399001.SZ,2017/6/21,12498458212696.0,9320186341740.0,9.61479E+11,7.33354E+11,4.53484E+11,1.06,1.71,29.86,28.52,3.01
399001.SZ,2017/6/22,12389224087597.0,9240392479012.0,9.61468E+11,7.33366E+11,4.53477E+11,1.26,2.03,29.6,28.27,2.98
399001.SZ,2017/6/23,12499830324322.0,9334672102730.0,9.61724E+11,7.33367E+11,4.53477E+11,1.15,1.85,29.86,28.52,3.01
399001.SZ,2017/6/26,12709595518721.0,9498470330573.0,9.61746E+11,7.33648E+11,4.53696E+11,1.35,2.19,30.36,29,3.06
399001.SZ,2017/6/27,12707337096452.0,9497314715026.0,9.61722E+11,7.33718E+11,4.5375E+11,1.1,1.78,30.36,28.99,3.06
399001.SZ,2017/6/28,12608425558975.0,9427178245001.0,9.61722E+11,7.33846E+11,4.5383E+11,1.05,1.7,30.12,28.77,3.04
399001.SZ,2017/6/29,12674122463016.0,9479844456116.0,9.61722E+11,7.3387E+11,4.53872E+11,1.07,1.73,30.28,28.92,3.06
399001.SZ,2017/6/30,12693874134182.0,9499235055989.0,9.62515E+11,7.35195E+11,4.55707E+11,1.02,1.64,30.33,28.96,3.06
399001.SZ,2017/7/3,13624943701656.0,9647460081798.0,1001478650686.0,7.37761E+11,4.56731E+11,1.17,1.88,30.77,29.09,3.12
399001.SZ,2017/7/4,13540848799280.0,9584019450909.0,1001993906423.0,7.38022E+11,4.5696E+11,1.18,1.9,30.6,28.93,3.1
399001.SZ,2017/7/5,13646737554311.0,9666735850952.0,1002204710110.0,7.38283E+11,4.57178E+11,1.19,1.91,30.84,29.15,3.13
399001.SZ,2017/7/6,13644670226115.0,9661690069889.0,1006963098740.0,7.40895E+11,4.5826E+11,1.41,2.29,30.83,29.15,3.13
399001.SZ,2017/7/7,13646104328893.0,9673268258065.0,1007091152609.0,7.42347E+11,4.56817E+11,1.33,2.16,30.83,29.15,3.13
399001.SZ,2017/7/10,13577198094879.0,9628368426299.0,1007162844473.0,7.42393E+11,4.56918E+11,1.5,2.43,30.68,29.01,3.12
399001.SZ,2017/7/11,13530653351825.0,9611806692344.0,1008429126307.0,7.43694E+11,4.57666E+11,1.29,2.1,30.57,28.91,3.11
399001.SZ,2017/7/12,13513609196989.0,9597092483675.0,1008476469571.0,7.43801E+11,4.57777E+11,1.29,2.1,30.54,28.87,3.11
399001.SZ,2017/7/13,13524849630016.0,9613342876255.0,1009538354361.0,7.44395E+11,4.5822E+11,1.18,1.91,30.56,28.9,3.11
399001.SZ,2017/7/14,13490374058112.0,9586412653326.0,1009535401523.0,7.44414E+11,4.58213E+11,1.12,1.82,30.48,28.82,3.11
399001.SZ,2017/7/17,13023540476644.0,9267980535953.0,1013173244094.0,7.47655E+11,4.6076E+11,1.7,2.76,29.43,27.82,3
399001.SZ,2017/7/18,13091766848638.0,9319212413760.0,1014750641874.0,7.49208E+11,4.6172E+11,1.22,1.98,29.58,27.97,3.01
399001.SZ,2017/7/19,13345848514790.0,9496554093766.0,1016203041209.0,7.49596E+11,4.62128E+11,1.62,2.63,30.16,28.51,3.07
399001.SZ,2017/7/20,13423945097160.0,9560452032318.0,1016201054513.0,7.49657E+11,4.61718E+11,1.48,2.4,30.33,28.64,3.1
399001.SZ,2017/7/21,13415980463634.0,9557820287172.0,1020199673791.0,7.51812E+11,4.63864E+11,1.24,2,30.31,28.62,3.1
399001.SZ,2017/7/24,13465915272409.0,9596778542254.0,1020256573200.0,7.52029E+11,4.63837E+11,1.34,2.18,30.43,28.7,3.11
399001.SZ,2017/7/25,13401287186772.0,9560869194855.0,1020258573200.0,7.52364E+11,4.64338E+11,1.27,2.06,30.28,28.56,3.09
399001.SZ,2017/7/26,13331359159418.0,9505412101974.0,1020261801800.0,7.5243E+11,4.64408E+11,1.41,2.28,30.12,28.41,3.07
399001.SZ,2017/7/27,13453228744057.0,9581368585846.0,1020575613898.0,7.52722E+11,4.64381E+11,1.74,2.81,30.4,28.63,3.1
399001.SZ,2017/7/28,13501014891191.0,9630632205411.0,1020572142737.0,7.52809E+11,4.63869E+11,1.44,2.33,30.51,28.73,3.11
399001.SZ,2017/7/31,13580716732295.0,9691965994725.0,1021045929519.0,7.53022E+11,4.64227E+11,1.75,2.84,30.69,28.9,3.12
399001.SZ,2017/8/1,13608255843799.0,9721180234293.0,1021662605537.0,7.54131E+11,4.65444E+11,1.66,2.68,30.75,28.92,3.12
399001.SZ,2017/8/2,13526352200583.0,9668885163625.0,1021387072731.0,7.53843E+11,4.65576E+11,1.77,2.86,30.56,28.72,3.1
399001.SZ,2017/8/3,13490195663560.0,9640530217744.0,1021704641114.0,7.5464E+11,4.65765E+11,1.62,2.62,30.48,28.63,3.09
399001.SZ,2017/8/4,13401836633330.0,9576318694167.0,1021708035289.0,7.54699E+11,4.65851E+11,1.71,2.77,30.28,28.43,3.07
399001.SZ,2017/8/7,13507352036732.0,9662812721625.0,1021708035288.0,7.54677E+11,4.65862E+11,1.33,2.16,30.52,28.65,3.09
399001.SZ,2017/8/8,13559020345678.0,9693223349828.0,1021685255288.0,7.54677E+11,4.66035E+11,1.63,2.65,30.64,28.76,3.11
399001.SZ,2017/8/9,13619002814991.0,9744474652190.0,1021685255288.0,7.54694E+11,4.66032E+11,1.55,2.51,30.77,28.89,3.12
399001.SZ,2017/8/10,13545040716828.0,9686071722254.0,1021685255288.0,7.54797E+11,4.66194E+11,1.51,2.45,30.61,28.72,3.1
399001.SZ,2017/8/11,13301284063449.0,9498036840533.0,1021685255288.0,7.54824E+11,4.66319E+11,1.61,2.6,30.06,28.17,3.05
399001.SZ,2017/8/14,13574591733717.0,9689660299342.0,1021678129537.0,7.54525E+11,4.66076E+11,1.45,2.36,30.67,28.75,3.1
399001.SZ,2017/8/15,13631141215363.0,9729465648179.0,1021797377498.0,7.5482E+11,4.66688E+11,1.32,2.13,30.8,29.07,3.11
399001.SZ,2017/8/16,13689514699329.0,9760317550503.0,1021797377498.0,7.54815E+11,4.66685E+11,1.53,2.47,30.93,29.17,3.12
399001.SZ,2017/8/17,13749700670885.0,9808238381777.0,1021797909896.0,7.55051E+11,4.66933E+11,1.53,2.48,31.07,29.29,3.14
399001.SZ,2017/8/18,13717097408775.0,9783475884276.0,1021965220055.0,7.55585E+11,4.66931E+11,1.27,2.06,30.99,29.13,3.12
399001.SZ,2017/8/21,13803252183939.0,9848609913236.0,1022056918290.0,7.55653E+11,4.67144E+11,1.29,2.09,31.19,29.23,3.14
399001.SZ,2017/8/22,13755763484879.0,9822264799432.0,1022086738290.0,7.56083E+11,4.67739E+11,1.29,2.08,31.08,29.2,3.12
399001.SZ,2017/8/23,13715706055159.0,9802097840219.0,1022317325186.0,7.56853E+11,4.68067E+11,1.13,1.83,30.99,29.1,3.1
399001.SZ,2017/8/24,13628970009895.0,9737979579352.0,1023181221178.0,7.57467E+11,4.68544E+11,1,1.62,30.8,28.83,3.08
399001.SZ,2017/8/25,13764979296736.0,9836220962885.0,1025299135210.0,7.58717E+11,4.6913E+11,1.16,1.88,31.1,28.92,3.11
399001.SZ,2017/8/28,13963461302579.0,9987535377562.0,1025335641498.0,7.59777E+11,4.69658E+11,1.68,2.71,31.55,29.14,3.14
399001.SZ,2017/8/29,13910140892307.0,9949984444349.0,1025065114939.0,7.59874E+11,4.69637E+11,1.38,2.23,31.43,28.78,3.12
399001.SZ,2017/8/30,13976808773025.0,10000482370343.0,1025272799258.0,7.59959E+11,4.69636E+11,1.35,2.18,31.58,28.79,3.13
399001.SZ,2017/8/31,13980072926490.0,9999067248268.0,1025303680438.0,7.60185E+11,4.69876E+11,1.28,2.07,31.59,28.5,3.11
399001.SZ,2017/9/1,14060010072901.0,10058654136177.0,1025498294631.0,7.60484E+11,4.69846E+11,1.63,2.64,31.77,28.66,3.13
399001.SZ,2017/9/4,14154181205272.0,10134759846379.0,1025498294631.0,7.60734E+11,4.69846E+11,1.75,2.83,31.98,28.86,3.15
399001.SZ,2017/9/5,14182293777940.0,10153810156247.0,1025498294631.0,7.60778E+11,4.6985E+11,1.54,2.5,32.05,28.91,3.16
399001.SZ,2017/9/6,14221621583465.0,10211905390059.0,1025498740789.0,7.65229E+11,4.70915E+11,1.63,2.65,32.14,28.99,3.17
399001.SZ,2017/9/7,14158634643796.0,10167556006932.0,1025725400339.0,7.65233E+11,4.70968E+11,1.65,2.68,31.99,28.87,3.15
399001.SZ,2017/9/8,14162640409662.0,10176799144584.0,1025914916379.0,7.65999E+11,4.71585E+11,1.36,2.2,32,28.87,3.15
399001.SZ,2017/9/11,14255114772155.0,10247998898242.0,1025955594304.0,7.66259E+11,4.71834E+11,1.5,2.44,32.21,29.06,3.17
399001.SZ,2017/9/12,14253055855260.0,10244258652116.0,1026003521571.0,7.66305E+11,4.71877E+11,2.05,3.33,32.21,29.06,3.17
399001.SZ,2017/9/13,14306531594791.0,10296203335091.0,1026003521571.0,7.66526E+11,4.72106E+11,1.44,2.34,32.33,29.17,3.18
399001.SZ,2017/9/14,14295126658238.0,10284180132780.0,1026084741571.0,7.66529E+11,4.72036E+11,1.56,2.54,32.3,29.14,3.18
399001.SZ,2017/9/15,14286430246875.0,10288149856662.0,1026093572471.0,7.66734E+11,4.72061E+11,1.55,2.52,32.28,29.13,3.17
399001.SZ,2017/9/18,14404518682704.0,10363617086376.0,1026518235837.0,7.6695E+11,4.72265E+11,1.43,2.32,32.55,29.37,3.2
399001.SZ,2017/9/19,14339990774698.0,10309071227282.0,1026518235837.0,7.66975E+11,4.73026E+11,1.44,2.33,32.4,29.24,3.19
399001.SZ,2017/9/20,14476100134585.0,10409862169034.0,1026836131172.0,7.67113E+11,4.73264E+11,1.5,2.43,32.71,29.51,3.21
399001.SZ,2017/9/21,14366616809031.0,10334801250276.0,1026836131172.0,7.67257E+11,4.73402E+11,1.46,2.37,32.46,29.29,3.19
399001.SZ,2017/9/22,14311705371790.0,10312730292227.0,1026820059947.0,7.68169E+11,4.73657E+11,1.24,2.01,32.34,29.18,3.18
399001.SZ,2017/9/25,14126434809360.0,10187905081364.0,1026841178947.0,7.68459E+11,4.73593E+11,1.21,1.96,31.92,28.8,3.14
399001.SZ,2017/9/26,14157482880701.0,10208958413420.0,1026841178947.0,7.68484E+11,4.73662E+11,1.13,1.83,31.99,28.86,3.15
399001.SZ,2017/9/27,14266238225292.0,10284298364429.0,1027558684825.0,7.68744E+11,4.73892E+11,1.16,1.89,32.24,29.08,3.17
399001.SZ,2017/9/28,14258999641417.0,10280224760567.0,1028707842732.0,7.69848E+11,4.75138E+11,1.26,2.05,32.22,29.07,3.17
399001.SZ,2017/9/29,14340824244580.0,10327975849311.0,1029349457542.0,7.69989E+11,4.75151E+11,1.28,2.08,32.4,29.24,3.18
399001.SZ,2017/10/9,14547778336731.0,10513571482270.0,1029349457542.0,7.72222E+11,4.75705E+11,1.59,2.58,32.87,29.66,3.23
399001.SZ,2017/10/10,14630869722996.0,10579917910178.0,1029350263973.0,7.73483E+11,4.76177E+11,1.44,2.34,33.06,29.83,3.25
399001.SZ,2017/10/11,14627416044668.0,10578289133507.0,1029349756053.0,7.73482E+11,4.76181E+11,1.46,2.37,33.05,29.82,3.25
399001.SZ,2017/10/12,14615710441785.0,10578186351949.0,1029349756053.0,7.73651E+11,4.7635E+11,1.23,2,33.03,29.8,3.24
399001.SZ,2017/10/13,14725525238580.0,10655616311410.0,1029349776527.0,7.73786E+11,4.76406E+11,1.25,2.03,33.27,30.02,3.27
399001.SZ,2017/10/16,14580075437792.0,10549216202958.0,1029380717897.0,7.74164E+11,4.76881E+11,1.6,2.61,32.95,29.69,3.23
399001.SZ,2017/10/17,14596338718369.0,10553062352360.0,1029580538424.0,7.7421E+11,4.7686E+11,1.06,1.73,32.98,29.73,3.24
399001.SZ,2017/10/18,14606127093628.0,10572088851108.0,1029580000924.0,7.74278E+11,4.76916E+11,1.2,1.95,33,29.75,3.24
399001.SZ,2017/10/19,14492873657730.0,10491216414797.0,1029642654436.0,7.74277E+11,4.76939E+11,1.24,2.01,32.75,29.48,3.21
399001.SZ,2017/10/20,14575937324254.0,10533131994849.0,1029652856505.0,7.74375E+11,4.76953E+11,0.93,1.51,32.94,29.58,3.23
399001.SZ,2017/10/23,14652725468688.0,10596892684506.0,1029652856505.0,7.74812E+11,4.77249E+11,1.02,1.65,33.11,29.68,3.24
399001.SZ,2017/10/24,14682584990833.0,10643892194671.0,1029660059025.0,7.75177E+11,4.77609E+11,1.03,1.67,33.18,29.61,3.24
399001.SZ,2017/10/25,14798967056831.0,10731305634485.0,1029810354669.0,7.7509E+11,4.78274E+11,1.12,1.82,33.44,29.5,3.25
399001.SZ,2017/10/26,14825464880925.0,10755125260115.0,1029887509651.0,7.75407E+11,4.78138E+11,1.3,2.11,33.5,29.15,3.24
399001.SZ,2017/10/27,14801674578633.0,10749534395206.0,1029887509651.0,7.75369E+11,4.78138E+11,1.23,2,33.45,28.88,3.22
399001.SZ,2017/10/30,14625189652176.0,10639568167336.0,1029969356339.0,7.7605E+11,4.81236E+11,1.61,2.59,33.05,28.43,3.16
399001.SZ,2017/10/31,14713836061709.0,10689547216126.0,1030393628674.0,7.76299E+11,4.84588E+11,1.09,1.75,33.25,28.26,3.15
399001.SZ,2017/11/1,14701573381672.0,10670915164008.0,1030400703674.0,7.76299E+11,4.79415E+11,1.13,1.82,33.22,28.24,3.14
399001.SZ,2017/11/2,14642518602234.0,10623448278122.0,1031110717523.0,7.76178E+11,4.80477E+11,1.3,2.09,33.09,28.13,3.12
399001.SZ,2017/11/3,14541946317588.0,10553904084723.0,1031311721740.0,7.77199E+11,4.80497E+11,1.31,2.13,32.86,27.93,3.1
399001.SZ,2017/11/6,14736473029655.0,10693227892325.0,1031442253197.0,7.76906E+11,4.80825E+11,1.33,2.15,33.3,28.31,3.14
399001.SZ,2017/11/7,14847011051937.0,10791757744391.0,1031442253197.0,7.77045E+11,4.809E+11,1.44,2.33,33.55,28.52,3.16
399001.SZ,2017/11/8,14817342980925.0,10771539538138.0,1031498032172.0,7.77045E+11,4.811E+11,1.55,2.5,33.48,28.46,3.16
399001.SZ,2017/11/9,14950286633914.0,10868447000708.0,1031596352909.0,7.77196E+11,4.81226E+11,1.33,2.15,33.78,28.72,3.19
399001.SZ,2017/11/10,15050277879711.0,10952549496812.0,1031596348003.0,7.77196E+11,4.81256E+11,1.46,2.37,34.01,28.91,3.21
399001.SZ,2017/11/13,15097319241224.0,11005501651296.0,1031596348003.0,7.77572E+11,4.8155E+11,1.54,2.49,34.11,29,3.22
399001.SZ,2017/11/14,14951828342832.0,10908300806605.0,1031596348003.0,7.7812E+11,4.82094E+11,1.58,2.54,33.79,28.72,3.19
399001.SZ,2017/11/15,14791594516106.0,10803015868577.0,1031589379341.0,7.78162E+11,4.82169E+11,1.28,2.07,33.42,28.41,3.15
399001.SZ,2017/11/16,14890852986165.0,10879198508130.0,1031589379341.0,7.78158E+11,4.82165E+11,1.33,2.14,33.65,28.6,3.17
399001.SZ,2017/11/17,14582078827434.0,10655208298468.0,1031616593059.0,7.78158E+11,4.8225E+11,1.66,2.69,32.95,28.01,3.11
399001.SZ,2017/11/20,14772051444535.0,10806693048497.0,1031616593059.0,7.79557E+11,4.82322E+11,1.35,2.18,33.38,28.37,3.15
399001.SZ,2017/11/21,14985996625523.0,10983843203798.0,1031615349634.0,7.80132E+11,4.82866E+11,1.57,2.54,33.86,28.79,3.19
399001.SZ,2017/11/22,14934069921430.0,10946801281870.0,1031614976574.0,7.80146E+11,4.82885E+11,1.53,2.46,33.75,28.69,3.18
399001.SZ,2017/11/23,14445330872548.0,10580449604305.0,1031643605791.0,7.80152E+11,4.82831E+11,1.5,2.43,32.66,27.76,3.08
399001.SZ,2017/11/24,14440493891588.0,10583658660342.0,1031642896341.0,7.8015E+11,4.82815E+11,1.2,1.94,32.65,27.75,3.08
399001.SZ,2017/11/27,14182490997154.0,10395559026502.0,1031903127160.0,7.80627E+11,4.83085E+11,1.29,2.09,32.06,27.25,3.02
399001.SZ,2017/11/28,14351745741596.0,10518591140575.0,1031909896744.0,7.80651E+11,4.83117E+11,1.08,1.74,32.45,27.58,3.06
399001.SZ,2017/11/29,14365893754138.0,10527812265293.0,1031909896744.0,7.80697E+11,4.83163E+11,1.26,2.03,32.48,27.61,3.06
399001.SZ,2017/11/30,14184652941640.0,10390688200492.0,1032300095278.0,7.80793E+11,4.83219E+11,1.05,1.69,32.07,27.26,3.02
399001.SZ,2017/12/1,14273948923474.0,10445901532383.0,1032300131894.0,7.80814E+11,4.8327E+11,1.05,1.69,32.27,27.43,3.04
399001.SZ,2017/12/4,14258658053995.0,10455581062979.0,1032039901075.0,7.80771E+11,4.83128E+11,1.13,1.82,32.24,27.4,3.04
399001.SZ,2017/12/5,14068029250015.0,10320985315575.0,1032300725144.0,7.80923E+11,4.83227E+11,1.24,2.01,31.8,27.03,2.99
399001.SZ,2017/12/6,14124950223832.0,10366301388784.0,1032300725144.0,7.80923E+11,4.83222E+11,1.14,1.84,31.93,27.14,3
399001.SZ,2017/12/7,13979962378488.0,10254539957472.0,1032297072644.0,7.80982E+11,4.833E+11,0.94,1.52,31.61,26.86,2.97
399001.SZ,2017/12/8,14157716857854.0,10384566100174.0,1032412344244.0,7.81011E+11,4.83408E+11,1.02,1.65,32.01,27.21,3.01
399001.SZ,2017/12/11,14415448902960.0,10585514829809.0,1032412344244.0,7.81179E+11,4.83424E+11,1.15,1.85,32.59,27.7,3.07
399001.SZ,2017/12/12,14284671445573.0,10490679383480.0,1032583124855.0,7.81242E+11,4.83486E+11,1.06,1.71,32.29,27.45,3.04
399001.SZ,2017/12/13,14405701164437.0,10590589181521.0,1032685033709.0,7.81251E+11,4.835E+11,0.94,1.52,32.57,27.68,3.06
399001.SZ,2017/12/14,14378949395151.0,10567806135510.0,1032853655409.0,7.81335E+11,4.83583E+11,1.02,1.65,32.51,27.63,3.06
399001.SZ,2017/12/15,14236041304839.0,10456486086349.0,1032879047435.0,7.81437E+11,4.83679E+11,1.12,1.81,32.18,27.36,3.02
399001.SZ,2017/12/18,14175059532832.0,10435563428926.0,1032995042697.0,7.81979E+11,4.83967E+11,0.92,1.49,32.05,27.24,3.01
399001.SZ,2017/12/19,14326350724952.0,10553955336284.0,1032999452697.0,7.82993E+11,4.84364E+11,0.91,1.47,32.39,27.53,3.04
399001.SZ,2017/12/20,14244537885967.0,10493878603335.0,1033141777440.0,7.82997E+11,4.84344E+11,0.95,1.53,32.2,27.37,3.03
399001.SZ,2017/12/21,14391207188022.0,10614206914031.0,1033198084523.0,7.83666E+11,4.84367E+11,1.09,1.76,32.54,27.65,3.06
399001.SZ,2017/12/22,14375156787292.0,10597136874825.0,1033468439348.0,7.83746E+11,4.84664E+11,0.88,1.43,32.5,27.62,3.05
399001.SZ,2017/12/25,14274870037143.0,10534263218800.0,1034911660541.0,7.84203E+11,4.853E+11,1.04,1.68,32.27,27.43,3.02
399001.SZ,2017/12/26,14307549593752.0,10549444263395.0,1035289476996.0,7.8436E+11,4.85349E+11,0.97,1.56,32.35,27.49,3.03
399001.SZ,2017/12/27,14176681572124.0,10447571500967.0,1035289476996.0,7.8436E+11,4.85501E+11,1.11,1.79,32.05,27.24,3
399001.SZ,2017/12/28,14257919067244.0,10512851377907.0,1035564579321.0,7.84418E+11,4.85242E+11,1.14,1.85,32.23,27.4,3.02
399001.SZ,2017/12/29,14351389164711.0,10655446231643.0,1035980954222.0,7.91293E+11,4.85744E+11,0.96,1.57,32.45,27.58,3.03
399001.SZ,2018/1/2,14816060028004.0,10932077522087.0,1037804044467.0,7.89187E+11,4.82794E+11,1.24,2.03,33.03,27.44,3.07
399001.SZ,2018/1/3,14942526485040.0,11026095003380.0,1037950621998.0,7.89346E+11,4.82931E+11,1.46,2.39,33.31,27.68,3.1
399001.SZ,2018/1/4,15032367705465.0,11108818720279.0,1037971514198.0,7.90073E+11,4.83656E+11,1.26,2.05,33.51,27.84,3.12
399001.SZ,2018/1/5,15041189697935.0,11121084015019.0,1038402462458.0,7.90156E+11,4.83755E+11,1.36,2.23,33.53,27.86,3.12
399001.SZ,2018/1/8,15103030342558.0,11177134683707.0,1038464818721.0,7.90875E+11,4.8465E+11,1.55,2.53,33.67,27.97,3.13
399001.SZ,2018/1/9,15176492496236.0,11238540655836.0,1038464818721.0,7.90867E+11,4.84643E+11,1.36,2.23,33.83,28.11,3.14
399001.SZ,2018/1/10,15163581111073.0,11244215785198.0,1038465903721.0,7.91314E+11,4.8489E+11,1.44,2.35,33.8,28.11,3.14
399001.SZ,2018/1/11,15190353554345.0,11258233099164.0,1038469460382.0,7.91601E+11,4.85173E+11,1.35,2.2,33.86,28.16,3.15
399001.SZ,2018/1/12,15191322640521.0,11274735863794.0,1038469460382.0,7.91445E+11,4.84833E+11,1.29,2.11,33.86,28.16,3.15
399001.SZ,2018/1/15,14990732333981.0,11150137441523.0,1038467865782.0,7.9142E+11,4.84569E+11,1.68,2.75,33.42,27.8,3.11
399001.SZ,2018/1/16,15115206946963.0,11249609177131.0,1038467865782.0,7.91597E+11,4.84733E+11,1.48,2.41,33.69,27.77,3.12
399001.SZ,2018/1/17,15041032124984.0,11166881191201.0,1038519704192.0,7.91603E+11,4.85003E+11,1.68,2.75,33.53,27.63,3.11
399001.SZ,2018/1/18,15061191697240.0,11195219627140.0,1038518891242.0,7.91694E+11,4.85148E+11,1.13,1.85,33.57,27.67,3.11
399001.SZ,2018/1/19,15040927095157.0,11173588587104.0,1038518208742.0,7.91719E+11,4.84833E+11,1.41,2.31,33.53,27.63,3.11
399001.SZ,2018/1/22,15297765130169.0,11418466694218.0,1038518208742.0,7.9256E+11,4.85056E+11,1.36,2.22,34.1,28.1,3.16
399001.SZ,2018/1/23,15372612762734.0,11486156863450.0,1038517464709.0,7.92895E+11,4.83954E+11,1.28,2.1,34.27,28.27,3.17
399001.SZ,2018/1/24,15435100534166.0,11532696351006.0,1038595040970.0,7.9357E+11,4.8457E+11,1.61,2.64,34.41,28.38,3.19
399001.SZ,2018/1/25,15364386659399.0,11474323937248.0,1038595040970.0,7.93608E+11,4.84706E+11,1.56,2.56,34.25,28.24,3.17
399001.SZ,2018/1/26,15373863826581.0,11478411873945.0,1038930119934.0,7.93635E+11,4.84726E+11,1.27,2.08,34.27,28.27,3.17
399001.SZ,2018/1/29,15106080203169.0,11275841362779.0,1038930119934.0,7.93707E+11,4.84751E+11,1.54,2.53,33.67,27.77,3.11
399001.SZ,2018/1/30,15009248006101.0,11192693651647.0,1041407858776.0,7.93716E+11,4.8476E+11,1.18,1.94,33.46,27.6,3.09
399001.SZ,2018/1/31,14869494676689.0,11101158464443.0,1041438799737.0,7.93716E+11,4.8476E+11,1.35,2.21,33.15,27.29,3.06
399001.SZ,2018/2/1,14496810617008.0,10820377658902.0,1041438807775.0,7.93487E+11,4.84535E+11,1.63,2.67,32.31,26.61,2.98
399001.SZ,2018/2/2,14608700696866.0,10883126708939.0,1042518011751.0,7.93624E+11,4.84633E+11,1.35,2.21,32.56,26.52,3
399001.SZ,2018/2/5,14497141876708.0,10801807071080.0,1042519559131.0,7.93806E+11,4.84557E+11,1.15,1.88,32.32,26.29,2.97
399001.SZ,2018/2/6,13890436072826.0,10356384227759.0,1042514546812.0,7.93973E+11,4.8471E+11,1.48,2.43,30.96,25.18,2.84
399001.SZ,2018/2/7,13706339560837.0,10204047766554.0,1042582293933.0,7.93973E+11,4.84698E+11,1.42,2.33,30.55,24.85,2.81
399001.SZ,2018/2/8,13854383991088.0,10313375871980.0,1042582293933.0,7.93974E+11,4.8468E+11,1.09,1.78,30.88,25.11,2.84
399001.SZ,2018/2/9,13360605131111.0,9935758453252.0,1042581868933.0,7.93995E+11,4.84739E+11,1.43,2.34,29.77,24.21,2.73
399001.SZ,2018/2/12,13734031898490.0,10212459017506.0,1042581868933.0,7.93993E+11,4.84733E+11,1.02,1.67,30.6,24.87,2.81
399001.SZ,2018/2/13,13860803732347.0,10288228277640.0,1047030999479.0,7.94217E+11,4.84841E+11,0.97,1.59,30.84,25.13,2.82
399001.SZ,2018/2/14,13952583854883.0,10424483579662.0,1047030052258.0,8.06881E+11,4.84854E+11,0.66,1.1,31.05,25.33,2.84
399001.SZ,2018/2/22,14247078164073.0,10653869513445.0,1047030052258.0,8.06881E+11,4.84844E+11,0.97,1.62,31.7,25.88,2.9
399001.SZ,2018/2/23,14258202409533.0,10666531440025.0,1047032425548.0,8.06896E+11,4.84282E+11,0.94,1.57,31.73,25.9,2.9
399001.SZ,2018/2/26,14568077003502.0,10895773781849.0,1047032425548.0,8.1016E+11,4.86866E+11,1.38,2.3,32.42,26.43,2.96
399001.SZ,2018/2/27,14455568251084.0,10791481676203.0,1047032425548.0,8.10149E+11,4.86835E+11,1.28,2.14,32.17,26.23,2.93
399001.SZ,2018/2/28,14471004043201.0,10805303320026.0,1047038144548.0,8.11034E+11,4.87631E+11,1.24,2.07,32.19,25.95,2.92
399001.SZ,2018/3/1,14618870798629.0,10909699202353.0,1047038144548.0,8.11034E+11,4.87631E+11,1.21,2.01,32.5,26.26,2.95
399001.SZ,2018/3/2,14505583162301.0,10822547082779.0,1047038144548.0,8.11034E+11,4.87654E+11,1.13,1.88,32.25,26.06,2.92
399001.SZ,2018/3/5,14539906026041.0,10826915553430.0,1047035744548.0,8.11033E+11,4.87623E+11,0.99,1.64,32.31,26.13,2.93
399001.SZ,2018/3/6,14727958414327.0,10974946786809.0,1047035928348.0,8.11033E+11,4.8762E+11,1.38,2.3,32.53,26.46,2.97
399001.SZ,2018/3/7,14583933240407.0,10864690139964.0,1047037977373.0,8.11067E+11,4.87735E+11,1.13,1.88,32.15,26.19,2.94
399001.SZ,2018/3/8,14734052663861.0,10986847184408.0,1047037977373.0,8.11043E+11,4.87489E+11,1.03,1.71,32.46,26.45,2.97
399001.SZ,2018/3/9,14950781468632.0,11143563300126.0,1047037977480.0,8.11179E+11,4.87808E+11,1.48,2.47,32.87,26.84,3.01
399001.SZ,2018/3/12,15107537889487.0,11266370298291.0,1047057062480.0,8.11242E+11,4.87837E+11,1.65,2.75,33.2,27.12,3.04
399001.SZ,2018/3/13,14984216543186.0,11180499185224.0,1047056730880.0,8.11295E+11,4.87912E+11,1.34,2.23,32.82,26.9,3.02
399001.SZ,2018/3/14,14859050257176.0,11106803657259.0,1047056730880.0,8.11724E+11,4.87958E+11,1.16,1.93,32.51,26.67,2.99
399001.SZ,2018/3/15,14876673022890.0,11126334113371.0,1047056098862.0,8.11728E+11,4.87973E+11,1.11,1.85,32.49,26.7,2.99
399001.SZ,2018/3/16,14733370963738.0,11013591331696.0,1047057299062.0,8.11687E+11,4.8793E+11,1.01,1.67,31.61,26.43,2.96
399001.SZ,2018/3/19,14745499721001.0,11052289310992.0,1047056061062.0,8.1253E+11,4.87515E+11,0.99,1.65,31.54,26.45,2.96
399001.SZ,2018/3/20,14760614325273.0,11061870351256.0,1047076303712.0,8.12692E+11,4.88209E+11,0.99,1.65,31.46,26.45,2.96
399001.SZ,2018/3/21,14656641302731.0,11003310858610.0,1047076303819.0,8.13162E+11,4.88319E+11,1.16,1.93,31.22,26.26,2.94
399001.SZ,2018/3/22,14527430344602.0,10897492363638.0,1047076303819.0,8.13162E+11,4.88319E+11,1.02,1.69,30.97,26.05,2.92
399001.SZ,2018/3/23,13967336121448.0,10485312219870.0,1047076207215.0,8.13155E+11,4.88294E+11,1.83,3.04,29.75,25.09,2.8
399001.SZ,2018/3/26,14115614929800.0,10587763460131.0,1047071977583.0,8.1316E+11,4.88442E+11,1.25,2.09,29.76,25.34,2.83
399001.SZ,2018/3/27,14385616808736.0,10777361538814.0,1047072347781.0,8.1317E+11,4.88451E+11,1.4,2.34,29.39,25.57,2.88
399001.SZ,2018/3/28,14194208086442.0,10627567163552.0,1047072240679.0,8.13195E+11,4.88581E+11,1.22,2.04,28.88,25.13,2.84
399001.SZ,2018/3/29,14359606624592.0,10771889553146.0,1047134666042.0,8.13316E+11,4.88774E+11,1.18,1.96,28.88,25.41,2.87
399001.SZ,2018/3/30,14495304670598.0,10853414401069.0,1047134881905.0,8.1314E+11,4.88832E+11,1.23,2.04,28.82,25.64,2.9
399001.SZ,2018/4/2,14479821728842.0,10834443416386.0,1047134881905.0,8.12972E+11,4.88719E+11,1.43,2.38,28.45,25.77,2.9
399001.SZ,2018/4/3,14350304644970.0,10748855215054.0,1047143697771.0,8.1304E+11,4.88676E+11,1.23,2.05,28,25.56,2.87
399001.SZ,2018/4/4,14268091645469.0,10696119629207.0,1047143697771.0,8.12992E+11,4.8863E+11,1.09,1.82,27.81,25.38,2.86
399001.SZ,2018/4/9,14230187429707.0,10660207260277.0,1047143697771.0,8.12992E+11,4.88627E+11,1.05,1.75,27.73,25.32,2.85
399001.SZ,2018/4/10,14370193304159.0,10782074720048.0,1047215708908.0,8.1298E+11,4.89126E+11,1.14,1.89,28.15,25.57,2.87
399001.SZ,2018/4/11,14435699062596.0,10827327276103.0,1047744036826.0,8.13245E+11,4.89299E+11,1.11,1.84,28.1,25.67,2.89
399001.SZ,2018/4/12,14340171116139.0,10739246772547.0,1047742968554.0,8.13164E+11,4.89292E+11,0.93,1.54,27.79,25.67,2.87
399001.SZ,2018/4/13,14290555674973.0,10696959794052.0,1048364204897.0,8.13243E+11,4.89523E+11,0.89,1.48,27.72,25.51,2.85
399001.SZ,2018/4/16,14188288796549.0,10620265888283.0,1048364204897.0,8.13327E+11,4.89546E+11,1.17,1.94,27.31,25.36,2.83
399001.SZ,2018/4/17,13894608443140.0,10404001466949.0,1048434859630.0,8.13325E+11,4.89281E+11,1.17,1.95,26.53,24.78,2.77
399001.SZ,2018/4/18,14017115820936.0,10494196778656.0,1049292615673.0,8.1495E+11,4.89825E+11,1.36,2.27,26.83,24.99,2.79
399001.SZ,2018/4/19,14148271578553.0,10605536231592.0,1049371824140.0,8.14966E+11,4.89801E+11,1.24,2.06,27.11,25.2,2.81
399001.SZ,2018/4/20,13906348062853.0,10411599541786.0,1049493914396.0,8.1202E+11,4.90182E+11,1.2,1.98,26.2,24.85,2.76
399001.SZ,2018/4/23,13804713271165.0,10350270344817.0,1049695399608.0,8.12685E+11,4.91736E+11,1.17,1.93,25.88,24.72,2.73
399001.SZ,2018/4/24,14111913028106.0,10572979858789.0,1049698616166.0,8.12378E+11,4.9168E+11,1.2,1.98,26.03,25.12,2.78
399001.SZ,2018/4/25,14109548052016.0,10555997276577.0,1049944457196.0,8.12369E+11,4.93294E+11,1.07,1.76,25.84,25.09,2.78
399001.SZ,2018/4/26,13794639893772.0,10305974682347.0,1051147390806.0,8.12909E+11,4.92112E+11,1.13,1.86,24.72,24.24,2.7
399001.SZ,2018/4/27,13846715019090.0,10338811408264.0,1052786223889.0,8.14004E+11,4.9284E+11,1.02,1.68,24.93,24.12,2.7
399001.SZ,2018/5/2,13876368343588.0,10368634394734.0,1052788723358.0,8.13988E+11,4.94155E+11,0.95,1.56,24.85,23.78,2.69
399001.SZ,2018/5/3,14015564319479.0,10479221719215.0,1052788723358.0,8.13988E+11,4.9415E+11,1.12,1.85,25.1,24.02,2.72
399001.SZ,2018/5/4,13978090174019.0,10448778676667.0,1053073987722.0,8.14183E+11,4.94336E+11,0.86,1.42,25.04,23.95,2.72
399001.SZ,2018/5/7,14229686325356.0,10648022783381.0,1053077594422.0,8.14201E+11,4.94348E+11,1.01,1.66,25.49,24.38,2.77
399001.SZ,2018/5/8,14353320666562.0,10733434962736.0,1054985594422.0,8.16113E+11,4.94932E+11,1.04,1.72,25.71,24.6,2.79
399001.SZ,2018/5/9,14313991948328.0,10710054056418.0,1054991771422.0,8.16113E+11,4.94667E+11,0.84,1.39,25.64,24.53,2.79
399001.SZ,2018/5/10,14375016273085.0,10757573116619.0,1055047556422.0,8.16098E+11,4.94581E+11,0.93,1.54,25.75,24.63,2.8
399001.SZ,2018/5/11,14252055694611.0,10668991434121.0,1055206281922.0,8.16472E+11,4.94746E+11,0.98,1.62,25.53,24.42,2.78
399001.SZ,2018/5/14,14296412976834.0,10712601835896.0,1055900307793.0,8.17105E+11,4.95251E+11,1.01,1.67,25.61,24.5,2.79
399001.SZ,2018/5/15,14396047828488.0,10787446358312.0,1055953298793.0,8.17495E+11,4.9519E+11,0.92,1.53,25.79,24.67,2.81
399001.SZ,2018/5/16,14344360463219.0,10755858622324.0,1057455213321.0,8.19378E+11,4.9627E+11,0.91,1.5,25.69,24.58,2.8
399001.SZ,2018/5/17,14253424484109.0,10687228778675.0,1059794840293.0,8.21577E+11,4.97571E+11,0.79,1.3,25.53,24.42,2.78
399001.SZ,2018/5/18,14304940074739.0,10729008500303.0,1060217269716.0,8.21934E+11,4.97815E+11,0.84,1.39,25.62,24.51,2.79
399001.SZ,2018/5/21,14421462569300.0,10821033805152.0,1060461342216.0,8.22486E+11,4.97945E+11,1.06,1.76,25.83,24.71,2.81
399001.SZ,2018/5/22,14432320959416.0,10820186526589.0,1060800999483.0,8.22644E+11,4.97969E+11,0.91,1.5,25.85,24.73,2.82
399001.SZ,2018/5/23,14259302063186.0,10688418880740.0,1061258039567.0,8.23081E+11,4.98224E+11,0.98,1.62,25.54,24.43,2.79
399001.SZ,2018/5/24,14175366913927.0,10618725232553.0,1063911963501.0,8.24937E+11,4.99329E+11,0.86,1.41,25.39,24.29,2.77
399001.SZ,2018/5/25,14034152386440.0,10516739208475.0,1065906550145.0,8.2628E+11,5.00319E+11,0.94,1.56,25.14,24.05,2.74
399001.SZ,2018/5/28,14063146875649.0,10555585617234.0,1066055604145.0,8.26633E+11,5.00678E+11,0.91,1.5,25.19,24.1,2.75
399001.SZ,2018/5/29,13909645263175.0,10435283908080.0,1066836429260.0,8.27282E+11,5.0114E+11,0.89,1.47,24.91,23.83,2.72
399001.SZ,2018/5/30,13612594407426.0,10208431781225.0,1067720253009.0,8.28054E+11,5.01846E+11,1.09,1.8,24.38,23.33,2.66
399001.SZ,2018/5/31,13864443187849.0,10405987326755.0,1067732702209.0,8.28257E+11,5.01913E+11,1,1.65,24.83,23.76,2.71
399001.SZ,2018/6/1,13702841563503.0,10289740643458.0,1068302024820.0,8.28738E+11,5.02161E+11,0.87,1.43,24.55,23.49,2.68
399001.SZ,2018/6/4,13749179291736.0,10336630470062.0,1068302024820.0,8.28751E+11,5.02167E+11,0.83,1.37,24.64,23.57,2.69
399001.SZ,2018/6/5,13973950093761.0,10513200147175.0,1068529070120.0,8.29879E+11,5.02677E+11,0.87,1.43,25.04,23.95,2.74
399001.SZ,2018/6/6,13965650780562.0,10492908177583.0,1069941683418.0,8.30069E+11,5.02822E+11,0.78,1.28,25.02,23.94,2.73
399001.SZ,2018/6/7,13900391429557.0,10447084554643.0,1069928049227.0,8.30069E+11,5.0281E+11,0.78,1.28,24.91,23.83,2.72
399001.SZ,2018/6/8,13746021329591.0,10335611846411.0,1069929686227.0,8.30074E+11,5.02795E+11,0.83,1.36,24.63,23.56,2.69
399001.SZ,2018/6/11,13693641998345.0,10310121362591.0,1070446647270.0,8.3049E+11,5.03031E+11,0.7,1.16,24.56,23.48,2.68
399001.SZ,2018/6/12,13877762098887.0,10459550956087.0,1070443040854.0,8.30616E+11,5.03125E+11,0.78,1.28,24.89,23.79,2.72
399001.SZ,2018/6/13,13678421393528.0,10312841711415.0,1071647259655.0,8.31853E+11,5.03906E+11,0.76,1.25,24.53,23.45,2.68
399001.SZ,2018/6/14,13582642464260.0,10239180056189.0,1071647259655.0,8.31852E+11,5.02407E+11,0.71,1.17,24.36,23.29,2.66
399001.SZ,2018/6/15,13396484872826.0,10103483429568.0,1071719751702.0,8.31914E+11,5.02447E+11,0.87,1.44,24.03,22.97,2.63
399001.SZ,2018/6/19,12715835057954.0,9587803912687.0,1072103251702.0,8.32238E+11,5.02869E+11,1.3,2.15,22.81,21.8,2.5
399001.SZ,2018/6/20,12844631792151.0,9684669049380.0,1072912778308.0,8.32653E+11,5.03217E+11,0.93,1.54,23.04,22.02,2.52
399001.SZ,2018/6/21,12617167363735.0,9511080269291.0,1074019413215.0,8.33694E+11,5.03907E+11,0.97,1.61,22.63,21.63,2.48
399001.SZ,2018/6/22,12739965040381.0,9600573387456.0,1074221975920.0,8.33915E+11,5.04072E+11,0.83,1.38,22.85,21.84,2.5
399001.SZ,2018/6/25,12621972369446.0,9515879424577.0,1074222664170.0,8.3393E+11,5.04072E+11,0.84,1.39,22.64,21.64,2.48
399001.SZ,2018/6/26,12625413750754.0,9517229911277.0,1074231007170.0,8.34061E+11,5.04203E+11,0.91,1.5,22.64,21.64,2.48
399001.SZ,2018/6/27,12393159296392.0,9353435584636.0,1074603678334.0,8.34721E+11,5.04778E+11,0.83,1.38,22.23,21.25,2.44
399001.SZ,2018/6/28,12255908977850.0,9249129361907.0,1074602730484.0,8.34829E+11,5.04745E+11,0.81,1.35,21.98,21.01,2.41
399001.SZ,2018/6/29,12656943969295.0,9555141224210.0,1077732883752.0,8.36372E+11,5.06794E+11,0.96,1.58,22.81,21.8,2.49
399001.SZ,2018/7/2,12860999767130.0,9509247417997.0,1076390333930.0,8.20774E+11,4.94292E+11,0.94,1.55,22.08,20.93,2.49
399001.SZ,2018/7/3,12906861388445.0,9538997228974.0,1077579033082.0,8.21289E+11,4.94567E+11,1.07,1.78,22.16,21.01,2.5
399001.SZ,2018/7/4,12672173352287.0,9357573895089.0,1078161031483.0,8.21841E+11,4.94986E+11,0.93,1.55,21.76,20.63,2.46
399001.SZ,2018/7/5,12415668311740.0,9188410569817.0,1078903932217.0,8.22551E+11,4.95314E+11,0.89,1.48,21.32,20.21,2.41
399001.SZ,2018/7/6,12467243857766.0,9225643421607.0,1079351043754.0,8.22796E+11,4.95886E+11,1.05,1.74,21.41,20.29,2.42
399001.SZ,2018/7/9,12812929365888.0,9490857319210.0,1079355823291.0,8.22883E+11,4.95873E+11,0.9,1.5,22,20.85,2.49
399001.SZ,2018/7/10,12884279581811.0,9568387693641.0,1080073272352.0,8.257E+11,4.96352E+11,0.85,1.41,22.12,20.97,2.5
399001.SZ,2018/7/11,12637732075192.0,9386255877842.0,1080073272352.0,8.25697E+11,4.96343E+11,0.93,1.55,21.7,20.57,2.46
399001.SZ,2018/7/12,12997049962625.0,9638601327459.0,1080699590600.0,8.26216E+11,4.9646E+11,1.24,2.06,22.32,21.16,2.52
399001.SZ,2018/7/13,13078142366217.0,9700902082071.0,1081752334216.0,8.27122E+11,4.96998E+11,1.02,1.69,22.46,21.29,2.54
399001.SZ,2018/7/16,13057757236616.0,9708615749920.0,1081752334216.0,8.2736E+11,4.97137E+11,0.9,1.5,22.42,21.27,2.54
399001.SZ,2018/7/17,13001485795295.0,9665967397632.0,1082653234369.0,8.28193E+11,4.96869E+11,0.83,1.39,22.32,21.18,2.53
399001.SZ,2018/7/18,12896788622195.0,9578415511950.0,1083188150037.0,8.28228E+11,4.96889E+11,0.9,1.5,22.14,21.01,2.51
399001.SZ,2018/7/19,12824337899135.0,9533131832746.0,1083188150037.0,8.28247E+11,4.96894E+11,0.83,1.39,22.02,20.89,2.49
399001.SZ,2018/7/20,12962707010493.0,9636853224704.0,1083160607412.0,8.28245E+11,4.96889E+11,1.02,1.69,22.26,21.11,2.52
399001.SZ,2018/7/23,13048561624270.0,9699559660957.0,1083160607412.0,8.28541E+11,4.97095E+11,1.19,1.99,22.41,21.23,2.53
399001.SZ,2018/7/24,13246594173329.0,9864967616901.0,1083546828432.0,8.28998E+11,4.97334E+11,1.48,2.47,22.75,21.55,2.57
399001.SZ,2018/7/25,13249613262087.0,9860711306151.0,1084425100046.0,8.28998E+11,4.97663E+11,1.2,2,22.75,21.55,2.57
399001.SZ,2018/7/26,13091129638275.0,9748748603067.0,1084425100046.0,8.29024E+11,4.98001E+11,1.15,1.92,22.48,21.25,2.54
399001.SZ,2018/7/27,13014093740155.0,9696730681868.0,1084425100046.0,8.29024E+11,4.98004E+11,0.9,1.5,22.35,21.13,2.53
399001.SZ,2018/7/30,12850923232488.0,9584807851828.0,1084425100046.0,8.29176E+11,4.97782E+11,0.9,1.5,22.07,21.12,2.5
399001.SZ,2018/7/31,12856285022082.0,9585510701902.0,1084420522046.0,8.29993E+11,4.98056E+11,0.78,1.29,22.07,20.88,2.5
399001.SZ,2018/8/1,12619611973525.0,9402319240959.0,1084423247884.0,8.29998E+11,4.9794E+11,0.97,1.62,21.67,20.49,2.45
399001.SZ,2018/8/2,12325021190309.0,9182705086659.0,1085248052273.0,8.30057E+11,4.98045E+11,1.19,1.98,21.16,20.01,2.39
399001.SZ,2018/8/3,12089639070011.0,8999510709780.0,1085248052273.0,8.30067E+11,4.97991E+11,0.81,1.35,20.76,19.62,2.35
399001.SZ,2018/8/6,11828600956656.0,8813709203254.0,1085272585867.0,8.30015E+11,4.97917E+11,0.85,1.41,20.31,19.19,2.29
399001.SZ,2018/8/7,12169721825967.0,9074544761976.0,1085264976443.0,8.30174E+11,4.97962E+11,0.94,1.56,20.9,19.73,2.36
399001.SZ,2018/8/8,11929931911514.0,8897491183304.0,1085852123930.0,8.31007E+11,4.98471E+11,0.87,1.45,20.48,19.33,2.31
399001.SZ,2018/8/9,12274614481491.0,9158406292011.0,1085852123930.0,8.31008E+11,4.98437E+11,1.13,1.88,21.08,19.88,2.38
399001.SZ,2018/8/10,12355258228669.0,9221206513378.0,1086626683793.0,8.31441E+11,4.99291E+11,0.84,1.41,21.21,19.97,2.4
399001.SZ,2018/8/13,12390111081110.0,9242487103549.0,1086626671543.0,8.31354E+11,4.99209E+11,0.9,1.51,21.27,20.03,2.4
399001.SZ,2018/8/14,12317228838841.0,9182617915317.0,1086616437409.0,8.31376E+11,4.99132E+11,0.77,1.28,21.15,19.9,2.39
399001.SZ,2018/8/15,12043929299172.0,8978459101735.0,1086817461121.0,8.32074E+11,4.99327E+11,0.86,1.43,20.68,19.48,2.33
399001.SZ,2018/8/16,11926994541946.0,8893845315014.0,1087353597582.0,8.32184E+11,4.99344E+11,0.85,1.42,20.48,19.24,2.3
399001.SZ,2018/8/17,11735899507001.0,8753676196783.0,1087365531365.0,8.32199E+11,5.01083E+11,0.82,1.37,20.15,18.92,2.27
399001.SZ,2018/8/20,11811361579461.0,8819748641846.0,1087390179925.0,8.32414E+11,5.01188E+11,0.86,1.42,20.28,19.02,2.28
399001.SZ,2018/8/21,11998802142193.0,8969035161889.0,1087392888766.0,8.32634E+11,5.01316E+11,0.86,1.42,20.6,19.25,2.31
399001.SZ,2018/8/22,11872219693183.0,8878464188130.0,1087392888766.0,8.32699E+11,5.0178E+11,0.68,1.13,20.39,19.03,2.29
399001.SZ,2018/8/23,11929119470434.0,8931935072709.0,1087393379493.0,8.33418E+11,5.02222E+11,0.79,1.32,20.48,19.1,2.3
399001.SZ,2018/8/24,11905430961963.0,8913772649981.0,1087418586365.0,8.33355E+11,5.02278E+11,0.74,1.22,20.44,19.03,2.29
399001.SZ,2018/8/27,12237739565102.0,9174557141454.0,1087438471044.0,8.3393E+11,5.02697E+11,1.03,1.7,21.01,19.58,2.35
399001.SZ,2018/8/28,12228775578520.0,9172931286019.0,1085327381946.0,8.32856E+11,5.02234E+11,0.89,1.48,21.02,19.51,2.35
399001.SZ,2018/8/29,12159815960154.0,9124592586369.0,1085302568090.0,8.32962E+11,5.01973E+11,0.9,1.49,20.9,19.35,2.33
399001.SZ,2018/8/30,12004496545547.0,8995031424844.0,1087947947179.0,8.3422E+11,5.03821E+11,0.92,1.52,20.61,19.09,2.3
399001.SZ,2018/8/31,11893208977175.0,8934616738684.0,1087947440515.0,8.37978E+11,5.03885E+11,0.79,1.31,20.42,18.9,2.27
399001.SZ,2018/9/3,11871668222572.0,8931953841333.0,1087982411681.0,8.38375E+11,5.04093E+11,0.86,1.43,20.38,18.87,2.26
399001.SZ,2018/9/4,12010558915250.0,9037161557149.0,1087980255801.0,8.38379E+11,5.04097E+11,0.94,1.56,20.62,19.09,2.29
399001.SZ,2018/9/5,11799625259961.0,8882070452431.0,1087982327500.0,8.38576E+11,5.04335E+11,0.94,1.56,20.26,18.75,2.25
399001.SZ,2018/9/6,11684762520841.0,8793039340565.0,1087982185079.0,8.38575E+11,5.04389E+11,0.78,1.3,20.06,18.57,2.23
399001.SZ,2018/9/7,11692051797716.0,8796157244647.0,1087985535079.0,8.38585E+11,5.04408E+11,0.88,1.46,20.08,18.58,2.23
399001.SZ,2018/9/10,11479613609229.0,8637797629954.0,1087985535079.0,8.38823E+11,5.04618E+11,0.85,1.41,19.71,18.24,2.19
399001.SZ,2018/9/11,11485067654461.0,8642604866961.0,1087982216022.0,8.38834E+11,5.04612E+11,0.74,1.23,19.72,18.25,2.19
399001.SZ,2018/9/12,11403951314933.0,8573558065672.0,1087979196134.0,8.38864E+11,5.04658E+11,0.68,1.14,19.58,18.12,2.17
399001.SZ,2018/9/13,11480863966539.0,8630164603220.0,1088309991924.0,8.38858E+11,5.04681E+11,0.88,1.47,19.71,18.25,2.19
399001.SZ,2018/9/14,11422318164998.0,8589467504757.0,1088316777799.0,8.38918E+11,5.0479E+11,0.88,1.46,19.61,18.15,2.17
399001.SZ,2018/9/17,11261294899384.0,8472457507352.0,1088316777799.0,8.39159E+11,5.0485E+11,0.76,1.26,19.34,17.9,2.14
399001.SZ,2018/9/18,11448129843819.0,8613735187454.0,1088348565726.0,8.3924E+11,5.04875E+11,0.85,1.41,19.66,18.19,2.18
399001.SZ,2018/9/19,11621141472578.0,8749147581165.0,1088348565726.0,8.40389E+11,5.05128E+11,1.06,1.76,19.95,18.47,2.21
399001.SZ,2018/9/20,11594913138549.0,8734431530875.0,1088341326392.0,8.40487E+11,5.05277E+11,0.84,1.4,19.91,18.43,2.21
399001.SZ,2018/9/21,11850406468528.0,8934434039651.0,1088387918441.0,8.41144E+11,5.05642E+11,1.05,1.74,20.35,18.83,2.26
399001.SZ,2018/9/25,11769532592041.0,8873850345062.0,1088385893941.0,8.41263E+11,5.05701E+11,0.76,1.27,20.21,18.7,2.24
399001.SZ,2018/9/26,11871994470873.0,8950362914245.0,1088382218106.0,8.41352E+11,5.05744E+11,0.99,1.65,20.38,18.87,2.26
399001.SZ,2018/9/27,11757110188123.0,8866746910734.0,1088382218106.0,8.41355E+11,5.05776E+11,0.93,1.54,20.19,18.68,2.24
399001.SZ,2018/9/28,11848649347213.0,8965492528609.0,1088393399595.0,8.44186E+11,5.08365E+11,0.81,1.34,20.34,18.83,2.26
399001.SZ,2018/10/8,11365394380174.0,8603010417358.0,1088392294642.0,8.45053E+11,5.09451E+11,0.92,1.52,19.51,18.06,2.16
399001.SZ,2018/10/9,11339683762523.0,8588543079063.0,1088530902795.0,8.45122E+11,5.09541E+11,0.7,1.16,19.47,18.02,2.15
399001.SZ,2018/10/10,11294716562167.0,8547933945714.0,1088531487313.0,8.45144E+11,5.09541E+11,0.73,1.21,19.39,17.95,2.15
399001.SZ,2018/10/11,10630226156634.0,8051267924100.0,1088731673113.0,8.45666E+11,5.09507E+11,1.32,2.2,18.25,16.89,2.02
399001.SZ,2018/10/12,10703555664398.0,8102223412626.0,1088731673113.0,8.45662E+11,5.09489E+11,1.16,1.93,18.38,17.01,2.04
399001.SZ,2018/10/15,10553041842833.0,7980889912211.0,1088738505967.0,8.45768E+11,5.09463E+11,0.86,1.42,18.12,16.8,2.01
399001.SZ,2018/10/16,10351246984365.0,7835012218890.0,1088737425967.0,8.45774E+11,5.0947E+11,0.86,1.43,17.77,16.46,1.97
399001.SZ,2018/10/17,10435105364996.0,7897448397195.0,1088737425967.0,8.45774E+11,5.0947E+11,0.96,1.59,17.92,16.6,1.98
399001.SZ,2018/10/18,,,,,,0.88,,17.48,,
399001.SZ,2018/10/19,10461098298417.0,7916790864468.0,1088737425967.0,8.45877E+11,5.09524E+11,1.07,1.78,17.96,16.6,1.99
399001.SZ,2018/10/22,10976744277839.0,8309915348377.0,1088737250167.0,8.46175E+11,5.09455E+11,1.49,2.48,18.85,17.33,2.08
399001.SZ,2018/10/23,10725321931437.0,8115395478363.0,1088737250167.0,8.46194E+11,5.09449E+11,1.2,1.99,18.42,16.89,2.03
399001.SZ,2018/10/24,10689994317734.0,8084253889904.0,1088737238007.0,8.46194E+11,5.09481E+11,1,1.66,18.36,16.84,2.02
399001.SZ,2018/10/25,10674037744564.0,8079359786308.0,1088678304038.0,8.46679E+11,5.07885E+11,1.06,1.77,18.33,16.79,2.02
399001.SZ,2018/10/26,10638589204595.0,8053477416309.0,1089148661311.0,8.47018E+11,5.08526E+11,1.03,1.72,18.27,16.84,2
399001.SZ,2018/10/29,10386273780007.0,7836945957303.0,1089677715652.0,8.46332E+11,5.04993E+11,0.88,1.47,17.83,16.56,1.94
399001.SZ,2018/10/30,10466082183941.0,7900461775279.0,1089678159196.0,8.46465E+11,5.05061E+11,1.12,1.87,17.97,16.77,1.94
399001.SZ,2018/10/31,10611780792023.0,8013601291010.0,1090729377368.0,8.46933E+11,5.05273E+11,1.04,1.75,18.22,16.98,1.96
399001.SZ,2018/11/1,10731925556058.0,8106227019334.0,1090747122712.0,8.46951E+11,5.05273E+11,1.34,2.25,18.43,17.18,1.98
399001.SZ,2018/11/2,11135216586069.0,8424963633831.0,1090747002712.0,8.47183E+11,5.06086E+11,1.54,2.58,19.12,17.82,2.06
399001.SZ,2018/11/5,11087417911266.0,8393688337838.0,1090766433743.0,8.48452E+11,5.07204E+11,1.33,2.23,19.04,17.75,2.05
399001.SZ,2018/11/6,11029054762931.0,8341061670885.0,1090776763743.0,8.48254E+11,5.07177E+11,1.04,1.75,18.94,17.65,2.04
399001.SZ,2018/11/7,10968049894066.0,8293736372264.0,1090776763743.0,8.48254E+11,5.07177E+11,1.14,1.91,18.83,17.55,2.03
399001.SZ,2018/11/8,10902533371153.0,8244677712706.0,1090776763743.0,8.4843E+11,5.07179E+11,1,1.67,18.72,17.45,2.01
399001.SZ,2018/11/9,10837723482688.0,8193251661875.0,1090857384798.0,8.48456E+11,5.07195E+11,0.98,1.63,18.61,17.35,2
399001.SZ,2018/11/12,11076024803373.0,8375714273106.0,1090878525598.0,8.4857E+11,5.07425E+11,1.26,2.11,19.02,17.73,2.05
399001.SZ,2018/11/13,11249223785883.0,8509521991672.0,1090878525598.0,8.48599E+11,5.07424E+11,1.84,3.07,19.32,18,2.08
399001.SZ,2018/11/14,11175012529606.0,8451118885099.0,1090702316289.0,8.48601E+11,5.08649E+11,1.5,2.51,19.19,17.89,2.06
399001.SZ,2018/11/15,11308468284408.0,8549811838488.0,1090688264270.0,8.49124E+11,5.11491E+11,1.36,2.25,19.42,18.1,2.09
399001.SZ,2018/11/16,11414239772305.0,8627033951156.0,1083087020312.0,8.41504E+11,5.05766E+11,1.64,2.72,19.5,18.12,2.11
399001.SZ,2018/11/19,11485823098331.0,8711905960613.0,1083089460396.0,8.44268E+11,5.06809E+11,1.51,2.51,19.62,18.23,2.12
399001.SZ,2018/11/20,11167384181946.0,8468829446543.0,1083088622896.0,8.44457E+11,5.0692E+11,1.48,2.46,19.08,17.73,2.06
399001.SZ,2018/11/21,11207819475666.0,8498122958233.0,1083077360196.0,8.44455E+11,5.06927E+11,1.2,2,19.15,17.79,2.07
399001.SZ,2018/11/22,11184645580534.0,8485594498634.0,1083086340196.0,8.44676E+11,5.06912E+11,1.04,1.74,19.11,17.76,2.07
399001.SZ,2018/11/23,10832186107092.0,8219233471316.0,1083093530196.0,8.44715E+11,5.06951E+11,1.27,2.11,18.51,17.2,2
399001.SZ,2018/11/26,10799509316205.0,8195357017385.0,1083085815913.0,8.44708E+11,5.06988E+11,0.84,1.39,18.45,17.14,2
399001.SZ,2018/11/27,10820511961783.0,8209656817441.0,1083085884813.0,8.44723E+11,5.06877E+11,0.82,1.37,18.49,17.18,2
399001.SZ,2018/11/28,10985035924083.0,8338519792449.0,1083085884813.0,8.44727E+11,5.0689E+11,1.09,1.81,18.77,17.44,2.03
399001.SZ,2018/11/29,10766262418863.0,8177151979153.0,1083086198832.0,8.44891E+11,5.07089E+11,1.08,1.8,18.39,17.09,1.99
399001.SZ,2018/11/30,10888019704333.0,8273112802130.0,1083333589430.0,8.45062E+11,5.07238E+11,0.91,1.52,18.6,17.28,2.01
399001.SZ,2018/12/3,11240755640103.0,8544353468326.0,1083332252080.0,8.45056E+11,5.07276E+11,1.43,2.38,19.2,17.84,2.08
399001.SZ,2018/12/4,11259425738691.0,8557513862510.0,1083331673439.0,8.4528E+11,5.07465E+11,1.02,1.71,19.24,17.87,2.08
399001.SZ,2018/12/5,11228632894142.0,8530217601607.0,1083331673439.0,8.45303E+11,5.07498E+11,1.06,1.77,19.18,17.84,2.07
399001.SZ,2018/12/6,10963545900432.0,8326298951108.0,1083332531439.0,8.45302E+11,5.07504E+11,0.99,1.66,18.73,17.42,2.03
399001.SZ,2018/12/7,10959153864038.0,8321598685232.0,1083331786539.0,8.45364E+11,5.0757E+11,0.75,1.25,18.72,17.41,2.03
399001.SZ,2018/12/10,10804894410187.0,8205205829602.0,1083334470059.0,8.45945E+11,5.0852E+11,0.81,1.35,18.46,17.17,2.02
399001.SZ,2018/12/11,10890071065017.0,8270633265398.0,1083334470059.0,8.46296E+11,5.08605E+11,0.73,1.21,18.61,17.3,2.04
399001.SZ,2018/12/12,10910132936630.0,8286340166694.0,1083285461009.0,8.46554E+11,5.08741E+11,0.71,1.18,18.64,17.33,2.04
399001.SZ,2018/12/13,11049557442112.0,8400768238470.0,1083285465809.0,8.46519E+11,5.08756E+11,0.97,1.61,18.88,17.56,2.07
399001.SZ,2018/12/14,10798858155467.0,8213539101902.0,1083786385776.0,8.4764E+11,5.09607E+11,0.96,1.6,18.45,17.16,2.02
399001.SZ,2018/12/17,10747622143541.0,8174474846136.0,1083786385776.0,8.47983E+11,5.09954E+11,0.77,1.28,18.36,17.08,2.01
399001.SZ,2018/12/18,10651499332852.0,8103171693562.0,1083779306443.0,8.48037E+11,5.10077E+11,0.75,1.24,18.2,16.92,1.99
399001.SZ,2018/12/19,10503869608293.0,7987523291631.0,1084661035305.0,8.48557E+11,5.0996E+11,0.67,1.11,17.95,16.69,1.96
399001.SZ,2018/12/20,10504043857755.0,7987354327907.0,1084761253414.0,8.48554E+11,5.0999E+11,0.73,1.21,17.95,16.69,1.96
399001.SZ,2018/12/21,10379818425781.0,7889409290245.0,1085088417797.0,8.48934E+11,5.1003E+11,0.85,1.42,17.73,16.49,1.94
399001.SZ,2018/12/24,10456304828162.0,7954601068129.0,1085088186325.0,8.49426E+11,5.10445E+11,0.68,1.13,17.86,16.61,1.95
399001.SZ,2018/12/25,10371840906422.0,7892109197730.0,1085088191787.0,8.49868E+11,5.10162E+11,0.94,1.57,17.72,16.48,1.93
399001.SZ,2018/12/26,10312369875425.0,7852899670602.0,1085088191787.0,8.50237E+11,5.10459E+11,0.72,1.19,17.62,16.39,1.92
399001.SZ,2018/12/27,10218398279308.0,7779284611003.0,1085088191787.0,8.50235E+11,5.10459E+11,0.87,1.45,17.46,16.24,1.91
399001.SZ,2018/12/28,10272951278319.0,7812882619214.0,1085592423197.0,8.50327E+11,5.10479E+11,0.79,1.32,17.55,16.32,1.91
399001.SZ,2019/1/2,10644051932441.0,7853705516088.0,1074189411874.0,8.43372E+11,4.99945E+11,0.74,1.26,17.55,16.03,1.97
399001.SZ,2019/1/3,10551865164338.0,7792982629147.0,1074182320486.0,8.44098E+11,5.00173E+11,0.85,1.44,17.4,15.89,1.96
399001.SZ,2019/1/4,10841630455571.0,8013566432261.0,1074184112459.0,8.45195E+11,5.00474E+11,1.23,2.08,17.87,16.32,2.01
399001.SZ,2019/1/7,10999629941450.0,8141874446681.0,1074184112459.0,8.46417E+11,5.01297E+11,1.25,2.11,18.13,16.56,2.04
399001.SZ,2019/1/8,10988019084646.0,8136959803916.0,1074184112459.0,8.4656E+11,5.01553E+11,1.09,1.84,18.12,16.54,2.04
399001.SZ,2019/1/9,11060784632612.0,8200488390190.0,1074120739023.0,8.46497E+11,5.01337E+11,1.3,2.19,18.24,16.65,2.05
399001.SZ,2019/1/10,11017195845991.0,8172049612122.0,1073988805442.0,8.46426E+11,5.0128E+11,1.04,1.75,18.16,16.59,2.04
399001.SZ,2019/1/11,11082252814659.0,8221090659875.0,1073970075442.0,8.4642E+11,5.01287E+11,0.97,1.64,18.27,16.68,2.06
399001.SZ,2019/1/14,10993322906932.0,8164111334003.0,1073970075442.0,8.47244E+11,5.02074E+11,0.98,1.65,18.12,16.55,2.04
399001.SZ,2019/1/15,11188274299672.0,8320606777484.0,1074003175442.0,8.47316E+11,5.02112E+11,1.07,1.81,18.45,16.84,2.08
399001.SZ,2019/1/16,11184459588625.0,8315970035224.0,1074062859960.0,8.47284E+11,5.02114E+11,1.05,1.77,18.44,16.84,2.07
399001.SZ,2019/1/17,11089756241295.0,8243608568711.0,1074103462084.0,8.47744E+11,5.02542E+11,1,1.69,18.28,16.69,2.06
399001.SZ,2019/1/18,11249395842298.0,8370852457397.0,1074224657542.0,8.47905E+11,5.0266E+11,1.14,1.92,18.55,16.94,2.09
399001.SZ,2019/1/21,11316237202850.0,8424152963215.0,1074308165604.0,8.48447E+11,5.02199E+11,1.07,1.8,18.66,17.04,2.1
399001.SZ,2019/1/22,11158487467585.0,8310068335546.0,1074315803241.0,8.48603E+11,5.02327E+11,0.91,1.54,18.4,16.79,2.07
399001.SZ,2019/1/23,11167222698395.0,8318916783497.0,1074315803241.0,8.48976E+11,5.0238E+11,0.77,1.29,18.41,16.82,2.07
399001.SZ,2019/1/24,11229180784759.0,8371742891770.0,1074315803241.0,8.48955E+11,5.02413E+11,0.97,1.63,18.51,16.9,2.08
399001.SZ,2019/1/25,11264265244758.0,8404699491735.0,1074315638841.0,8.49285E+11,5.02546E+11,1.05,1.77,18.57,16.95,2.09
399001.SZ,2019/1/28,11252683101402.0,8403366923224.0,1074315638841.0,8.49394E+11,5.02656E+11,0.99,1.67,18.55,16.9,2.08
399001.SZ,2019/1/29,11196011370461.0,8370180432014.0,1074315638841.0,8.49506E+11,5.03147E+11,1.04,1.75,18.46,16.82,2.07
399001.SZ,2019/1/30,11078680834676.0,8289060186363.0,1073532337858.0,8.50894E+11,5.0335E+11,0.82,1.39,18.27,16.64,2.05
399001.SZ,2019/1/31,11136609098430.0,8308948516169.0,1079956644030.0,8.51454E+11,5.03876E+11,1.06,1.78,18.36,16.75,2.05
399001.SZ,2019/2/1,11441948369549.0,8526415041661.0,1079955914030.0,8.5146E+11,5.04193E+11,1.05,1.77,18.86,17.21,2.11
399001.SZ,2019/2/11,11775361696116.0,8806686386981.0,1080131905879.0,8.53921E+11,5.05194E+11,1.23,2.08,19.41,17.72,2.17
399001.SZ,2019/2/12,11897130442044.0,8899359299880.0,1080116415879.0,8.53921E+11,5.05194E+11,1.54,2.61,19.61,17.9,2.19
399001.SZ,2019/2/13,12121827363831.0,9071931710979.0,1080115365993.0,8.5434E+11,5.05191E+11,1.86,3.15,19.99,18.25,2.23
399001.SZ,2019/2/14,12211630044153.0,9141118308026.0,1080115365993.0,8.56847E+11,5.0776E+11,1.86,3.15,20.13,18.38,2.25
399001.SZ,2019/2/15,12069385600312.0,9029466081515.0,1080120650993.0,8.56847E+11,5.07767E+11,1.8,3.03,19.9,18.15,2.22
399001.SZ,2019/2/18,12535579737216.0,9403106846904.0,1080124018315.0,8.59943E+11,5.07963E+11,2.26,3.83,20.67,18.89,2.31
399001.SZ,2019/2/19,12534555764747.0,9400224787247.0,1080138880915.0,8.59943E+11,5.08099E+11,2.37,4.01,20.67,18.88,2.31
399001.SZ,2019/2/20,12579789390919.0,9437869538176.0,1080138880915.0,8.60177E+11,5.08199E+11,1.96,3.31,20.74,18.94,2.32
399001.SZ,2019/2/21,12543418659338.0,9410613838443.0,1080270340915.0,8.60177E+11,5.08212E+11,2.31,3.91,20.68,19.09,2.31
399001.SZ,2019/2/22,12828455429152.0,9629022592331.0,1080270207315.0,8.60177E+11,5.08212E+11,2.28,3.85,21.15,19.58,2.37
399001.SZ,2019/2/25,13554175967251.0,10162230318996.0,1080483975430.0,8.60177E+11,5.08269E+11,3.67,6.21,22.34,20.78,2.5
399001.SZ,2019/2/26,13473547291380.0,10101903096434.0,1082596114172.0,8.6017E+11,5.08269E+11,3.98,6.74,22.21,20.66,2.48
399001.SZ,2019/2/27,13360393968263.0,10018208171321.0,1082603464172.0,8.6017E+11,5.08273E+11,3.01,5.09,22.02,20.93,2.45
399001.SZ,2019/2/28,13411033318740.0,10040754447699.0,1082603464172.0,8.6017E+11,5.08273E+11,2.19,3.7,22.09,22.42,2.47
399001.SZ,2019/3/1,13615905847870.0,10197724834166.0,1082625052968.0,8.60181E+11,5.08433E+11,2.21,3.73,22.43,22.76,2.5
399001.SZ,2019/3/4,13937780504493.0,10429823606676.0,1082625052968.0,8.60271E+11,5.08503E+11,3.44,5.81,22.96,23.3,2.56
399001.SZ,2019/3/5,14210929311172.0,10633322122408.0,1082720013210.0,8.6038E+11,5.08621E+11,2.98,5.04,23.39,23.75,2.61
399001.SZ,2019/3/6,14353935265451.0,10745302607634.0,1082719969010.0,8.60427E+11,5.08684E+11,3.76,6.35,23.61,23.99,2.64
399001.SZ,2019/3/7,14309926824241.0,10715102907921.0,1082719969263.0,8.60427E+11,5.08311E+11,3.64,6.16,23.46,23.92,2.63
399001.SZ,2019/3/8,13833012477527.0,10354104349647.0,1082719969263.0,8.60429E+11,5.08412E+11,3.99,6.75,22.67,23.12,2.54
399001.SZ,2019/3/11,14318856143741.0,10700985199457.0,1079665724672.0,8.57388E+11,5.06256E+11,3.07,5.2,23.54,23.92,2.64
399001.SZ,2019/3/12,14520674057570.0,10851069369809.0,1079681929972.0,8.57844E+11,5.06408E+11,3.54,6,23.83,24.25,2.68
399001.SZ,2019/3/13,14177433428155.0,10601565392587.0,1079742462435.0,8.57997E+11,5.06579E+11,3.14,5.32,23.26,23.68,2.61
399001.SZ,2019/3/14,13938917203267.0,10417267844242.0,1079742462435.0,8.58241E+11,5.06876E+11,2.49,4.21,22.86,23.28,2.57
399001.SZ,2019/3/15,14139621351124.0,10574508626338.0,1079713158903.0,8.59515E+11,5.0714E+11,2.1,3.55,23.09,23.63,2.61
399001.SZ,2019/3/18,14566452272433.0,10916983997295.0,1079753933577.0,8.59713E+11,5.07307E+11,2.32,3.94,23.74,24.32,2.68
399001.SZ,2019/3/19,14564148750445.0,10907095372685.0,1079765946477.0,8.59715E+11,5.07307E+11,2.25,3.82,23.53,24.43,2.68
399001.SZ,2019/3/20,14512388120735.0,10872860081211.0,1079735815903.0,8.59681E+11,5.07318E+11,2.37,4.02,23.39,24.35,2.67
399001.SZ,2019/3/21,14590126451015.0,10941055811120.0,1079735815903.0,8.59722E+11,5.07354E+11,2.73,4.62,23.37,24.45,2.68
399001.SZ,2019/3/22,14595654129281.0,10949584108263.0,1079739048903.0,8.59684E+11,5.07337E+11,2.36,4,23.35,24.46,2.68
399001.SZ,2019/3/25,14333804597544.0,10755570233573.0,1079739062783.0,8.60259E+11,5.07508E+11,2.39,4.06,22.97,24.03,2.64
399001.SZ,2019/3/26,14072162488140.0,10565560097472.0,1079741105783.0,8.60404E+11,5.07575E+11,2.27,3.85,22.45,23.57,2.58
399001.SZ,2019/3/27,14227471188570.0,10684343882804.0,1079741105783.0,8.60429E+11,5.0824E+11,1.88,3.18,22.86,23.9,2.61
399001.SZ,2019/3/28,14131752406753.0,10631403823464.0,1079794059199.0,8.62151E+11,5.08279E+11,1.79,3.03,23.01,23.75,2.59
399001.SZ,2019/3/29,14674516221045.0,11039572738203.0,1080529106397.0,8.62338E+11,5.08332E+11,2.35,3.99,23.88,24.66,2.69
399001.SZ,2019/4/1,15185470267722.0,11434369071482.0,1081031281427.0,8.62836E+11,5.08533E+11,2.94,4.98,24.33,25.69,2.78
399001.SZ,2019/4/2,15167804490805.0,11430734093329.0,1081299289789.0,8.63216E+11,5.08671E+11,2.9,4.91,24.26,25.66,2.77
399001.SZ,2019/4/3,15289523503057.0,11528975525857.0,1081630852826.0,8.63683E+11,5.09029E+11,2.44,4.13,24.39,25.9,2.79
399001.SZ,2019/4/4,15376842856799.0,11612374117996.0,1081630060999.0,8.63725E+11,5.09026E+11,2.58,4.38,24.5,26.05,2.81
399001.SZ,2019/4/8,15291315041025.0,11551237129038.0,1081907987463.0,8.63754E+11,5.08585E+11,2.87,4.88,24.37,25.91,2.79
399001.SZ,2019/4/9,15417284865177.0,11656775670106.0,1081907732463.0,8.63788E+11,5.08611E+11,2.2,3.73,24.49,26.15,2.82
399001.SZ,2019/4/10,15388692828522.0,11642984664115.0,1082064240871.0,8.63827E+11,5.08737E+11,2.39,4.06,24.46,26.08,2.82
399001.SZ,2019/4/11,15002261688048.0,11344355666085.0,1082064250667.0,8.64669E+11,5.09221E+11,2.08,3.52,23.86,25.43,2.74
399001.SZ,2019/4/12,14974306498764.0,11313273991208.0,1082015764875.0,8.63903E+11,5.08451E+11,1.66,2.82,23.79,25.42,2.74
399001.SZ,2019/4/15,14844587130843.0,11233942400840.0,1081989457426.0,8.64406E+11,5.08785E+11,1.94,3.3,23.54,25.5,2.71
399001.SZ,2019/4/16,15164030372647.0,11492551003699.0,1081989694364.0,8.64608E+11,5.08825E+11,2.03,3.45,24.09,26.07,2.77
399001.SZ,2019/4/17,15253490837945.0,11546217257131.0,1082351600257.0,8.64833E+11,5.09128E+11,2.18,3.7,24.5,26.26,2.79
399001.SZ,2019/4/18,15161445976335.0,11486021795552.0,1082353488787.0,8.64865E+11,5.09383E+11,1.82,3.09,24.32,26.1,2.77
399001.SZ,2019/4/19,15316549216337.0,11620820350667.0,1082292861293.0,8.64833E+11,5.09394E+11,1.81,3.08,24.54,26.37,2.8
399001.SZ,2019/4/22,15045869357608.0,11411241128579.0,1082293369051.0,8.65486E+11,5.09315E+11,2.02,3.43,24.17,25.88,2.75
399001.SZ,2019/4/23,14901699597917.0,11320895404859.0,1082294781575.0,8.65798E+11,5.0953E+11,1.84,3.12,24.07,25.72,2.72
399001.SZ,2019/4/24,15060980638926.0,11433945295819.0,1082350720068.0,8.65893E+11,5.10002E+11,1.86,3.16,24.33,25.95,2.75
399001.SZ,2019/4/25,14608954721326.0,11080583131520.0,1082376628534.0,8.65914E+11,5.10442E+11,2,3.39,23.9,25.6,2.66
399001.SZ,2019/4/26,14443545184870.0,10943801088180.0,1084884304709.0,8.65866E+11,5.10478E+11,1.62,2.75,24.1,25.53,2.62
399001.SZ,2019/4/29,14233233117818.0,10780306065347.0,1084884838563.0,8.65932E+11,5.10478E+11,1.8,3.05,24.38,25.23,2.57
399001.SZ,2019/4/30,14308006292880.0,10841750645219.0,1085015428359.0,8.66154E+11,5.10733E+11,1.31,2.22,25.75,25.68,2.56
399001.SZ,2019/5/6,13255823747768.0,10044623978831.0,1085015428359.0,8.66491E+11,5.12458E+11,1.94,3.28,23.85,23.79,2.37
399001.SZ,2019/5/7,13483341482933.0,10212028065125.0,1085026479022.0,8.66513E+11,5.12458E+11,1.51,2.55,24.26,24.2,2.41
399001.SZ,2019/5/8,13358286225608.0,10113263616281.0,1085259184885.0,8.6673E+11,5.12862E+11,1.4,2.36,24.04,23.97,2.39
399001.SZ,2019/5/9,13147688659282.0,9960950129620.0,1085248527690.0,8.66804E+11,5.12934E+11,1.17,1.98,23.66,23.59,2.35
399001.SZ,2019/5/10,13660761127651.0,10364841090587.0,1086264079392.0,8.68623E+11,5.13749E+11,1.67,2.82,24.58,24.52,2.44
399001.SZ,2019/5/13,13474606023383.0,10264456626599.0,1086741159084.0,8.72201E+11,5.14234E+11,1.22,2.07,24.25,24.18,2.41
399001.SZ,2019/5/14,13409638908912.0,10216013053518.0,1086237642548.0,8.7284E+11,5.14822E+11,1.16,1.96,23.82,23.71,2.39
399001.SZ,2019/5/15,13734868154870.0,10476606655309.0,1086406903012.0,8.73232E+11,5.14728E+11,1.27,2.15,24.4,24.28,2.45
399001.SZ,2019/5/16,13788109998779.0,10519102386344.0,1086693926544.0,8.73356E+11,5.14783E+11,1.34,2.28,24.49,24.37,2.46
399001.SZ,2019/5/17,13362138586275.0,10196385999139.0,1086987681125.0,8.73631E+11,5.15056E+11,1.55,2.64,23.74,23.62,2.38
399001.SZ,2019/5/20,13229436863928.0,10137476904726.0,1087148078898.0,8.753E+11,5.15198E+11,1.3,2.21,23.5,23.39,2.36
399001.SZ,2019/5/21,13468165636221.0,10338798303666.0,1087263074298.0,8.7608E+11,5.15471E+11,1.35,2.29,23.92,23.81,2.4
399001.SZ,2019/5/22,13395011756725.0,10283250267889.0,1089179377416.0,8.77326E+11,5.16959E+11,1.27,2.16,23.79,23.68,2.39
399001.SZ,2019/5/23,13065323371677.0,10028053172059.0,1089664155992.0,8.77821E+11,5.17222E+11,1.27,2.15,23.21,23.1,2.33
399001.SZ,2019/5/24,13022032233729.0,9992823879759.0,1089665481964.0,8.77964E+11,5.17364E+11,1.06,1.8,23.13,23.02,2.33
399001.SZ,2019/5/27,13319239051905.0,10211968844873.0,1090691075493.0,8.78421E+11,5.17716E+11,1.33,2.26,23.66,23.55,2.38
399001.SZ,2019/5/28,13417257655790.0,10279001713384.0,1090771973984.0,8.78566E+11,5.17859E+11,1.25,2.12,23.83,23.72,2.4
399001.SZ,2019/5/29,13369712172275.0,10247733157874.0,1091286201315.0,8.79029E+11,5.18061E+11,1.1,1.86,23.75,23.63,2.39
399001.SZ,2019/5/30,13273175827716.0,10172392524250.0,1091341442912.0,8.78973E+11,5.18212E+11,1.21,2.04,23.58,23.46,2.37
399001.SZ,2019/5/31,13246007833362.0,10149782999556.0,1091334205465.0,8.79014E+11,5.18249E+11,1.09,1.85,23.53,23.42,2.37
399001.SZ,2019/6/3,13148785579829.0,10072217681220.0,1091333970265.0,8.79014E+11,5.18407E+11,1.22,2.07,23.36,23.24,2.35
399001.SZ,2019/6/4,12983236207540.0,9947157601820.0,1091489373871.0,8.78991E+11,5.18443E+11,1.09,1.84,23.06,22.95,2.32
399001.SZ,2019/6/5,12984973466827.0,9943146670703.0,1092204501337.0,8.79574E+11,5.18466E+11,1,1.69,23.07,22.95,2.32
399001.SZ,2019/6/6,12749355739263.0,9791996802543.0,1094037190354.0,8.83432E+11,5.1912E+11,1.05,1.79,22.65,22.54,2.29
399001.SZ,2019/6/10,12932445046982.0,9942063602958.0,1094037190354.0,8.84123E+11,5.18348E+11,0.98,1.67,22.97,22.86,2.32
399001.SZ,2019/6/11,13402726719198.0,10380964813685.0,1095377816425.0,8.86391E+11,5.20046E+11,1.52,2.59,23.81,23.69,2.4
399001.SZ,2019/6/12,13285143793086.0,10285272892919.0,1095889120516.0,8.86524E+11,5.20168E+11,1.29,2.21,23.6,23.49,2.38
399001.SZ,2019/6/13,13291554400057.0,10284468987806.0,1097095381103.0,8.87768E+11,5.20659E+11,1.1,1.87,23.61,23.5,2.38
399001.SZ,2019/6/14,13094658841960.0,10135662648724.0,1097249542705.0,8.87808E+11,5.20759E+11,1.18,2.01,23.26,23.15,2.35
399001.SZ,2019/6/17,13339304571901.0,10131099014087.0,1114982706505.0,8.85492E+11,5.17704E+11,0.86,1.48,22.09,21.85,2.34
399001.SZ,2019/6/18,13371819469996.0,10167842539776.0,1114982604505.0,8.85829E+11,5.18021E+11,0.8,1.36,22.14,21.9,2.35
399001.SZ,2019/6/19,13554602245368.0,10309644160954.0,1115061989159.0,8.86683E+11,5.18163E+11,1.27,2.17,22.45,22.2,2.38
399001.SZ,2019/6/20,13880326648201.0,10558086763772.0,1115378119585.0,8.86645E+11,5.18118E+11,1.52,2.6,22.99,22.73,2.44
399001.SZ,2019/6/21,14002866731465.0,10661403923381.0,1115668970860.0,8.87249E+11,5.18563E+11,1.61,2.76,23.19,22.93,2.46
399001.SZ,2019/6/24,14004421060335.0,10664813156645.0,1115652878503.0,8.87256E+11,5.18437E+11,1.18,2.02,23.19,22.94,2.46
399001.SZ,2019/6/25,13871407718685.0,10571219760661.0,1115895647857.0,8.88281E+11,5.18327E+11,1.19,2.04,22.97,22.72,2.43
399001.SZ,2019/6/26,13875166908399.0,10572984317069.0,1116173719030.0,8.88413E+11,5.1862E+11,0.87,1.49,22.98,22.73,2.44
399001.SZ,2019/6/27,14054793678561.0,10715188153788.0,1116262895062.0,8.88563E+11,5.18718E+11,1.09,1.86,23.27,23.02,2.47
399001.SZ,2019/6/28,13962607673275.0,10648496003806.0,1119012008656.0,8.90715E+11,5.19431E+11,0.97,1.66,23.12,22.87,2.45
399001.SZ,2019/7/1,14473780356878.0,11046464144521.0,1120838518641.0,8.92175E+11,5.2019E+11,1.72,2.95,23.97,23.71,2.54
399001.SZ,2019/7/2,14512554752159.0,11194184352543.0,1121026695602.0,8.97689E+11,5.20866E+11,1.46,2.52,24.03,23.77,2.55
399001.SZ,2019/7/3,14374594758603.0,11027912142744.0,1123925642414.0,8.98337E+11,5.21718E+11,1.16,2,23.8,23.54,2.49
399001.SZ,2019/7/4,14287081879238.0,10970378216837.0,1124268258717.0,8.98686E+11,5.22017E+11,1.01,1.74,23.66,23.4,2.48
399001.SZ,2019/7/5,14383457421083.0,11053982909411.0,1127054099766.0,9.01316E+11,5.23138E+11,0.83,1.42,23.82,23.56,2.49
399001.SZ,2019/7/8,14008458897020.0,10765675649351.0,1127054099766.0,9.01518E+11,5.2334E+11,1.16,1.99,23.2,22.94,2.43
399001.SZ,2019/7/9,14031655474389.0,10779419662284.0,1127675681754.0,9.01682E+11,5.23504E+11,0.8,1.37,23.24,22.98,2.43
399001.SZ,2019/7/10,13978525984376.0,10737427648807.0,1128631908090.0,9.02377E+11,5.24022E+11,0.83,1.43,23.15,22.9,2.43
399001.SZ,2019/7/11,13953572782223.0,10720632124526.0,1129813549531.0,9.0353E+11,5.24399E+11,0.83,1.43,23.11,22.86,2.42
399001.SZ,2019/7/12,14041860159393.0,10797296473663.0,1129869054084.0,9.03445E+11,5.24589E+11,0.83,1.43,23.25,23,2.44
399001.SZ,2019/7/15,14180747138670.0,10895960268473.0,1129848055981.0,9.03445E+11,5.24597E+11,1.18,2.03,23.48,23.21,2.46
399001.SZ,2019/7/16,14138091736184.0,10861711600053.0,1129847931962.0,9.03448E+11,5.24608E+11,1.01,1.74,23.41,23.13,2.45
399001.SZ,2019/7/17,14168438601983.0,10890065773678.0,1130189749481.0,9.03966E+11,5.24895E+11,1.22,2.1,23.46,23.18,2.46
399001.SZ,2019/7/18,13953547221130.0,10727903929078.0,1130294004393.0,9.04579E+11,5.25512E+11,1.07,1.84,23.11,22.83,2.42
399001.SZ,2019/7/19,14080704281801.0,10821546421426.0,1130294004485.0,9.04579E+11,5.25512E+11,0.97,1.67,23.32,23.01,2.44
399001.SZ,2019/7/22,13932970596003.0,10712682477088.0,1130719070635.0,9.05616E+11,5.26301E+11,1.03,1.77,23.07,22.75,2.42
399001.SZ,2019/7/23,14010623413711.0,10759328071583.0,1130719070635.0,9.05616E+11,5.26301E+11,0.78,1.35,23.2,22.88,2.43
399001.SZ,2019/7/24,14144968227281.0,10854314312495.0,1130977919364.0,9.05865E+11,5.26571E+11,1.03,1.78,23.42,23.1,2.45
399001.SZ,2019/7/25,14261566809635.0,10943207647217.0,1130979667117.0,9.05904E+11,5.26635E+11,1.09,1.88,23.62,23.29,2.47
399001.SZ,2019/7/26,14270552184873.0,10948890871464.0,1130979667131.0,9.05904E+11,5.26635E+11,0.9,1.55,23.63,23.3,2.47
399001.SZ,2019/7/29,14278632355323.0,10960020708240.0,1130979667131.0,9.05923E+11,5.26664E+11,0.94,1.62,23.64,23.32,2.47
399001.SZ,2019/7/30,14347687216339.0,11012145810408.0,1130979667131.0,9.05918E+11,5.26953E+11,1.11,1.9,23.76,23.48,2.49
399001.SZ,2019/7/31,14240477800587.0,10963012140238.0,1130992906581.0,9.07255E+11,5.27099E+11,0.91,1.56,23.58,23.48,2.47
399001.SZ,2019/8/1,14140188024510.0,10885291838569.0,1131002988364.0,9.07306E+11,5.27461E+11,0.92,1.58,23.42,23.31,2.45
399001.SZ,2019/8/2,13944067856928.0,10732675867140.0,1131003183364.0,9.07357E+11,5.27499E+11,1.14,1.96,23.09,23,2.42
399001.SZ,2019/8/5,13698186889026.0,10546737898338.0,1131000637428.0,9.07349E+11,5.27464E+11,1.04,1.78,22.68,22.58,2.37
399001.SZ,2019/8/6,13517150985411.0,10412891872404.0,1131012599403.0,9.07381E+11,5.27613E+11,1.36,2.34,22.38,22.28,2.35
399001.SZ,2019/8/7,13463136131806.0,10361511293367.0,1130984560049.0,9.0741E+11,5.26667E+11,0.9,1.54,22.29,22.19,2.34
399001.SZ,2019/8/8,13613147701723.0,10483279227311.0,1130983743396.0,9.07524E+11,5.26666E+11,0.86,1.49,22.54,22.39,2.36
399001.SZ,2019/8/9,13435104624895.0,10336598215873.0,1130983732196.0,9.07505E+11,5.27463E+11,0.95,1.63,22.25,22.09,2.33
399001.SZ,2019/8/12,13703230155206.0,10559495693963.0,1130983732196.0,9.07665E+11,5.27794E+11,0.94,1.61,22.69,22.48,2.37
399001.SZ,2019/8/13,13594459115770.0,10478167378000.0,1130982157196.0,9.08486E+11,5.28037E+11,0.83,1.43,22.51,22.21,2.35
399001.SZ,2019/8/14,13692193933965.0,10556683199478.0,1130950848858.0,9.08651E+11,5.29265E+11,1.09,1.87,22.67,22.38,2.37
399001.SZ,2019/8/15,13758159857304.0,10601670156142.0,1131014840754.0,9.08716E+11,5.29406E+11,1.09,1.87,22.78,22.46,2.39
399001.SZ,2019/8/16,13843283443614.0,10665920796000.0,1131222000342.0,9.09029E+11,5.29197E+11,1.16,1.99,22.92,22.62,2.4
399001.SZ,2019/8/19,14251079840422.0,10982155514771.0,1131222170453.0,9.09123E+11,5.29276E+11,1.62,2.78,23.6,23.28,2.47
399001.SZ,2019/8/20,14260198936600.0,10986801244947.0,1131226200453.0,9.09001E+11,5.29281E+11,1.49,2.56,23.61,23.37,2.47
399001.SZ,2019/8/21,14237010269908.0,10970070788934.0,1131472962545.0,9.09223E+11,5.30656E+11,1.24,2.13,23.58,23.16,2.47
399001.SZ,2019/8/22,14276082767616.0,11005163272560.0,1131464396073.0,9.09229E+11,5.30656E+11,1.28,2.19,23.64,23.22,2.48
399001.SZ,2019/8/23,14301907535058.0,11022857690111.0,1131464396073.0,9.09309E+11,5.30725E+11,1.23,2.11,23.68,23.22,2.48
399001.SZ,2019/8/26,14180655633448.0,10913675665836.0,1131463403139.0,9.0957E+11,5.30732E+11,1.29,2.21,23.48,23.01,2.46
399001.SZ,2019/8/27,14443695143656.0,11105058075531.0,1131463299242.0,9.08596E+11,5.29825E+11,1.6,2.75,23.92,23.5,2.5
399001.SZ,2019/8/28,14404718315246.0,11070738851556.0,1131463299242.0,9.08729E+11,5.29705E+11,1.33,2.28,23.85,23.38,2.49
399001.SZ,2019/8/29,14366538393296.0,11043520800465.0,1131463575936.0,9.08735E+11,5.29047E+11,1.24,2.12,23.79,23.4,2.48
399001.SZ,2019/8/30,14334896547384.0,11021991074590.0,1131513243181.0,9.08774E+11,5.29521E+11,1.38,2.37,23.74,23.53,2.46
399001.SZ,2019/9/2,14624805647358.0,11245158004090.0,1131513038501.0,9.09154E+11,5.30764E+11,1.44,2.47,24.22,23.85,2.51
399001.SZ,2019/9/3,14710371718365.0,11311307427547.0,1131589702101.0,9.09225E+11,5.31015E+11,1.48,2.53,24.36,23.99,2.52
399001.SZ,2019/9/4,14804040940680.0,11385662519194.0,1131588607306.0,9.09235E+11,5.31028E+11,1.65,2.82,24.52,24.15,2.53
399001.SZ,2019/9/5,14932862011650.0,11482323269334.0,1131585661880.0,9.09232E+11,5.3104E+11,2.19,3.74,24.73,24.36,2.56
399001.SZ,2019/9/6,14985835520030.0,11528328983785.0,1131626390445.0,9.09245E+11,5.31058E+11,1.59,2.71,24.82,24.44,2.57
399001.SZ,2019/9/9,15236801469057.0,11718439545468.0,1131626341133.0,9.09255E+11,5.31066E+11,1.96,3.35,25.23,24.85,2.61
399001.SZ,2019/9/10,15187113279623.0,11680651385091.0,1131626341133.0,9.09355E+11,5.31169E+11,1.82,3.12,25.15,24.77,2.6
399001.SZ,2019/9/11,15030954465015.0,11547241246769.0,1131626341133.0,9.09366E+11,5.31192E+11,1.66,2.85,24.89,24.52,2.57
399001.SZ,2019/9/12,15117306959933.0,11627632854191.0,1131649370261.0,9.0937E+11,5.31197E+11,1.32,2.25,25.03,24.66,2.59
399001.SZ,2019/9/16,15120458245697.0,11623307035505.0,1131655120261.0,9.09711E+11,5.31625E+11,1.42,2.44,25.04,24.66,2.59
399001.SZ,2019/9/17,15085758810234.0,11441624272919.0,1181382142900.0,9.11648E+11,5.32239E+11,1.48,2.53,24.61,24.21,2.54
399001.SZ,2019/9/18,15139194697648.0,11520209707653.0,1181381024129.0,9.14665E+11,5.34053E+11,1.15,1.96,24.7,24.3,2.55
399001.SZ,2019/9/19,15280503143561.0,11632348896502.0,1181380755848.0,9.16127E+11,5.34988E+11,1.23,2.1,24.92,24.52,2.57
399001.SZ,2019/9/20,15313811857875.0,11688785795218.0,1181382169393.0,9.17501E+11,5.34924E+11,1.33,2.28,24.98,24.58,2.59
399001.SZ,2019/9/23,15152600250557.0,11580959876021.0,1181382110437.0,9.17716E+11,5.34997E+11,1.31,2.25,24.72,24.32,2.56
399001.SZ,2019/9/24,15203182453490.0,11607322613436.0,1181390900081.0,9.1774E+11,5.3509E+11,1.37,2.35,24.8,24.4,2.57
399001.SZ,2019/9/25,14988765607672.0,11451390868577.0,1181373236334.0,9.17775E+11,5.35237E+11,1.33,2.29,24.45,24.06,2.54
399001.SZ,2019/9/26,14687949827389.0,11169156607250.0,1181393960865.0,9.15361E+11,5.34778E+11,1.32,2.26,23.96,23.57,2.49
399001.SZ,2019/9/27,14816274059230.0,11263905486969.0,1181910842506.0,9.15887E+11,5.34906E+11,1.01,1.73,24.17,23.78,2.49
399001.SZ,2019/9/30,14670833220226.0,11148670543148.0,1181910656746.0,9.15999E+11,5.35564E+11,0.89,1.53,23.93,23.55,2.47
399001.SZ,2019/10/8,14708741579366.0,11213604877605.0,1182643801199.0,9.16914E+11,5.36105E+11,0.94,1.61,23.99,23.61,2.47
399001.SZ,2019/10/9,14767286277620.0,11264526436298.0,1182739940630.0,9.19204E+11,5.36253E+11,0.89,1.53,24.09,23.7,2.48
399001.SZ,2019/10/10,14967633052363.0,11397884348916.0,1182786780006.0,9.19252E+11,5.36596E+11,1.06,1.82,24.41,24.02,2.52
399001.SZ,2019/10/11,15019772627324.0,11436256231562.0,1182786780006.0,9.19252E+11,5.36596E+11,1.1,1.88,24.5,24.11,2.52
399001.SZ,2019/10/14,15211912997082.0,11581528464076.0,1182784824581.0,9.19467E+11,5.36753E+11,1.35,2.32,24.81,24.37,2.56
399001.SZ,2019/10/15,15048985519670.0,11459983298973.0,1182784824581.0,9.19467E+11,5.36814E+11,1.17,2,24.55,24.13,2.53
399001.SZ,2019/10/16,14996477476443.0,11491959542057.0,1182783681901.0,9.2017E+11,5.37204E+11,1.02,1.74,24.46,24.04,2.52
399001.SZ,2019/10/17,15013141446901.0,11491444513016.0,1182779867901.0,9.2017E+11,5.3724E+11,0.88,1.51,24.49,24.07,2.52
399001.SZ,2019/10/18,14839663269594.0,11355179969699.0,1182779867901.0,9.20187E+11,5.37322E+11,1.05,1.8,24.21,23.79,2.49
399001.SZ,2019/10/21,14865676130620.0,11387932556193.0,1182779867901.0,9.20188E+11,5.37754E+11,0.9,1.54,24.25,23.81,2.49
399001.SZ,2019/10/22,14993399246171.0,11486040842639.0,1182782000677.0,9.2038E+11,5.38231E+11,0.89,1.52,24.46,23.9,2.51
399001.SZ,2019/10/23,14868317080709.0,11395377619587.0,1182858062512.0,9.2041E+11,5.38245E+11,0.89,1.53,24.25,23.67,2.5
399001.SZ,2019/10/24,14847854175506.0,11378906123521.0,1182862861546.0,9.20411E+11,5.37917E+11,0.87,1.48,24.22,23.66,2.49
399001.SZ,2019/10/25,15021892251111.0,11506545390583.0,1182862861546.0,9.20411E+11,5.38184E+11,0.98,1.68,24.5,23.83,2.51
399001.SZ,2019/10/28,15212114353298.0,11678420755130.0,1182863273586.0,9.21788E+11,5.38953E+11,1.41,2.4,24.81,24.08,2.53
399001.SZ,2019/10/29,15121886401640.0,11619175669998.0,1182863273586.0,9.22571E+11,5.40831E+11,1.48,2.52,24.67,23.82,2.52
399001.SZ,2019/10/30,15012191820236.0,11533230658613.0,1182891043809.0,9.22582E+11,5.41882E+11,1.2,2.04,24.49,23.85,2.49
399001.SZ,2019/10/31,14941943763528.0,11482219331700.0,1182869834021.0,9.22582E+11,5.42569E+11,1.09,1.86,24.37,23.41,2.46
399001.SZ,2019/11/1,15158916774957.0,11670639968806.0,1182879114013.0,9.22597E+11,5.42907E+11,1.05,1.79,24.73,23.75,2.49
399001.SZ,2019/11/4,15266765193423.0,11743076129052.0,1183008066759.0,9.22597E+11,5.42999E+11,1.17,1.98,24.9,23.92,2.51
399001.SZ,2019/11/5,15379109459513.0,11824697784422.0,1183007998308.0,9.22503E+11,5.42967E+11,1.21,2.06,25.09,24.09,2.53
399001.SZ,2019/11/6,15255311944316.0,11729337218070.0,1183008063921.0,9.22501E+11,5.42993E+11,1.13,1.93,24.88,23.9,2.51
399001.SZ,2019/11/7,15345046045563.0,11812101297166.0,1183029464414.0,9.22735E+11,5.43003E+11,1.05,1.79,25.03,24.04,2.52
399001.SZ,2019/11/8,15315204540824.0,11784419328361.0,1183065796414.0,9.22618E+11,5.42999E+11,1.17,1.98,24.98,23.99,2.52
399001.SZ,2019/11/11,15009419126805.0,11561371139285.0,1183952345659.0,9.24821E+11,5.43621E+11,1.08,1.84,24.46,23.42,2.47
399001.SZ,2019/11/12,15015626685541.0,11557681028916.0,1183952345659.0,9.24821E+11,5.43874E+11,0.96,1.64,24.47,23.43,2.47
399001.SZ,2019/11/13,15039497273898.0,11577592109426.0,1183952140659.0,9.24821E+11,5.43947E+11,0.83,1.41,24.51,23.47,2.47
399001.SZ,2019/11/14,15124136585784.0,11640039518829.0,1183951833179.0,9.24871E+11,5.43947E+11,1.03,1.75,24.65,23.6,2.49
399001.SZ,2019/11/15,14969656262467.0,11530886202557.0,1183953235319.0,9.25149E+11,5.44149E+11,1.03,1.75,24.4,23.36,2.46
399001.SZ,2019/11/18,15076814898853.0,11629613847909.0,1184129553012.0,9.25789E+11,5.4424E+11,0.93,1.58,24.57,23.53,2.48
399001.SZ,2019/11/19,15348069243828.0,11830744309600.0,1184126167313.0,9.25767E+11,5.44248E+11,1.07,1.82,25.02,23.95,2.52
399001.SZ,2019/11/20,15237908912670.0,11736341975845.0,1184126167313.0,9.25767E+11,5.44262E+11,1.09,1.85,24.84,23.78,2.5
399001.SZ,2019/11/21,15188772955389.0,11697194588266.0,1184126164313.0,9.25773E+11,5.44281E+11,0.88,1.5,24.76,23.7,2.5
399001.SZ,2019/11/22,14949667869114.0,11522162608371.0,1184120994541.0,9.25985E+11,5.44233E+11,1.2,2.04,24.37,23.33,2.46
399001.SZ,2019/11/25,14936365249487.0,11536037479717.0,1184120994541.0,9.25985E+11,5.44369E+11,1.16,1.97,24.34,23.31,2.45
399001.SZ,2019/11/26,15014887030470.0,11593686266428.0,1184126826091.0,9.26009E+11,5.44424E+11,1.21,2.06,24.47,23.43,2.47
399001.SZ,2019/11/27,14961322320411.0,11555026303995.0,1184126826091.0,9.26031E+11,5.44457E+11,1.05,1.78,24.38,23.35,2.46
399001.SZ,2019/11/28,14920525683355.0,11524313863073.0,1184127164191.0,9.26032E+11,5.44685E+11,0.86,1.46,24.32,23.28,2.45
399001.SZ,2019/11/29,14855506916078.0,11469664261688.0,1184144539396.0,9.2605E+11,5.44707E+11,0.92,1.56,24.21,23.18,2.44
399001.SZ,2019/12/2,14889719576273.0,11500740325794.0,1184186720626.0,9.2613E+11,5.44658E+11,0.93,1.58,24.27,23.24,2.45
399001.SZ,2019/12/3,14959364607483.0,11558748802900.0,1184197134126.0,9.26605E+11,5.44659E+11,0.92,1.57,24.38,23.34,2.46
399001.SZ,2019/12/4,14995809334448.0,11590830160300.0,1184198255136.0,9.26629E+11,5.44735E+11,1.02,1.73,24.44,23.4,2.46
399001.SZ,2019/12/5,15159798292560.0,11711999183583.0,1184164946430.0,9.26594E+11,5.45243E+11,1.16,1.97,24.71,23.66,2.49
399001.SZ,2019/12/6,15293094103998.0,11813678219322.0,1184268463627.0,9.26793E+11,5.45084E+11,1.09,1.85,24.93,23.87,2.51
399001.SZ,2019/12/9,15269821189600.0,11815731210297.0,1184342877121.0,9.27177E+11,5.45157E+11,1.28,2.18,24.89,23.83,2.51
399001.SZ,2019/12/10,15313851451427.0,11855976845897.0,1184339299959.0,9.27688E+11,5.4555E+11,1.24,2.11,24.96,23.9,2.51
399001.SZ,2019/12/11,15236309308227.0,11795803087342.0,1184339875308.0,9.27706E+11,5.45923E+11,1.28,2.18,24.83,23.78,2.5
399001.SZ,2019/12/12,15219426379351.0,11772692151014.0,1184373560006.0,9.27836E+11,5.46056E+11,1.16,1.96,24.81,23.75,2.5
399001.SZ,2019/12/13,15469226036782.0,11974374318435.0,1184271174346.0,9.27863E+11,5.46157E+11,1.56,2.65,25.21,24.14,2.54
399001.SZ,2019/12/16,15997246345163.0,12162358838967.0,1173663462389.0,9.06491E+11,5.31197E+11,1.91,3.25,25.38,23.81,2.62
399001.SZ,2019/12/17,16217625941152.0,12338231084666.0,1173664824989.0,9.06498E+11,5.31203E+11,2.31,3.95,25.73,24.14,2.65
399001.SZ,2019/12/18,16199977886948.0,12326704761933.0,1173664856109.0,9.06499E+11,5.31831E+11,1.91,3.25,25.7,24.11,2.65
399001.SZ,2019/12/19,16207671035088.0,12334570704540.0,1173690919886.0,9.06525E+11,5.3201E+11,1.58,2.7,25.71,24.12,2.65
399001.SZ,2019/12/20,16122030103166.0,12260620792255.0,1173687354236.0,9.06526E+11,5.32313E+11,1.63,2.77,25.58,23.99,2.64
399001.SZ,2019/12/23,15833400606964.0,12057180235439.0,1173686451716.0,9.06761E+11,5.32507E+11,1.51,2.57,25.12,23.56,2.59
399001.SZ,2019/12/24,16030568365552.0,12255217886243.0,1173686465626.0,9.0841E+11,5.32823E+11,1.24,2.11,25.43,23.86,2.62
399001.SZ,2019/12/25,16084461204373.0,12297644369087.0,1173690669626.0,9.0842E+11,5.3293E+11,1.35,2.3,25.52,23.94,2.63
399001.SZ,2019/12/26,16187792670773.0,12390893954657.0,1173700366096.0,9.08887E+11,5.3312E+11,1.39,2.36,25.68,24.09,2.65
399001.SZ,2019/12/27,16094719656511.0,12344785304182.0,1173718611696.0,9.10251E+11,5.33456E+11,1.81,3.09,25.54,23.95,2.63
399001.SZ,2019/12/30,16318330915547.0,12520430986193.0,1173720997247.0,9.10608E+11,5.33597E+11,1.67,2.85,25.89,24.28,2.67
399001.SZ,2019/12/31,16415104067820.0,12596244194064.0,1173726483807.0,9.10609E+11,5.3374E+11,1.41,2.41,26.04,24.43,2.69
399001.SZ,2020/1/2,16730156248434.0,12834157582717.0,1174057126117.0,9.10611E+11,5.34076E+11,2.02,3.44,26.54,24.9,2.74
399001.SZ,2020/1/3,16756020997854.0,12865470913049.0,1174329037944.0,9.11282E+11,5.34323E+11,1.75,2.98,26.58,24.94,2.74
399001.SZ,2020/1/6,16806835666742.0,12923275249496.0,1175213918340.0,9.13706E+11,5.34747E+11,2.05,3.51,26.67,25.01,2.75
399001.SZ,2020/1/7,17009565280562.0,13067832078647.0,1175213918340.0,9.13706E+11,5.34766E+11,1.88,3.21,26.99,25.31,2.78
399001.SZ,2020/1/8,16799974167165.0,12911553356909.0,1175210149545.0,9.13734E+11,5.34885E+11,2.22,3.79,26.65,25,2.75
399001.SZ,2020/1/9,17099336603492.0,13134622258398.0,1174947986528.0,9.1377E+11,5.35028E+11,1.86,3.18,27.13,25.45,2.79
399001.SZ,2020/1/10,17080254649613.0,13120739738253.0,1174947986528.0,9.13776E+11,5.35044E+11,1.59,2.72,27.1,25.42,2.79
399001.SZ,2020/1/13,17328953058713.0,13323641857790.0,1174985733825.0,9.14406E+11,5.34111E+11,1.65,2.83,27.49,25.79,2.83
399001.SZ,2020/1/14,17263483487898.0,13269956027321.0,1175029031843.0,9.15372E+11,5.3502E+11,1.8,3.08,27.39,25.68,2.82
399001.SZ,2020/1/15,17235556966889.0,13251044600305.0,1175050727406.0,9.15412E+11,5.35025E+11,1.52,2.6,27.35,25.64,2.81
399001.SZ,2020/1/16,17231827542817.0,13263265308064.0,1175050711621.0,9.17436E+11,5.36936E+11,1.53,2.62,27.34,25.64,2.81
399001.SZ,2020/1/17,17206232843444.0,13245100480014.0,1175081456720.0,9.17536E+11,5.37114E+11,1.45,2.47,27.3,25.6,2.81
399001.SZ,2020/1/20,17445762514064.0,13447516758361.0,1175086941675.0,9.18857E+11,5.3836E+11,1.65,2.82,27.68,25.95,2.85
399001.SZ,2020/1/21,17203425773938.0,13253826804192.0,1175086941725.0,9.19404E+11,5.38661E+11,1.67,2.85,27.29,25.57,2.81
399001.SZ,2020/1/22,17382457968022.0,13389756942895.0,1176316039524.0,9.19428E+11,5.38878E+11,1.73,2.95,27.58,25.84,2.84
399001.SZ,2020/1/23,16799711631570.0,13040187244358.0,1176332009524.0,9.23417E+11,5.39534E+11,2.01,3.45,26.65,24.92,2.74
399001.SZ,2020/2/3,15409654243125.0,11965490491412.0,1176332509681.0,9.24609E+11,5.40308E+11,1.13,1.94,24.44,22.86,2.51
399001.SZ,2020/2/4,15892103263298.0,12326737804168.0,1176713608649.0,9.25695E+11,5.41322E+11,2.59,4.42,25.21,23.57,2.58
399001.SZ,2020/2/5,16249754853822.0,12588805239839.0,1176715103669.0,9.25696E+11,5.40617E+11,2.32,3.98,25.77,24.1,2.64
399001.SZ,2020/2/6,16706197902010.0,12940877884715.0,1176715103669.0,9.25959E+11,5.41332E+11,2.46,4.21,26.5,24.77,2.72
399001.SZ,2020/2/7,16712322221792.0,12956173505429.0,1176715103669.0,9.26064E+11,5.41359E+11,2.33,3.99,26.51,24.82,2.72
399001.SZ,2020/2/10,16908123767921.0,13097374222190.0,1176744873080.0,9.26216E+11,5.4152E+11,2.22,3.79,26.82,25.11,2.75
399001.SZ,2020/2/11,16977608771462.0,13154148319725.0,1178689161261.0,9.26254E+11,5.416E+11,1.95,3.34,26.93,25.21,2.76
399001.SZ,2020/2/12,17214741406639.0,13337895773135.0,1178689161261.0,9.26217E+11,5.416E+11,1.99,3.4,27.31,25.56,2.79
399001.SZ,2020/2/13,17092782023680.0,13255415211743.0,1178690381261.0,9.26925E+11,5.41773E+11,2.13,3.64,27.11,25.38,2.77
399001.SZ,2020/2/14,17182693139097.0,13325113074292.0,1178743011753.0,9.26978E+11,5.41773E+11,2.02,3.45,27.11,25.51,2.79
399001.SZ,2020/2/17,17688006097321.0,13714334061324.0,1178753353920.0,9.26988E+11,5.41838E+11,2.34,4,27.91,26.24,2.87
399001.SZ,2020/2/18,17772433603937.0,13777446831727.0,1178753353920.0,9.27066E+11,5.42143E+11,2.45,4.19,28.04,26.37,2.89
399001.SZ,2020/2/19,17687167967185.0,13710938022087.0,1178886194623.0,9.27201E+11,5.42147E+11,2.52,4.32,27.91,26.23,2.87
399001.SZ,2020/2/20,18089040631091.0,14033386486179.0,1178886049230.0,9.27148E+11,5.42313E+11,2.7,4.62,28.46,26.76,2.93
399001.SZ,2020/2/21,18264821104304.0,14164902208543.0,1178890868225.0,9.27366E+11,5.42884E+11,2.88,4.93,28.73,27.09,2.96
399001.SZ,2020/2/24,18456325233237.0,14301588060456.0,1178901885754.0,9.27498E+11,5.42794E+11,2.99,5.11,29.04,27.35,2.99
399001.SZ,2020/2/25,18582560383979.0,14393478413062.0,1178901885754.0,9.2751E+11,5.42848E+11,3.5,5.98,29.22,27.31,3.01
399001.SZ,2020/2/26,18059700779672.0,14008520893515.0,1178902067754.0,9.27592E+11,5.42848E+11,3.39,5.79,28.4,26.56,2.92
399001.SZ,2020/2/27,18106859039224.0,14050961425924.0,1178903407754.0,9.2807E+11,5.43386E+11,2.66,4.54,28.22,26.42,2.93
399001.SZ,2020/2/28,17282566455123.0,13411238175569.0,1178899814183.0,9.28325E+11,5.43646E+11,3.02,5.15,26.94,25.07,2.79
399001.SZ,2020/3/2,17901614462459.0,13900276578705.0,1178899814183.0,9.28541E+11,5.43727E+11,2.67,4.56,27.87,26.99,2.89
399001.SZ,2020/3/3,18053846356675.0,14005111515760.0,1178900450065.0,9.28596E+11,5.43959E+11,2.86,4.89,28.11,26.99,2.92
399001.SZ,2020/3/4,18081997972900.0,14029705376170.0,1178900517798.0,9.28599E+11,5.44241E+11,2.39,4.08,28.15,27.03,2.92
399001.SZ,2020/3/5,18414202679809.0,14300104131470.0,1178904056128.0,9.28602E+11,5.44186E+11,2.72,4.65,28.67,27.53,2.97
399001.SZ,2020/3/6,18223555526148.0,14139762276494.0,1179029236025.0,9.28628E+11,5.44574E+11,2.3,3.92,28.15,27.17,2.94
399001.SZ,2020/3/9,17508564860349.0,13584478284360.0,1179031015040.0,9.2872E+11,5.44437E+11,2.68,4.57,27.05,26.09,2.83
399001.SZ,2020/3/10,17935986813985.0,13930625425848.0,1179093706656.0,9.28887E+11,5.44554E+11,2.6,4.43,27.68,26.72,2.9
399001.SZ,2020/3/11,17629906932223.0,13696538544116.0,1179093708915.0,9.28887E+11,5.44653E+11,2.2,3.76,27.21,26.26,2.85
399001.SZ,2020/3/12,17219170383558.0,13388778030461.0,1179090202415.0,9.29814E+11,5.44927E+11,2.01,3.43,26.57,25.65,2.78
399001.SZ,2020/3/13,17043886262337.0,13247810736444.0,1179094239615.0,9.29826E+11,5.45073E+11,2.42,4.12,26.35,25.47,2.75
399001.SZ,2020/3/16,16179495432815.0,12570751028150.0,1179094239615.0,9.29969E+11,5.45122E+11,2.43,4.15,25.02,24.47,2.61
399001.SZ,2020/3/17,16091727107740.0,12496397356314.0,1179143635074.0,9.29948E+11,5.45107E+11,2.11,3.59,24.87,24.34,2.6
399001.SZ,2020/3/18,15837576327442.0,12294530587040.0,1179143635074.0,9.30619E+11,5.45678E+11,2.12,3.62,24.28,23.92,2.55
399001.SZ,2020/3/19,15813311038508.0,12261549852273.0,1179552347252.0,9.3089E+11,5.46842E+11,2.08,3.54,24.28,23.89,2.55
399001.SZ,2020/3/20,16026914260669.0,12435134892012.0,1179552072252.0,9.30899E+11,5.46904E+11,1.7,2.9,24.51,24.22,2.59
399001.SZ,2020/3/23,15339544554460.0,11891517630369.0,1179552045502.0,9.30919E+11,5.4691E+11,1.76,2.99,23.53,23.18,2.47
399001.SZ,2020/3/24,15690214040221.0,12178096922756.0,1179552045502.0,9.3124E+11,5.47245E+11,1.82,3.09,23.89,23.64,2.53
399001.SZ,2020/3/25,16196251828903.0,12567997082924.0,1179552045502.0,9.30922E+11,5.47468E+11,1.94,3.3,24.63,24.39,2.61
399001.SZ,2020/3/26,16092488727291.0,12475141353291.0,1179743719523.0,9.33097E+11,5.49072E+11,1.67,2.83,24.43,24.23,2.59
399001.SZ,2020/3/27,16040451897835.0,12444803758842.0,1179743606672.0,9.33415E+11,5.49276E+11,1.52,2.59,24.43,24.22,2.59
399001.SZ,2020/3/30,15734008838077.0,12217602567621.0,1179743332672.0,9.33647E+11,5.49155E+11,1.61,2.74,23.47,23.62,2.53
399001.SZ,2020/3/31,15869901203502.0,12290528288020.0,1181509498480.0,9.33169E+11,5.49073E+11,1.41,2.4,23.62,23.91,2.55
399001.SZ,2020/4/1,15828843909639.0,12271935649809.0,1181509502066.0,9.3317E+11,5.49333E+11,1.59,2.71,23.47,23.83,2.54
399001.SZ,2020/4/2,16170137550124.0,12543460199151.0,1181687932478.0,9.33626E+11,5.49272E+11,1.55,2.63,23.82,24.34,2.59
399001.SZ,2020/4/3,16090437993946.0,12483911524810.0,1181687887959.0,9.33766E+11,5.49791E+11,1.42,2.4,23.68,24.21,2.58
399001.SZ,2020/4/7,16581225443847.0,12870872445847.0,1181687987859.0,9.3397E+11,5.5008E+11,1.83,3.1,24.42,24.95,2.66
399001.SZ,2020/4/8,16536754571228.0,12810322285977.0,1184670154071.0,9.33322E+11,5.5008E+11,1.65,2.8,24.31,24.89,2.64
399001.SZ,2020/4/9,16661833733456.0,12893977593206.0,1184670154118.0,9.33322E+11,5.5029E+11,1.49,2.52,24.45,25.07,2.66
399001.SZ,2020/4/10,16412314506730.0,12715100145049.0,1184670154118.0,9.33357E+11,5.50728E+11,1.55,2.63,23.91,24.68,2.62
399001.SZ,2020/4/13,16297148432299.0,12623176049436.0,1184670154118.0,9.33357E+11,5.51214E+11,1.23,2.08,23.75,24.53,2.6
399001.SZ,2020/4/14,16688512851459.0,12924801253456.0,1184940724388.0,9.3346E+11,5.51265E+11,1.48,2.51,24.36,25.01,2.65
399001.SZ,2020/4/15,16610912713375.0,12847865013607.0,1184940724388.0,9.33371E+11,5.51185E+11,1.66,2.81,24.13,25.31,2.64
399001.SZ,2020/4/16,16683467951054.0,12895633993713.0,1184935024388.0,9.33408E+11,5.51431E+11,1.48,2.51,24.28,25.42,2.65
399001.SZ,2020/4/17,16770805756415.0,12981356256014.0,1184933923030.0,9.36064E+11,5.51487E+11,1.83,3.1,24.38,25.56,2.66
399001.SZ,2020/4/20,16907739120432.0,13093680430894.0,1184933923030.0,9.36095E+11,5.51504E+11,1.52,2.58,24.56,25.77,2.68
399001.SZ,2020/4/21,16730262116057.0,12952198086042.0,1184956733322.0,9.36183E+11,5.51707E+11,1.56,2.65,24.13,25.45,2.66
399001.SZ,2020/4/22,16905723891801.0,13089796841878.0,1184927594755.0,9.36277E+11,5.51838E+11,1.39,2.35,24.64,25.68,2.68
399001.SZ,2020/4/23,16833658395018.0,13036842302658.0,1184927594755.0,9.36278E+11,5.51926E+11,1.52,2.58,24.59,25.59,2.67
399001.SZ,2020/4/24,16628896023259.0,12906817229768.0,1184927056938.0,9.3679E+11,5.52221E+11,1.44,2.45,23.95,25.24,2.63
399001.SZ,2020/4/27,16697058318741.0,12959878864478.0,1185852371223.0,9.38156E+11,5.53352E+11,1.32,2.23,23.84,25.25,2.63
399001.SZ,2020/4/28,16793051235118.0,13040091131973.0,1185975706721.0,9.38461E+11,5.53358E+11,1.69,2.87,24.07,25.5,2.63
399001.SZ,2020/4/29,16791330762885.0,13049933127348.0,1186094416309.0,9.38701E+11,5.53682E+11,1.26,2.14,24.78,25.94,2.62
399001.SZ,2020/4/30,17079553986712.0,13281186987000.0,1188563925328.0,9.39135E+11,5.54348E+11,1.7,2.88,26.86,28.01,2.66
399001.SZ,2020/5/6,17309130324947.0,13455409257403.0,1188564464448.0,9.39171E+11,5.54244E+11,1.79,3.03,27.22,28.38,2.69
399001.SZ,2020/5/7,17283548051420.0,13428378562638.0,1188564537337.0,9.39174E+11,5.53922E+11,1.58,2.68,27.18,28.34,2.69
399001.SZ,2020/5/8,17485294357372.0,13594250360638.0,1188904771782.0,9.39272E+11,5.54414E+11,1.65,2.79,27.5,28.67,2.72
399001.SZ,2020/5/11,17432834788417.0,13568309921545.0,1188067775620.0,9.38381E+11,5.53604E+11,1.67,2.83,27.32,28.47,2.71
399001.SZ,2020/5/12,17502470440766.0,13618837425543.0,1188081738627.0,9.38403E+11,5.53367E+11,1.42,2.4,27.43,28.58,2.72
399001.SZ,2020/5/13,17606299018931.0,13695381385900.0,1188220108263.0,9.38552E+11,5.53583E+11,1.36,2.3,27.59,28.75,2.74
399001.SZ,2020/5/14,17422939926728.0,13558223640592.0,1188189886774.0,9.38643E+11,5.53711E+11,1.46,2.47,27.31,28.45,2.71
399001.SZ,2020/5/15,17432829778863.0,13557748481191.0,1188569273970.0,9.38694E+11,5.54035E+11,1.46,2.48,27.32,28.47,2.71
399001.SZ,2020/5/18,17392632895523.0,13523765850640.0,1189458668776.0,9.38694E+11,5.54035E+11,1.72,2.92,27.26,28.4,2.7
399001.SZ,2020/5/19,17595558300580.0,13680092542890.0,1189458669399.0,9.38695E+11,5.53992E+11,1.4,2.37,27.58,28.73,2.74
399001.SZ,2020/5/20,17429553046780.0,13551301738703.0,1190061030899.0,9.39077E+11,5.54442E+11,1.59,2.69,27.32,28.46,2.71
399001.SZ,2020/5/21,17283885174617.0,13439146414257.0,1191455961952.0,9.40342E+11,5.55546E+11,1.45,2.46,27.09,28.23,2.69
399001.SZ,2020/5/22,16918160044971.0,13153449295032.0,1192398131906.0,9.41114E+11,5.55843E+11,1.35,2.29,26.51,27.63,2.63
399001.SZ,2020/5/25,16918260811358.0,13145977056758.0,1192398131906.0,9.41091E+11,5.56326E+11,1.04,1.76,26.51,27.63,2.63
399001.SZ,2020/5/26,17264862113660.0,13403167452664.0,1192566762361.0,9.41369E+11,5.56569E+11,1.13,1.91,27.06,28.19,2.68
399001.SZ,2020/5/27,17065647883392.0,13258089500687.0,1192566690361.0,9.41557E+11,5.56726E+11,1.2,2.03,26.75,27.87,2.65
399001.SZ,2020/5/28,17018747390947.0,13227076807360.0,1194589857822.0,9.4328E+11,5.57643E+11,1.23,2.07,26.67,27.79,2.63
399001.SZ,2020/5/29,17174706574523.0,13333940237687.0,1195977210212.0,9.44309E+11,5.58325E+11,1.28,2.17,26.92,28.05,2.66
399001.SZ,2020/6/1,17713684496472.0,13764713810857.0,1196672503540.0,9.44724E+11,5.58788E+11,1.85,3.12,27.76,28.93,2.74
399001.SZ,2020/6/2,17724581539039.0,13784346402950.0,1197304120707.0,9.45333E+11,5.59213E+11,2.02,3.41,27.78,28.95,2.75
399001.SZ,2020/6/3,17716213508689.0,13780133178894.0,1198314540757.0,9.46193E+11,5.5967E+11,1.95,3.3,27.77,28.94,2.77
399001.SZ,2020/6/4,17760131151266.0,13816857424700.0,1199873171011.0,9.47182E+11,5.60342E+11,1.56,2.64,27.84,29.01,2.78
399001.SZ,2020/6/5,17826074965799.0,13877254401055.0,1199868284095.0,9.47184E+11,5.60346E+11,1.44,2.43,27.94,29.12,2.79
399001.SZ,2020/6/8,17861427980179.0,13926596071314.0,1199868064910.0,9.47216E+11,5.60351E+11,1.69,2.86,28,29.17,2.8
399001.SZ,2020/6/9,17988622838828.0,14017656986309.0,1200942650685.0,9.4825E+11,5.61004E+11,1.5,2.54,28.2,29.38,2.82
399001.SZ,2020/6/10,18065240317434.0,14079435510140.0,1200930596040.0,9.48605E+11,5.61032E+11,1.46,2.46,28.32,29.51,2.83
399001.SZ,2020/6/11,17933478207737.0,13959342449111.0,1202816833888.0,9.50243E+11,5.62119E+11,1.67,2.81,28.11,29.29,2.81
399001.SZ,2020/6/12,17987774910347.0,13978786574003.0,1207195929628.0,9.50932E+11,5.62401E+11,1.63,2.76,28.19,29.38,2.89
399001.SZ,2020/6/15,18396814997767.0,14054757688542.0,1198777982929.0,9.26698E+11,5.4814E+11,1.82,3.08,27.03,27.9,2.88
399001.SZ,2020/6/16,18714496860376.0,14299585626026.0,1198777721129.0,9.26701E+11,5.47937E+11,1.65,2.79,27.5,28.38,2.93
399001.SZ,2020/6/17,18752652679499.0,14333327719779.0,1200352164453.0,9.28343E+11,5.48997E+11,1.68,2.85,27.56,28.44,2.93
399001.SZ,2020/6/18,18866454134513.0,14449618772387.0,1200443755804.0,9.28454E+11,5.48946E+11,1.87,3.16,27.72,28.61,2.95
399001.SZ,2020/6/19,19145262980528.0,14660983654888.0,1200450682501.0,9.28524E+11,5.49054E+11,1.77,2.99,28.13,29.03,3
399001.SZ,2020/6/22,19181131182766.0,14689066401253.0,1200994546281.0,9.28941E+11,5.49899E+11,1.88,3.18,28.19,29.08,3.01
399001.SZ,2020/6/23,19347414655644.0,14808616862002.0,1200995149781.0,9.28956E+11,5.49941E+11,1.7,2.88,28.43,29.34,3.03
399001.SZ,2020/6/24,19369879332879.0,14836606642912.0,1201939413381.0,9.30144E+11,5.50533E+11,1.53,2.59,28.48,29.39,3.04
399001.SZ,2020/6/29,19280193708305.0,14767851559587.0,1202705505378.0,9.30363E+11,5.50721E+11,1.61,2.72,28.35,29.25,3.03
399001.SZ,2020/6/30,19658355669050.0,15062485376737.0,1203345716392.0,9.30577E+11,5.50965E+11,1.62,2.74,28.91,29.83,3.09
399001.SZ,2020/7/1,19847197317473.0,15251863422297.0,1203345716392.0,9.3058E+11,5.51079E+11,1.96,3.3,29.18,30.11,3.12
399001.SZ,2020/7/2,20111435402730.0,15486692918260.0,1203395545675.0,9.3063E+11,5.51457E+11,2.56,4.33,29.57,30.51,3.16
399001.SZ,2020/7/3,20413369930637.0,15723076476066.0,1203682183919.0,9.31981E+11,5.52496E+11,2.75,4.63,30.02,30.97,3.2
399001.SZ,2020/7/6,21243738751802.0,16392226613125.0,1203992428881.0,9.32123E+11,5.53081E+11,3.59,6.04,31.24,32.23,3.33
399001.SZ,2020/7/7,21620702702674.0,16674173392989.0,1203992429988.0,9.32356E+11,5.52577E+11,3.9,6.58,31.79,32.8,3.39
399001.SZ,2020/7/8,22007915152639.0,16983788663553.0,1204218893315.0,9.32361E+11,5.52619E+11,3.37,5.69,32.36,33.38,3.44
399001.SZ,2020/7/9,22568124075335.0,17397174465988.0,1208193289311.0,9.33415E+11,5.53425E+11,3.77,6.36,33.18,34.21,3.53
399001.SZ,2020/7/10,22478435239106.0,17319904183954.0,1208192743445.0,9.3418E+11,5.53966E+11,3.43,5.78,33.05,34.06,3.52
399001.SZ,2020/7/13,23256684727857.0,17930840061123.0,1209419695299.0,9.35058E+11,5.54698E+11,3.53,5.96,34.2,35.23,3.64
399001.SZ,2020/7/14,23031038020971.0,17762870650050.0,1209416257459.0,9.35306E+11,5.54526E+11,3.54,5.98,33.86,34.89,3.61
399001.SZ,2020/7/15,22638304754404.0,17454467723584.0,1210205867310.0,9.35507E+11,5.54793E+11,3.15,5.31,33.29,34.28,3.55
399001.SZ,2020/7/16,21427725133494.0,16511267070577.0,1210219183847.0,9.3551E+11,5.5484E+11,3.11,5.25,31.51,32.45,3.36
399001.SZ,2020/7/17,21601072418703.0,16651582602311.0,1210219183847.0,9.35514E+11,5.54847E+11,2.4,4.05,31.76,32.71,3.39
399001.SZ,2020/7/20,22129269441227.0,17081895715094.0,1210193359640.0,9.35636E+11,5.54956E+11,2.51,4.23,32.54,33.19,3.47
399001.SZ,2020/7/21,22295215395598.0,17204916624547.0,1210810909431.0,9.36274E+11,5.55567E+11,2.3,3.88,32.78,33.44,3.49
399001.SZ,2020/7/22,22499295798363.0,17357948278903.0,1211510909666.0,9.36292E+11,5.55623E+11,2.46,4.15,33.08,33.76,3.52
399001.SZ,2020/7/23,22499792656142.0,17428544382553.0,1211533726997.0,9.46084E+11,5.55946E+11,2.48,4.21,33.08,33.76,3.51
399001.SZ,2020/7/24,21321971454110.0,16523059018048.0,1211532255054.0,9.46387E+11,5.56216E+11,2.6,4.42,31.35,31.99,3.33
399001.SZ,2020/7/27,21412075759839.0,16598831822851.0,1211532255054.0,9.4641E+11,5.56362E+11,1.77,3,31.48,32.11,3.34
399001.SZ,2020/7/28,21704348195889.0,16824317551857.0,1211523997410.0,9.4641E+11,5.56362E+11,1.69,2.88,31.91,32.51,3.39
399001.SZ,2020/7/29,22346631718465.0,17322547276535.0,1211526648715.0,9.4642E+11,5.56132E+11,1.99,3.39,32.86,33.45,3.49
399001.SZ,2020/7/30,22218398369414.0,17219679064638.0,1211534624922.0,9.46432E+11,5.56173E+11,2.05,3.49,32.67,33.21,3.47
399001.SZ,2020/7/31,22479853310663.0,17421763549196.0,1211533529339.0,9.46511E+11,5.56257E+11,2.2,3.74,33.05,33.65,3.51
399001.SZ,2020/8/3,22992587198651.0,17866012014344.0,1211533551579.0,9.49957E+11,5.57869E+11,2.53,4.31,33.81,34.41,3.58
399001.SZ,2020/8/4,22868016052576.0,17752530630885.0,1211655202606.0,9.5003E+11,5.58109E+11,2.42,4.12,33.62,34.26,3.55
399001.SZ,2020/8/5,23001868635984.0,17862601393389.0,1211575645642.0,9.50046E+11,5.58269E+11,2.14,3.64,33.82,34.46,3.58
399001.SZ,2020/8/6,22833415800178.0,17748932845836.0,1211684321928.0,9.50085E+11,5.58285E+11,2.48,4.22,33.57,34.21,3.55
399001.SZ,2020/8/7,22520717587068.0,17514373321761.0,1211908908597.0,9.50682E+11,5.58475E+11,2.31,3.93,33.11,33.74,3.49
399001.SZ,2020/8/10,22545919921817.0,17540612832245.0,1211908711750.0,9.50988E+11,5.58635E+11,1.97,3.36,33.15,33.79,3.5
399001.SZ,2020/8/11,22246132216606.0,17307606081976.0,1211956245546.0,9.51078E+11,5.58791E+11,1.99,3.38,32.71,33.33,3.45
399001.SZ,2020/8/12,21962371971795.0,17117101285538.0,1212184848893.0,9.51287E+11,5.58835E+11,1.96,3.33,32.29,32.8,3.4
399001.SZ,2020/8/13,21939160627336.0,17099361119920.0,1212432401426.0,9.51271E+11,5.58967E+11,1.64,2.78,32.26,32.75,3.4
399001.SZ,2020/8/14,22280463021505.0,17363014516931.0,1213844830803.0,9.51285E+11,5.59219E+11,1.63,2.78,32.76,33.27,3.45
399001.SZ,2020/8/17,22693851533932.0,17710247169350.0,1213924637562.0,9.51371E+11,5.59292E+11,2.39,4.06,33.37,33.93,3.51
399001.SZ,2020/8/18,22761361114610.0,17752510737748.0,1213933723940.0,9.51636E+11,5.59529E+11,2.06,3.5,33.47,33.89,3.51
399001.SZ,2020/8/19,22321803487609.0,17426856766776.0,1214049318400.0,9.51757E+11,5.59759E+11,2.05,3.48,32.82,33.15,3.44
399001.SZ,2020/8/20,22051715034498.0,17214468167964.0,1214248228499.0,9.51878E+11,5.60172E+11,1.65,2.8,32.42,32.58,3.4
399001.SZ,2020/8/21,22321598831921.0,17422823379412.0,1214402205387.0,9.52046E+11,5.60338E+11,1.65,2.8,32.82,32.97,3.43
399001.SZ,2020/8/24,22616337408813.0,17665589722503.0,1214403637732.0,9.52111E+11,5.60385E+11,1.82,3.1,33.25,33.29,3.47
399001.SZ,2020/8/25,22639366406907.0,17688448979701.0,1215330221371.0,9.53114E+11,5.61169E+11,1.76,2.99,33.29,33.12,3.48
399001.SZ,2020/8/26,22271673006581.0,17405769242049.0,1215326066656.0,9.53126E+11,5.61074E+11,1.79,3.04,32.75,32.41,3.42
399001.SZ,2020/8/27,22455702363629.0,17548164930920.0,1215337791109.0,9.60394E+11,5.64537E+11,1.42,2.41,33.02,32.53,3.45
399001.SZ,2020/8/28,22994362260973.0,17975057319454.0,1215380587294.0,9.61151E+11,5.65846E+11,1.71,2.91,33.81,33.33,3.52
399001.SZ,2020/8/31,22826901735554.0,17851322123292.0,1215419469612.0,9.6243E+11,5.66886E+11,1.92,3.26,33.56,33.16,3.49
399001.SZ,2020/9/1,22983560683497.0,17976829486545.0,1215420919612.0,9.62624E+11,5.69818E+11,1.51,2.55,33.79,33.38,3.51
399001.SZ,2020/9/2,23040540162896.0,18013298046497.0,1215438363278.0,9.62627E+11,5.70505E+11,1.87,3.16,33.88,33.47,3.53
399001.SZ,2020/9/3,22877531052238.0,17898154431913.0,1215445632550.0,9.62842E+11,5.70685E+11,1.68,2.84,33.64,33.23,3.5
399001.SZ,2020/9/4,22666635258101.0,17738255446299.0,1215445632550.0,9.62842E+11,5.70976E+11,1.46,2.47,33.33,32.92,3.47
399001.SZ,2020/9/7,22044470875491.0,17266136998024.0,1216025512106.0,9.63454E+11,5.71634E+11,1.87,3.15,32.41,32.02,3.37
399001.SZ,2020/9/8,22043175972915.0,17267039179827.0,1216025418119.0,9.63487E+11,5.71711E+11,1.7,2.86,32.41,32.02,3.37
399001.SZ,2020/9/9,21346365434968.0,16735186885343.0,1216114466761.0,9.63556E+11,5.71814E+11,2.03,3.41,31.39,31.01,3.26
399001.SZ,2020/9/10,21190743798608.0,16606689164382.0,1216524091371.0,9.63556E+11,5.71877E+11,1.76,2.97,31.16,30.78,3.23
399001.SZ,2020/9/11,21516829750414.0,16853749638828.0,1216542344989.0,9.63571E+11,5.7211E+11,1.33,2.24,31.64,31.25,3.28
399001.SZ,2020/9/14,21647701110917.0,16951784000634.0,1216536476894.0,9.63585E+11,5.7224E+11,1.42,2.39,31.83,31.44,3.3
399001.SZ,2020/9/15,21849690732341.0,17097794937407.0,1216536476894.0,9.6359E+11,5.7235E+11,1.26,2.12,32.13,31.74,3.33
399001.SZ,2020/9/16,21644290448959.0,16927615220228.0,1216535653244.0,9.6359E+11,5.72407E+11,1.24,2.08,31.83,31.44,3.3
399001.SZ,2020/9/17,21644153951479.0,16919024105940.0,1216536311758.0,9.63598E+11,5.72411E+11,1.27,2.13,31.82,31.44,3.3
399001.SZ,2020/9/18,22000857064214.0,17218109848967.0,1216540701012.0,9.63604E+11,5.72572E+11,1.55,2.6,32.35,31.96,3.36
399001.SZ,2020/9/21,21833386338672.0,17123971039041.0,1216711626453.0,9.64661E+11,5.73333E+11,1.4,2.35,32.1,31.71,3.33
399001.SZ,2020/9/22,21646867649340.0,16992144411910.0,1216763086440.0,9.65087E+11,5.73772E+11,1.32,2.22,31.83,31.44,3.3
399001.SZ,2020/9/23,21807840925728.0,17091991839513.0,1216763086440.0,9.65087E+11,5.73828E+11,1.14,1.92,32.07,31.68,3.33
399001.SZ,2020/9/24,21331076806244.0,16723112842380.0,1217601981291.0,9.65602E+11,5.74223E+11,1.3,2.18,31.36,30.98,3.26
399001.SZ,2020/9/25,21323886743884.0,16722442297764.0,1217608731291.0,9.65604E+11,5.74255E+11,1.02,1.72,31.35,30.97,3.25
399001.SZ,2020/9/28,21262275090060.0,16668685305301.0,1217693573346.0,9.65587E+11,5.74323E+11,0.94,1.57,31.26,30.88,3.24
399001.SZ,2020/9/29,21487641262728.0,16828424077864.0,1217732938427.0,9.65605E+11,5.7419E+11,0.99,1.67,31.59,31.21,3.28
399001.SZ,2020/9/30,21521231445106.0,16839948109354.0,1217731761459.0,9.6563E+11,5.74235E+11,1,1.68,31.64,31.26,3.28
399001.SZ,2020/10/9,22137174296991.0,17314400395231.0,1217744581350.0,9.65643E+11,5.74449E+11,1.29,2.17,32.55,32.16,3.37
399001.SZ,2020/10/12,22850903138698.0,17870597659967.0,1218272476724.0,9.65725E+11,5.74597E+11,1.78,2.99,33.6,33.19,3.48
399001.SZ,2020/10/13,23006299140158.0,17988875503062.0,1218284367632.0,9.65716E+11,5.74628E+11,1.35,2.27,33.83,33.38,3.5
399001.SZ,2020/10/14,22845131570802.0,17847582600587.0,1218296654741.0,9.65716E+11,5.74718E+11,1.43,2.4,33.59,33.14,3.48
399001.SZ,2020/10/15,22747159497782.0,17780162432679.0,1218847112350.0,9.66043E+11,5.75068E+11,1.3,2.19,33.45,33,3.46
399001.SZ,2020/10/16,22603488575926.0,17692614071292.0,1218875661884.0,9.66553E+11,5.75349E+11,1.17,1.97,33.24,32.77,3.44
399001.SZ,2020/10/19,22426954550241.0,17556089946212.0,1219025660907.0,9.66553E+11,5.75406E+11,1.21,2.04,32.98,32.54,3.4
399001.SZ,2020/10/20,22729001900209.0,17786526532515.0,1219022288003.0,9.6655E+11,5.75619E+11,1.08,1.81,33.42,32.53,3.44
399001.SZ,2020/10/21,22517361689807.0,17629433581136.0,1219022288003.0,9.66555E+11,5.75645E+11,1.05,1.76,33.11,32.19,3.41
399001.SZ,2020/10/22,22408676324709.0,17534300722953.0,1220804199830.0,9.67116E+11,5.76643E+11,1.03,1.73,32.95,31.93,3.38
399001.SZ,2020/10/23,21967411510277.0,17203498163554.0,1220804199830.0,9.67201E+11,5.76915E+11,0.98,1.64,32.3,31.3,3.32
399001.SZ,2020/10/26,22082701843658.0,17280445331232.0,1221364443493.0,9.67406E+11,5.76741E+11,0.93,1.56,32.47,31.35,3.32
399001.SZ,2020/10/27,22234888130805.0,17387838841104.0,1221372558246.0,9.68316E+11,5.77445E+11,0.96,1.61,32.69,31.44,3.34
399001.SZ,2020/10/28,22454779461191.0,17546346506458.0,1221388853071.0,9.68309E+11,5.77356E+11,1.12,1.89,33.02,31.45,3.35
399001.SZ,2020/10/29,22675484107720.0,17713090303887.0,1221604542074.0,9.68493E+11,5.77249E+11,1.22,2.05,33.34,31.53,3.37
399001.SZ,2020/10/30,22238312724072.0,17347013006227.0,1221950134971.0,9.69486E+11,5.77886E+11,1.36,2.28,32.7,30.54,3.27
399001.SZ,2020/11/2,22553746995385.0,17574477328700.0,1221956602591.0,9.69821E+11,5.78544E+11,1.4,2.34,33.16,30.88,3.3
399001.SZ,2020/11/3,22812873444376.0,17794761966692.0,1221959675616.0,9.7012E+11,5.79208E+11,1.33,2.22,33.54,31.24,3.34
399001.SZ,2020/11/4,22939570069711.0,17914078977193.0,1221947998757.0,9.7025E+11,5.79362E+11,1.15,1.92,33.73,31.41,3.35
399001.SZ,2020/11/5,23332939491094.0,18212838943993.0,1221996525477.0,9.71468E+11,5.79564E+11,1.44,2.42,34.31,31.95,3.41
399001.SZ,2020/11/6,23198592433532.0,18133216071659.0,1221996525477.0,9.71487E+11,5.79695E+11,1.53,2.56,34.11,31.76,3.39
399001.SZ,2020/11/9,23689411233096.0,18520494752310.0,1221996525477.0,9.71507E+11,5.79905E+11,1.96,3.28,34.83,32.44,3.46
399001.SZ,2020/11/10,23440735011541.0,18346503982808.0,1221996525477.0,9.71389E+11,5.80167E+11,1.7,2.84,34.47,32.1,3.43
399001.SZ,2020/11/11,22976665172299.0,18015761816507.0,1222003202311.0,9.71399E+11,5.80396E+11,1.55,2.6,33.78,31.46,3.36
399001.SZ,2020/11/12,23099489744295.0,18107489718658.0,1222197178177.0,9.71475E+11,5.8045E+11,1.24,2.07,33.96,31.63,3.38
399001.SZ,2020/11/13,23023275297907.0,18029174891274.0,1222273492107.0,9.71477E+11,5.8048E+11,1.28,2.14,33.85,31.52,3.37
399001.SZ,2020/11/16,23199791745859.0,18186204868397.0,1222274391233.0,9.71781E+11,5.80881E+11,1.46,2.44,34.11,31.77,3.39
399001.SZ,2020/11/17,23000463100868.0,18043409928291.0,1222269241684.0,9.71783E+11,5.80884E+11,1.58,2.64,33.82,31.49,3.36
399001.SZ,2020/11/18,22867801597324.0,17952317262227.0,1222272537396.0,9.71978E+11,5.81004E+11,1.5,2.51,33.62,31.31,3.34
399001.SZ,2020/11/19,23049107274753.0,18103150334966.0,1222272537396.0,9.71977E+11,5.81124E+11,1.38,2.31,33.89,31.56,3.37
399001.SZ,2020/11/20,23204258499763.0,18203369672335.0,1222593847429.0,9.72005E+11,5.81315E+11,1.35,2.26,34.12,31.77,3.39
399001.SZ,2020/11/23,23369799857185.0,18349644738052.0,1222609465595.0,9.72967E+11,5.82072E+11,1.85,3.08,34.36,32,3.41
399001.SZ,2020/11/24,23290205821353.0,18284144538060.0,1222796049054.0,9.72982E+11,5.82121E+11,1.59,2.66,34.25,31.89,3.4
399001.SZ,2020/11/25,22860804932382.0,17952514781760.0,1222796876454.0,9.72983E+11,5.8203E+11,1.61,2.69,33.61,31.3,3.34
399001.SZ,2020/11/26,22791974497713.0,17896537580438.0,1222887893851.0,9.73003E+11,5.82391E+11,1.34,2.24,33.51,31.21,3.33
399001.SZ,2020/11/27,22950058524312.0,18031176023247.0,1223904921871.0,9.73048E+11,5.82452E+11,1.32,2.21,33.75,31.42,3.35
399001.SZ,2020/11/30,22923197209494.0,18000441618012.0,1224143484773.0,9.73987E+11,5.82521E+11,1.92,3.21,33.71,31.39,3.34
399001.SZ,2020/12/1,23337023266119.0,18331098007423.0,1224191756742.0,9.74161E+11,5.82401E+11,1.84,3.07,34.32,31.95,3.4
399001.SZ,2020/12/2,23362341807437.0,18362159375415.0,1224678150790.0,9.74091E+11,5.82517E+11,1.9,3.18,34.35,31.99,3.41
399001.SZ,2020/12/3,23397351282504.0,18376367925226.0,1224689455814.0,9.74248E+11,5.82811E+11,1.83,3.06,34.4,32.04,3.41
399001.SZ,2020/12/4,23526880678270.0,18472030696528.0,1225173107832.0,9.74389E+11,5.83028E+11,1.46,2.44,34.59,32.21,3.43
399001.SZ,2020/12/7,23459991634378.0,18400725562011.0,1225173107832.0,9.74389E+11,5.83035E+11,1.44,2.4,34.5,32.12,3.42
399001.SZ,2020/12/8,23462677295930.0,18389890744094.0,1225171913832.0,9.7437E+11,5.83018E+11,1.27,2.12,34.5,32.13,3.42
399001.SZ,2020/12/9,23048971691736.0,18065308263061.0,1225171913832.0,9.74426E+11,5.83131E+11,1.45,2.42,33.89,31.56,3.36
399001.SZ,2020/12/10,23089493311236.0,18081187528732.0,1225159042613.0,9.74416E+11,5.83131E+11,1.24,2.07,33.95,31.62,3.37
399001.SZ,2020/12/11,22829350739943.0,17865352819253.0,1225159042613.0,9.74441E+11,5.83332E+11,1.53,2.55,33.57,31.26,3.33
399001.SZ,2020/12/14,23695096930767.0,18168380423554.0,1199976285212.0,9.45845E+11,5.60473E+11,1.2,2.02,33.37,30.34,3.47
399001.SZ,2020/12/15,23826200513012.0,18244477924756.0,1200055062456.0,9.45856E+11,5.60549E+11,1.14,1.93,33.55,30.5,3.49
399001.SZ,2020/12/16,23833690261243.0,18244272860630.0,1200056460677.0,9.45873E+11,5.60581E+11,1.17,1.97,33.56,30.51,3.49
399001.SZ,2020/12/17,24058461956070.0,18427223573174.0,1200083615390.0,9.4588E+11,5.6071E+11,1.37,2.31,33.88,30.8,3.52
399001.SZ,2020/12/18,24004464053970.0,18370703978182.0,1200092958387.0,9.45942E+11,5.60765E+11,1.29,2.18,33.8,30.73,3.51
399001.SZ,2020/12/21,24524150422489.0,18722312904652.0,1200136883271.0,9.46178E+11,5.60815E+11,1.55,2.62,34.53,31.4,3.59
399001.SZ,2020/12/22,24106453465837.0,18419055850387.0,1200138587956.0,9.46234E+11,5.60881E+11,1.71,2.89,33.95,30.86,3.53
399001.SZ,2020/12/23,24316434493508.0,18576933960553.0,1200142440468.0,9.46237E+11,5.60853E+11,1.63,2.75,34.24,31.13,3.56
399001.SZ,2020/12/24,24134989449710.0,18443906349272.0,1200933009923.0,9.46172E+11,5.60722E+11,1.44,2.43,33.99,30.9,3.53
399001.SZ,2020/12/25,24330112064339.0,18590400474613.0,1200933185368.0,9.4755E+11,5.62029E+11,1.39,2.35,34.26,31.15,3.56
399001.SZ,2020/12/28,24418536915566.0,18668313919390.0,1200959716312.0,9.48286E+11,5.62609E+11,1.58,2.66,34.39,31.26,3.57
399001.SZ,2020/12/29,24254520612638.0,18584388910717.0,1200999999686.0,9.48738E+11,5.62728E+11,1.6,2.7,34.15,31.05,3.55
399001.SZ,2020/12/30,24668791931535.0,18867260196795.0,1201330961495.0,9.48613E+11,5.62515E+11,1.61,2.72,34.74,31.58,3.61
399001.SZ,2020/12/31,25144638228447.0,19210055111522.0,1201780575359.0,9.48619E+11,5.62468E+11,1.77,2.99,35.41,32.19,3.67
399001.SZ,2021/1/4,25808161168531.0,19643008177609.0,1201812113404.0,9.48889E+11,5.62503E+11,2.12,3.57,36.34,33.04,3.77
399001.SZ,2021/1/5,26362260097771.0,20101246483281.0,1201851871330.0,9.48922E+11,5.62544E+11,2.29,3.86,37.12,33.75,3.85
399001.SZ,2021/1/6,26478783503709.0,20179695537260.0,1201948691716.0,9.49625E+11,5.63293E+11,1.99,3.36,37.29,33.9,3.87
399001.SZ,2021/1/7,26812638410710.0,20397736507859.0,1201954996632.0,9.49833E+11,5.63293E+11,2.18,3.67,37.76,34.33,3.91
399001.SZ,2021/1/8,26746727745545.0,20331334088340.0,1202151128368.0,9.49985E+11,5.63782E+11,2.12,3.58,37.66,34.24,3.9
399001.SZ,2021/1/11,26323892985188.0,20057328646666.0,1202168640217.0,9.50253E+11,5.64127E+11,2.28,3.83,37.07,33.7,3.84
399001.SZ,2021/1/12,26882234811914.0,20492451441756.0,1202193909912.0,9.5075E+11,5.64447E+11,2.13,3.6,37.86,34.42,3.92
399001.SZ,2021/1/13,26643943318757.0,20353902992998.0,1202208076790.0,9.50844E+11,5.64542E+11,2.31,3.89,37.52,34.11,3.89
399001.SZ,2021/1/14,26137660512419.0,19968204248602.0,1202208076794.0,9.51043E+11,5.64542E+11,2.12,3.56,36.81,33.46,3.81
399001.SZ,2021/1/15,26095445399220.0,19935132707937.0,1202250232296.0,9.51827E+11,5.65555E+11,1.88,3.16,36.75,33.41,3.81
399001.SZ,2021/1/18,26464218098198.0,20261673003579.0,1202317415854.0,9.52087E+11,5.65631E+11,1.85,3.11,37.27,33.84,3.86
399001.SZ,2021/1/19,26094703791029.0,19948399917592.0,1203285942341.0,9.52088E+11,5.65906E+11,1.9,3.2,36.75,33.36,3.8
399001.SZ,2021/1/20,26549383897797.0,20221225472113.0,1203296586918.0,9.52158E+11,5.66012E+11,1.56,2.62,37.39,33.94,3.87
399001.SZ,2021/1/21,27048273379902.0,20615043921375.0,1203736045151.0,9.52175E+11,5.66032E+11,1.97,3.31,38.09,34.58,3.94
399001.SZ,2021/1/22,27225512133949.0,20722661435169.0,1203736527594.0,9.52808E+11,5.66245E+11,1.93,3.24,38.34,34.81,3.96
399001.SZ,2021/1/25,27468693186312.0,20876207807763.0,1204530483014.0,9.52992E+11,5.66358E+11,1.98,3.33,38.68,35.07,4
399001.SZ,2021/1/26,26845965581357.0,20437310746270.0,1204553568962.0,9.53116E+11,5.66523E+11,1.76,2.96,37.8,34.26,3.9
399001.SZ,2021/1/27,26961218771475.0,20495500600612.0,1205166684720.0,9.53144E+11,5.66553E+11,1.69,2.84,37.97,34.4,3.91
399001.SZ,2021/1/28,26079698962905.0,19856762916203.0,1205207388610.0,9.5314E+11,5.66526E+11,1.79,3.01,36.73,33.28,3.78
399001.SZ,2021/1/29,25970852947706.0,19764980627345.0,1205609984234.0,9.53142E+11,5.66568E+11,1.8,3.02,36.57,33.11,3.76
399001.SZ,2021/2/1,26360026305969.0,20074367979783.0,1206365010892.0,9.5396E+11,5.67383E+11,1.66,2.8,37.12,33.8,3.82
399001.SZ,2021/2/2,26935648064500.0,20486689062898.0,1206372030188.0,9.5463E+11,5.67573E+11,1.69,2.84,37.89,34.33,3.9
399001.SZ,2021/2/3,26757412072043.0,20355026406749.0,1206371567245.0,9.54759E+11,5.67577E+11,1.78,2.99,37.59,34.1,3.87
399001.SZ,2021/2/4,26534066052124.0,20262181534175.0,1206584866431.0,9.55284E+11,5.68776E+11,1.75,2.93,37.28,33.82,3.83
399001.SZ,2021/2/5,26384636696035.0,20161952562851.0,1206662399880.0,9.5554E+11,5.69199E+11,1.65,2.77,37.07,33.63,3.81
399001.SZ,2021/2/8,26810012400472.0,20509843428060.0,1206825776731.0,9.56921E+11,5.69247E+11,1.44,2.42,37.67,34.14,3.86
399001.SZ,2021/2/9,27469735077220.0,20978069877036.0,1206840650000.0,9.56974E+11,5.69296E+11,1.52,2.55,38.59,34.98,3.96
399001.SZ,2021/2/10,28043937482969.0,21436874741887.0,1207363864973.0,9.56974E+11,5.69783E+11,1.48,2.48,39.4,35.69,4.04
399001.SZ,2021/2/18,27678722566390.0,21207724194566.0,1207181784171.0,9.57366E+11,5.70109E+11,1.94,3.25,38.89,35.2,3.99
399001.SZ,2021/2/19,27753407581781.0,21302561158994.0,1207205552404.0,9.57566E+11,5.70355E+11,1.95,3.28,39,35.3,4
399001.SZ,2021/2/22,26899869824312.0,20649035059245.0,1207209640509.0,9.57895E+11,5.7068E+11,2.45,4.11,37.8,34.58,3.87
399001.SZ,2021/2/23,26666298336228.0,20543024181645.0,1207257645309.0,9.57913E+11,5.70653E+11,2.02,3.4,37.47,34.31,3.84
399001.SZ,2021/2/24,25966687108311.0,20026818361584.0,1207273839018.0,9.57991E+11,5.70653E+11,1.95,3.27,36.49,33.38,3.72
399001.SZ,2021/2/25,25882798107621.0,19993415281414.0,1207595947044.0,9.57998E+11,5.70803E+11,1.76,2.95,36.36,33.1,3.71
399001.SZ,2021/2/26,25300019389636.0,19553304116223.0,1207615031755.0,9.58002E+11,5.70772E+11,1.66,2.79,35.55,32.25,3.62
399001.SZ,2021/3/1,25898806935536.0,19997396078159.0,1207615031875.0,9.58041E+11,5.70782E+11,1.6,2.68,36.38,32.94,3.7
399001.SZ,2021/3/2,25702045458331.0,19857249437553.0,1207615336686.0,9.58764E+11,5.71453E+11,1.68,2.81,36.03,32.67,3.67
399001.SZ,2021/3/3,26035566479254.0,20108028152761.0,1207829856784.0,9.58823E+11,5.71473E+11,1.64,2.75,36.6,33.12,3.72
399001.SZ,2021/3/4,25131265992086.0,19437402553645.0,1207832908155.0,9.58884E+11,5.717E+11,1.8,3.02,35.33,31.97,3.59
399001.SZ,2021/3/5,25113917651507.0,19417286948304.0,1207946101493.0,9.58924E+11,5.71736E+11,1.63,2.74,35.31,32.01,3.59
399001.SZ,2021/3/8,24114387390119.0,18674319279810.0,1207946869672.0,9.59217E+11,5.71817E+11,1.76,2.96,33.9,30.69,3.44
399001.SZ,2021/3/9,23435649913419.0,18155512441015.0,1207946869672.0,9.59217E+11,5.71823E+11,1.95,3.26,32.94,29.83,3.35
399001.SZ,2021/3/10,23611546744620.0,18263313259320.0,1208052482256.0,9.5924E+11,5.71847E+11,1.48,2.48,33.19,30.05,3.37
399001.SZ,2021/3/11,24186405610382.0,18698996264457.0,1208104076872.0,9.59587E+11,5.72111E+11,1.68,2.82,33.9,30.68,3.45
399001.SZ,2021/3/12,24250301164420.0,18745191681703.0,1208116954779.0,9.59604E+11,5.72206E+11,1.73,2.9,33.94,30.75,3.46
399001.SZ,2021/3/15,23579978945725.0,18248720277137.0,1208285066379.0,9.59597E+11,5.71914E+11,1.63,2.73,32.95,29.89,3.36
399001.SZ,2021/3/16,23808736659990.0,18430576913863.0,1208302805748.0,9.59582E+11,5.71882E+11,1.47,2.46,32.94,30.03,3.39
399001.SZ,2021/3/17,24055286773087.0,18622684510280.0,1208300394717.0,9.59559E+11,5.71827E+11,1.4,2.35,33.31,30.34,3.42
399001.SZ,2021/3/18,24321034784544.0,18826653516774.0,1208300833524.0,9.59563E+11,5.71807E+11,1.42,2.38,33.56,30.64,3.46
399001.SZ,2021/3/19,23696168640643.0,18349124877908.0,1208316561831.0,9.59574E+11,5.71747E+11,1.48,2.49,32.71,29.85,3.37
399001.SZ,2021/3/22,23936844387618.0,18548051821447.0,1208378780834.0,9.5965E+11,5.71727E+11,1.55,2.6,32.74,30.1,3.4
399001.SZ,2021/3/23,23685018634445.0,18355992919065.0,1208487464185.0,9.59952E+11,5.73648E+11,1.54,2.57,32.54,29.75,3.38
399001.SZ,2021/3/24,23310124534604.0,18084481094841.0,1208487400820.0,9.59965E+11,5.73809E+11,1.48,2.48,31.96,29.28,3.32
399001.SZ,2021/3/25,23338635078781.0,18078826585877.0,1208512655032.0,9.59831E+11,5.73849E+11,1.33,2.22,31.96,29.25,3.33
399001.SZ,2021/3/26,23938431057553.0,18530551022917.0,1208640737329.0,9.59847E+11,5.73686E+11,1.37,2.3,32.65,29.97,3.41
399001.SZ,2021/3/29,23973886616477.0,18562214105923.0,1208640737329.0,9.59846E+11,5.73884E+11,1.41,2.36,32.56,29.97,3.41
399001.SZ,2021/3/30,24203910372675.0,18724432872474.0,1208641970729.0,9.59833E+11,5.73584E+11,1.33,2.23,32.37,30.06,3.44
399001.SZ,2021/3/31,24002963221571.0,18580766330992.0,1208641593550.0,9.59925E+11,5.74981E+11,1.2,2,31.4,29.67,3.4
399001.SZ,2021/4/1,24345865682232.0,18846249065119.0,1208641976894.0,9.59982E+11,5.75041E+11,1.18,1.98,31.79,30.08,3.44
399001.SZ,2021/4/2,24597990345020.0,19038612439109.0,1208705696676.0,9.60217E+11,5.75041E+11,1.28,2.13,32,30.39,3.48
399001.SZ,2021/4/6,24532172880912.0,18986711555220.0,1208706128141.0,9.6023E+11,5.74916E+11,1.14,1.91,32.04,30.31,3.47
399001.SZ,2021/4/7,24329626402421.0,18814687676748.0,1207716923275.0,9.59325E+11,5.74208E+11,1.49,2.49,31.78,30.04,3.44
399001.SZ,2021/4/8,24397942331089.0,18844026053879.0,1208881952653.0,9.6008E+11,5.74737E+11,1.48,2.47,31.82,30.07,3.45
399001.SZ,2021/4/9,24064031504383.0,18588578527988.0,1208881970853.0,9.59988E+11,5.74646E+11,1.38,2.3,31.33,29.67,3.4
399001.SZ,2021/4/12,23508876766546.0,18184150081550.0,1208881999792.0,9.60447E+11,5.75123E+11,1.54,2.57,30.52,29,3.32
399001.SZ,2021/4/13,23549214058336.0,18206991171293.0,1208882516792.0,9.60441E+11,5.75711E+11,1.34,2.24,30.35,28.83,3.32
399001.SZ,2021/4/14,23892200444654.0,18464016757530.0,1208882516792.0,9.60519E+11,5.7579E+11,1.29,2.15,30.8,29.36,3.37
399001.SZ,2021/4/15,23761311959859.0,18376380973610.0,1208908115886.0,9.60573E+11,5.75115E+11,1.23,2.06,30.35,29.18,3.34
399001.SZ,2021/4/16,23842660206513.0,18459185227169.0,1208925741416.0,9.60654E+11,5.7547E+11,1.26,2.1,30.36,29.38,3.35
399001.SZ,2021/4/19,24519605242324.0,18973369588825.0,1208927679694.0,9.60856E+11,5.75672E+11,1.59,2.65,31.13,30.28,3.44
399001.SZ,2021/4/20,24506407451538.0,18978078923031.0,1208903671551.0,9.60956E+11,5.75445E+11,1.44,2.41,30.72,30.11,3.44
399001.SZ,2021/4/21,24587073475147.0,19051268883894.0,1209244349728.0,9.61351E+11,5.75929E+11,1.31,2.19,30.53,30.13,3.45
399001.SZ,2021/4/22,24691119320572.0,19129186585044.0,1209657117740.0,9.61724E+11,5.75922E+11,1.29,2.16,30.91,30.2,3.46
399001.SZ,2021/4/23,24936735630993.0,19317489671240.0,1209657659109.0,9.61706E+11,5.75645E+11,1.36,2.27,31.24,30.29,3.49
399001.SZ,2021/4/26,24712545130273.0,19174485653564.0,1209708784844.0,9.62465E+11,5.75736E+11,1.65,2.76,31.19,29.76,3.45
399001.SZ,2021/4/27,24781040131760.0,19234479277310.0,1210353830921.0,9.63192E+11,5.76825E+11,1.33,2.23,31.02,29.6,3.45
399001.SZ,2021/4/28,25037678096269.0,19423973461866.0,1210442396773.0,9.63325E+11,5.74988E+11,1.3,2.18,30.9,29.4,3.47
399001.SZ,2021/4/29,25162698076547.0,19522300931634.0,1211431979443.0,9.64771E+11,5.75304E+11,1.27,2.13,31.51,29.29,3.46
399001.SZ,2021/4/30,25079081944671.0,19457200015500.0,1211611402634.0,9.65115E+11,5.72662E+11,1.39,2.34,31.35,28.47,3.42
399001.SZ,2021/5/6,24695608570436.0,19186140473343.0,1211688835046.0,9.65195E+11,5.73072E+11,1.48,2.5,30.89,28.05,3.37
399001.SZ,2021/5/7,24247600895632.0,18854761623247.0,1211807730708.0,9.65224E+11,5.73108E+11,1.64,2.75,30.33,27.54,3.31
399001.SZ,2021/5/10,24231610475407.0,18830658306754.0,1211796980421.0,9.65256E+11,5.73109E+11,1.59,2.68,30.31,27.53,3.31
399001.SZ,2021/5/11,24323558974798.0,18903076053211.0,1211796995813.0,9.65262E+11,5.73154E+11,1.59,2.68,30.43,27.63,3.32
399001.SZ,2021/5/12,24496145576754.0,19030123181694.0,1211810555813.0,9.65267E+11,5.73192E+11,1.31,2.2,30.65,27.83,3.34
399001.SZ,2021/5/13,24243396944952.0,18860857149952.0,1212170094781.0,9.65866E+11,5.73715E+11,1.42,2.38,30.33,27.54,3.31
399001.SZ,2021/5/14,24738309516253.0,19238896695645.0,1212548445069.0,9.6613E+11,5.74078E+11,1.58,2.67,30.95,28.1,3.35
399001.SZ,2021/5/17,25200796982411.0,19585374116226.0,1212549147069.0,9.66189E+11,5.74138E+11,1.52,2.55,31.53,28.63,3.42
399001.SZ,2021/5/18,25203158342864.0,19595001362972.0,1212692408580.0,9.66237E+11,5.73017E+11,1.23,2.07,31.53,28.63,3.44
399001.SZ,2021/5/19,25245122918382.0,19618220016521.0,1213720789032.0,9.67394E+11,5.74006E+11,1.29,2.17,31.58,28.68,3.45
399001.SZ,2021/5/20,25314293473079.0,19688779471190.0,1214343605770.0,9.68126E+11,5.74655E+11,1.49,2.5,31.67,28.75,3.46
399001.SZ,2021/5/21,25147320115935.0,19539031848246.0,1215940245590.0,9.68301E+11,6.14583E+11,1.33,2.1,31.46,28.56,3.43
399001.SZ,2021/5/24,25353187488345.0,19699546516518.0,1215940307893.0,9.69097E+11,5.97151E+11,1.35,2.19,31.72,28.8,3.46
399001.SZ,2021/5/25,25932551478817.0,20154843274420.0,1216108822725.0,9.68863E+11,5.95839E+11,1.58,2.57,32.44,29.46,3.54
399001.SZ,2021/5/26,25829976404822.0,20086434493597.0,1216210204105.0,9.69022E+11,5.74758E+11,1.6,2.69,32.31,29.34,3.53
399001.SZ,2021/5/27,26017117153399.0,20215028209406.0,1217926309736.0,9.71045E+11,5.76068E+11,1.55,2.61,32.55,29.55,3.56
399001.SZ,2021/5/28,25930578326265.0,20148756696897.0,1217925185772.0,9.71046E+11,5.7606E+11,1.7,2.87,32.44,29.45,3.55
399001.SZ,2021/5/31,26152536976935.0,20315625594042.0,1217924580455.0,9.7119E+11,5.76228E+11,1.5,2.53,32.72,29.71,3.58
399001.SZ,2021/6/1,26261954668719.0,20382191208652.0,1222762942235.0,9.75007E+11,5.78076E+11,1.55,2.62,32.85,29.83,3.59
399001.SZ,2021/6/2,25959270702053.0,20164123983461.0,1222767398788.0,9.75619E+11,5.78662E+11,1.51,2.54,32.48,29.49,3.56
399001.SZ,2021/6/3,25830533456899.0,20053155987721.0,1225300774494.0,9.77677E+11,5.80546E+11,1.36,2.29,32.31,29.34,3.54
399001.SZ,2021/6/4,26030417084125.0,20224164487301.0,1226349591011.0,9.78644E+11,5.81537E+11,1.34,2.26,32.56,29.57,3.57
399001.SZ,2021/6/7,26020893477570.0,20204881611903.0,1226434406278.0,9.78747E+11,5.92589E+11,1.39,2.3,32.55,29.56,3.57
399001.SZ,2021/6/8,25746072032232.0,19988809802488.0,1227179416225.0,9.79232E+11,5.92268E+11,1.38,2.29,32.21,29.25,3.53
399001.SZ,2021/6/9,25757488921066.0,19999986151895.0,1227453776721.0,9.80535E+11,5.92451E+11,1.3,2.15,32.22,29.26,3.54
399001.SZ,2021/6/10,26066590928947.0,20209377012377.0,1227470122659.0,9.80527E+11,5.91954E+11,1.53,2.54,32.61,29.61,3.58
399001.SZ,2021/6/11,25916873854742.0,20497074831052.0,1227473610010.0,9.81472E+11,5.92913E+11,1.74,2.88,32.42,29.44,3.56
399001.SZ,2021/6/15,26328757457703.0,20498155056720.0,1230302727196.0,9.73219E+11,5.84917E+11,1.46,2.43,31.64,28.81,3.59
399001.SZ,2021/6/16,25620418143466.0,19985602638180.0,1230761638330.0,9.73501E+11,5.85039E+11,1.27,2.11,30.79,28.04,3.49
399001.SZ,2021/6/17,25935568626761.0,20224503455239.0,1230767359856.0,9.73624E+11,5.85644E+11,1.24,2.06,31.17,28.38,3.53
399001.SZ,2021/6/18,26108606308161.0,20358109631443.0,1231354443174.0,9.74135E+11,5.8589E+11,1.5,2.49,31.38,28.57,3.55
399001.SZ,2021/6/21,26208202979776.0,20451068463099.0,1231401979870.0,9.74381E+11,5.85968E+11,1.47,2.44,31.49,28.68,3.57
399001.SZ,2021/6/22,26335797131246.0,20534475243538.0,1231449481272.0,9.74384E+11,5.85826E+11,1.43,2.37,31.65,28.82,3.58
399001.SZ,2021/6/23,26576670374770.0,20585275500977.0,1231449197240.0,9.74106E+11,5.85532E+11,1.51,2.52,31.94,29.09,3.62
399001.SZ,2021/6/24,26494400658277.0,20539700016758.0,1232750294097.0,9.75888E+11,5.86133E+11,1.41,2.36,31.84,29,3.61
399001.SZ,2021/6/25,26886427804792.0,20856455844938.0,1232709390916.0,9.76105E+11,5.8578E+11,1.48,2.47,32.31,29.42,3.66
399001.SZ,2021/6/28,27129263350233.0,21040982001193.0,1233426908259.0,9.7647E+11,5.86262E+11,1.45,2.41,32.6,29.69,3.69
399001.SZ,2021/6/29,26870473452397.0,20831541568505.0,1233431327113.0,9.76682E+11,5.8633E+11,1.36,2.26,32.29,29.41,3.66
399001.SZ,2021/6/30,27144040702981.0,21056476217624.0,1233520680903.0,9.76736E+11,5.86295E+11,1.21,2.01,32.62,29.71,3.7
399001.SZ,2021/7/1,26949632609915.0,20885479199376.0,1235696578759.0,9.7675E+11,5.85992E+11,1.39,2.32,32.39,29.49,3.67
399001.SZ,2021/7/2,26282392381031.0,20361629327914.0,1235658164483.0,9.76694E+11,5.86321E+11,1.33,2.22,31.58,28.76,3.59
399001.SZ,2021/7/5,26365894450282.0,20416272296647.0,1236272204935.0,9.77401E+11,5.81596E+11,1.32,2.21,31.68,28.85,3.6
399001.SZ,2021/7/6,26248805866215.0,20400992104049.0,1236275937599.0,9.79815E+11,5.83396E+11,1.45,2.44,31.54,28.73,3.58
399001.SZ,2021/7/7,26728034972132.0,20753272018501.0,1236913158912.0,9.8024E+11,5.8364E+11,1.39,2.33,32.12,29.25,3.65
399001.SZ,2021/7/8,26555996670678.0,20636521241968.0,1236914035374.0,9.80599E+11,5.84006E+11,1.61,2.71,31.91,29.06,3.63
399001.SZ,2021/7/9,26469814575847.0,20568617410638.0,1236925365548.0,9.80625E+11,5.84394E+11,1.55,2.6,31.81,28.97,3.63
399001.SZ,2021/7/12,27037813311263.0,20985209621472.0,1236925714403.0,9.80656E+11,5.84425E+11,1.9,3.19,32.49,29.58,3.71
399001.SZ,2021/7/13,27077573290264.0,21034711053397.0,1236930953825.0,9.8066E+11,5.84433E+11,1.78,2.99,32.54,29.63,3.71
399001.SZ,2021/7/14,26837627686762.0,20853932314258.0,1237118958857.0,9.80853E+11,5.8465E+11,1.77,2.97,32.25,29.37,3.68
399001.SZ,2021/7/15,27028486530446.0,21015333688050.0,1237155691098.0,9.8086E+11,5.84582E+11,1.71,2.87,32.48,29.62,3.7
399001.SZ,2021/7/16,26645503979317.0,20756132704809.0,1237328294327.0,9.81033E+11,5.8469E+11,1.73,2.9,32.02,29.2,3.65
399001.SZ,2021/7/19,26664423705989.0,20775871528759.0,1237407138420.0,9.81799E+11,5.85459E+11,1.6,2.69,32.04,29.22,3.66
399001.SZ,2021/7/20,26678209373987.0,20790280744394.0,1237395123420.0,9.81826E+11,5.85668E+11,1.34,2.24,32.06,29.23,3.66
399001.SZ,2021/7/21,27037568055794.0,21058387692327.0,1237395128189.0,9.81833E+11,5.85684E+11,1.65,2.77,32.49,29.64,3.71
399001.SZ,2021/7/22,27123696927534.0,21120781251576.0,1237420128189.0,9.81833E+11,5.85702E+11,1.82,3.06,32.6,29.73,3.72
399001.SZ,2021/7/23,26726608408721.0,20805627912405.0,1237438322458.0,9.81814E+11,5.85685E+11,2.09,3.5,32.12,29.29,3.66
399001.SZ,2021/7/26,25977950715677.0,20227551054783.0,1237439420975.0,9.82564E+11,5.86129E+11,2.05,3.44,31.22,28.4,3.57
399001.SZ,2021/7/27,25018928032901.0,19492318870886.0,1238038262075.0,9.83317E+11,5.86378E+11,2.22,3.72,30.07,27.31,3.43
399001.SZ,2021/7/28,25021207968777.0,19463934816726.0,1238024049111.0,9.83349E+11,5.86481E+11,1.89,3.17,30.07,27.31,3.43
399001.SZ,2021/7/29,25742487221633.0,20018634989422.0,1238008537426.0,9.83456E+11,5.86652E+11,1.7,2.86,30.94,28.05,3.54
399001.SZ,2021/7/30,25638280767199.0,19936649611694.0,1238068326172.0,9.83464E+11,5.86659E+11,1.85,3.1,30.81,27.92,3.52
399001.SZ,2021/8/2,26231918058692.0,20395204418200.0,1238068704512.0,9.84256E+11,5.87077E+11,2.08,3.49,31.52,28.69,3.59
399001.SZ,2021/8/3,26127917729149.0,20309629218674.0,1238068704512.0,9.84476E+11,5.87093E+11,1.91,3.21,31.4,28.56,3.58
399001.SZ,2021/8/4,26550627371536.0,20642419802632.0,1238070552782.0,9.84673E+11,5.87263E+11,1.68,2.81,31.91,29.02,3.65
399001.SZ,2021/8/5,26321900501350.0,20474474668295.0,1238069071592.0,9.85481E+11,5.8682E+11,1.71,2.87,31.63,28.76,3.62
399001.SZ,2021/8/6,26235188870214.0,20416079029811.0,1238248767238.0,9.85485E+11,5.8526E+11,1.62,2.73,31.53,28.65,3.61
399001.SZ,2021/8/9,26469412991796.0,20598576116566.0,1238244135903.0,9.85508E+11,5.85283E+11,1.79,3.01,31.81,28.89,3.64
399001.SZ,2021/8/10,26707394492983.0,20811553291664.0,1238674818016.0,9.86158E+11,5.84986E+11,1.75,2.95,32.09,28.97,3.67
399001.SZ,2021/8/11,26654060988947.0,20782371245927.0,1238674953384.0,9.86158E+11,5.84986E+11,1.8,3.03,32.03,28.92,3.66
399001.SZ,2021/8/12,26460552720042.0,20628588797896.0,1238684817569.0,9.86289E+11,5.84988E+11,1.81,3.05,31.8,28.72,3.63
399001.SZ,2021/8/13,26284694114984.0,20541323311874.0,1238827729419.0,9.90845E+11,5.89675E+11,1.68,2.83,31.59,28.49,3.61
399001.SZ,2021/8/16,26121213536242.0,20416349418896.0,1238830203157.0,9.90973E+11,5.89887E+11,1.61,2.71,31.39,28.27,3.59
399001.SZ,2021/8/17,25505749275934.0,19953012555366.0,1238830717900.0,9.9098E+11,5.89898E+11,1.78,2.99,30.65,27.61,3.5
399001.SZ,2021/8/18,25686761023252.0,20167935625482.0,1238823504220.0,9.91314E+11,5.89497E+11,1.65,2.77,30.87,27.67,3.52
399001.SZ,2021/8/19,25735159260344.0,20195073944178.0,1238839249485.0,9.91319E+11,5.91513E+11,1.67,2.8,30.93,27.89,3.52
399001.SZ,2021/8/20,25303405650534.0,19878667340818.0,1242489356392.0,9.91997E+11,5.91354E+11,1.67,2.8,30.41,27.29,3.45
399001.SZ,2021/8/23,25800324538016.0,20257556761128.0,1242489516392.0,9.92109E+11,5.92037E+11,1.68,2.81,31,27.72,3.52
399001.SZ,2021/8/24,26054477626293.0,20436820660581.0,1242582548244.0,9.92579E+11,5.92979E+11,1.76,2.95,31.31,27.71,3.54
399001.SZ,2021/8/25,26132134048848.0,20494055504030.0,1243554951717.0,9.93566E+11,5.93399E+11,1.66,2.78,31.4,27.75,3.55
399001.SZ,2021/8/26,25632094332720.0,20112773673707.0,1243554951717.0,9.93937E+11,5.93721E+11,1.79,3,30.8,27.22,3.48
399001.SZ,2021/8/27,25651658022585.0,20114083670812.0,1243489915508.0,9.94305E+11,5.94625E+11,1.84,3.07,30.83,27.39,3.48
399001.SZ,2021/8/30,25622099279995.0,20095380399193.0,1243493462876.0,9.9456E+11,5.94608E+11,2.1,3.51,30.79,27.01,3.44
399001.SZ,2021/8/31,25489856862923.0,19980089536576.0,1243515786358.0,9.94702E+11,5.92836E+11,2.04,3.43,30.63,26.74,3.41
399001.SZ,2021/9/1,25478550726969.0,20016272288696.0,1243517105393.0,9.95199E+11,5.92403E+11,2.42,4.07,30.62,26.72,3.41
399001.SZ,2021/9/2,25434489605101.0,19992661467898.0,1243500287102.0,9.95203E+11,5.90317E+11,2.09,3.53,30.57,26.68,3.4
399001.SZ,2021/9/3,25269340140274.0,19882610539080.0,1243501889187.0,9.95205E+11,5.90266E+11,2.33,3.93,30.37,26.5,3.38
399001.SZ,2021/9/6,25945446422536.0,20390110033720.0,1243491119661.0,9.95192E+11,5.90267E+11,2.21,3.73,31.18,27.21,3.47
399001.SZ,2021/9/7,26206654035160.0,20616270964938.0,1243496362757.0,9.95198E+11,5.90328E+11,2.17,3.66,31.49,27.49,3.51
399001.SZ,2021/9/8,26159809192746.0,20594948076925.0,1243602264604.0,9.95214E+11,5.90398E+11,2.46,4.15,31.44,27.44,3.5
399001.SZ,2021/9/9,26228706320591.0,20643182010064.0,1243609700013.0,9.9522E+11,5.90403E+11,2.27,3.83,31.52,27.51,3.51
399001.SZ,2021/9/10,26328054661520.0,20752202719201.0,1243622774188.0,9.9541E+11,5.90532E+11,2.38,4.02,31.64,27.61,3.52
399001.SZ,2021/9/13,26238411302886.0,20681479680269.0,1243622700826.0,9.95632E+11,5.90844E+11,2.2,3.71,31.53,27.52,3.51
399001.SZ,2021/9/14,26104979738206.0,20570157253692.0,1243623805678.0,9.95634E+11,5.90884E+11,2.22,3.74,31.37,27.38,3.49
399001.SZ,2021/9/15,25943649094041.0,20436228295168.0,1243647467934.0,9.95632E+11,5.90896E+11,1.9,3.21,31.18,27.21,3.47
399001.SZ,2021/9/16,25484667378338.0,20083380678641.0,1243647829881.0,9.95801E+11,5.90917E+11,2.1,3.53,30.63,26.73,3.41
399001.SZ,2021/9/17,25664707949609.0,20213816926855.0,1243657183566.0,9.96185E+11,5.91301E+11,1.89,3.19,30.84,26.92,3.43
399001.SZ,2021/9/22,25543508529528.0,20186745073833.0,1243673695874.0,1001308173509.0,5.96183E+11,1.61,2.71,30.7,26.79,3.42
399001.SZ,2021/9/23,25708680107954.0,20330587130725.0,1243673745754.0,1001307901452.0,5.96183E+11,1.93,3.24,30.89,26.96,3.44
399001.SZ,2021/9/24,25671020998124.0,20278137726922.0,1243684588319.0,1001317561726.0,5.96227E+11,1.82,3.06,30.85,26.93,3.43
399001.SZ,2021/9/27,25670091082313.0,20281945504364.0,1243698664800.0,1001352782394.0,5.96365E+11,1.97,3.31,30.85,26.92,3.43
399001.SZ,2021/9/28,25612980982252.0,20242011816130.0,1243454893174.0,1001109010768.0,5.96107E+11,1.49,2.5,30.78,26.86,3.43
399001.SZ,2021/9/29,25174928293634.0,19936269295271.0,1245189798845.0,1002282494966.0,5.96912E+11,1.64,2.75,30.25,26.41,3.37
399001.SZ,2021/9/30,25584401109713.0,20246767307125.0,1245375261742.0,1002406774779.0,5.97048E+11,1.38,2.31,30.75,26.83,3.42
399001.SZ,2021/10/8,25771208272697.0,20404902998237.0,1245392191551.0,1002481248729.0,5.97228E+11,1.6,2.69,30.97,27.03,3.42
399001.SZ,2021/10/11,25671767972919.0,20352717571142.0,1245588571756.0,1002823515241.0,5.97472E+11,1.48,2.49,30.85,26.93,3.43
399001.SZ,2021/10/12,25284931214748.0,20035375081647.0,1245588581851.0,1002823525336.0,5.97472E+11,1.55,2.61,30.39,26.52,3.38
399001.SZ,2021/10/13,25682552372232.0,20317971829335.0,1245598898542.0,1002822996828.0,5.97495E+11,1.29,2.16,30.86,26.92,3.43
399001.SZ,2021/10/14,25649714366102.0,20293813652241.0,1245598868248.0,1002823009153.0,5.97583E+11,1.23,2.07,30.82,26.89,3.43
399001.SZ,2021/10/15,25744275255967.0,20399478655029.0,1245598194118.0,1002986881693.0,5.97739E+11,1.49,2.51,30.94,26.98,3.44
399001.SZ,2021/10/18,25613057459171.0,20554367283708.0,1245603508492.0,1003708443844.0,5.98455E+11,1.42,2.37,30.78,26.84,3.42
399001.SZ,2021/10/19,25865983809791.0,20760647755688.0,1245603091122.0,1003772229397.0,5.98543E+11,1.34,2.25,31.08,27.42,3.45
399001.SZ,2021/10/20,25783872429152.0,20685604340850.0,1245707908978.0,1004271547276.0,5.98923E+11,1.41,2.36,30.98,27.36,3.44
399001.SZ,2021/10/21,25774722372849.0,20696650824447.0,1245705635978.0,1004271547276.0,5.98985E+11,1.35,2.26,30.97,27.29,3.43
399001.SZ,2021/10/22,25861328031004.0,20753675617891.0,1245735117382.0,1004597027034.0,5.99465E+11,1.41,2.36,31.08,27.36,3.45
399001.SZ,2021/10/25,26051970526526.0,20882459861291.0,1245907140384.0,1004602173956.0,5.99443E+11,1.4,2.34,31.31,27.42,3.46
399001.SZ,2021/10/26,25968345564375.0,20840212160466.0,1245997150384.0,1006043387984.0,6.00682E+11,1.47,2.47,31.21,27.25,3.44
399001.SZ,2021/10/27,25693323428751.0,20614985746114.0,1245997506191.0,1006069860036.0,6.00133E+11,1.52,2.55,30.88,26.97,3.39
399001.SZ,2021/10/28,25404971322755.0,20410419287124.0,1246001866655.0,1005893262843.0,5.99862E+11,1.53,2.57,30.53,26.84,3.34
399001.SZ,2021/10/29,25786230450572.0,20714224921189.0,1246022150962.0,1006027007617.0,5.95276E+11,1.5,2.53,30.99,26.94,3.34
399001.SZ,2021/11/1,25808502068771.0,20764406324738.0,1246023167571.0,1006133518239.0,5.95141E+11,1.67,2.83,31.01,27.7,3.31
399001.SZ,2021/11/2,25760763906851.0,20606231292653.0,1253323260539.0,1006138604708.0,5.95264E+11,1.73,2.93,30.96,27.65,3.27
399001.SZ,2021/11/3,25718751902622.0,20587204771108.0,1253323355239.0,1006135664083.0,5.95275E+11,1.45,2.46,30.91,27.61,3.26
399001.SZ,2021/11/4,26093185673713.0,20857217072388.0,1253551979306.0,1006138845777.0,5.94177E+11,1.46,2.47,31.36,28.01,3.3
399001.SZ,2021/11/5,25896387399138.0,20716780118303.0,1253851583463.0,1006152562777.0,5.94337E+11,1.7,2.88,31.12,27.8,3.28
399001.SZ,2021/11/8,25951628620989.0,20769011306690.0,1253852160605.0,1006348934751.0,5.94414E+11,1.46,2.47,31.19,27.86,3.28
399001.SZ,2021/11/9,26099884224943.0,20862001217496.0,1254366902783.0,1006425988443.0,5.93625E+11,1.35,2.28,31.36,28.02,3.3
399001.SZ,2021/11/10,25969601735095.0,20775380336567.0,1254449194626.0,1006425988443.0,5.9378E+11,1.55,2.62,31.21,27.88,3.28
399001.SZ,2021/11/11,26298900232151.0,21052983468158.0,1254348895910.0,1006748169343.0,5.94155E+11,1.69,2.87,31.6,28.23,3.33
399001.SZ,2021/11/12,26283860659784.0,21049258558942.0,1254348233784.0,1006748425027.0,5.94161E+11,1.65,2.79,31.59,28.21,3.33
399001.SZ,2021/11/15,26167030034760.0,20958891204553.0,1254382342365.0,1006814365279.0,5.9424E+11,1.58,2.68,31.45,28.09,3.31
399001.SZ,2021/11/16,26134100122047.0,20946612819683.0,1254396778281.0,1007014465573.0,5.94439E+11,1.57,2.66,31.41,28.05,3.31
399001.SZ,2021/11/17,26302661074623.0,21076523134723.0,1254453938222.0,1007015241372.0,5.94545E+11,1.37,2.32,31.61,28.23,3.33
399001.SZ,2021/11/18,26086241935312.0,20896383732771.0,1254454351173.0,1007015828903.0,5.94548E+11,1.54,2.61,31.35,28,3.3
399001.SZ,2021/11/19,26421670538774.0,21169431809488.0,1254804091597.0,1008003004371.0,5.95861E+11,1.66,2.81,31.75,28.36,3.34
399001.SZ,2021/11/22,26791963134626.0,21460426379788.0,1254804156095.0,1008211777303.0,5.95217E+11,1.72,2.91,32.2,28.76,3.38
399001.SZ,2021/11/23,26690508223089.0,21380126741340.0,1254804172147.0,1008226415864.0,5.95209E+11,1.69,2.86,32.07,28.65,3.37
399001.SZ,2021/11/24,26661558208685.0,21382049488877.0,1254893882016.0,1008162699550.0,5.95206E+11,1.64,2.78,32.04,28.62,3.37
399001.SZ,2021/11/25,26542722288115.0,21278364114021.0,1254972463536.0,1008102664837.0,5.95187E+11,1.44,2.44,31.9,28.49,3.35
399001.SZ,2021/11/26,26440901512585.0,21200356632933.0,1254975523330.0,1008105019038.0,5.96046E+11,1.42,2.39,31.77,28.38,3.34
399001.SZ,2021/11/29,26510800520395.0,21256647186438.0,1255069029483.0,1008273810250.0,5.96243E+11,1.41,2.38,31.86,28.46,3.35
399001.SZ,2021/11/30,26467505349516.0,21223940951244.0,1255072150791.0,1008280466510.0,5.96289E+11,1.49,2.52,31.81,28.41,3.34
399001.SZ,2021/12/1,26473499952950.0,21245229936460.0,1255072150791.0,1009068590867.0,5.97099E+11,1.48,2.51,31.81,28.42,3.34
399001.SZ,2021/12/2,26455945111296.0,21210052258105.0,1255678097011.0,1009082099871.0,5.97712E+11,1.57,2.65,31.79,28.4,3.34
399001.SZ,2021/12/3,26693568065115.0,21407231952800.0,1255731035962.0,1008363423583.0,5.97031E+11,1.47,2.48,32.08,28.65,3.37
399001.SZ,2021/12/6,26458979638530.0,21240174480606.0,1255733590859.0,1010924785265.0,5.97406E+11,1.69,2.86,31.8,28.4,3.34
399001.SZ,2021/12/7,26375344806816.0,21168023552428.0,1255729664749.0,1010988161746.0,5.95365E+11,1.63,2.77,31.7,28.31,3.33
399001.SZ,2021/12/8,26851726163127.0,21553474647390.0,1255730164237.0,1011003101134.0,5.95941E+11,1.48,2.51,32.27,28.82,3.39
399001.SZ,2021/12/9,27179829252567.0,21827726686672.0,1255732045597.0,1011106506320.0,5.96068E+11,1.9,3.22,32.66,29.17,3.43
399001.SZ,2021/12/10,27122974992091.0,21768150474870.0,1255751368520.0,1011753977769.0,5.96058E+11,1.73,2.94,32.59,29.11,3.42
399001.SZ,2021/12/13,28341265543405.0,22507108038927.0,1257979942302.0,1010170144153.0,5.97792E+11,1.86,3.14,33.84,29.61,3.58
399001.SZ,2021/12/14,28192434231236.0,22401989692685.0,1257980004102.0,1010208382839.0,5.97387E+11,1.58,2.68,33.66,29.45,3.56
399001.SZ,2021/12/15,27994207266010.0,22257386803963.0,1258388586484.0,1010903080031.0,5.97677E+11,1.48,2.51,33.43,29.24,3.52
399001.SZ,2021/12/16,28166372348818.0,22383175885843.0,1259454341067.0,1010903106761.0,5.97725E+11,1.55,2.63,33.63,29.42,3.54
399001.SZ,2021/12/17,27723580067834.0,22027732292985.0,1259554261932.0,1010904778757.0,5.97767E+11,1.66,2.82,33.1,28.96,3.48
399001.SZ,2021/12/20,27183423829423.0,21632159972435.0,1260306175458.0,1013431511251.0,6.00277E+11,1.6,2.7,32.46,28.39,3.41
399001.SZ,2021/12/21,27412585447322.0,21808197885560.0,1260306051925.0,1013473479795.0,6.0051E+11,1.39,2.35,32.73,28.63,3.44
399001.SZ,2021/12/22,27590301227860.0,21968917727287.0,1260467106684.0,1013689725309.0,6.00717E+11,1.53,2.58,32.94,28.82,3.46
399001.SZ,2021/12/23,27729101648221.0,22095009456703.0,1260484008225.0,1013704797942.0,6.00644E+11,1.52,2.57,33.11,28.96,3.48
399001.SZ,2021/12/24,27472880595448.0,21938542028667.0,1260548414069.0,1014133028674.0,6.00886E+11,1.49,2.52,32.8,28.7,3.44
399001.SZ,2021/12/27,27463922789268.0,21941937816068.0,1260563646458.0,1014138004840.0,6.01202E+11,1.38,2.33,32.79,28.69,3.44
399001.SZ,2021/12/28,27673222750981.0,22113348289141.0,1261377955041.0,1014056320723.0,6.00659E+11,1.4,2.37,33.04,28.91,3.47
399001.SZ,2021/12/29,27334831926390.0,21829627336491.0,1261399613909.0,1014078405591.0,6.00746E+11,1.28,2.15,32.64,28.55,3.42
399001.SZ,2021/12/30,27581251159714.0,22038034673691.0,1261399197947.0,1014133978484.0,6.00936E+11,1.41,2.39,32.93,28.81,3.45
399001.SZ,2021/12/31,27704573518263.0,22125678176285.0,1261683459018.0,1014234185584.0,6.01094E+11,1.42,2.4,33.08,28.94,3.46
399001.SZ,2022/1/4,27579102037590.0,22019205077820.0,1261682443732.0,1014311388424.0,6.01094E+11,1.85,3.13,32.93,28.81,3.45
399001.SZ,2022/1/5,27101951425118.0,21655825434425.0,1261744075608.0,1014567042029.0,6.01278E+11,1.92,3.24,32.36,28.31,3.4
399001.SZ,2022/1/6,26934454760160.0,21503386321664.0,1261773429795.0,1014494727178.0,6.02123E+11,1.7,2.87,32.16,28.13,3.38
399001.SZ,2022/1/7,26771387411579.0,21383510998799.0,1262302413845.0,1014523317471.0,6.02788E+11,1.89,3.17,31.97,27.96,3.36
399001.SZ,2022/1/10,26886425964011.0,21468987316585.0,1262296695026.0,1014604344516.0,6.02833E+11,1.64,2.77,32.1,28.09,3.37
399001.SZ,2022/1/11,26541212926315.0,21205398557616.0,1262297591335.0,1014892543317.0,6.03265E+11,1.6,2.68,31.69,27.73,3.33
399001.SZ,2022/1/12,26910885968435.0,21492255108640.0,1262296761713.0,1015166893810.0,6.03563E+11,1.51,2.53,32.13,28.11,3.37
399001.SZ,2022/1/13,26403512733758.0,21073498305243.0,1263068821419.0,1015169666209.0,6.04356E+11,1.53,2.57,31.53,27.58,3.31
399001.SZ,2022/1/14,26398804953063.0,21073649426969.0,1263399790142.0,1015170010371.0,6.03492E+11,1.59,2.67,31.52,27.55,3.3
399001.SZ,2022/1/17,26771184391300.0,21395288826815.0,1263435105301.0,1017955116271.0,6.0465E+11,1.58,2.65,31.97,27.91,3.35
399001.SZ,2022/1/18,26845530025487.0,21484357396299.0,1263435022678.0,1019926217850.0,6.04705E+11,1.65,2.79,32.06,27.94,3.36
399001.SZ,2022/1/19,26507283431458.0,21233763838264.0,1263435185128.0,1020811682062.0,6.04995E+11,1.55,2.62,31.65,27.6,3.32
399001.SZ,2022/1/20,26504412680436.0,21258301768797.0,1263623053322.0,1020814320710.0,6.04999E+11,1.66,2.79,31.65,27.6,3.32
399001.SZ,2022/1/21,26192210796786.0,21016179223737.0,1263822720543.0,1020882238403.0,6.05066E+11,1.42,2.4,31.28,27.27,3.28
399001.SZ,2022/1/24,26285776049285.0,21087024655483.0,1263823545122.0,1021154727709.0,6.05168E+11,1.19,2,31.39,27.36,3.29
399001.SZ,2022/1/25,25539594303805.0,20507718540240.0,1263823545122.0,1021849590124.0,6.05205E+11,1.42,2.39,30.49,26.58,3.2
399001.SZ,2022/1/26,25737931033786.0,20651645336318.0,1263823646843.0,1021882420255.0,6.05415E+11,1.12,1.88,30.73,26.79,3.22
399001.SZ,2022/1/27,25074380342692.0,20100138982639.0,1264939340869.0,1021883118512.0,6.05739E+11,1.18,2,29.94,26.09,3.13
399001.SZ,2022/1/28,24916981243310.0,20032198297342.0,1264952757499.0,1022516519345.0,6.0669E+11,1.16,1.96,29.75,25.93,3.11
399001.SZ,2022/2/7,25202650280690.0,20231460670433.0,1264952757499.0,1022917376550.0,6.07091E+11,1.25,2.11,30.09,26.24,3.15
399001.SZ,2022/2/8,24975505587477.0,20037970284469.0,1264953255407.0,1022920091295.0,6.07371E+11,1.3,2.2,29.8,25.99,3.12
399001.SZ,2022/2/9,25357804378663.0,20333891671839.0,1265289536864.0,1022920596713.0,6.072E+11,1.44,2.42,30.25,26.37,3.17
399001.SZ,2022/2/10,25179100716882.0,20243744114151.0,1265289536864.0,1024316482662.0,6.09133E+11,1.36,2.29,30.04,26.18,3.14
399001.SZ,2022/2/11,24796157882030.0,19939505897493.0,1265386939599.0,1024405245780.0,6.09076E+11,1.45,2.43,29.58,25.78,3.09
399001.SZ,2022/2/14,24615548017458.0,19805584050970.0,1265387465437.0,1024872740157.0,6.09555E+11,1.28,2.15,29.37,25.59,3.06
399001.SZ,2022/2/15,25021893259051.0,20135189934266.0,1265377487857.0,1025059480847.0,6.09549E+11,1.07,1.81,29.86,26.02,3.11
399001.SZ,2022/2/16,25086556030814.0,20180361887349.0,1265396824924.0,1025071204502.0,6.0956E+11,0.99,1.67,29.94,26.09,3.12
399001.SZ,2022/2/17,25164803339260.0,20233919727837.0,1265396375624.0,1025087428658.0,6.09587E+11,1.12,1.88,29.94,26.18,3.13
399001.SZ,2022/2/18,25241612343929.0,20311380974470.0,1265451941694.0,1025289665064.0,6.09823E+11,1.13,1.9,30.03,26.26,3.14
399001.SZ,2022/2/21,25258435378808.0,20345973531124.0,1265514243094.0,1028248250570.0,6.12781E+11,1.31,2.2,30.05,26.28,3.14
399001.SZ,2022/2/22,24929962950566.0,20082535262382.0,1265521044074.0,1028256028495.0,6.12855E+11,1.34,2.24,29.65,25.93,3.1
399001.SZ,2022/2/23,25367782435840.0,20439960866061.0,1265526769209.0,1028262107222.0,6.12854E+11,1.34,2.24,30.18,26.37,3.15
399001.SZ,2022/2/24,24805751791480.0,19990050802788.0,1265700989462.0,1028352421375.0,6.13098E+11,1.88,3.15,29.51,26.03,3.08
399001.SZ,2022/2/25,25121365602201.0,20237505470219.0,1266015237759.0,1028338532470.0,6.13276E+11,1.33,2.23,29.88,26.37,3.12
399001.SZ,2022/2/28,25218371453705.0,20300281979606.0,1266021624690.0,1028338674106.0,6.13327E+11,1.21,2.03,29.99,26.6,3.14
399001.SZ,2022/3/1,25278668482054.0,20349374057481.0,1266006442083.0,1028360506876.0,6.13336E+11,1.22,2.05,30.05,26.71,3.14
399001.SZ,2022/3/2,25018043874909.0,20121997777832.0,1264175981908.0,1026717761181.0,6.12185E+11,1.14,1.92,29.74,26.43,3.11
399001.SZ,2022/3/3,24771989731352.0,19926094758436.0,1264176229703.0,1026728508976.0,6.12301E+11,1.37,2.29,29.45,26.17,3.08
399001.SZ,2022/3/4,24450619221715.0,19650269945220.0,1264761394771.0,1026325755528.0,6.13026E+11,1.34,2.24,29.06,25.82,3.04
399001.SZ,2022/3/7,23620723076376.0,18977909337434.0,1264761394771.0,1026327441653.0,6.12618E+11,1.42,2.37,28.06,24.94,2.93
399001.SZ,2022/3/8,22988620076934.0,18489624474611.0,1264758072739.0,1026619856112.0,6.12824E+11,1.57,2.64,27.29,24.27,2.85
399001.SZ,2022/3/9,22745105569359.0,18287460813561.0,1265533024717.0,1027584870223.0,6.13614E+11,1.72,2.88,26.93,24.02,2.82
399001.SZ,2022/3/10,23240327538942.0,18697771710366.0,1265533078784.0,1027597765940.0,6.13626E+11,1.4,2.35,27.27,24.39,2.88
399001.SZ,2022/3/11,23380643751209.0,18822569564246.0,1265542293266.0,1027944999170.0,6.13765E+11,1.38,2.31,27.35,24.49,2.89
399001.SZ,2022/3/14,22654653593132.0,18241733517192.0,1265554847696.0,1027957751477.0,6.13673E+11,1.25,2.1,26.5,23.6,2.8
399001.SZ,2022/3/15,21641116640409.0,17419387875098.0,1265556062732.0,1028031372148.0,6.14253E+11,1.67,2.79,25.31,22.5,2.67
399001.SZ,2022/3/16,22491046932377.0,18111311558424.0,1265555272502.0,1028035792693.0,6.1425E+11,1.69,2.82,26.28,23.38,2.78
399001.SZ,2022/3/17,23041600620107.0,18556835568556.0,1265550827755.0,1028041608535.0,6.14325E+11,1.69,2.83,26.89,23.88,2.85
399001.SZ,2022/3/18,23112472487842.0,18605314492397.0,1265554004557.0,1028093840476.0,6.14398E+11,1.34,2.24,26.92,23.96,2.85
399001.SZ,2022/3/21,23195978290863.0,18692198290767.0,1265571474986.0,1028264053112.0,6.14546E+11,1.42,2.37,26.92,24.08,2.86
399001.SZ,2022/3/22,23088488352770.0,18612582739343.0,1265571477118.0,1028287919785.0,6.14518E+11,1.28,2.15,26.14,23.86,2.88
399001.SZ,2022/3/23,23257658097721.0,18745804222648.0,1265572356786.0,1028291108008.0,6.1456E+11,1.22,2.05,26.31,24.03,2.9
399001.SZ,2022/3/24,23074469228688.0,18592988216785.0,1265572359421.0,1028285648673.0,6.14652E+11,1.22,2.04,26.16,23.85,2.88
399001.SZ,2022/3/25,22640395557879.0,18274008232095.0,1265632336820.0,1028449557603.0,6.14772E+11,1.18,1.98,25.64,23.39,2.82
399001.SZ,2022/3/28,22426264228525.0,18084253118082.0,1265639573090.0,1030373934615.0,6.16106E+11,1.18,1.98,25.38,23.2,2.8
399001.SZ,2022/3/29,22330755406857.0,17999827243995.0,1265969102741.0,1030691872889.0,6.16147E+11,1.16,1.95,25.04,23.26,2.78
399001.SZ,2022/3/30,23015840398249.0,18563903130467.0,1266021937347.0,1030665960834.0,6.16423E+11,1.45,2.42,25.57,23.93,2.86
399001.SZ,2022/3/31,22760023712102.0,18365313112107.0,1266023325707.0,1030669717772.0,6.15973E+11,1.43,2.39,25.11,24.35,2.82
399001.SZ,2022/4/1,22981073575633.0,18545905418761.0,1266026425251.0,1030685572188.0,6.1557E+11,1.38,2.3,25.37,24.61,2.85
399001.SZ,2022/4/6,22902892476720.0,18470014820833.0,1266073111030.0,1030769251838.0,6.15559E+11,1.49,2.5,25.33,24.56,2.84
399001.SZ,2022/4/7,22541188158612.0,18187168735978.0,1266073132953.0,1030781672292.0,6.15562E+11,1.45,2.44,24.93,24.19,2.79
399001.SZ,2022/4/8,22542020222241.0,18188645379208.0,1266073412008.0,1030784414284.0,6.15845E+11,1.43,2.39,24.76,24.22,2.79
399001.SZ,2022/4/11,21769432450866.0,17550361523225.0,1266065001381.0,1030837441710.0,6.15879E+11,1.43,2.39,23.85,23.45,2.7
399001.SZ,2022/4/12,22203977907762.0,17923172943738.0,1266095970699.0,1030893826472.0,6.14661E+11,1.4,2.35,24.31,23.96,2.75
399001.SZ,2022/4/13,21869716577968.0,17661865258337.0,1266095970699.0,1030894618297.0,6.15402E+11,1.3,2.19,23.89,23.64,2.71
399001.SZ,2022/4/14,22155082202818.0,17909033055093.0,1266160841533.0,1030936422508.0,6.12897E+11,1.28,2.16,24.2,23.9,2.75
399001.SZ,2022/4/15,22033173553764.0,17834738732357.0,1266212416314.0,1031192410980.0,6.04992E+11,1.39,2.37,23.78,23.56,2.73
399001.SZ,2022/4/18,22088652650819.0,17868560142657.0,1266212741891.0,1031284242207.0,6.1629E+11,1.19,1.99,24.27,23.64,2.74
399001.SZ,2022/4/19,21999262793590.0,17786143459186.0,1266212781891.0,1031373874879.0,6.16295E+11,1.16,1.95,23.91,23.54,2.72
399001.SZ,2022/4/20,21566828379273.0,17421626537557.0,1269429947016.0,1033236437750.0,6.17925E+11,1.24,2.08,23.41,23.12,2.67
399001.SZ,2022/4/21,21002375727764.0,16980737733853.0,1269786773595.0,1033546506000.0,6.10608E+11,1.32,2.24,22.8,22.5,2.59
399001.SZ,2022/4/22,20985474718640.0,16968429613426.0,1269786773595.0,1033647175636.0,6.19335E+11,1.18,1.97,22.66,22.31,2.58
399001.SZ,2022/4/25,19768197603348.0,15964940295956.0,1269790205712.0,1034184246584.0,6.20269E+11,1.55,2.58,21.26,21.02,2.43
399001.SZ,2022/4/26,19471234063234.0,15713793650114.0,1269793064229.0,1034299716839.0,5.81787E+11,1.46,2.6,20.9,20.78,2.39
399001.SZ,2022/4/27,20251306659073.0,16358024013961.0,1269794986821.0,1034404045290.0,5.91133E+11,1.6,2.79,21.62,21.53,2.47
399001.SZ,2022/4/28,20203820068363.0,16342743077207.0,1270102346133.0,1034677518970.0,5.68693E+11,1.37,2.49,21.83,21.72,2.46
399001.SZ,2022/4/29,20915753567627.0,16913210941085.0,1270105008774.0,1034579154450.0,6.19991E+11,1.62,2.7,22.44,22.52,2.53
399001.SZ,2022/5/5,20934173772434.0,16949826147383.0,1270980991587.0,1035363343195.0,6.21299E+11,1.42,2.37,25.57,26.24,2.55
399001.SZ,2022/5/6,20481463728444.0,16573001848731.0,1270996553502.0,1035439405662.0,6.21345E+11,1.22,2.03,25.02,25.67,2.5
399001.SZ,2022/5/9,20392333212737.0,16508245180988.0,1270996496686.0,1035973084493.0,6.2196E+11,1.03,1.71,24.91,25.56,2.49
399001.SZ,2022/5/10,20655303360169.0,16721067946253.0,1271127228877.0,1036169091553.0,6.22005E+11,1.33,2.22,25.23,25.89,2.52
399001.SZ,2022/5/11,21028523814138.0,17007741255481.0,1271457175142.0,1036307454783.0,6.22178E+11,1.65,2.75,25.68,26.36,2.57
399001.SZ,2022/5/12,21004921453962.0,16983418653971.0,1271787192772.0,1036544513265.0,6.2238E+11,1.18,1.97,25.65,26.33,2.56
399001.SZ,2022/5/13,21148339778289.0,17080645761254.0,1272156835940.0,1036738492244.0,6.22549E+11,1.13,1.89,25.83,26.51,2.58
399001.SZ,2022/5/16,21034713713313.0,16988657998745.0,1273119208876.0,1038302391692.0,6.23892E+11,1.22,2.03,25.69,26.37,2.57
399001.SZ,2022/5/17,21281946325281.0,17183501620484.0,1273140391994.0,1038349457554.0,6.2391E+11,1.11,1.85,25.99,26.68,2.6
399001.SZ,2022/5/18,21241796940345.0,17187085341641.0,1273220967439.0,1041192310172.0,6.23983E+11,1.12,1.86,25.94,26.63,2.59
399001.SZ,2022/5/19,21317207177413.0,17264608418146.0,1273297377668.0,1041783046693.0,6.24553E+11,1.21,2.02,26.04,26.72,2.61
399001.SZ,2022/5/20,21709113366456.0,17589516982392.0,1273304473049.0,1041789840824.0,6.24532E+11,1.49,2.48,26.52,27.21,2.65
399001.SZ,2022/5/23,21717187340201.0,17590448858691.0,1273512558136.0,1042899613971.0,6.24722E+11,1.34,2.23,26.52,27.22,2.66
399001.SZ,2022/5/24,21006982055337.0,17017403638449.0,1273512342511.0,1042984591122.0,6.24751E+11,1.45,2.43,25.66,26.33,2.57
399001.SZ,2022/5/25,21158348513996.0,17128855212905.0,1274077626772.0,1043542340411.0,6.2532E+11,1.07,1.78,25.84,26.52,2.59
399001.SZ,2022/5/26,21274995076796.0,17227768480305.0,1275140858081.0,1044383300325.0,6.25716E+11,1.25,2.08,25.98,26.67,2.61
399001.SZ,2022/5/27,21262740978886.0,17218107143840.0,1276069952326.0,1045308845237.0,6.26233E+11,1.13,1.88,25.97,26.65,2.61
399001.SZ,2022/5/30,21500146760988.0,17412384806594.0,1276446733860.0,1045697278838.0,6.26554E+11,1.08,1.8,26.26,26.95,2.64
399001.SZ,2022/5/31,21900784816998.0,17746722551260.0,1276622491058.0,1045890075202.0,6.26684E+11,1.37,2.28,26.75,27.45,2.69
399001.SZ,2022/6/1,21937837515916.0,17777544580757.0,1276622051924.0,1045894728112.0,6.2674E+11,1.23,2.06,26.79,27.5,2.7
399001.SZ,2022/6/2,22061423193821.0,17883082709222.0,1277042924290.0,1046259948244.0,6.26994E+11,1.23,2.05,26.95,27.65,2.72
399001.SZ,2022/6/6,22627103634835.0,18337817646459.0,1277745012628.0,1046998937998.0,6.27385E+11,1.59,2.66,27.64,28.36,2.79
399001.SZ,2022/6/7,22632761951386.0,18347842787740.0,1277886608112.0,1047078496862.0,6.27492E+11,1.41,2.35,27.64,28.37,2.79
399001.SZ,2022/6/8,22838339169835.0,18505896714533.0,1278633301072.0,1047545021807.0,6.27738E+11,1.5,2.5,27.89,28.63,2.82
399001.SZ,2022/6/9,22432139517576.0,18166835168837.0,1278633871010.0,1047547348727.0,6.27741E+11,1.4,2.34,27.4,28.12,2.77
399001.SZ,2022/6/10,22881188135532.0,18511365734344.0,1278649775807.0,1048518644802.0,6.27756E+11,1.55,2.59,27.95,28.68,2.83
399001.SZ,2022/6/13,23488486133247.0,18814729067507.0,1272205663656.0,1030069456354.0,6.18512E+11,1.58,2.63,26.49,26.89,2.88
399001.SZ,2022/6/14,23555489021982.0,18873080537857.0,1272602686199.0,1030383426727.0,6.18753E+11,1.69,2.81,26.57,26.97,2.89
399001.SZ,2022/6/15,23755657692952.0,19058114375950.0,1272763201389.0,1030485647385.0,6.18833E+11,2.2,3.66,26.79,27.2,2.91
399001.SZ,2022/6/16,23768958647320.0,19065289495304.0,1272793065962.0,1030422018662.0,6.1901E+11,1.84,3.06,26.81,27.21,2.92
399001.SZ,2022/6/17,24090662095137.0,19325586557275.0,1273465331857.0,1030782509417.0,6.19351E+11,1.61,2.68,27.17,27.58,2.96
399001.SZ,2022/6/20,24394791580899.0,19576957837820.0,1273662340801.0,1030943929437.0,6.19592E+11,1.65,2.74,27.51,27.93,2.99
399001.SZ,2022/6/21,24266974801491.0,19488359024976.0,1273662340801.0,1031333787202.0,6.19643E+11,1.6,2.66,27.37,27.78,2.98
399001.SZ,2022/6/22,23920129710057.0,19212010402610.0,1273589610958.0,1031583335084.0,6.20063E+11,1.45,2.41,26.98,27.39,2.94
399001.SZ,2022/6/23,24415893000988.0,19610929784386.0,1274890349318.0,1032882476566.0,6.20432E+11,1.55,2.58,27.54,27.95,3
399001.SZ,2022/6/24,24751312518113.0,19890584206167.0,1274904021132.0,1033156005122.0,6.20604E+11,1.55,2.59,27.91,28.34,3.04
399001.SZ,2022/6/27,25021483913877.0,20076090153889.0,1277196086513.0,1033237438235.0,6.21477E+11,1.65,2.74,28.22,28.65,3.08
399001.SZ,2022/6/28,25306747350003.0,20320773079765.0,1277200446573.0,1033545532845.0,6.22135E+11,1.69,2.81,28.54,28.97,3.11
399001.SZ,2022/6/29,24748461351767.0,19902779407993.0,1277200641885.0,1034453306078.0,6.22662E+11,1.89,3.15,27.91,28.33,3.05
399001.SZ,2022/6/30,25128076845958.0,20249717421402.0,1277392867935.0,1036348689165.0,6.2302E+11,1.59,2.64,28.34,28.77,3.1
399001.SZ,2022/7/1,25046631596307.0,20195553294804.0,1277391642432.0,1036604500433.0,6.2343E+11,1.43,2.37,28.25,28.68,3.09
399001.SZ,2022/7/4,25438173088014.0,20462866791011.0,1278100441726.0,1039283889497.0,6.24337E+11,1.52,2.54,28.69,29.12,3.12
399001.SZ,2022/7/5,25338849762063.0,20388454858951.0,1278183213378.0,1039301468291.0,6.24792E+11,1.65,2.74,28.58,29.01,3.11
399001.SZ,2022/7/6,25018128488258.0,20112963399689.0,1278194368664.0,1039314662154.0,6.24866E+11,1.55,2.59,28.22,28.64,3.07
399001.SZ,2022/7/7,25227379799564.0,20278288283687.0,1277991396423.0,1040188903885.0,6.25843E+11,1.5,2.5,28.45,28.88,3.11
399001.SZ,2022/7/8,25083302362378.0,20182737783850.0,1277997109384.0,1040370420453.0,6.24671E+11,1.42,2.36,28.29,28.72,3.09
399001.SZ,2022/7/11,24640756786241.0,19831082707566.0,1279618877400.0,1041712241445.0,6.25885E+11,1.41,2.35,27.79,28.21,3.04
399001.SZ,2022/7/12,24309085028884.0,19579676814685.0,1279782943323.0,1042420588227.0,6.25938E+11,1.32,2.2,27.42,27.82,3
399001.SZ,2022/7/13,24470028157819.0,19695838419288.0,1279817450344.0,1042465430047.0,6.25982E+11,1.35,2.25,27.6,28,3.02
399001.SZ,2022/7/14,24650314219280.0,19830133113577.0,1279817450344.0,1042600173805.0,6.26117E+11,1.37,2.28,27.8,28.21,3.04
399001.SZ,2022/7/15,24304796796096.0,19531150359401.0,1280358798748.0,1042923376647.0,6.26213E+11,1.54,2.56,27.41,27.81,3
399001.SZ,2022/7/18,24531791856842.0,19720038227795.0,1280359228892.0,1042986458525.0,6.26458E+11,1.43,2.39,27.67,28.09,3.03
399001.SZ,2022/7/19,24444778154027.0,19670870998684.0,1280372855179.0,1043003643482.0,6.26559E+11,1.32,2.19,27.57,27.98,3.02
399001.SZ,2022/7/20,24588648743379.0,19790794272285.0,1280613743022.0,1043006349146.0,6.26106E+11,1.31,2.18,27.73,28.15,3.03
399001.SZ,2022/7/21,24355567855867.0,19607896224434.0,1280721683069.0,1043297546743.0,6.2698E+11,1.41,2.35,27.47,27.88,3
399001.SZ,2022/7/22,24242976864441.0,19509187881069.0,1281038728016.0,1043312175921.0,6.27076E+11,1.25,2.07,27.34,27.75,2.97
399001.SZ,2022/7/25,24036071514204.0,19372253778470.0,1281046512887.0,1043494379499.0,6.27144E+11,1.2,2,27.11,27.53,2.95
399001.SZ,2022/7/26,24259739000053.0,19559303400398.0,1281054293223.0,1043511087062.0,6.27166E+11,1.1,1.83,27.36,27.74,2.97
399001.SZ,2022/7/27,24235782778581.0,19534369437773.0,1281053775073.0,1043727692629.0,6.27123E+11,1.15,1.91,27.33,27.7,2.99
399001.SZ,2022/7/28,24297584276539.0,19585510956300.0,1281450760737.0,1044128361994.0,6.27129E+11,1.45,2.42,27.4,27.78,2.99
399001.SZ,2022/7/29,23978415569019.0,19321147008944.0,1281597787369.0,1044128331569.0,6.27097E+11,1.39,2.31,27.04,27.38,2.95
399001.SZ,2022/8/1,24255295459675.0,19537530988457.0,1281597634967.0,1044127892288.0,6.27134E+11,1.28,2.14,27.36,27.69,2.98
399001.SZ,2022/8/2,23699846506469.0,19099183201575.0,1281680587730.0,1045972210049.0,6.28215E+11,1.74,2.9,26.73,27.06,2.92
399001.SZ,2022/8/3,23427059258166.0,18886657545006.0,1281680587730.0,1045972282232.0,6.28213E+11,1.45,2.41,26.42,26.75,2.88
399001.SZ,2022/8/4,23584132052905.0,19013583753206.0,1281680587730.0,1045978824421.0,6.28258E+11,1.09,1.81,26.6,26.93,2.9
399001.SZ,2022/8/5,23963113844135.0,19324807594372.0,1281682754262.0,1045979936533.0,6.28409E+11,1.28,2.13,27.03,27.28,2.95
399001.SZ,2022/8/8,24025027132325.0,19378584891087.0,1281650365329.0,1045974533476.0,6.28411E+11,1.16,1.93,27.1,27.38,2.96
399001.SZ,2022/8/9,24064874287475.0,19454724346180.0,1281650858584.0,1046248831923.0,6.28696E+11,1.12,1.86,27.14,27.31,2.96
399001.SZ,2022/8/10,23861216572504.0,19299893351780.0,1281650858584.0,1046252405588.0,6.287E+11,1.13,1.88,26.91,27.04,2.94
399001.SZ,2022/8/11,24334868946908.0,19688623946518.0,1281680283423.0,1046252405588.0,6.28715E+11,1.45,2.42,27.45,27.57,2.99
399001.SZ,2022/8/12,24252094425909.0,19629933887598.0,1281679497964.0,1046304617490.0,6.28782E+11,1.34,2.24,27.35,27.48,2.98
399001.SZ,2022/8/15,24303247999979.0,19672451159748.0,1281679515605.0,1046511907188.0,6.28864E+11,1.26,2.1,27.41,27.54,2.99
399001.SZ,2022/8/16,24334003691863.0,19688340355883.0,1281679097905.0,1046578698143.0,6.28928E+11,1.27,2.12,27.44,27.59,2.99
399001.SZ,2022/8/17,24586398793654.0,19891611282880.0,1281679706805.0,1046591492506.0,6.28926E+11,1.48,2.46,27.73,27.91,3.02
399001.SZ,2022/8/18,24414309723765.0,19776984879458.0,1284379280173.0,1048555302010.0,6.29701E+11,1.34,2.23,27.54,27.73,2.99
399001.SZ,2022/8/19,24155279662680.0,19552900842121.0,1284379284278.0,1048591932951.0,6.29411E+11,1.45,2.42,27.24,27.49,2.96
399001.SZ,2022/8/22,24436120435312.0,19779291011146.0,1285318395872.0,1048651698368.0,6.28782E+11,1.34,2.23,27.56,27.86,2.98
399001.SZ,2022/8/23,24330081308296.0,19657093297283.0,1285318847822.0,1048614508727.0,6.30267E+11,1.22,2.03,27.44,27.64,2.97
399001.SZ,2022/8/24,23646412704088.0,19138341193516.0,1285537151310.0,1050302133608.0,6.30772E+11,1.49,2.48,26.67,26.83,2.88
399001.SZ,2022/8/25,23674508795216.0,19143048438918.0,1285642812677.0,1049876762753.0,6.3034E+11,1.25,2.09,26.7,26.73,2.88
399001.SZ,2022/8/26,23609622802253.0,19085634183839.0,1285676322773.0,1050596662301.0,6.29781E+11,1.15,1.92,26.63,26.64,2.86
399001.SZ,2022/8/29,23550809813184.0,19078350051081.0,1289662597159.0,1077148843337.0,6.30933E+11,1.06,1.82,26.56,26.76,2.83
399001.SZ,2022/8/30,23455268550414.0,19000871041343.0,1289663034043.0,1077216800831.0,6.31342E+11,1.11,1.89,26.45,27.17,2.81
399001.SZ,2022/8/31,23147299401460.0,18785164501580.0,1289712848256.0,1077300747335.0,6.32575E+11,1.31,2.24,26.11,27.15,2.75
399001.SZ,2022/9/1,22942624660422.0,18614263341574.0,1289712628029.0,1077300747335.0,6.3265E+11,1.05,1.79,25.88,26.91,2.73
399001.SZ,2022/9/2,22908987054983.0,18591497482234.0,1289759908884.0,1077301299290.0,6.32706E+11,0.91,1.56,25.84,26.87,2.72
399001.SZ,2022/9/5,22853416816745.0,18561165748448.0,1289962318848.0,1077510788246.0,6.3297E+11,0.92,1.56,25.77,26.81,2.72
399001.SZ,2022/9/6,23091513048515.0,18752043090535.0,1289964304708.0,1077511163656.0,6.32976E+11,1.06,1.8,26.04,27.09,2.74
399001.SZ,2022/9/7,23198024607453.0,18818115188256.0,1289954610012.0,1077350042703.0,6.32825E+11,1.05,1.78,26.16,27.21,2.76
399001.SZ,2022/9/8,23018560311615.0,18682753116623.0,1289931658876.0,1077933776955.0,6.33126E+11,0.99,1.68,25.96,27,2.73
399001.SZ,2022/9/9,23271666704121.0,18896719416033.0,1289880307704.0,1077885153382.0,6.33192E+11,1.06,1.81,26.25,27.3,2.76
399001.SZ,2022/9/13,23363295459699.0,18974177213558.0,1289880377500.0,1077885223178.0,6.3352E+11,1.01,1.72,26.35,27.41,2.78
399001.SZ,2022/9/14,23071519663539.0,18741101424007.0,1289879787660.0,1077897223538.0,6.33533E+11,0.93,1.59,26.02,27.07,2.74
399001.SZ,2022/9/15,22597869779942.0,18377706697064.0,1289932925761.0,1077916861639.0,6.33558E+11,1.24,2.1,25.49,26.51,2.69
399001.SZ,2022/9/16,22078876919043.0,17958683627019.0,1289931336273.0,1077910081236.0,6.30573E+11,1.18,2.02,24.9,25.9,2.62
399001.SZ,2022/9/19,21979652462906.0,17950979814841.0,1289946395733.0,1081722577531.0,6.3065E+11,0.88,1.52,24.79,25.78,2.61
399001.SZ,2022/9/20,22134935954916.0,18068669181879.0,1289953728450.0,1081733162179.0,6.31382E+11,0.8,1.38,24.96,25.97,2.63
399001.SZ,2022/9/21,21987971948261.0,17954269126111.0,1289974849395.0,1081753031324.0,6.31373E+11,0.87,1.49,24.8,25.79,2.61
399001.SZ,2022/9/22,21797086816920.0,17797786622291.0,1289737337478.0,1081757253163.0,6.31488E+11,0.84,1.44,24.58,25.57,2.59
399001.SZ,2022/9/23,21594964032604.0,17632692599611.0,1289737717684.0,1081720048610.0,6.31488E+11,0.88,1.51,24.36,25.33,2.57
399001.SZ,2022/9/26,21526947969461.0,17566609308325.0,1289738330940.0,1081797696428.0,6.31563E+11,0.86,1.47,24.28,25.25,2.56
399001.SZ,2022/9/27,21944647836571.0,17917398105146.0,1289740445287.0,1081803684971.0,6.3183E+11,0.86,1.47,24.75,25.74,2.61
399001.SZ,2022/9/28,21438137293436.0,17516365616304.0,1289740136694.0,1081756798367.0,6.31828E+11,0.82,1.4,24.18,25.15,2.55
399001.SZ,2022/9/29,21471334872406.0,17592488639838.0,1289826423341.0,1084052208833.0,6.32205E+11,0.78,1.33,24.22,25.19,2.55
399001.SZ,2022/9/30,21213590587024.0,17394946621342.0,1289818636412.0,1084127391322.0,6.32281E+11,0.74,1.26,23.93,24.89,2.52
399001.SZ,2022/10/10,20727850141752.0,16982323590668.0,1289817864157.0,1084144538639.0,6.32329E+11,0.82,1.41,23.38,24.32,2.46
399001.SZ,2022/10/11,20832838433738.0,17067175716768.0,1289834407889.0,1084167556386.0,6.32398E+11,0.73,1.25,23.5,24.43,2.48
399001.SZ,2022/10/12,21311002400961.0,17441153089263.0,1290412285465.0,1084162336426.0,6.3239E+11,1.01,1.73,24.04,25,2.53
399001.SZ,2022/10/13,21266177639082.0,17397081763040.0,1291374848357.0,1085123136713.0,6.32862E+11,0.96,1.65,23.98,24.94,2.52
399001.SZ,2022/10/14,21865325682436.0,17886508546144.0,1291508315842.0,1085649513176.0,6.33038E+11,1.13,1.94,24.66,25.65,2.59
399001.SZ,2022/10/17,21907705152169.0,17931726308368.0,1291508315842.0,1085649513176.0,6.33048E+11,1.04,1.79,24.71,25.69,2.6
399001.SZ,2022/10/18,21968882602619.0,17963392334432.0,1291502269212.0,1085649620246.0,6.33045E+11,0.98,1.69,24.78,25.61,2.6
399001.SZ,2022/10/19,21650944580815.0,17702914292849.0,1291501829460.0,1085649620246.0,6.33058E+11,0.88,1.51,24.42,25.24,2.57
399001.SZ,2022/10/20,21535124257959.0,17612308881278.0,1291524210839.0,1085649620246.0,6.33076E+11,0.95,1.63,24.29,25.03,2.55
399001.SZ,2022/10/21,21455587511448.0,17535965037348.0,1291518002595.0,1085637171955.0,6.33071E+11,0.83,1.43,24.2,24.91,2.54
399001.SZ,2022/10/24,20988842858835.0,17162977138420.0,1291521438545.0,1085640617670.0,6.33138E+11,1.09,1.86,23.67,24.16,2.48
399001.SZ,2022/10/25,20881093458115.0,17069736924225.0,1291522771393.0,1085643301255.0,6.32556E+11,1.01,1.74,23.55,23.86,2.46
399001.SZ,2022/10/26,21214755107013.0,17334748771527.0,1291526084924.0,1085652631026.0,6.33003E+11,1.17,2,23.93,24.1,2.5
399001.SZ,2022/10/27,21069032202665.0,17223059727186.0,1291526950611.0,1085660677366.0,6.32433E+11,1.17,2.01,23.76,24.02,2.48
399001.SZ,2022/10/28,20391629261455.0,16686257494917.0,1291531544831.0,1085665271586.0,6.32023E+11,1.22,2.09,23,23.27,2.38
399001.SZ,2022/10/31,20361928110600.0,16664715320835.0,1291532960406.0,1085793170002.0,6.30984E+11,1.22,2.1,22.96,24.01,2.35
399001.SZ,2022/11/1,21020705322442.0,17185780515518.0,1291532960406.0,1085780169116.0,6.31076E+11,1.26,2.17,23.71,24.79,2.43
399001.SZ,2022/11/2,21305680430344.0,17421544716815.0,1291533308297.0,1088828408299.0,6.32106E+11,1.32,2.27,24.03,25.13,2.46
399001.SZ,2022/11/3,21231708010056.0,17359648623505.0,1291533610983.0,1088853036799.0,6.32131E+11,1.03,1.78,23.95,25.04,2.45
399001.SZ,2022/11/4,21907229859270.0,17909700347664.0,1291516353224.0,1089063830838.0,6.322E+11,1.39,2.4,24.71,25.84,2.53
399001.SZ,2022/11/7,21948159197766.0,17946203743735.0,1291516354724.0,1089063646337.0,6.32226E+11,1.26,2.17,24.75,25.88,2.53
399001.SZ,2022/11/8,21816372015158.0,17845934385294.0,1291516354724.0,1089332499785.0,6.35376E+11,1,1.71,24.61,25.73,2.52
399001.SZ,2022/11/9,21644368073292.0,17709018842291.0,1291533821047.0,1089359779981.0,6.35411E+11,0.96,1.65,24.41,25.53,2.5
399001.SZ,2022/11/10,21367870112113.0,17498299798830.0,1291536584831.0,1089444806808.0,6.35478E+11,1.05,1.8,24.1,25.2,2.47
399001.SZ,2022/11/11,21817385404591.0,17875901543024.0,1291537743488.0,1089465717241.0,6.35629E+11,1.68,2.88,24.61,25.73,2.52
399001.SZ,2022/11/14,21777376075353.0,17857613536516.0,1291864975554.0,1089672850268.0,6.35705E+11,1.52,2.61,24.56,25.68,2.51
399001.SZ,2022/11/15,22223542656036.0,18234659064546.0,1291928313054.0,1089706277977.0,6.35776E+11,1.48,2.53,25.06,26.21,2.56
399001.SZ,2022/11/16,22015550174409.0,18067671708695.0,1291963105454.0,1089810295108.0,6.3591E+11,1.23,2.11,24.83,25.96,2.54
399001.SZ,2022/11/17,21979017550148.0,18046642373694.0,1291946379157.0,1089800160072.0,6.35909E+11,1.15,1.96,24.79,25.92,2.54
399001.SZ,2022/11/18,21908176461771.0,17999971317507.0,1291908604773.0,1089932578357.0,6.3592E+11,1.28,2.19,24.71,25.84,2.53
399001.SZ,2022/11/21,21816793348806.0,17920801840152.0,1291908957292.0,1089953915127.0,6.36064E+11,1.06,1.82,24.61,25.73,2.52
399001.SZ,2022/11/22,21577190211492.0,17733276050460.0,1291909896481.0,1089986330135.0,6.36369E+11,1.04,1.78,24.34,25.45,2.49
399001.SZ,2022/11/23,21527563665701.0,17689192596623.0,1291912717632.0,1090023543902.0,6.36406E+11,0.96,1.64,24.28,25.39,2.48
399001.SZ,2022/11/24,21503459114403.0,17666997229597.0,1291920226308.0,1090029848426.0,6.33984E+11,0.88,1.51,24.25,25.36,2.48
399001.SZ,2022/11/25,21430118756601.0,17611208392925.0,1291921331558.0,1090041486024.0,6.34001E+11,0.95,1.63,24.17,25.27,2.47
399001.SZ,2022/11/28,21287570358221.0,17492703256546.0,1291921557860.0,1090039532502.0,6.34327E+11,1.01,1.74,24.01,25.1,2.46
399001.SZ,2022/11/29,21797851694233.0,17992858125286.0,1292251313119.0,1091216240394.0,6.34382E+11,1.4,2.42,24.58,25.71,2.51
399001.SZ,2022/11/30,21854939524590.0,18033572014122.0,1292313895259.0,1092276310106.0,6.345E+11,1.41,2.42,24.65,25.77,2.52
399001.SZ,2022/12/1,22177678127935.0,18295253575409.0,1292313392262.0,1092280206729.0,6.34529E+11,1.44,2.47,25.01,26.15,2.56
399001.SZ,2022/12/2,22081158783026.0,18212124663357.0,1292314559926.0,1092543106513.0,6.34801E+11,1.07,1.84,24.9,26.04,2.55
399001.SZ,2022/12/5,22320655191383.0,18426097934930.0,1292317637070.0,1092943482701.0,6.34855E+11,1.44,2.48,25.17,26.32,2.57
399001.SZ,2022/12/6,22484579844682.0,18561718989006.0,1292449455891.0,1092964965587.0,6.35049E+11,1.24,2.13,25.36,26.52,2.59
399001.SZ,2022/12/7,22518810676478.0,18577814396900.0,1292449455891.0,1093008473785.0,6.3515E+11,1.19,2.05,25.4,26.56,2.59
399001.SZ,2022/12/8,22461205823954.0,18530847318709.0,1292154466984.0,1092713479671.0,6.3489E+11,1.06,1.83,25.33,26.49,2.59
399001.SZ,2022/12/9,22671205246857.0,18715192207576.0,1292162353391.0,1092721366078.0,6.34913E+11,1.36,2.34,25.57,26.74,2.61
399001.SZ,2022/12/12,22773908445205.0,18669932743663.0,1280530452105.0,1076491295134.0,6.23922E+11,1.12,1.93,25.37,25.79,2.63
399001.SZ,2022/12/13,22653415725636.0,18559016137694.0,1280596648997.0,1076442128017.0,6.23494E+11,0.93,1.61,25.24,25.65,2.61
399001.SZ,2022/12/14,22658150384673.0,18576192192456.0,1280573674926.0,1076862107562.0,6.23509E+11,0.92,1.59,25.24,25.66,2.61
399001.SZ,2022/12/15,22711039668863.0,18616732813686.0,1280573674926.0,1076955456696.0,6.23956E+11,0.86,1.48,25.3,25.72,2.62
399001.SZ,2022/12/16,22606873663237.0,18535737922890.0,1280852800828.0,1077257393197.0,6.24295E+11,0.84,1.45,25.18,25.6,2.6
399001.SZ,2022/12/19,22253806671477.0,18265992933482.0,1280890044112.0,1079880728372.0,6.24301E+11,0.93,1.61,24.79,25.2,2.56
399001.SZ,2022/12/20,21905921312961.0,17980053994883.0,1280890884199.0,1079894703979.0,6.24237E+11,0.73,1.26,24.4,24.8,2.52
399001.SZ,2022/12/21,21835953982092.0,17923659820121.0,1280939170383.0,1079981365718.0,6.24406E+11,0.65,1.12,24.33,24.72,2.51
399001.SZ,2022/12/22,21793230353667.0,17880507709491.0,1283745096525.0,1079981616437.0,6.25122E+11,0.77,1.34,24.28,24.68,2.51
399001.SZ,2022/12/23,21733389756906.0,17842921378417.0,1283750521045.0,1079986574631.0,6.25094E+11,0.63,1.09,24.21,24.61,2.5
399001.SZ,2022/12/26,21971468874056.0,18059842212838.0,1283750487039.0,1084232983965.0,6.26136E+11,0.71,1.23,24.48,24.88,2.53
399001.SZ,2022/12/27,22232834876831.0,18268076420221.0,1283844167449.0,1084232787965.0,6.25978E+11,0.76,1.31,24.77,25.17,2.56
399001.SZ,2022/12/28,22059316966038.0,18174886555704.0,1285389600051.0,1085826949846.0,6.25984E+11,0.84,1.46,24.57,24.98,2.4
399001.SZ,2022/12/29,22012422210874.0,18141453906553.0,1285391879643.0,1085835920938.0,6.25919E+11,0.72,1.25,24.52,24.92,2.53
399001.SZ,2022/12/30,22062305671107.0,18181328416030.0,1285400608246.0,1085846668791.0,6.2607E+11,0.69,1.19,24.58,24.98,2.53
399001.SZ,2023/1/3,22248446110398.0,18325233714821.0,1285399640121.0,1085848279498.0,6.26061E+11,0.96,1.67,24.79,25.19,2.56
399001.SZ,2023/1/4,22225538615031.0,18352367619276.0,1285534865452.0,1086812773525.0,6.26279E+11,0.96,1.66,24.76,25.17,2.55
399001.SZ,2023/1/5,22693811692742.0,18746228175471.0,1285512373358.0,1086790396106.0,6.26275E+11,1.08,1.87,25.28,25.7,2.61
399001.SZ,2023/1/6,22772245310749.0,18800738775517.0,1285512373358.0,1087106883821.0,6.26279E+11,1.08,1.87,25.37,25.79,2.61
399001.SZ,2023/1/9,22936145311249.0,18954049940125.0,1285512604822.0,1091391826854.0,6.26794E+11,1.01,1.76,25.55,25.97,2.63
399001.SZ,2023/1/10,23044277239102.0,19036482252752.0,1285512502264.0,1091447010025.0,6.26933E+11,0.94,1.64,25.67,26.09,2.65
399001.SZ,2023/1/11,22915578585786.0,18932033399304.0,1285512273888.0,1091461981825.0,6.27233E+11,0.94,1.64,25.53,25.94,2.63
399001.SZ,2023/1/12,22959378113541.0,18959374529261.0,1285512255984.0,1091468432393.0,6.27242E+11,0.9,1.57,25.58,25.99,2.64
399001.SZ,2023/1/13,23253120199217.0,19201017308825.0,1285631899031.0,1091468959120.0,6.27242E+11,0.88,1.53,25.9,26.32,2.67
399001.SZ,2023/1/16,23605856082262.0,19510557096311.0,1285631899031.0,1091548199712.0,6.27321E+11,1.32,2.29,26.3,26.72,2.71
399001.SZ,2023/1/17,23607543404550.0,19529688638477.0,1285612913168.0,1093713996294.0,6.29507E+11,0.93,1.62,26.3,26.64,2.71
399001.SZ,2023/1/18,23625813570656.0,19552002988625.0,1285612925388.0,1093711674237.0,6.2953E+11,0.88,1.53,26.32,26.66,2.71
399001.SZ,2023/1/19,23811519140779.0,19717977872745.0,1285613002420.0,1093792068949.0,6.29526E+11,0.93,1.61,26.53,26.87,2.73
399001.SZ,2023/1/20,23944113238280.0,19827185965658.0,1286717590577.0,1094175743649.0,6.29915E+11,1,1.74,26.67,27.03,2.74
399001.SZ,2023/1/30,24175667157790.0,20025306007608.0,1286717590577.0,1094868149508.0,6.30686E+11,1.42,2.47,26.93,27.28,2.77
399001.SZ,2023/1/31,23992058831866.0,19860364491804.0,1286717590577.0,1094869618521.0,6.3069E+11,1.24,2.16,26.73,27.08,2.75
399001.SZ,2023/2/1,24309350909688.0,20106262741977.0,1286717133752.0,1094869775446.0,6.30688E+11,1.36,2.36,27.08,27.43,2.79
399001.SZ,2023/2/2,24263934701449.0,20064176051746.0,1286717141070.0,1094869782764.0,6.30699E+11,1.28,2.22,27.03,27.38,2.78
399001.SZ,2023/2/3,24090939280125.0,19929262421808.0,1286718046293.0,1094871431138.0,6.30613E+11,1.11,1.92,26.84,27.18,2.76
399001.SZ,2023/2/6,23796390744230.0,19682622012805.0,1286715707014.0,1094882134206.0,6.30707E+11,1.05,1.83,26.51,26.85,2.73
399001.SZ,2023/2/7,23829484767672.0,19715374678047.0,1286715707014.0,1094882134206.0,6.30707E+11,1.03,1.8,26.55,26.89,2.73
399001.SZ,2023/2/8,23689046282888.0,19594867040534.0,1286716120216.0,1094882486074.0,6.30697E+11,0.98,1.71,26.39,26.73,2.71
399001.SZ,2023/2/9,24035500307723.0,19891838703405.0,1283751664524.0,1091918098497.0,6.2946E+11,1.11,1.92,26.77,27.09,2.76
399001.SZ,2023/2/10,23931771416671.0,19810591965738.0,1286775298060.0,1094974573479.0,6.30717E+11,1.16,2.02,26.66,27,2.74
399001.SZ,2023/2/13,24226582463037.0,20047382154704.0,1287038996452.0,1095041310838.0,6.3075E+11,1.33,2.3,26.99,27.31,2.77
399001.SZ,2023/2/14,24199178055349.0,20018928968339.0,1287039077511.0,1095043009422.0,6.30753E+11,1.16,2.01,26.96,27.28,2.77
399001.SZ,2023/2/15,24115423576119.0,19964039248222.0,1287039077800.0,1095059572798.0,6.30779E+11,1.25,2.17,26.87,27.19,2.76
399001.SZ,2023/2/16,23806813084396.0,19715960493274.0,1287052173509.0,1095064704136.0,6.30846E+11,1.67,2.89,26.52,26.84,2.72
399001.SZ,2023/2/17,23456081682183.0,19419946330789.0,1287057476335.0,1095070576143.0,6.31139E+11,1.21,2.1,26.13,26.45,2.68
399001.SZ,2023/2/20,23928015883134.0,19829240140258.0,1287062359307.0,1096491803135.0,6.31766E+11,1.41,2.44,26.66,27.03,2.74
399001.SZ,2023/2/21,23955975942684.0,19847310699538.0,1287062359307.0,1096491803135.0,6.3182E+11,1.31,2.27,26.69,26.82,2.74
399001.SZ,2023/2/22,23827060277244.0,19735786247569.0,1287076108165.0,1096891876959.0,6.3222E+11,1.01,1.75,26.54,26.66,2.72
399001.SZ,2023/2/23,23795006662695.0,19713727427296.0,1287072349435.0,1096891683084.0,6.34959E+11,1.05,1.81,26.51,26.62,2.72
399001.SZ,2023/2/24,23591149833310.0,19551213051406.0,1287074345735.0,1096893700873.0,6.35008E+11,0.91,1.57,26.28,26.4,2.7
399001.SZ,2023/2/27,23430559182443.0,19428915454943.0,1287080300426.0,1097003680219.0,6.35273E+11,0.9,1.56,26.1,26.25,2.68
399001.SZ,2023/2/28,23589622621121.0,19557659253565.0,1287080905809.0,1097004288102.0,6.35278E+11,0.93,1.6,26.3,26.3,2.7
399001.SZ,2023/3/1,23841629772654.0,19774849450681.0,1287127181896.0,1097082654114.0,6.35418E+11,1.16,2.01,26.57,26.55,2.73
399001.SZ,2023/3/2,23712085562628.0,19665503385495.0,1287126766586.0,1097011578891.0,6.35385E+11,1.16,2.01,26.43,26.4,2.71
399001.SZ,2023/3/3,23722955882820.0,19678066496908.0,1287128030222.0,1097013928827.0,6.35387E+11,1.05,1.82,26.4,26.42,2.71
399001.SZ,2023/3/6,23699603027930.0,19664577013214.0,1287128030222.0,1097714547084.0,6.35837E+11,1.17,2.02,26.38,26.39,2.71
399001.SZ,2023/3/7,23250743307821.0,19291837693867.0,1287148942866.0,1097710832553.0,6.35833E+11,1.22,2.1,25.88,25.89,2.66
399001.SZ,2023/3/8,23215558691782.0,19265561255057.0,1287148739594.0,1097709603661.0,6.35879E+11,0.88,1.51,25.84,25.85,2.65
399001.SZ,2023/3/9,23171131724364.0,19223500053925.0,1288041939594.0,1097715835948.0,6.35885E+11,0.83,1.43,25.5,25.8,2.65
399001.SZ,2023/3/10,22884490810473.0,19022375645479.0,1288341939625.0,1097782526271.0,6.36004E+11,0.97,1.68,24.67,25.31,2.61
399001.SZ,2023/3/13,23002297823034.0,19134768920910.0,1288343665645.0,1097784252291.0,6.36005E+11,1.08,1.86,24.76,25.24,2.62
399001.SZ,2023/3/14,22825365621200.0,18980568799564.0,1288343665708.0,1097784252354.0,6.36076E+11,1.18,2.04,24.57,25.05,2.6
399001.SZ,2023/3/15,22836860291036.0,18985407670480.0,1288343665708.0,1097784252354.0,6.36033E+11,1.02,1.76,24.61,25.01,2.6
399001.SZ,2023/3/16,22505284102403.0,18711939350827.0,1288344936770.0,1097784252354.0,6.36075E+11,1.12,1.93,24.23,24.64,2.56
399001.SZ,2023/3/17,22546395536185.0,18726046829148.0,1285384163931.0,1094827466086.0,6.35095E+11,1.34,2.31,24.24,24.58,2.57
399001.SZ,2023/3/20,22469654535900.0,18670071604485.0,1285379007267.0,1094852950667.0,6.35035E+11,1.41,2.44,24.22,24.52,2.56
399001.SZ,2023/3/21,22816266029114.0,18974951553248.0,1285378593875.0,1095650427640.0,6.35432E+11,1.15,1.98,24.66,24.98,2.6
399001.SZ,2023/3/22,22940912710790.0,19097917493560.0,1285381257025.0,1095959592392.0,6.35582E+11,1.41,2.43,24.99,25.16,2.61
399001.SZ,2023/3/23,23142814387028.0,19274219546600.0,1285382366534.0,1095960004980.0,6.35595E+11,1.41,2.43,25.09,25.34,2.63
399001.SZ,2023/3/24,23181283409884.0,19305635840647.0,1285379460077.0,1096012058412.0,6.35668E+11,1.48,2.55,25.25,25.4,2.64
399001.SZ,2023/3/27,23187864799413.0,19316299683650.0,1285379460077.0,1097198403194.0,6.36076E+11,1.54,2.65,25.2,25.41,2.64
399001.SZ,2023/3/28,23069844905694.0,19215982832951.0,1285379460319.0,1097185965415.0,6.36142E+11,1.34,2.31,24.89,25.26,2.62
399001.SZ,2023/3/29,23099745731569.0,19253317581323.0,1285381356069.0,1097607287090.0,6.3636E+11,1.26,2.18,24.39,25.09,2.62
399001.SZ,2023/3/30,23253381037105.0,19372996601462.0,1285383001569.0,1097610069842.0,6.36341E+11,1.23,2.13,24.12,25.3,2.64
399001.SZ,2023/3/31,23384613862668.0,19487848407672.0,1285715476967.0,1099437398756.0,6.33332E+11,1.31,2.27,24.72,25.85,2.65
399001.SZ,2023/4/3,23635577467856.0,19699622076103.0,1285800072354.0,1099436816084.0,6.36335E+11,1.72,2.98,25.07,26.09,2.68
399001.SZ,2023/4/4,23591687012316.0,19683339176539.0,1285837140651.0,1099504498923.0,6.36366E+11,1.66,2.87,25.54,26.14,2.67
399001.SZ,2023/4/6,23587640183388.0,19691327773585.0,1285837156222.0,1099510315105.0,6.36371E+11,1.49,2.57,25.43,26.13,2.67
399001.SZ,2023/4/7,23777465046759.0,19850187700351.0,1285837650947.0,1099512401045.0,6.36599E+11,1.35,2.33,25.6,26.36,2.69
399001.SZ,2023/4/10,23614817822699.0,19734745493708.0,1285837971547.0,1102863265044.0,6.36716E+11,1.44,2.5,25.4,26.17,2.67
399001.SZ,2023/4/11,23610290228306.0,19731575178313.0,1285838654647.0,1102957203319.0,6.36799E+11,1.37,2.38,25.28,26.11,2.67
399001.SZ,2023/4/12,23595573622014.0,19731411573151.0,1285884110654.0,1102957313587.0,6.36797E+11,1.44,2.5,25.25,26.1,2.67
399001.SZ,2023/4/13,23362062058044.0,19530358095457.0,1285893880272.0,1102967091131.0,6.36807E+11,1.43,2.48,25.06,25.9,2.64
399001.SZ,2023/4/14,23490337405362.0,19618660744185.0,1286194386652.0,1102985547682.0,6.36816E+11,1.34,2.31,25.16,26,2.66
399001.SZ,2023/4/17,23618945465773.0,19732224317655.0,1286251598194.0,1103081896113.0,6.36949E+11,1.4,2.42,25.44,26.12,2.67
399001.SZ,2023/4/18,23622495445592.0,19753303214304.0,1288932760865.0,1105760617288.0,6.39296E+11,1.33,2.29,25.56,26.39,2.66
399001.SZ,2023/4/19,23433850493081.0,19587782878145.0,1288933034735.0,1105777551785.0,6.39595E+11,1.33,2.3,25.37,26.16,2.64
399001.SZ,2023/4/20,23297631148543.0,19486790954379.0,1288965867342.0,1105828294116.0,6.39549E+11,1.41,2.43,25.79,26.32,2.63
399001.SZ,2023/4/21,22799296274804.0,19062867015961.0,1289089722354.0,1105915505713.0,6.39831E+11,1.53,2.65,25.46,25.72,2.57
399001.SZ,2023/4/24,22549179126084.0,18839181725036.0,1289090905030.0,1105930365987.0,6.40013E+11,1.44,2.48,25.39,25.56,2.54
399001.SZ,2023/4/25,22235900208297.0,18590129618470.0,1290346405481.0,1107312420236.0,6.40762E+11,1.57,2.7,24.81,25.23,2.49
399001.SZ,2023/4/26,22323517079075.0,18649884025463.0,1292303553202.0,1109043403876.0,6.41791E+11,1.43,2.48,24.27,25.21,2.5
399001.SZ,2023/4/27,22439269385286.0,18728659542840.0,1292303967174.0,1109035895553.0,6.41969E+11,1.34,2.32,24.24,25.4,2.5
399001.SZ,2023/4/28,22650221415490.0,18913418060657.0,1292460217551.0,1108245449975.0,6.42018E+11,1.46,2.52,25.07,25.5,2.51
399001.SZ,2023/5/4,22560302728516.0,18841397366428.0,1292477278931.0,1108526382556.0,6.4303E+11,1.68,2.9,26.04,25.83,2.49
399001.SZ,2023/5/5,22407480220750.0,18718984591633.0,1292669405513.0,1108650779728.0,6.44778E+11,1.53,2.63,25.87,25.66,2.47
399001.SZ,2023/5/8,22503820430661.0,18791285866834.0,1294379544760.0,1110050241195.0,6.46138E+11,1.54,2.65,25.98,25.77,2.48
399001.SZ,2023/5/9,22294378858996.0,18631244542525.0,1294379820634.0,1110262777642.0,6.46372E+11,1.72,2.95,25.74,25.53,2.46
399001.SZ,2023/5/10,22337634957476.0,18649090923755.0,1294382707453.0,1110265682273.0,6.46375E+11,1.32,2.28,25.79,25.58,2.46
399001.SZ,2023/5/11,22347098452151.0,18643936224728.0,1294694545100.0,1110570599591.0,6.46567E+11,1.18,2.03,25.8,25.59,2.47
399001.SZ,2023/5/12,22090344994762.0,18447247813395.0,1294794718620.0,1111118107471.0,6.46598E+11,1.14,1.95,25.5,25.3,2.44
399001.SZ,2023/5/15,22410081805465.0,18717913025246.0,1295743520124.0,1111705413823.0,6.47172E+11,1.25,2.15,25.87,25.66,2.47
399001.SZ,2023/5/16,22256289199923.0,18589148971529.0,1296229715990.0,1112219613846.0,6.47503E+11,1.05,1.81,25.69,25.49,2.46
399001.SZ,2023/5/17,22222985785441.0,18571702358721.0,1296228875817.0,1112221445259.0,6.47532E+11,0.9,1.54,25.65,25.45,2.46
399001.SZ,2023/5/18,22174865540418.0,18540258616947.0,1296240344416.0,1112256954198.0,6.47545E+11,1.06,1.82,25.6,25.39,2.45
399001.SZ,2023/5/19,22190492763307.0,18561418416104.0,1296245223211.0,1112268740887.0,6.47564E+11,1.05,1.8,25.62,25.41,2.46
399001.SZ,2023/5/22,22308537972969.0,18645025265591.0,1296245474581.0,1112273798426.0,6.47556E+11,0.95,1.63,25.75,25.55,2.47
399001.SZ,2023/5/23,22074736097680.0,18445556370259.0,1296638376850.0,1112538379494.0,6.47675E+11,0.95,1.63,25.48,25.28,2.44
399001.SZ,2023/5/24,21885259757670.0,18285490228161.0,1296638377787.0,1112430554218.0,6.47577E+11,0.97,1.66,25.26,25.06,2.42
399001.SZ,2023/5/25,21830762366650.0,18250698011667.0,1296743106999.0,1112499207420.0,6.47699E+11,1.05,1.79,25.2,25,2.42
399001.SZ,2023/5/26,21843794298817.0,18283493883548.0,1296746713770.0,1112502597340.0,6.47707E+11,1.01,1.73,25.22,25.01,2.42
399001.SZ,2023/5/29,21688152554384.0,18148615981750.0,1296741981340.0,1112809381300.0,6.48016E+11,1.26,2.17,25.04,24.84,2.41
399001.SZ,2023/5/30,21771504433407.0,18202439815700.0,1296745835471.0,1112732532854.0,6.47989E+11,1.26,2.16,25.13,24.93,2.42
399001.SZ,2023/5/31,21609879015319.0,18057930172199.0,1297072334037.0,1113017923121.0,6.48146E+11,1.15,1.98,24.95,24.75,2.4
399001.SZ,2023/6/1,21694936850879.0,18118799407074.0,1297327600562.0,1113166457395.0,6.48319E+11,1.22,2.1,25.05,24.84,2.41
399001.SZ,2023/6/2,22003778775745.0,18386844877244.0,1297866119626.0,1113434655393.0,6.48532E+11,1.18,2.02,25.4,25.2,2.45
399001.SZ,2023/6/5,21903568193127.0,18297041451022.0,1297739196388.0,1113431912417.0,6.48534E+11,1.09,1.86,25.29,25.08,2.44
399001.SZ,2023/6/6,21572332675085.0,18027005114150.0,1297708238223.0,1113530872158.0,6.48614E+11,1.16,1.99,24.9,24.7,2.4
399001.SZ,2023/6/7,21433876677291.0,17913111882849.0,1297976438403.0,1113407394264.0,6.48816E+11,0.88,1.51,24.74,24.54,2.39
399001.SZ,2023/6/8,21468987106718.0,17944043233735.0,1300332475200.0,1115365455571.0,6.49898E+11,0.97,1.66,24.78,24.58,2.39
399001.SZ,2023/6/9,21610911915305.0,18049043752254.0,1300449713849.0,1115437125230.0,6.50436E+11,1.21,2.07,24.95,24.75,2.41
399001.SZ,2023/6/12,21970785442533.0,18242264613788.0,1274496046257.0,1088340606764.0,6.32811E+11,1.16,1.99,23.25,23.11,2.46
399001.SZ,2023/6/13,22120901464215.0,18375363020791.0,1274484423077.0,1088338884242.0,6.32842E+11,1.1,1.89,23.4,23.27,2.48
399001.SZ,2023/6/14,22178418713938.0,18424358458042.0,1274484423078.0,1088338884243.0,6.32887E+11,1.17,2,23.46,23.33,2.49
399001.SZ,2023/6/15,22562511227949.0,18745195845086.0,1274587505851.0,1088403488732.0,6.32938E+11,1.23,2.12,23.87,23.73,2.53
399001.SZ,2023/6/16,22776994607507.0,18936323210621.0,1276539645375.0,1090078396400.0,6.34211E+11,1.2,2.06,24.1,23.96,2.56
399001.SZ,2023/6/19,22694284991248.0,18866918791905.0,1277165147385.0,1090545085292.0,6.34466E+11,1.2,2.06,24.01,23.87,2.55
399001.SZ,2023/6/20,22723849364869.0,18879947946871.0,1278579940805.0,1090919406279.0,6.34948E+11,1.13,1.94,24.04,23.9,2.55
399001.SZ,2023/6/21,22265646564447.0,18505122724487.0,1278604332876.0,1091631558077.0,6.35063E+11,1.11,1.9,23.56,23.42,2.5
399001.SZ,2023/6/26,21920154461901.0,18215257223609.0,1278753061821.0,1094818190463.0,6.38228E+11,1.21,2.08,23.19,23.06,2.47
399001.SZ,2023/6/27,22131811633583.0,18411081174519.0,1278752432854.0,1094985428520.0,6.38323E+11,0.95,1.63,23.42,23.28,2.49
399001.SZ,2023/6/28,22064062091252.0,18351097002200.0,1278756978949.0,1095491723348.0,6.38323E+11,1.01,1.72,23.34,23.21,2.49
399001.SZ,2023/6/29,22010446845337.0,18315643274936.0,1278756859320.0,1096792003732.0,6.39624E+11,0.98,1.68,23.29,23.15,2.48
399001.SZ,2023/6/30,22213766180924.0,18492320129804.0,1278742874029.0,1100287051023.0,6.39975E+11,1.02,1.76,23.5,23.37,2.51
399001.SZ,2023/7/3,22370668029357.0,18619594661909.0,1279569428044.0,1100901727383.0,6.4074E+11,1.2,2.06,23.67,23.53,2.53
399001.SZ,2023/7/4,22446668598473.0,18687208346597.0,1279867010773.0,1101296122957.0,6.40986E+11,1.02,1.76,23.75,23.61,2.54
399001.SZ,2023/7/5,22238336620295.0,18521346163717.0,1279941628754.0,1101345496590.0,6.41078E+11,0.96,1.65,23.53,23.39,2.51
399001.SZ,2023/7/6,22106588483326.0,18411915843831.0,1279945556964.0,1101412197414.0,6.41116E+11,0.97,1.66,23.39,23.25,2.5
399001.SZ,2023/7/7,21958038863092.0,18305721274701.0,1279912155356.0,1104665684037.0,6.40881E+11,0.93,1.61,23.23,23.1,2.48
399001.SZ,2023/7/10,22067935914231.0,18402774195072.0,1279900848296.0,1104802636553.0,6.41077E+11,0.87,1.5,23.35,23.21,2.5
399001.SZ,2023/7/11,22229592239324.0,18536313732845.0,1279938043784.0,1104839915791.0,6.4147E+11,0.82,1.42,23.52,23.38,2.51
399001.SZ,2023/7/12,22027039211204.0,18366562087235.0,1280441557514.0,1105264007295.0,6.41727E+11,1.04,1.79,23.3,23.17,2.49
399001.SZ,2023/7/13,22368022422453.0,18665019592338.0,1280442146034.0,1105422656030.0,6.41759E+11,1.06,1.82,23.67,23.53,2.53
399001.SZ,2023/7/14,22328262543210.0,18638882360404.0,1280445002819.0,1105434540854.0,6.41768E+11,1.07,1.84,23.62,23.48,2.53
399001.SZ,2023/7/17,22189107626440.0,18519104586333.0,1280456313508.0,1105479180857.0,6.41839E+11,0.86,1.48,23.48,23.33,2.51
399001.SZ,2023/7/18,22122057333670.0,18464124714987.0,1280616155964.0,1105530728034.0,6.42021E+11,0.84,1.44,23.41,23.26,2.51
399001.SZ,2023/7/19,22053805952271.0,18405843921321.0,1280692982521.0,1105609401760.0,6.42109E+11,0.72,1.23,23.33,23.18,2.5
399001.SZ,2023/7/20,21858034567579.0,18229599020637.0,1282022533551.0,1105590897911.0,6.42292E+11,0.89,1.53,23.13,22.98,2.47
399001.SZ,2023/7/21,21858858562293.0,18226354201573.0,1282029404766.0,1105589615639.0,6.42294E+11,0.75,1.3,23.13,22.98,2.47
399001.SZ,2023/7/24,21731408985625.0,18126210566417.0,1282121053612.0,1105589616435.0,6.42021E+11,0.69,1.19,22.99,22.85,2.46
399001.SZ,2023/7/25,22293882611318.0,18606240206419.0,1282139203413.0,1105691959793.0,6.42125E+11,1.26,2.17,23.59,23.45,2.52
399001.SZ,2023/7/26,22201856877962.0,18525864349632.0,1282139205078.0,1105694203959.0,6.42127E+11,0.98,1.69,23.49,23.25,2.51
399001.SZ,2023/7/27,22130403126304.0,18473016530349.0,1282737282540.0,1106286024923.0,6.42459E+11,0.95,1.63,23.41,23.17,2.5
399001.SZ,2023/7/28,22502004680653.0,18786175355662.0,1282729056760.0,1106309842154.0,6.4253E+11,1.33,2.29,23.81,23.56,2.54
399001.SZ,2023/7/31,22666429728901.0,18933159483071.0,1282708369876.0,1106493364127.0,6.42773E+11,1.57,2.7,23.98,23.77,2.56
399001.SZ,2023/8/1,22580902918714.0,18870004321789.0,1282698519198.0,1106502536741.0,6.42773E+11,1.2,2.07,23.89,23.67,2.56
399001.SZ,2023/8/2,22495285145835.0,18798904483125.0,1282698522018.0,1106524475816.0,6.42777E+11,1.01,1.74,23.8,23.59,2.55
399001.SZ,2023/8/3,22614398105550.0,18899682203897.0,1282698083268.0,1106524475816.0,6.4278E+11,1.03,1.77,23.93,23.71,2.56
399001.SZ,2023/8/4,22738774621864.0,19012339130506.0,1282698083524.0,1106524476072.0,6.42782E+11,1.42,2.44,24.06,23.84,2.58
399001.SZ,2023/8/7,22539601980103.0,18857492757869.0,1282706448274.0,1106582052987.0,6.42897E+11,1.15,1.98,23.85,23.62,2.55
399001.SZ,2023/8/8,22441625794348.0,18783804488808.0,1282706448319.0,1106592295750.0,6.42848E+11,0.96,1.64,23.74,23.55,2.54
399001.SZ,2023/8/9,22337905388526.0,18693149317089.0,1282775634717.0,1106661157148.0,6.42983E+11,0.85,1.46,23.63,23.44,2.53
399001.SZ,2023/8/10,22362537513838.0,18714182492868.0,1282775719963.0,1106750159574.0,6.43136E+11,0.77,1.32,23.66,23.46,2.53
399001.SZ,2023/8/11,21887594004951.0,18314901593812.0,1282775563994.0,1106752488788.0,6.43518E+11,0.94,1.61,23.16,22.97,2.48
399001.SZ,2023/8/14,21744077298891.0,18226814979653.0,1282775422234.0,1107297635913.0,6.44061E+11,0.89,1.52,23.01,22.88,2.46
399001.SZ,2023/8/15,21612175267581.0,18118891061526.0,1282776860612.0,1107299440163.0,6.43977E+11,0.8,1.37,22.87,22.77,2.45
399001.SZ,2023/8/16,21435612026162.0,17971304280439.0,1282777791600.0,1107292116204.0,6.4406E+11,0.79,1.35,22.68,22.58,2.42
399001.SZ,2023/8/17,21563747163618.0,18075566864106.0,1282777962740.0,1107297927501.0,6.44069E+11,0.82,1.41,22.81,22.71,2.44
399001.SZ,2023/8/18,21198873407826.0,17769717270239.0,1282824243731.0,1107298277357.0,6.44064E+11,0.8,1.38,22.43,22.33,2.4
399001.SZ,2023/8/21,20919882528065.0,17539911495380.0,1282822729490.0,1107335749418.0,6.44083E+11,0.77,1.32,22.13,22.05,2.36
399001.SZ,2023/8/22,21015942697673.0,17632576157129.0,1282817102385.0,1107329150082.0,6.44124E+11,0.94,1.61,22.23,22.22,2.37
399001.SZ,2023/8/23,20587530355177.0,17274918552899.0,1282827912577.0,1107337054378.0,6.44014E+11,0.8,1.37,21.78,21.83,2.32
399001.SZ,2023/8/24,20780486547013.0,17454034928080.0,1282829790277.0,1108659311332.0,6.44242E+11,0.94,1.62,21.99,22.01,2.34
399001.SZ,2023/8/25,20563087959074.0,17277433509158.0,1282820978981.0,1108878432817.0,6.44165E+11,0.94,1.62,21.76,21.74,2.31
399001.SZ,2023/8/28,20771398857931.0,17451531847709.0,1282821199592.0,1108946185682.0,6.44146E+11,1.55,2.67,21.98,22.06,2.33
399001.SZ,2023/8/29,21195611712910.0,17813568567835.0,1282821504986.0,1112273807293.0,6.46222E+11,1.38,2.37,22.42,22.41,2.36
399001.SZ,2023/8/30,21231462140973.0,17835954104119.0,1282915814111.0,1112621682578.0,6.46462E+11,1.21,2.08,22.46,22.53,2.36
399001.SZ,2023/8/31,21107905853194.0,17726777261503.0,1283017461274.0,1112371131251.0,6.45937E+11,1.01,1.74,22.33,22.8,2.33
399001.SZ,2023/9/1,21218811442837.0,17823798569394.0,1283017461274.0,1112371131251.0,6.46409E+11,0.86,1.47,22.45,22.92,2.34
399001.SZ,2023/9/4,21520623045569.0,18082877066501.0,1283017463289.0,1112371008266.0,6.46409E+11,1.1,1.9,22.77,23.24,2.37
399001.SZ,2023/9/5,21378653391014.0,17958213117166.0,1283036849289.0,1112371008266.0,6.46409E+11,0.89,1.53,22.62,23.09,2.36
399001.SZ,2023/9/6,21329954893128.0,17915228506585.0,1283036904322.0,1112390035018.0,6.46428E+11,0.79,1.35,22.57,23.04,2.35
399001.SZ,2023/9/7,20957726405625.0,17595493668693.0,1283033808034.0,1112391965703.0,6.43199E+11,0.82,1.42,22.17,22.64,2.31
399001.SZ,2023/9/8,20880145905775.0,17535246668396.0,1283033305252.0,1112390192593.0,6.43197E+11,0.68,1.17,22.09,22.55,2.3
399001.SZ,2023/9/11,21083770087665.0,17716968656457.0,1283037223452.0,1112720643395.0,6.43203E+11,0.95,1.64,22.31,22.77,2.32
399001.SZ,2023/9/12,21070564460177.0,17695218434947.0,1283122053027.0,1112720649911.0,6.43203E+11,0.75,1.3,22.29,22.76,2.32
399001.SZ,2023/9/13,20858341160969.0,17513649646235.0,1283119079327.0,1112717198541.0,6.43208E+11,0.73,1.26,22.07,22.53,2.3
399001.SZ,2023/9/14,20754662544189.0,17432383690235.0,1285259534723.0,1112716071259.0,6.43206E+11,0.67,1.16,21.96,22.42,2.28
399001.SZ,2023/9/15,20661095383383.0,17345637123352.0,1285260465675.0,1112718546957.0,6.42454E+11,0.74,1.29,21.86,22.32,2.27
399001.SZ,2023/9/18,20769152064652.0,17437380121567.0,1285260466668.0,1112724754233.0,6.42444E+11,0.73,1.27,21.97,22.43,2.29
399001.SZ,2023/9/19,20638362179499.0,17327934798719.0,1285260466668.0,1112736230975.0,6.42468E+11,0.67,1.16,21.84,22.29,2.27
399001.SZ,2023/9/20,20525311858771.0,17242951423870.0,1285264615287.0,1113727653543.0,6.4347E+11,0.64,1.11,21.72,22.17,2.26
399001.SZ,2023/9/21,20331081112429.0,17074995696950.0,1285323268726.0,1112538003939.0,6.43426E+11,0.66,1.15,21.51,21.96,2.24
399001.SZ,2023/9/22,20699736342192.0,17384387832443.0,1285323923076.0,1112539453377.0,6.43427E+11,0.91,1.58,21.9,22.36,2.28
399001.SZ,2023/9/25,20591463009225.0,17297787688663.0,1285323923151.0,1113744112516.0,6.43759E+11,0.81,1.39,21.79,22.24,2.27
399001.SZ,2023/9/26,20460401571632.0,17191144859796.0,1285323805330.0,1113744172996.0,6.43655E+11,0.68,1.17,21.65,22.1,2.25
399001.SZ,2023/9/27,20536287741786.0,17252393712890.0,1285326422030.0,1113744472996.0,6.43655E+11,0.77,1.34,21.73,22.18,2.26
399001.SZ,2023/9/28,20542896288556.0,17261341927946.0,1285326859070.0,1113765253982.0,6.43671E+11,0.8,1.38,21.73,22.19,2.26
399001.SZ,2023/10/9,20533788555526.0,17247015897521.0,1285344910973.0,1113701290013.0,6.43898E+11,0.9,1.55,21.72,22.18,2.26
399001.SZ,2023/10/10,20409598036373.0,17156058075551.0,1285362561428.0,1113607245731.0,6.43714E+11,0.81,1.41,21.59,22.04,2.25
399001.SZ,2023/10/11,20459983378235.0,17202593344231.0,1285360434065.0,1113802703264.0,6.43909E+11,0.91,1.58,21.65,22.1,2.25
399001.SZ,2023/10/12,20647350999806.0,17345823401533.0,1285360434065.0,1113802703264.0,6.43908E+11,1.04,1.8,21.84,22.3,2.27
399001.SZ,2023/10/13,20442438570735.0,17177034216349.0,1285368849515.0,1113874648764.0,6.4391E+11,0.94,1.63,21.63,22.08,2.25
399001.SZ,2023/10/16,20179477787243.0,16952099290146.0,1285369347076.0,1113893731131.0,6.43929E+11,0.95,1.63,21.35,21.8,2.22
399001.SZ,2023/10/17,20213551518398.0,16980377618259.0,1285378559973.0,1114564574274.0,6.43931E+11,0.82,1.43,21.39,21.83,2.23
399001.SZ,2023/10/18,19982510486570.0,16770951837029.0,1285378887773.0,1114564596246.0,6.43987E+11,0.91,1.57,21.14,21.58,2.2
399001.SZ,2023/10/19,19647626352143.0,16485530021617.0,1286098869476.0,1114564848906.0,6.43987E+11,0.99,1.71,20.79,21.22,2.16
399001.SZ,2023/10/20,19492632511796.0,16351217412176.0,1286084088676.0,1114564755156.0,6.44318E+11,0.91,1.57,20.62,21.03,2.14
399001.SZ,2023/10/23,19206561065165.0,16123960358757.0,1286086281090.0,1114644319165.0,6.44499E+11,0.96,1.67,20.32,20.69,2.11
399001.SZ,2023/10/24,19336323351134.0,16233770683566.0,1286086031961.0,1114648495099.0,6.44377E+11,1.05,1.81,20.46,20.84,2.12
399001.SZ,2023/10/25,19438244610065.0,16323429298518.0,1286085574675.0,1114648632712.0,6.44114E+11,1.11,1.92,20.57,20.89,2.12
399001.SZ,2023/10/26,19523300230889.0,16399671651400.0,1286087123612.0,1114707054857.0,6.43769E+11,1.05,1.82,20.66,21.06,2.13
399001.SZ,2023/10/27,19944173169915.0,16742877268173.0,1286089584566.0,1114771199301.0,6.43125E+11,1.2,2.08,21.1,21.65,2.17
399001.SZ,2023/10/30,20224192769812.0,16985136875695.0,1286091634426.0,1114786253770.0,6.43547E+11,1.29,2.24,21.4,22.25,2.19
399001.SZ,2023/10/31,20108822343072.0,16892199699455.0,1286129524935.0,1114869577206.0,6.4338E+11,1.04,1.81,21.28,21.96,2.16
399001.SZ,2023/11/1,20048411434399.0,16845184452768.0,1286161126111.0,1114869649569.0,6.4349E+11,0.93,1.61,21.21,21.9,2.15
399001.SZ,2023/11/2,19864857576322.0,16689978411173.0,1286161126624.0,1114893261977.0,6.43515E+11,0.9,1.55,21.02,21.7,2.13
399001.SZ,2023/11/3,20079559364468.0,16869497336263.0,1286145123011.0,1114878366364.0,6.435E+11,1.02,1.77,21.24,21.94,2.15
399001.SZ,2023/11/6,20484205514880.0,17213979367638.0,1286145125911.0,1115458679283.0,6.41252E+11,1.43,2.48,21.67,22.38,2.2
399001.SZ,2023/11/7,20439960598639.0,17184350819288.0,1286145125911.0,1115974711404.0,6.41188E+11,1.2,2.09,21.63,22.33,2.19
399001.SZ,2023/11/8,20423387557393.0,17172402939573.0,1286146455711.0,1115978523129.0,6.41195E+11,1.19,2.07,21.61,22.31,2.19
399001.SZ,2023/11/9,20383099768523.0,17140441250021.0,1286147183217.0,1115979233260.0,6.41223E+11,1.04,1.81,21.57,22.27,2.19
399001.SZ,2023/11/10,20275783166459.0,17047847381609.0,1286149295706.0,1115980781601.0,6.4124E+11,0.9,1.57,21.45,22.15,2.18
399001.SZ,2023/11/13,20290566011853.0,17063233133657.0,1286149296688.0,1116036843570.0,6.4154E+11,0.95,1.66,21.47,22.17,2.18
399001.SZ,2023/11/14,20326770223378.0,17094869441051.0,1286143711964.0,1116038701450.0,6.41535E+11,0.95,1.65,21.51,22.21,2.18
399001.SZ,2023/11/15,20475129772740.0,17220516258410.0,1286147154964.0,1116040034325.0,6.41809E+11,1.1,1.91,21.66,22.37,2.2
399001.SZ,2023/11/16,20237813570375.0,17024342512212.0,1286174912261.0,1116040931997.0,6.4181E+11,0.86,1.49,21.41,22.11,2.17
399001.SZ,2023/11/17,20272603934367.0,17056289400189.0,1287130013874.0,1116565770865.0,6.42272E+11,0.84,1.47,21.45,22.15,2.17
399001.SZ,2023/11/20,20352156172936.0,17124939730620.0,1287307401049.0,1116565807863.0,6.42271E+11,1,1.74,21.53,22.24,2.18
399001.SZ,2023/11/21,20314387458503.0,17093987383834.0,1287319348807.0,1116574202741.0,6.4228E+11,1.11,1.92,21.49,22.19,2.18
399001.SZ,2023/11/22,20040412763747.0,16863904433227.0,1287325415818.0,1116575855552.0,6.42255E+11,0.99,1.72,21.2,21.9,2.15
399001.SZ,2023/11/23,20198243652213.0,16998316588150.0,1287355116558.0,1116575920252.0,6.42265E+11,0.93,1.62,21.37,22.07,2.17
399001.SZ,2023/11/24,20016690621914.0,16859852270011.0,1287263738191.0,1116484033030.0,6.42176E+11,0.88,1.54,21.18,21.87,2.15
399001.SZ,2023/11/27,19896614595399.0,16768758474268.0,1287264060787.0,1116772931631.0,6.42441E+11,0.87,1.51,21.05,21.74,2.13
399001.SZ,2023/11/28,19995770787043.0,16851063597533.0,1287268209095.0,1116777095719.0,6.42445E+11,0.85,1.47,21.16,21.85,2.15
399001.SZ,2023/11/29,19809743988413.0,16705921979466.0,1287267758925.0,1116800886017.0,6.42469E+11,0.9,1.56,20.96,21.64,2.13
399001.SZ,2023/11/30,19781473879944.0,16684563321542.0,1287325231524.0,1116818029203.0,6.42442E+11,0.84,1.46,20.93,21.61,2.12
399001.SZ,2023/12/1,19743937309772.0,16659023077465.0,1287444577708.0,1116818946137.0,6.42402E+11,1.01,1.75,20.89,21.57,2.12
399001.SZ,2023/12/4,19626923337422.0,16560385994330.0,1287451468361.0,1118300755176.0,6.42408E+11,1,1.75,20.77,21.44,2.11
399001.SZ,2023/12/5,19260819376809.0,16239381457017.0,1287531605187.0,1118306904138.0,6.42417E+11,0.93,1.63,20.38,21.04,2.07
399001.SZ,2023/12/6,19379461973385.0,16327435222687.0,1287495283558.0,1118324288172.0,6.42433E+11,0.98,1.7,20.5,21.17,2.08
399001.SZ,2023/12/7,19342206904817.0,16299961183444.0,1287494574960.0,1118374011103.0,6.42466E+11,0.93,1.62,20.46,21.13,2.07
399001.SZ,2023/12/8,19400245314480.0,16372866608358.0,1287492961319.0,1119481700631.0,6.42472E+11,1.15,2,20.53,21.2,2.08
399001.SZ,2023/12/11,19843443830665.0,16610399307472.0,1287399369796.0,1109156019868.0,6.36809E+11,1.2,2.09,20.7,21.14,2.13
399001.SZ,2023/12/12,19831302618371.0,16606338223935.0,1287399242366.0,1109151415618.0,6.36809E+11,0.91,1.58,20.68,21.12,2.13
399001.SZ,2023/12/13,19528091234898.0,16351838102082.0,1287462668701.0,1109150337953.0,6.36807E+11,0.83,1.45,20.37,20.8,2.1
399001.SZ,2023/12/14,19410361544716.0,16247897723012.0,1287472685214.0,1109160897811.0,6.36897E+11,0.82,1.43,20.24,20.68,2.09
399001.SZ,2023/12/15,19344297843852.0,16194426614001.0,1287472688292.0,1109197318094.0,6.36944E+11,0.87,1.51,20.18,20.6,2.08
399001.SZ,2023/12/18,19141471962688.0,16029842496477.0,1287472807935.0,1109270965522.0,6.37018E+11,0.76,1.33,19.96,20.39,2.06
399001.SZ,2023/12/19,19141686131101.0,16035546508436.0,1287471114226.0,1109286106636.0,6.37018E+11,0.71,1.24,19.96,20.39,2.06
399001.SZ,2023/12/20,18893414592832.0,15831880255509.0,1287466249026.0,1109399171964.0,6.37131E+11,0.74,1.29,19.71,20.12,2.03
399001.SZ,2023/12/21,19088923748863.0,15990340909288.0,1287466321401.0,1109332193141.0,6.37064E+11,0.84,1.47,19.91,20.33,2.05
399001.SZ,2023/12/22,19027302358120.0,15939546075952.0,1287450420924.0,1109332175541.0,6.37056E+11,0.98,1.7,19.85,20.27,2.04
399001.SZ,2023/12/25,19100682031036.0,16019311371336.0,1287471944949.0,1109719835564.0,6.37077E+11,0.72,1.26,19.92,20.35,2.05
399001.SZ,2023/12/26,18910173125207.0,15855916740877.0,1287483096701.0,1109723415194.0,6.37046E+11,0.7,1.22,19.72,20.14,2.03
399001.SZ,2023/12/27,18977339377040.0,15922434381288.0,1286977701018.0,1109615115726.0,6.36938E+11,0.79,1.38,19.79,20.21,2.04
399001.SZ,2023/12/28,19472924746572.0,16336881493417.0,1286977701018.0,1109630758819.0,6.36953E+11,1.14,1.98,20.31,20.74,2.09
399001.SZ,2023/12/29,19623194567537.0,16466471377468.0,1287028378144.0,1109623518064.0,6.36977E+11,1.04,1.8,20.47,20.9,2.11
399001.SZ,2024/1/2,19380999008963.0,16265410206485.0,1287040600813.0,1109717083623.0,6.37034E+11,0.96,1.67,20.21,20.64,2.08
399001.SZ,2024/1/3,19256753264837.0,16151930613263.0,1287058787861.0,1109695959510.0,6.37003E+11,0.9,1.57,20.08,20.51,2.07
399001.SZ,2024/1/4,19026505109230.0,15956776612299.0,1287063205522.0,1109715425180.0,6.37028E+11,0.8,1.4,19.84,20.27,2.04
399001.SZ,2024/1/5,18840302530886.0,15797529611033.0,1287350572440.0,1110116539911.0,6.37492E+11,0.9,1.56,19.65,20.07,2.02
399001.SZ,2024/1/8,18496556845928.0,15507942555491.0,1287351694524.0,1110248128142.0,6.37493E+11,0.9,1.56,19.29,19.7,1.99
399001.SZ,2024/1/9,18548984391262.0,15549635269257.0,1287352230242.0,1110250603885.0,6.37495E+11,0.85,1.48,19.35,19.76,1.99
399001.SZ,2024/1/10,18451456505979.0,15469094334434.0,1287352230242.0,1110250689220.0,6.37488E+11,0.78,1.37,19.24,19.65,1.98
399001.SZ,2024/1/11,18700829834303.0,15670554758439.0,1287352230242.0,1110250692970.0,6.37488E+11,0.9,1.56,19.5,19.92,2.01
399001.SZ,2024/1/12,18605959511455.0,15584082823742.0,1287356365702.0,1110257210251.0,6.37495E+11,0.81,1.42,19.41,19.82,2
399001.SZ,2024/1/15,18537870228635.0,15534632874396.0,1287356365702.0,1110257210251.0,6.37482E+11,0.74,1.28,19.33,19.75,1.99
399001.SZ,2024/1/16,18594210987019.0,15585776325044.0,1287351163033.0,1110252253676.0,6.37477E+11,0.88,1.54,19.39,19.81,2
399001.SZ,2024/1/17,18126895116898.0,15201121695750.0,1287350780799.0,1110272439642.0,6.375E+11,0.83,1.44,18.91,19.31,1.95
399001.SZ,2024/1/18,18277115482713.0,15335665398638.0,1287342961640.0,1110374200433.0,6.37601E+11,1.21,2.1,19.06,19.47,1.96
399001.SZ,2024/1/19,18162838900890.0,15243718851637.0,1287343060851.0,1110374299644.0,6.37601E+11,0.88,1.52,18.94,19.35,1.95
399001.SZ,2024/1/22,17531793629910.0,14725108636827.0,1287343910491.0,1111049954876.0,6.38276E+11,1.12,1.95,18.29,18.68,1.88
399001.SZ,2024/1/23,17757837481814.0,14911060297563.0,1287345947017.0,1111070921187.0,6.38297E+11,1.04,1.81,18.52,18.92,1.91
399001.SZ,2024/1/24,17965325026554.0,15086974396424.0,1287350398953.0,1111402027239.0,6.38625E+11,1.12,1.95,18.74,19.14,1.93
399001.SZ,2024/1/25,18341705691699.0,15402299604515.0,1287350399362.0,1111418767833.0,6.38642E+11,1.26,2.2,19.13,19.54,1.97
399001.SZ,2024/1/26,18171533412508.0,15266431256875.0,1287350421803.0,1111418712927.0,6.38641E+11,1.14,1.99,18.95,19.36,1.95
399001.SZ,2024/1/29,17828840932788.0,14984692854035.0,1287351097856.0,1112047694842.0,6.38648E+11,1.09,1.9,18.6,18.99,1.91
399001.SZ,2024/1/30,17408038409657.0,14628762868454.0,1287353676383.0,1112051660431.0,6.38182E+11,0.96,1.67,18.16,18.52,1.87
399001.SZ,2024/1/31,17100361832461.0,14374692973777.0,1287353676383.0,1112063442817.0,6.38193E+11,1.17,2.03,17.84,18.19,1.84
399001.SZ,2024/2/1,17124488401494.0,14396552440714.0,1287338938059.0,1112050608443.0,6.38178E+11,1.11,1.93,17.87,18.22,1.84
399001.SZ,2024/2/2,16756544213700.0,14083471535864.0,1287339437281.0,1112053893970.0,6.38178E+11,1.3,2.27,17.48,17.82,1.8
399001.SZ,2024/2/5,16585856549460.0,13944299391345.0,1287339672418.0,1112095071265.0,6.38204E+11,1.55,2.7,17.3,17.62,1.78
399001.SZ,2024/2/6,17596318834772.0,14793526471075.0,1287339837452.0,1112105887699.0,6.37866E+11,1.67,2.91,18.36,18.7,1.89
399001.SZ,2024/2/7,18069979426929.0,15206817482903.0,1287339837452.0,1112123953719.0,6.37866E+11,1.89,3.29,18.85,19.2,1.94
399001.SZ,2024/2/8,18287515038803.0,15384756811067.0,1287340018434.0,1112124545101.0,6.3787E+11,1.78,3.1,19.08,19.42,1.96
399001.SZ,2024/2/19,18433901965538.0,15515544142226.0,1287272822795.0,1112395235685.0,6.38141E+11,1.54,2.69,19.23,19.58,1.98
399001.SZ,2024/2/20,18446559969284.0,15532834778724.0,1287299532180.0,1112455280100.0,6.38188E+11,1.16,2.03,19.24,19.59,1.98
399001.SZ,2024/2/21,18607235963384.0,15672724088958.0,1287299532180.0,1112455280100.0,6.38188E+11,1.47,2.57,19.41,19.77,2
399001.SZ,2024/2/22,18734188228586.0,15780124172911.0,1287299681710.0,1112458195870.0,6.38107E+11,1.15,2,19.54,19.92,2.01
399001.SZ,2024/2/23,18783625992387.0,15823449806785.0,1287299681710.0,1112458203703.0,6.3811E+11,1.32,2.29,19.6,19.98,2.01
399001.SZ,2024/2/26,18754190912176.0,15795334350237.0,1287275527666.0,1112487995921.0,6.38144E+11,1.35,2.36,19.57,19.95,2.01
399001.SZ,2024/2/27,19136776512944.0,16116772548395.0,1287272831665.0,1112539547002.0,6.38248E+11,1.41,2.45,19.97,20.36,2.05
399001.SZ,2024/2/28,18712662927770.0,15767200587247.0,1287272833451.0,1112545693148.0,6.38254E+11,1.96,3.41,19.53,20.05,2.01
399001.SZ,2024/2/29,19261604449564.0,16231171182398.0,1287282666650.0,1112552576932.0,6.38281E+11,1.56,2.73,20.1,20.59,2.06
399001.SZ,2024/3/1,19425780124516.0,16389372815127.0,1287282666650.0,1112770200455.0,6.3848E+11,1.57,2.74,20.26,20.76,2.08
399001.SZ,2024/3/4,19424751687082.0,16387635525951.0,1287282823450.0,1112770626963.0,6.3848E+11,1.5,2.61,20.25,20.77,2.08
399001.SZ,2024/3/5,19405412396625.0,16371693795810.0,1287284059905.0,1112852088831.0,6.3853E+11,1.48,2.58,20.23,20.75,2.08
399001.SZ,2024/3/6,19361105440360.0,16322845735864.0,1287275943798.0,1112843897215.0,6.38527E+11,1.26,2.19,20.19,20.7,2.07
399001.SZ,2024/3/7,19120698346517.0,16126080604267.0,1287275903798.0,1112840139662.0,6.38523E+11,1.37,2.39,19.94,20.44,2.05
399001.SZ,2024/3/8,19307947738431.0,16296157977626.0,1287283102051.0,1113342831617.0,6.38144E+11,1.19,2.07,20.13,20.65,2.07
399001.SZ,2024/3/11,19732999892406.0,16647688543883.0,1287283102051.0,1113365900204.0,6.3837E+11,1.44,2.51,20.54,21.09,2.11
399001.SZ,2024/3/12,19847346319615.0,16743730238527.0,1287308300882.0,1113390692441.0,6.38395E+11,1.56,2.72,20.66,21.18,2.12
399001.SZ,2024/3/13,19785006395584.0,16690376247310.0,1287308210460.0,1113387385897.0,6.38393E+11,1.43,2.5,20.63,21.12,2.12
399001.SZ,2024/3/14,19697271414063.0,16611439631694.0,1287308210460.0,1113387385897.0,6.38393E+11,1.37,2.39,20.54,21.03,2.11
399001.SZ,2024/3/15,19811605361329.0,16716369763582.0,1287349568328.0,1113428942711.0,6.38638E+11,1.34,2.34,20.7,21.2,2.12
399001.SZ,2024/3/18,20094065997717.0,16955424994702.0,1287338421328.0,1113680527480.0,6.38889E+11,1.58,2.76,20.67,21.5,2.14
399001.SZ,2024/3/19,19984517732641.0,16868795220371.0,1287167958910.0,1113517324743.0,6.3854E+11,1.45,2.52,20.51,21.36,2.13
399001.SZ,2024/3/20,20032637998948.0,16901443922629.0,1287167958910.0,1113519800002.0,6.38533E+11,1.32,2.31,20.53,21.41,2.14
399001.SZ,2024/3/21,19973473855598.0,16848164784729.0,1287167958910.0,1113562001440.0,6.38575E+11,1.4,2.44,20.52,21.37,2.13
399001.SZ,2024/3/22,19722792061122.0,16638295565240.0,1287167959693.0,1113568743749.0,6.38604E+11,1.42,2.47,20.26,21.12,2.1
399001.SZ,2024/3/25,19453933903450.0,16424886072877.0,1287158554708.0,1113778687916.0,6.3867E+11,1.35,2.35,19.97,20.83,2.07
399001.SZ,2024/3/26,19544143285753.0,16499431156767.0,1287727183249.0,1114390253240.0,6.39209E+11,1.22,2.14,20.05,20.9,2.08
399001.SZ,2024/3/27,19097609207848.0,16127469542540.0,1287730558512.0,1114509607533.0,6.3905E+11,1.19,2.07,19.37,20.37,2.03
399001.SZ,2024/3/28,19307709133224.0,16313931151041.0,1287729947905.0,1114521322738.0,6.3897E+11,1.23,2.14,19.93,20.73,2.05
399001.SZ,2024/3/29,19421975426833.0,16414713770704.0,1287729407905.0,1114528420344.0,6.38357E+11,1.11,1.93,20.73,21.19,2.06
399001.SZ,2024/4/1,19898163755449.0,16820563720163.0,1287729452895.0,1115291788972.0,6.38328E+11,1.49,2.6,21.29,21.58,2.11
399001.SZ,2024/4/2,19789031062036.0,16728409117151.0,1287810423938.0,1115858088108.0,6.38212E+11,1.39,2.43,21.29,21.47,2.1
399001.SZ,2024/4/3,19707900650920.0,16665355244068.0,1287805928376.0,1115860018170.0,6.38784E+11,1.35,2.36,21.16,21.35,2.09
399001.SZ,2024/4/8,19426742073227.0,16410062530064.0,1287811232487.0,1115898301457.0,6.38852E+11,1.38,2.41,20.82,21.04,2.06
399001.SZ,2024/4/9,19531090118211.0,16494826264218.0,1287812044876.0,1115881509508.0,6.38817E+11,1.13,1.97,20.92,21.14,2.07
399001.SZ,2024/4/10,19248128794604.0,16254827386893.0,1287812044887.0,1116429595045.0,6.39268E+11,1.14,1.99,20.57,20.84,2.04
399001.SZ,2024/4/11,19263823938709.0,16266776068952.0,1287812044887.0,1116525752051.0,6.39446E+11,1.17,2.04,20.59,20.84,2.04
399001.SZ,2024/4/12,19105389509296.0,16143518630072.0,1287810485386.0,1116529145446.0,6.3945E+11,1.14,1.99,20.42,20.66,2.03
399001.SZ,2024/4/15,19415784948995.0,16415848472508.0,1287814429446.0,1116883845879.0,6.39459E+11,1.43,2.49,20.71,20.96,2.06
399001.SZ,2024/4/16,18995619393710.0,16057456832910.0,1287744201822.0,1116936974954.0,6.39559E+11,1.46,2.54,20.21,20.4,2.01
399001.SZ,2024/4/17,19449858110239.0,16437007847238.0,1287744201822.0,1116971779679.0,6.39561E+11,1.37,2.4,20.69,20.9,2.06
399001.SZ,2024/4/18,19435418959557.0,16436401045573.0,1287742917822.0,1116968630086.0,6.39296E+11,1.43,2.49,20.65,20.89,2.06
399001.SZ,2024/4/19,19258180446816.0,16290916236193.0,1288037267725.0,1117073209192.0,6.39376E+11,1.28,2.23,20.4,20.69,2.04
399001.SZ,2024/4/22,19186001095537.0,16236985436534.0,1288042456102.0,1117768802786.0,6.39967E+11,1.22,2.13,20.13,20.38,2.02
399001.SZ,2024/4/23,19061651947140.0,16144161044174.0,1288034539877.0,1117881560324.0,6.39957E+11,1.17,2.04,19.95,20.22,2.01
399001.SZ,2024/4/24,19184830168003.0,16265706982987.0,1288035135377.0,1118702416656.0,6.39977E+11,1.13,1.97,20.25,20.36,2.02
399001.SZ,2024/4/25,19220931579795.0,16296493686119.0,1288269036787.0,1118877502735.0,6.40472E+11,1.13,1.98,20.34,20.46,2.02
399001.SZ,2024/4/26,19600898551612.0,16681927936729.0,1288224005809.0,1119857261112.0,6.40385E+11,1.67,2.92,21.11,21.18,2.06
399001.SZ,2024/4/29,20006510772388.0,17031747126462.0,1288470039524.0,1121365744847.0,6.40502E+11,1.83,3.21,22.48,22.3,2.09
399001.SZ,2024/4/30,19839517396656.0,16890172015586.0,1288473611080.0,1121369203838.0,6.40329E+11,1.62,2.84,21.92,22.51,2.06
399001.SZ,2024/5/6,20246116631738.0,17231546884639.0,1288473611080.0,1121369203838.0,6.40361E+11,1.7,2.97,22.37,22.97,2.1
399001.SZ,2024/5/7,20247201522974.0,17221235939520.0,1288468898583.0,1121364387891.0,6.40166E+11,1.4,2.45,22.37,22.97,2.1
399001.SZ,2024/5/8,19986819972610.0,16996914806976.0,1288468898930.0,1121378101134.0,6.40261E+11,1.24,2.17,22.08,22.68,2.07
399001.SZ,2024/5/9,20273735948444.0,17237960700367.0,1288469796458.0,1121410811675.0,6.40331E+11,1.29,2.26,22.4,23,2.1
399001.SZ,2024/5/10,20172905447729.0,17156370364191.0,1288467119720.0,1121712119488.0,6.40337E+11,1.25,2.19,22.29,22.89,2.09
399001.SZ,2024/5/13,20071180621289.0,17071854675130.0,1288978194179.0,1121718046495.0,6.40343E+11,1.23,2.15,22.18,22.77,2.08
399001.SZ,2024/5/14,20066448203457.0,17065968914606.0,1288937165227.0,1121677017543.0,6.40301E+11,1.2,2.09,22.17,22.77,2.08
399001.SZ,2024/5/15,19879213576047.0,16915838133443.0,1288931831850.0,1121679233596.0,6.40304E+11,1.13,1.98,21.96,22.55,2.07
399001.SZ,2024/5/16,19914372785986.0,16964746372413.0,1288931836401.0,1121735648326.0,6.40393E+11,1.27,2.22,22,22.59,2.07
399001.SZ,2024/5/17,20131607921589.0,17149176124313.0,1288923768883.0,1122087698724.0,6.40747E+11,1.36,2.38,22.24,22.84,2.1
399001.SZ,2024/5/20,20223258777706.0,17221010440112.0,1288930786575.0,1122225515545.0,6.40885E+11,1.52,2.66,22.34,22.95,2.11
399001.SZ,2024/5/21,20078719808137.0,17104741793543.0,1289132760517.0,1122717489861.0,6.40883E+11,1.13,1.98,22.18,22.78,2.09
399001.SZ,2024/5/22,20084391030056.0,17110122159174.0,1289183360618.0,1122756536887.0,6.41121E+11,1.19,2.08,22.19,22.79,2.1
399001.SZ,2024/5/23,19774429546949.0,16854532225842.0,1289188591933.0,1122756142137.0,6.41121E+11,1.25,2.18,21.85,22.44,2.07
399001.SZ,2024/5/24,19550357703339.0,16662624800491.0,1289301240759.0,1122815897251.0,6.41175E+11,1.08,1.9,21.6,22.18,2.04
399001.SZ,2024/5/27,19710293668993.0,16804308370625.0,1289426978571.0,1122819005352.0,6.41178E+11,1.13,1.98,21.78,22.36,2.06
399001.SZ,2024/5/28,19494793785640.0,16615265060700.0,1289425593227.0,1122848957045.0,6.41208E+11,1.1,1.93,21.54,22.12,2.04
399001.SZ,2024/5/29,19562982067515.0,16652830140341.0,1289691647495.0,1123110059244.0,6.41294E+11,1.06,1.85,21.61,22.2,2.05
399001.SZ,2024/5/30,19491218284491.0,16586872600527.0,1289853160472.0,1123323363396.0,6.41447E+11,1.06,1.86,21.54,22.11,2.04
399001.SZ,2024/5/31,19452054919490.0,16552880266606.0,1289847188712.0,1123318432141.0,6.4203E+11,1.03,1.81,21.49,22.07,2.04
399001.SZ,2024/6/3,19464023422212.0,16557844577469.0,1289846420764.0,1123318432193.0,6.4203E+11,1.21,2.11,21.51,22.08,2.04
399001.SZ,2024/6/4,19669422124656.0,16732415927325.0,1289850148360.0,1123321545070.0,6.41946E+11,1.07,1.87,21.73,22.32,2.06
399001.SZ,2024/6/5,19522061755965.0,16606418142520.0,1289840363664.0,1123423603491.0,6.42034E+11,1.01,1.78,21.57,22.15,2.05
399001.SZ,2024/6/6,19398984681460.0,16510778347355.0,1290153444606.0,1123733046383.0,6.42287E+11,1.26,2.21,21.43,22.01,2.04
399001.SZ,2024/6/7,19259315111280.0,16386543351623.0,1290166272032.0,1123835056766.0,6.42383E+11,1.08,1.89,21.28,21.85,2.02
399001.SZ,2024/6/11,19264457920189.0,16377344821250.0,1290142597189.0,1123893203394.0,6.42434E+11,1.04,1.82,21.29,21.86,2.02
399001.SZ,2024/6/12,19279202842852.0,16389793075117.0,1290100626951.0,1123853338244.0,6.42394E+11,1.03,1.79,21.3,21.87,2.03
399001.SZ,2024/6/13,19165596784956.0,16278021887167.0,1290699108261.0,1124325962806.0,6.42703E+11,1.15,2.01,21.18,21.75,2.02
399001.SZ,2024/6/14,19225857400513.0,16340091799979.0,1291609211786.0,1125225663227.0,6.42959E+11,1.34,2.34,21.24,21.81,2.03
399001.SZ,2024/6/17,19419787062598.0,16459991132188.0,1295609162600.0,1122488209771.0,6.40908E+11,1.19,2.09,21.19,21.76,2.04
399001.SZ,2024/6/18,19474322677191.0,16512183193215.0,1295602770131.0,1122491545902.0,6.40911E+11,1.08,1.89,21.25,21.82,2.05
399001.SZ,2024/6/19,19275714297025.0,16347179408569.0,1295597195828.0,1122503462537.0,6.40912E+11,0.93,1.63,21.04,21.6,2.03
399001.SZ,2024/6/20,18982118519907.0,16096397222208.0,1295597432626.0,1122503919652.0,6.40924E+11,1.01,1.77,20.71,21.27,2
399001.SZ,2024/6/21,18964105330832.0,16080535282652.0,1295638880756.0,1122484253771.0,6.40904E+11,0.88,1.54,20.7,21.25,2
399001.SZ,2024/6/24,18681233901653.0,15850908017765.0,1295559183233.0,1122559913080.0,6.4083E+11,1.02,1.79,20.39,20.93,1.97
399001.SZ,2024/6/25,18562616929938.0,15744422225234.0,1295702845135.0,1122565552699.0,6.4083E+11,0.97,1.7,20.26,20.8,1.96
399001.SZ,2024/6/26,18817575258179.0,15961959382711.0,1295665361766.0,1122527408022.0,6.4083E+11,1.02,1.79,20.54,21.09,1.99
399001.SZ,2024/6/27,18530830457890.0,15726823379323.0,1295662497253.0,1122524570134.0,6.40792E+11,0.96,1.69,20.22,20.77,1.96
399001.SZ,2024/6/28,18532769403407.0,15726028705780.0,1295880040270.0,1122525796746.0,6.40301E+11,1.09,1.92,20.22,20.77,1.96
399001.SZ,2024/7/1,18650540778951.0,15828173266166.0,1295879178542.0,1122532846818.0,6.40307E+11,0.99,1.73,20.35,20.9,1.97
399001.SZ,2024/7/2,18483508019579.0,15683665985881.0,1295852826540.0,1122409249259.0,6.41659E+11,0.99,1.72,20.17,20.71,1.95
399001.SZ,2024/7/3,18370146611866.0,15600437923234.0,1295852921818.0,1123316208598.0,6.40215E+11,0.86,1.51,20.05,20.59,1.94
399001.SZ,2024/7/4,18189571348276.0,15449329414507.0,1295851761610.0,1123316208598.0,6.40662E+11,0.89,1.55,19.85,20.38,1.92
399001.SZ,2024/7/5,18226767295987.0,15481884295865.0,1295849241537.0,1123313622525.0,6.40662E+11,0.83,1.45,19.89,20.43,1.93
399001.SZ,2024/7/8,17964191532745.0,15263545088840.0,1295848865137.0,1124090627079.0,6.40713E+11,0.93,1.63,19.6,20.13,1.9
399001.SZ,2024/7/9,18247026186888.0,15508541895516.0,1295848916946.0,1124202490711.0,6.40707E+11,1.18,2.08,19.91,20.45,1.93
399001.SZ,2024/7/10,18198923402976.0,15473731273785.0,1295849861423.0,1124203464128.0,6.40708E+11,1.07,1.88,19.86,20.39,1.93
399001.SZ,2024/7/11,18552547500190.0,15776100578236.0,1295848120123.0,1124206399002.0,6.40713E+11,1.3,2.27,20.25,20.79,1.97
399001.SZ,2024/7/12,18537033989128.0,15752095021325.0,1295846714175.0,1124209308324.0,6.40712E+11,1.06,1.85,20.23,20.77,1.97
399001.SZ,2024/7/15,18438569386719.0,15677854634458.0,1294294135208.0,1124232351419.0,6.40737E+11,1,1.75,20.12,20.66,1.96
399001.SZ,2024/7/16,18564325816819.0,15793701824809.0,1294291154795.0,1124229371823.0,6.40878E+11,1.04,1.82,20.26,20.8,1.98
399001.SZ,2024/7/17,18499768900291.0,15735672573278.0,1294287082588.0,1124230560566.0,6.4088E+11,1.08,1.9,20.19,20.73,1.97
399001.SZ,2024/7/18,18605515582689.0,15825052153432.0,1294286884368.0,1124318780381.0,6.40968E+11,1.06,1.85,20.3,20.85,1.98
399001.SZ,2024/7/19,18652642430968.0,15856855912496.0,1294288875055.0,1124314930127.0,6.40964E+11,1,1.75,20.36,20.9,1.99
399001.SZ,2024/7/22,18570688945461.0,15789713483071.0,1294286276155.0,1124893029501.0,6.41528E+11,0.96,1.68,20.27,20.81,1.98
399001.SZ,2024/7/23,18025822293654.0,15335379372892.0,1294289393098.0,1124896592406.0,6.41578E+11,0.97,1.71,19.67,20.2,1.92
399001.SZ,2024/7/24,17815723117964.0,15156112191332.0,1294289403323.0,1125002580815.0,6.41561E+11,0.97,1.71,19.44,19.96,1.9
399001.SZ,2024/7/25,17802956704006.0,15136164553553.0,1294275326611.0,1125011141547.0,6.41572E+11,0.9,1.58,19.43,19.95,1.9
399001.SZ,2024/7/26,18025278675739.0,15330874509633.0,1294292134411.0,1125027949347.0,6.41589E+11,0.9,1.57,19.67,20.2,1.92
399001.SZ,2024/7/29,17847523641944.0,15196668834114.0,1294303617247.0,1125343088093.0,6.41713E+11,0.82,1.43,19.48,19.98,1.9
399001.SZ,2024/7/30,17739329300341.0,15106110768808.0,1294297175027.0,1125349341038.0,6.41529E+11,0.84,1.47,19.36,19.84,1.89
399001.SZ,2024/7/31,18305131389077.0,15590321781757.0,1294302442463.0,1125349285888.0,6.41236E+11,1.42,2.5,19.98,20.47,1.95
399001.SZ,2024/8/1,18135734182344.0,15450546681654.0,1294302129361.0,1125347165375.0,6.41231E+11,1.07,1.88,19.79,20.27,1.93
399001.SZ,2024/8/2,17901083571093.0,15254654974558.0,1294302026422.0,1125351979433.0,6.40924E+11,0.99,1.73,19.54,20.01,1.91
399001.SZ,2024/8/5,17597576901148.0,14992952045930.0,1294303634901.0,1125338166102.0,6.40948E+11,1.15,2.01,19.2,19.56,1.87
399001.SZ,2024/8/6,17730328877640.0,15106925411792.0,1294304582155.0,1125358058128.0,6.40658E+11,1.07,1.87,19.35,19.71,1.89
399001.SZ,2024/8/7,17713060941026.0,15091316055873.0,1294298582559.0,1125355613479.0,6.40901E+11,0.91,1.59,19.33,19.7,1.89
399001.SZ,2024/8/8,17717180183457.0,15104221659151.0,1294298562309.0,1125551072999.0,6.41096E+11,0.94,1.65,19.33,19.7,1.89
399001.SZ,2024/8/9,17611550895951.0,15016242800420.0,1294297037559.0,1125963163832.0,6.41179E+11,0.91,1.59,19.22,19.57,1.88
399001.SZ,2024/8/12,17574372118048.0,14987843852935.0,1292549916514.0,1124229760655.0,6.40467E+11,0.79,1.38,19.17,19.53,1.87
399001.SZ,2024/8/13,17628850194030.0,15036094277064.0,1292549916514.0,1124176610576.0,6.40467E+11,0.74,1.3,19.23,19.58,1.88
399001.SZ,2024/8/14,17426775165485.0,14865552768458.0,1292555142058.0,1124173047891.0,6.4045E+11,0.7,1.23,19.01,19.36,1.85
399001.SZ,2024/8/15,17555225405627.0,14969904028741.0,1292764868990.0,1124172357741.0,6.4045E+11,0.94,1.66,19.15,19.5,1.87
399001.SZ,2024/8/16,17510805000569.0,14942449977927.0,1292762950411.0,1124356005878.0,6.40462E+11,0.86,1.51,19.1,19.45,1.86
399001.SZ,2024/8/19,17534434497239.0,14964175002597.0,1292665412806.0,1124353807227.0,6.40438E+11,0.84,1.47,19.12,19.49,1.86
399001.SZ,2024/8/20,17316334365423.0,14778626601476.0,1292642311315.0,1124345714723.0,6.4043E+11,0.88,1.55,18.89,19.21,1.84
399001.SZ,2024/8/21,17273255802335.0,14741775954775.0,1292629386177.0,1124346010749.0,6.40477E+11,0.82,1.44,18.84,19.15,1.83
399001.SZ,2024/8/22,17148167152192.0,14637291433098.0,1292629386177.0,1124345965748.0,6.69764E+11,0.87,1.46,18.7,19.03,1.82
399001.SZ,2024/8/23,17178034649178.0,14671015877420.0,1292636844168.0,1124386842784.0,6.40794E+11,0.79,1.38,18.73,19.03,1.82
399001.SZ,2024/8/26,17190117042726.0,14677000857344.0,1292643770874.0,1124421862903.0,6.39838E+11,0.86,1.5,18.75,19.12,1.82
399001.SZ,2024/8/27,17018172714513.0,14526573156770.0,1292643806374.0,1124416914127.0,6.39897E+11,0.86,1.51,18.56,18.91,1.8
399001.SZ,2024/8/28,16961164957031.0,14474476743174.0,1292643806374.0,1124559717739.0,6.39788E+11,0.84,1.47,18.5,18.86,1.79
399001.SZ,2024/8/29,17093361881617.0,14602967364597.0,1292644601985.0,1124930711164.0,6.40317E+11,1.08,1.9,18.64,19.16,1.8
399001.SZ,2024/8/30,17499202851646.0,14943788076144.0,1292646417642.0,1124901740118.0,6.407E+11,1.53,2.68,19.08,19.77,1.84
399001.SZ,2024/9/2,17142806537462.0,14644889030129.0,1292648331353.0,1124899896642.0,6.40947E+11,1.2,2.1,18.7,19.83,1.8
399001.SZ,2024/9/3,17320951949591.0,14795711908850.0,1292632626416.0,1124884191705.0,6.41508E+11,1.01,1.77,18.89,20.04,1.81
399001.SZ,2024/9/4,17239299397899.0,14719098803938.0,1292632626416.0,1124888533805.0,6.41497E+11,0.93,1.63,18.8,19.94,1.81
399001.SZ,2024/9/5,17293508942252.0,14759358235226.0,1292664971529.0,1124888533905.0,6.41354E+11,0.85,1.49,18.86,20,1.81
399001.SZ,2024/9/6,17050084244017.0,14551071453023.0,1292665157357.0,1124888719733.0,6.41347E+11,0.86,1.5,18.6,19.72,1.79
399001.SZ,2024/9/9,16907148685383.0,14436238833428.0,1292658890008.0,1128282452384.0,6.41347E+11,0.88,1.55,18.44,19.56,1.77
399001.SZ,2024/9/10,16913401884906.0,14441237419354.0,1292658343825.0,1128282479300.0,6.41343E+11,0.91,1.6,18.45,19.56,1.77
399001.SZ,2024/9/11,16956632781555.0,14465078473213.0,1292648330185.0,1128274297771.0,6.41343E+11,0.84,1.48,18.49,19.61,1.77
399001.SZ,2024/9/12,16848976599502.0,14370837270727.0,1292626710197.0,1128278855565.0,6.41353E+11,0.87,1.53,18.38,19.49,1.76
399001.SZ,2024/9/13,16699749749443.0,14248719188130.0,1292626713547.0,1128254410931.0,6.41329E+11,0.82,1.45,18.21,19.32,1.75
399001.SZ,2024/9/18,16764238409203.0,14269020556202.0,1293195449967.0,1128256735343.0,6.41331E+11,0.81,1.42,18.28,19.39,1.75
399001.SZ,2024/9/19,16956987324373.0,14426790043588.0,1293195584886.0,1127883711987.0,6.40958E+11,1.11,1.94,18.49,19.62,1.77
399001.SZ,2024/9/20,16927146284761.0,14410423777722.0,1293238419173.0,1128312328385.0,6.411E+11,0.94,1.65,18.46,19.58,1.77
399001.SZ,2024/9/23,16935436118536.0,14430460316440.0,1293307015495.0,1128370691431.0,6.41142E+11,0.89,1.57,18.47,19.59,1.77
399001.SZ,2024/9/24,17658482331846.0,15055769281984.0,1293307151915.0,1128375013745.0,6.41146E+11,1.75,3.08,19.26,20.43,1.84
399001.SZ,2024/9/25,17872319405092.0,15230755571054.0,1293307153915.0,1128379713254.0,6.4116E+11,2.09,3.67,19.49,20.67,1.87
399001.SZ,2024/9/26,18658076446198.0,15906450133483.0,1293307154195.0,1128379713534.0,6.4116E+11,2.17,3.82,20.35,21.58,1.95
399001.SZ,2024/9/27,19865560739308.0,16931011451145.0,1293308288877.0,1128381530716.0,6.41214E+11,2.96,5.22,21.67,22.98,2.07
399001.SZ,2024/9/30,21951047659697.0,18678199005083.0,1293393075123.0,1128381694436.0,6.41169E+11,3.94,6.93,23.94,25.39,2.29
399001.SZ,2024/10/8,23822078140435.0,20241654351977.0,1293389354356.0,1128455572167.0,6.41196E+11,4.91,8.64,25.98,27.56,2.49
399001.SZ,2024/10/9,21850857457136.0,18585469227471.0,1293431759865.0,1128516087635.0,6.41227E+11,4.35,7.65,23.83,25.28,2.28
399001.SZ,2024/10/10,21760214896147.0,18509231435626.0,1293431329969.0,1128505384066.0,6.41268E+11,3.14,5.52,23.73,25.17,2.27
399001.SZ,2024/10/11,20916755339976.0,17814677350759.0,1293425381569.0,1128627381822.0,6.41251E+11,2.33,4.11,22.81,24.2,2.18
399001.SZ,2024/10/14,21447291514454.0,18271651468580.0,1293437828636.0,1128654144206.0,6.41275E+11,2.43,4.28,23.39,24.81,2.24
399001.SZ,2024/10/15,20889341074397.0,17803416863569.0,1293437966444.0,1128654718694.0,6.41311E+11,2.34,4.12,22.78,24.16,2.18
399001.SZ,2024/10/16,20683992837329.0,17630951968841.0,1293424566377.0,1128633068482.0,6.41294E+11,2,3.52,22.56,23.92,2.16
399001.SZ,2024/10/17,20519604929784.0,17491834696460.0,1293425378502.0,1128709099864.0,6.41294E+11,2.1,3.69,22.38,23.73,2.14
399001.SZ,2024/10/18,21420642918998.0,18253878024047.0,1293423301678.0,1128713800062.0,6.41275E+11,3.04,5.35,23.36,24.78,2.24
399001.SZ,2024/10/21,21641409569139.0,18440554627238.0,1293692011016.0,1128684001938.0,6.41265E+11,2.85,5.01,23.6,24.93,2.25
399001.SZ,2024/10/22,21833553360074.0,18611253125468.0,1293692077516.0,1128683994188.0,6.41554E+11,2.62,4.6,23.81,25.15,2.27
399001.SZ,2024/10/23,21898370404640.0,18648970270208.0,1293684753023.0,1128676669695.0,6.42147E+11,2.68,4.72,23.88,25.04,2.27
399001.SZ,2024/10/24,21623342528557.0,18422761153139.0,1293700252329.0,1128692641626.0,6.71338E+11,1.94,3.27,23.58,24.66,2.24
399001.SZ,2024/10/25,21970314138550.0,18707955743773.0,1293701231617.0,1128695439086.0,6.4203E+11,2.41,4.24,23.96,25.07,2.27
399001.SZ,2024/10/28,22121820981488.0,18844940466418.0,1293703862805.0,1128680142437.0,6.42152E+11,2.48,4.36,24.13,25.4,2.28
399001.SZ,2024/10/29,21822000786180.0,18599481068002.0,1293766400817.0,1128663364690.0,6.41613E+11,2.67,4.69,23.8,25.33,2.25
399001.SZ,2024/10/30,21770067591870.0,18562823007163.0,1293729800843.0,1128626633253.0,6.4143E+11,2.54,4.46,23.74,25.16,2.23
399001.SZ,2024/10/31,21862263938239.0,18650516027049.0,1293868280596.0,1128661233902.0,6.41341E+11,3.31,5.83,23.84,25.81,2.23
399001.SZ,2024/11/1,21624290539987.0,18451864115173.0,1293887804148.0,1128680732554.0,6.43413E+11,3.64,6.38,23.58,25.54,2.21
399001.SZ,2024/11/4,22047734297275.0,18791386400548.0,1293945463440.0,1128732233543.0,6.43615E+11,2.65,4.65,24.05,26.04,2.25
399001.SZ,2024/11/5,22712164701256.0,19361200624543.0,1293952278335.0,1128738687088.0,6.43615E+11,3.51,6.16,24.77,26.82,2.32
399001.SZ,2024/11/6,22622426669889.0,19286626047559.0,1293946759484.0,1128747650681.0,6.43864E+11,3.72,6.53,24.67,26.71,2.31
399001.SZ,2024/11/7,23210815370533.0,19768351297098.0,1294021915214.0,1128758424629.0,6.43903E+11,3.61,6.32,25.31,27.41,2.37
399001.SZ,2024/11/8,23045014891382.0,19634927357594.0,1294017174190.0,1128759655605.0,6.43904E+11,3.54,6.21,25.13,27.21,2.35
399001.SZ,2024/11/11,23435585127469.0,19963672606867.0,1293999872343.0,1128762107732.0,6.4388E+11,3.32,5.83,25.56,27.68,2.39
399001.SZ,2024/11/12,23293921682378.0,19836079726908.0,1294001526600.0,1128763761989.0,6.43883E+11,3.36,5.89,25.4,27.51,2.38
399001.SZ,2024/11/13,23364356309166.0,19902833504922.0,1294028655384.0,1129140819426.0,6.44224E+11,2.54,4.45,25.48,27.59,2.38
399001.SZ,2024/11/14,22743754380867.0,19371386502692.0,1294028655384.0,1129140819601.0,6.44225E+11,2.38,4.18,24.8,26.86,2.32
399001.SZ,2024/11/15,22173430014115.0,18886486739247.0,1294028487482.0,1129138547671.0,6.44276E+11,2.46,4.31,24.18,26.18,2.26
399001.SZ,2024/11/18,21820178600534.0,18573038616320.0,1294979848745.0,1129175989039.0,6.43963E+11,2.6,4.57,23.8,25.77,2.23
399001.SZ,2024/11/19,22184360952542.0,18884293907578.0,1294983295748.0,1129179717393.0,6.44018E+11,2.21,3.88,24.19,26.2,2.26
399001.SZ,2024/11/20,22340681460956.0,19024712328415.0,1294984987140.0,1129239190285.0,6.44078E+11,2.18,3.81,24.37,26.38,2.28
399001.SZ,2024/11/21,22314417699262.0,19006307003016.0,1295029368394.0,1129500129140.0,6.44317E+11,2.15,3.78,24.34,26.35,2.28
399001.SZ,2024/11/22,21532832019699.0,18341451163815.0,1295015697384.0,1129493344134.0,6.44311E+11,2.43,4.25,23.48,25.43,2.2
399001.SZ,2024/11/25,21515206602279.0,18307529845614.0,1295015883406.0,1129539187045.0,6.44987E+11,2.04,3.57,23.46,25.41,2.19
399001.SZ,2024/11/26,21366645920336.0,18185097072419.0,1295049024894.0,1129572983824.0,6.45021E+11,1.68,2.95,23.3,25.23,2.18
399001.SZ,2024/11/27,21828382221569.0,18573444903663.0,1295211437794.0,1129565396724.0,6.45014E+11,1.99,3.48,23.81,25.78,2.23
399001.SZ,2024/11/28,21569588508258.0,18353433552441.0,1295214993283.0,1129560717293.0,6.45008E+11,1.93,3.38,23.52,25.47,2.2
399001.SZ,2024/11/29,21911872737197.0,18646136109231.0,1295143335791.0,1129550565366.0,6.45006E+11,2.06,3.61,23.9,25.88,2.23
399001.SZ,2024/12/2,22209345600829.0,18893600073330.0,1295123927538.0,1129537870282.0,6.45012E+11,2.15,3.77,24.22,26.23,2.26
399001.SZ,2024/12/3,22141859299809.0,18835243911449.0,1295931125365.0,1130111513236.0,6.45157E+11,1.97,3.46,24.15,26.15,2.26
399001.SZ,2024/12/4,21915418807571.0,18646531198282.0,1295927853784.0,1130109087205.0,6.45163E+11,2.1,3.67,23.9,25.88,2.23
399001.SZ,2024/12/5,21944283032654.0,18676792217872.0,1295929308323.0,1130110527142.0,6.45133E+11,1.86,3.26,23.93,25.91,2.24
399001.SZ,2024/12/6,22270237845496.0,18952297812708.0,1296766370775.0,1130117552742.0,6.45509E+11,2.44,4.27,24.29,26.3,2.27
399001.SZ,2024/12/9,22162495813229.0,18865375953999.0,1296784140348.0,1130414802852.0,6.4553E+11,2.24,3.92,24.17,26.17,2.26
399001.SZ,2024/12/10,22327067574493.0,19007744222905.0,1296782985026.0,1130411436505.0,6.45576E+11,3.03,5.31,24.35,26.37,2.28
399001.SZ,2024/12/11,22406188260579.0,19071112613546.0,1296778174256.0,1130411248768.0,6.45585E+11,2.26,3.96,24.44,26.46,2.28
399001.SZ,2024/12/12,22642527540385.0,19271749238518.0,1296778079456.0,1130411861668.0,6.45586E+11,2.21,3.87,24.69,26.74,2.31
399001.SZ,2024/12/13,22137334507260.0,18838491448277.0,1296775281904.0,1130411914209.0,6.45724E+11,2.55,4.47,24.14,26.14,2.26
399001.SZ,2024/12/16,22066336335287.0,18741204926071.0,1301946131445.0,1132005356970.0,6.48387E+11,1.98,3.45,23.64,25.23,2.26
399001.SZ,2024/12/17,22006347939373.0,18683873592365.0,1301942754737.0,1131987871294.0,6.48442E+11,1.85,3.22,23.57,25.17,2.25
399001.SZ,2024/12/18,22108156031822.0,18760426102798.0,1302053958572.0,1132104998654.0,6.48559E+11,1.74,3.03,23.68,25.28,2.26
399001.SZ,2024/12/19,22217855247238.0,18843970888697.0,1302051625693.0,1132098391945.0,6.48559E+11,1.88,3.28,23.8,25.41,2.27
399001.SZ,2024/12/20,22199654068693.0,18826609676686.0,1302016954742.0,1132066404858.0,6.48811E+11,1.82,3.17,23.78,25.39,2.27
399001.SZ,2024/12/23,22001188473675.0,18657445708851.0,1301973727091.0,1132228785275.0,6.48843E+11,1.91,3.33,23.57,25.16,2.25
399001.SZ,2024/12/24,22289856561787.0,18906209383795.0,1301970525081.0,1133274635933.0,6.49332E+11,1.67,2.92,23.88,25.49,2.28
399001.SZ,2024/12/25,22155985458892.0,18798205677350.0,1301972416797.0,1133424353735.0,6.49809E+11,1.62,2.82,23.73,25.34,2.27
399001.SZ,2024/12/26,22256817350037.0,18891443813241.0,1301982996129.0,1133434875924.0,6.49814E+11,1.49,2.6,23.84,25.45,2.28
399001.SZ,2024/12/27,22241014266739.0,18882937583414.0,1301933270024.0,1133410163344.0,6.49826E+11,1.75,3.06,23.82,25.43,2.28
399001.SZ,2024/12/30,22250329439057.0,18900365377908.0,1301937198042.0,1133593830560.0,6.5002E+11,1.54,2.68,23.83,25.44,2.28
399001.SZ,2024/12/31,21748504532317.0,18474521878363.0,1301937198171.0,1133606877801.0,6.50032E+11,1.77,3.09,23.3,24.87,2.23
399001.SZ,2025/1/2,21070078346353.0,17906049546333.0,1301964093371.0,1133606260545.0,6.50052E+11,1.88,3.27,22.57,24.1,2.16
399001.SZ,2025/1/3,20704054486372.0,17595053733182.0,1302172889520.0,1133795432739.0,6.5006E+11,1.71,2.98,22.18,23.68,2.12
399001.SZ,2025/1/6,20671654635309.0,17570286334378.0,1302164716399.0,1133854912925.0,6.50357E+11,1.41,2.46,22.14,23.64,2.12
399001.SZ,2025/1/7,20871333571690.0,17741247964031.0,1302024005527.0,1133728944958.0,6.50369E+11,1.51,2.64,22.36,23.87,2.14
399001.SZ,2025/1/8,20770216780421.0,17654307884489.0,1302024005527.0,1133728944958.0,6.50132E+11,1.74,3.03,22.25,23.75,2.13
399001.SZ,2025/1/9,20808597935628.0,17692024263031.0,1302023711727.0,1133728911208.0,6.50049E+11,1.46,2.55,22.29,23.8,2.13
399001.SZ,2025/1/10,20444871432649.0,17389146350281.0,1302023992278.0,1133730708559.0,6.50043E+11,1.52,2.66,21.9,23.38,2.09
399001.SZ,2025/1/13,20453548117268.0,17388597774162.0,1302094982236.0,1133717180187.0,6.50034E+11,1.29,2.25,21.91,23.38,2.09
399001.SZ,2025/1/14,21194450177684.0,18011512482425.0,1302044024760.0,1133692131693.0,6.50017E+11,1.83,3.19,22.7,24.24,2.17
399001.SZ,2025/1/15,20987433300176.0,17836783804188.0,1301976434658.0,1133627533554.0,6.50039E+11,1.45,2.52,22.48,24,2.15
399001.SZ,2025/1/16,21049057901122.0,17893147997825.0,1301977596256.0,1133629479117.0,6.49991E+11,1.68,2.94,22.55,24.07,2.15
399001.SZ,2025/1/17,21183559110383.0,18004340396951.0,1301972796311.0,1135118072213.0,6.51055E+11,1.39,2.42,22.69,24.21,2.17
399001.SZ,2025/1/20,21375625000076.0,18164836758050.0,1302141064295.0,1135516305755.0,6.51055E+11,1.5,2.61,22.9,24.43,2.19
399001.SZ,2025/1/21,21446208380735.0,18222824254269.0,1302140885621.0,1135516403641.0,6.51063E+11,1.57,2.73,22.97,24.51,2.19
399001.SZ,2025/1/22,21419919604367.0,18076982150646.0,1304373382108.0,1135875153461.0,6.51444E+11,1.41,2.45,22.94,24.47,2.19
399001.SZ,2025/1/23,21334244317231.0,18014765890744.0,1304368020474.0,1135874771542.0,6.5145E+11,1.77,3.09,22.85,24.37,2.18
399001.SZ,2025/1/24,21553745287553.0,18270038485551.0,1304362393874.0,1140568444108.0,6.56454E+11,1.59,2.77,23.09,24.63,2.21
399001.SZ,2025/1/27,21313329681511.0,18078386665155.0,1304365453050.0,1141678595915.0,6.56346E+11,1.41,2.45,22.83,24.33,2.18
399001.SZ,2025/2/5,21320325179443.0,18073119748700.0,1304366574316.0,1141894378151.0,6.56707E+11,1.71,2.97,22.84,24.33,2.18
399001.SZ,2025/2/6,21807431841797.0,18450988322913.0,1304366574316.0,1141894411163.0,6.56709E+11,2.03,3.52,23.36,24.88,2.23
399001.SZ,2025/2/7,22184216330460.0,18761817996169.0,1304367115768.0,1141895962115.0,6.56715E+11,2.56,4.45,23.76,25.31,2.27
399001.SZ,2025/2/10,22303301174564.0,18856888110714.0,1304367115768.0,1141911900775.0,6.5675E+11,2.24,3.9,23.89,25.45,2.28
399001.SZ,2025/2/11,22163572091342.0,18744719360478.0,1304365857076.0,1141911190333.0,6.56652E+11,2.05,3.56,23.74,25.28,2.26
399001.SZ,2025/2/12,22473933829867.0,18994762445415.0,1304366014724.0,1141907986520.0,6.56715E+11,2.1,3.65,24.07,25.64,2.3
399001.SZ,2025/2/13,22332469651327.0,18880393827822.0,1304366014724.0,1141907986520.0,6.56691E+11,2.29,3.98,23.92,25.47,2.28
399001.SZ,2025/2/14,22591203462066.0,19088561443964.0,1304348196812.0,1141883836255.0,6.56788E+11,2.16,3.75,24.2,25.76,2.31
399001.SZ,2025/2/17,22648860127077.0,19150579508727.0,1304345762921.0,1142101527847.0,6.5707E+11,2.39,4.16,24.26,25.82,2.31
399001.SZ,2025/2/18,22310552360911.0,18866276646094.0,1304345719021.0,1142219839638.0,6.5707E+11,2.27,3.95,23.9,25.44,2.28
399001.SZ,2025/2/19,22616303780240.0,19121973892154.0,1304354301834.0,1142233259329.0,6.57551E+11,2.07,3.6,24.22,25.79,2.31
399001.SZ,2025/2/20,22658299277593.0,19157148931629.0,1304354301834.0,1142237261379.0,6.57555E+11,2.05,3.56,24.27,25.83,2.32
399001.SZ,2025/2/21,23063138071702.0,19458353848518.0,1304338227442.0,1142300037396.0,6.57539E+11,2.64,4.59,24.7,26.14,2.36
399001.SZ,2025/2/24,23059918475509.0,19457722876972.0,1304338772605.0,1142304497363.0,6.57493E+11,2.5,4.35,24.7,26.19,2.35
399001.SZ,2025/2/25,22785686902095.0,19229028501361.0,1304338701058.0,1142304497363.0,6.58057E+11,2.14,3.72,24.39,25.86,2.33
399001.SZ,2025/2/26,22996707812304.0,19408869743094.0,1304338438672.0,1142344568679.0,6.59131E+11,2.2,3.81,24.62,26.07,2.35
399001.SZ,2025/2/27,22959394454168.0,19378431995144.0,1304321757019.0,1142327930995.0,6.5923E+11,2.32,4.02,24.58,26.03,2.34
399001.SZ,2025/2/28,22331928865007.0,18861854551831.0,1304316077650.0,1142322017606.0,6.60716E+11,2.12,3.66,23.96,25.36,2.28
399001.SZ,2025/3/3,22401190561959.0,18924863858799.0,1304312198901.0,1142356264894.0,6.62442E+11,1.9,3.28,24.06,25.47,2.29
399001.SZ,2025/3/4,22434990440169.0,18974489643412.0,1304287809525.0,1142883473544.0,6.62933E+11,1.58,2.73,24.1,25.51,2.29
399001.SZ,2025/3/5,22496404593570.0,19023402175761.0,1304289531460.0,1143102154555.0,6.63614E+11,1.62,2.79,24.16,25.58,2.3
399001.SZ,2025/3/6,22872153351082.0,19342566851274.0,1304290862660.0,1143103622905.0,6.63721E+11,2.16,3.72,24.56,26.01,2.33
399001.SZ,2025/3/7,22762967085357.0,19257550156315.0,1304274723125.0,1143087021215.0,6.64098E+11,2.22,3.81,24.45,25.88,2.32
399001.SZ,2025/3/10,22713459904496.0,19224262523905.0,1304272236725.0,1143084510515.0,6.6431E+11,1.83,3.15,24.39,25.83,2.32
399001.SZ,2025/3/11,22790376442257.0,19287080155109.0,1304272236725.0,1143090656960.0,6.64801E+11,1.82,3.14,24.46,25.91,2.33
399001.SZ,2025/3/12,22793013250843.0,19262416272185.0,1304402036725.0,1143267176815.0,6.64993E+11,1.96,3.37,24.47,25.87,2.32
399001.SZ,2025/3/13,22599176545754.0,19091766028157.0,1304400646379.0,1143267822609.0,6.66216E+11,1.79,3.07,24.24,25.65,2.3
399001.SZ,2025/3/14,23121624520322.0,19514373098470.0,1304404649698.0,1143277435939.0,6.66367E+11,2.08,3.57,24.81,26.25,2.36
399001.SZ,2025/3/17,23089731023530.0,19478090939000.0,1305081488155.0,1143951702613.0,6.67488E+11,1.7,2.91,24.59,26.16,2.35
399001.SZ,2025/3/18,23195715083591.0,19563523894319.0,1305078044154.0,1143952379895.0,6.67679E+11,1.6,2.73,24.75,26.28,2.36
399001.SZ,2025/3/19,23150333620579.0,19509623942323.0,1305078045206.0,1143952371972.0,6.67897E+11,1.51,2.58,24.7,26.22,2.35
399001.SZ,2025/3/20,22957323669194.0,19336937102819.0,1305141471149.0,1143993946956.0,6.6794E+11,1.38,2.36,23.98,25.73,2.33
399001.SZ,2025/3/21,22549049645839.0,19023143732581.0,1305141471149.0,1143994026364.0,6.69298E+11,1.62,2.77,23.54,25.28,2.29
399001.SZ,2025/3/24,22562166077752.0,19037517458359.0,1305092086337.0,1144084829180.0,6.6949E+11,1.58,2.71,23.7,25.15,2.29
399001.SZ,2025/3/25,22480723047993.0,18981545811964.0,1305096448780.0,1144090558474.0,6.70365E+11,1.36,2.32,23.44,24.92,2.28
399001.SZ,2025/3/26,22485648775355.0,18974753832395.0,1305133089599.0,1144139408955.0,6.7081E+11,1.24,2.11,23.46,24.92,2.28
399001.SZ,2025/3/27,22556521599290.0,19020875336252.0,1305151346518.0,1144181239609.0,6.71059E+11,1.24,2.12,23.9,25.05,2.29
399001.SZ,2025/3/28,22430746622265.0,18927943281085.0,1305155526851.0,1144327367846.0,6.71182E+11,1.18,2.02,23.66,24.87,2.27
399001.SZ,2025/3/31,22208082937428.0,18752723114728.0,1305156614910.0,1146013530792.0,6.71341E+11,1.37,2.34,23.82,24.8,2.25
399001.SZ,2025/4/1,22227054045890.0,18775587209505.0,1305157855096.0,1146015495969.0,6.71316E+11,1.15,1.96,25.53,25.68,2.26
399001.SZ,2025/4/2,22219810413782.0,18787047191653.0,1305187067137.0,1146165204780.0,6.71409E+11,1.02,1.73,25.52,25.68,2.26
399001.SZ,2025/4/3,21952305748832.0,18545667428393.0,1305188069404.0,1146094859622.0,6.71465E+11,1.28,2.18,25.24,25.53,2.23
399001.SZ,2025/4/7,19903740568305.0,16837548380755.0,1305189322796.0,1146096121348.0,6.7144E+11,2.15,3.68,22.89,23.14,2.02
399001.SZ,2025/4/8,20103095565280.0,16973631864504.0,1305189328389.0,1146096123190.0,6.71434E+11,2.23,3.81,23.14,23.38,2.04
399001.SZ,2025/4/9,20331035878088.0,17163780868138.0,1305189328389.0,1146096919679.0,6.71378E+11,2.29,3.92,23.4,23.6,2.06
399001.SZ,2025/4/10,20778346078660.0,17555752405049.0,1305192101520.0,1146466222465.0,6.71507E+11,2.1,3.58,23.84,24.1,2.11
399001.SZ,2025/4/11,20934582567711.0,17666505598275.0,1305192379998.0,1146467914246.0,6.71476E+11,1.62,2.76,24.15,24.25,2.12
399001.SZ,2025/4/14,21055130458558.0,17765528966945.0,1305192567646.0,1146481515729.0,6.71476E+11,1.58,2.7,24.11,24.39,2.13
399001.SZ,2025/4/15,20999077426666.0,17717681732631.0,1305213469612.0,1146494827763.0,6.71726E+11,1.21,2.07,23.99,24.21,2.12
399001.SZ,2025/4/16,20826182382581.0,17580306284398.0,1305230977115.0,1146530471478.0,6.71951E+11,1.28,2.19,23.8,24,2.11
399001.SZ,2025/4/17,20799003556993.0,17560877194529.0,1305230929595.0,1146530496038.0,6.71951E+11,1.07,1.82,23.78,23.98,2.1
399001.SZ,2025/4/18,20822610549759.0,17592608076019.0,1305231299660.0,1146526676087.0,6.71938E+11,0.98,1.67,23.72,23.95,2.1
399001.SZ,2025/4/21,21065736746857.0,17803332950304.0,1305233365632.0,1146972615489.0,6.71598E+11,1.22,2.08,24.08,24.37,2.12
399001.SZ,2025/4/22,21025527833911.0,17762694121416.0,1305233446440.0,1146964199662.0,6.69976E+11,1.31,2.24,23.98,24.34,2.12
399001.SZ,2025/4/23,21163444309644.0,17856859775206.0,1305205481460.0,1146969742463.0,6.68783E+11,1.43,2.45,24.31,24.51,2.14
399001.SZ,2025/4/24,21044414075227.0,17769499180350.0,1305205615852.0,1146986036256.0,6.68701E+11,1.24,2.12,23.92,24.41,2.12
399001.SZ,2025/4/25,21118890804220.0,17827052368376.0,1305206765899.0,1146918694007.0,6.6792E+11,1.33,2.29,24.67,24.78,2.12
399001.SZ,2025/4/28,20977776044347.0,17720478654077.0,1305214577726.0,1147001447980.0,6.6306E+11,1.22,2.12,24.77,24.49,2.08
399001.SZ,2025/4/29,20929391268598.0,17691528506764.0,1305216976580.0,1147335691146.0,6.62696E+11,1.17,2.02,25.3,24.53,2.06
399001.SZ,2025/4/30,21012776268890.0,17761766132219.0,1305406929704.0,1147537346112.0,6.56112E+11,1.36,2.38,25.42,24.4,2.07
399001.SZ,2025/5/6,21364546793165.0,18089361954455.0,1305406929704.0,1152883350451.0,6.53711E+11,1.52,2.69,25.84,24.8,2.1
399001.SZ,2025/5/7,21430357263638.0,18141921846192.0,1305408067748.0,1152948464414.0,6.53798E+11,1.63,2.88,25.92,24.88,2.11
399001.SZ,2025/5/8,21632724836461.0,18299226586165.0,1305471501698.0,1152948466064.0,6.53865E+11,1.39,2.45,26.17,25.12,2.13
399001.SZ,2025/5/9,21503882652180.0,18186808911430.0,1305587124753.0,1153058339382.0,6.53912E+11,1.22,2.14,26.01,24.97,2.12
399001.SZ,2025/5/12,21877499871049.0,18478248761110.0,1305683819807.0,1153156265948.0,6.53973E+11,1.41,2.49,26.46,25.4,2.15
399001.SZ,2025/5/13,21840802058387.0,18465984881538.0,1305691595667.0,1153164434758.0,6.53927E+11,1.41,2.48,26.42,25.36,2.15
399001.SZ,2025/5/14,21993880416841.0,18588650849737.0,1305848949427.0,1153167445204.0,6.54078E+11,1.52,2.68,26.6,25.53,2.17
399001.SZ,2025/5/15,21677998636182.0,18308606489724.0,1305842380547.0,1153168121624.0,6.54113E+11,1.24,2.19,26.22,25.17,2.14
399001.SZ,2025/5/16,21661269325838.0,18280516815460.0,1305750008888.0,1153152100096.0,6.54E+11,1.03,1.82,26.2,25.15,2.13
399001.SZ,2025/5/19,21657574893672.0,18280361501647.0,1305750415754.0,1153153485712.0,6.54E+11,1,1.76,26.2,25.14,2.13
399001.SZ,2025/5/20,21847146460833.0,18410540636426.0,1305886382117.0,1153200029123.0,6.53996E+11,1.13,1.99,26.43,25.36,2.16
399001.SZ,2025/5/21,21948667626711.0,18490564708540.0,1305905714677.0,1153218394068.0,6.53993E+11,1.13,2,26.55,25.48,2.16
399001.SZ,2025/5/22,21790288114544.0,18358233223219.0,1305968779745.0,1153265244110.0,6.54004E+11,1.12,1.97,26.36,25.3,2.14
399001.SZ,2025/5/23,21638671621846.0,18221385385260.0,1306005856079.0,1154188010050.0,6.54641E+11,1.18,2.07,26.18,25.12,2.13
399001.SZ,2025/5/26,21514191691717.0,18150627937019.0,1305963820541.0,1154166047734.0,6.54617E+11,0.99,1.75,26.02,24.98,2.12
399001.SZ,2025/5/27,21385464221936.0,18050269998957.0,1305963701861.0,1154180542187.0,6.54669E+11,0.95,1.68,25.87,24.83,2.11
399001.SZ,2025/5/28,21319088655639.0,18011205697748.0,1306244462284.0,1154437893822.0,6.55027E+11,0.93,1.64,25.79,24.75,2.1
399001.SZ,2025/5/29,21563614997160.0,18225048900657.0,1306399683052.0,1154592366792.0,6.55182E+11,1.14,2.01,26.08,25.03,2.13
399001.SZ,2025/5/30,21379816368386.0,18080120816009.0,1306626742938.0,1154807812768.0,6.55446E+11,1.15,2.03,25.86,24.82,2.11
399001.SZ,2025/6/3,21434532214539.0,18117433450649.0,1306411707024.0,1155087702982.0,6.55958E+11,1.23,2.16,25.93,24.89,2.11
399001.SZ,2025/6/4,21596240562329.0,18255208706817.0,1308364131534.0,1156807719347.0,6.57492E+11,1.18,2.08,26.12,25.07,2.13
399001.SZ,2025/6/5,21702289896471.0,18352585987392.0,1308366158442.0,1156811103771.0,6.57543E+11,1.26,2.22,26.25,25.2,2.14
399001.SZ,2025/6/6,21676196425099.0,18324247557057.0,1308733457337.0,1157173543135.0,6.57905E+11,1.05,1.85,26.22,25.17,2.14
399001.SZ,2025/6/9,21783693387714.0,18429733311683.0,1308960176049.0,1157405172061.0,6.58125E+11,1.22,2.15,26.35,25.29,2.15
399001.SZ,2025/6/10,21612168577474.0,18279399724237.0,1308964999793.0,1157416123329.0,6.58131E+11,1.33,2.34,26.14,25.09,2.14
399001.SZ,2025/6/11,22682107805283.0,18426417725168.0,1311426370725.0,1157973071647.0,6.58722E+11,1.23,2.17,27.44,26.33,2.24
399001.SZ,2025/6/12,22618268796135.0,18399108717540.0,1311406132196.0,1157979352674.0,6.58732E+11,1.23,2.16,27.36,26.26,2.24
399001.SZ,2025/6/13,22382427418565.0,18216148151766.0,1311767731889.0,1158805431723.0,6.59055E+11,1.53,2.7,27.07,25.99,2.22
399001.SZ,2025/6/16,22667096511672.0,18425909909948.0,1302139634836.0,1148466015966.0,6.53727E+11,1.23,2.16,27.21,26.08,2.27
399001.SZ,2025/6/17,22629199265407.0,18409558849930.0,1302259061997.0,1149121804935.0,6.53733E+11,1.25,2.19,27.16,26.03,2.27
399001.SZ,2025/6/18,22681617010468.0,18441122499958.0,1302260149865.0,1149122892803.0,6.53828E+11,1.19,2.09,27.23,26.1,2.28
399001.SZ,2025/6/19,22394812555893.0,18220390107818.0,1302266237207.0,1149102400145.0,6.53802E+11,1.27,2.23,26.88,25.77,2.25
399001.SZ,2025/6/20,22300093963849.0,18149627558825.0,1302632155257.0,1149419148538.0,6.54076E+11,1.07,1.89,26.77,25.66,2.24
399001.SZ,2025/6/23,22373549197024.0,18216086796169.0,1302620024320.0,1149409522145.0,6.54848E+11,1.12,1.97,26.86,25.74,2.25
399001.SZ,2025/6/24,22732251090977.0,18502493909868.0,1303026604056.0,1149401701756.0,6.54846E+11,1.46,2.56,27.29,26.15,2.28
399001.SZ,2025/6/25,23107731065429.0,18801784280583.0,1303026951220.0,1149402668277.0,6.54867E+11,1.76,3.09,27.74,26.59,2.32
399001.SZ,2025/6/26,22953534954719.0,18715105676071.0,1303015860542.0,1149391577599.0,6.54783E+11,1.69,2.96,27.55,26.41,2.31
399001.SZ,2025/6/27,23000682561153.0,18766417065643.0,1303124638360.0,1149395167365.0,6.54754E+11,1.78,3.12,27.61,26.46,2.31
399001.SZ,2025/6/30,23161333321579.0,18902777874819.0,1303127096083.0,1149398617338.0,6.54755E+11,1.61,2.83,27.8,26.65,2.33
399001.SZ,2025/7/1,23186589706488.0,18937428679204.0,1303127096083.0,1149734935353.0,6.54989E+11,1.52,2.67,27.83,26.68,2.33
399001.SZ,2025/7/2,23063024209846.0,18849940747226.0,1303182804603.0,1150660964852.0,6.55009E+11,1.51,2.65,27.68,26.53,2.32
399001.SZ,2025/7/3,23308499835664.0,19054796757401.0,1303349239696.0,1150819015784.0,6.5604E+11,1.38,2.42,27.98,26.82,2.35
399001.SZ,2025/7/4,23265191156967.0,19031656943766.0,1303349585839.0,1150822588251.0,6.55624E+11,1.5,2.63,27.93,26.77,2.34
399001.SZ,2025/7/7,23131659004637.0,18919529674074.0,1303396213639.0,1150824566142.0,6.55624E+11,1.26,2.21,27.77,26.61,2.33
399001.SZ,2025/7/8,23417966406232.0,19174786347896.0,1303399389676.0,1150834598420.0,6.5558E+11,1.53,2.69,28.11,26.94,2.36
399001.SZ,2025/7/9,23408547404152.0,19168005873054.0,1303400322400.0,1150862320719.0,6.54976E+11,1.6,2.81,28.1,26.93,2.36
399001.SZ,2025/7/10,23511855314434.0,19274678409779.0,1304688140104.0,1150860266918.0,6.55019E+11,1.71,3,28.22,27.05,2.37
399001.SZ,2025/7/11,23645587872663.0,19381160943543.0,1304625457868.0,1150796720089.0,6.5496E+11,1.99,3.5,28.38,27.2,2.38
399001.SZ,2025/7/14,23603150408119.0,19365564561448.0,1304531619805.0,1150794693293.0,6.54961E+11,1.55,2.73,28.33,27.15,2.38
399001.SZ,2025/7/15,23692411457758.0,19433611490229.0,1304541025639.0,1150804099127.0,6.54901E+11,1.79,3.15,28.44,27.24,2.39
399001.SZ,2025/7/16,23647194037047.0,19383548074329.0,1304542717323.0,1150806344111.0,6.54917E+11,1.55,2.72,28.39,27.19,2.38
399001.SZ,2025/7/17,23953750398515.0,19640314508803.0,1304542959622.0,1150880670061.0,6.54992E+11,1.59,2.79,28.75,27.54,2.42
399001.SZ,2025/7/18,24072621372715.0,19739539555804.0,1304549320650.0,1150881123589.0,6.54992E+11,1.63,2.86,28.9,27.68,2.43
399001.SZ,2025/7/21,24301753179264.0,19919882657603.0,1304543983896.0,1151023440775.0,6.55187E+11,1.94,3.41,29.17,27.94,2.46
399001.SZ,2025/7/22,24542326784341.0,20099821140037.0,1304420942645.0,1150892743445.0,6.55021E+11,2.13,3.74,29.46,28.22,2.48
399001.SZ,2025/7/23,24445187404489.0,20021787640636.0,1304483397087.0,1150893629048.0,6.55027E+11,2.17,3.8,29.34,28.11,2.47
399001.SZ,2025/7/24,24734664781874.0,20252508727222.0,1304482563678.0,1150897185873.0,6.55043E+11,2.12,3.72,29.69,28.44,2.5
399001.SZ,2025/7/25,24652260000899.0,20198342636646.0,1304482866206.0,1150897109053.0,6.55043E+11,2,3.51,29.59,28.32,2.49
399001.SZ,2025/7/28,24742839669169.0,20293966986118.0,1304483021797.0,1151087896876.0,6.5505E+11,1.88,3.31,29.7,28.43,2.5
399001.SZ,2025/7/29,24047070310619.0,20441423047595.0,1308105756323.0,1153693062117.0,6.56713E+11,1.8,3.17,28.87,27.63,2.43
399001.SZ,2025/7/30,23862410374434.0,20305599642507.0,1308105219452.0,1153699823700.0,6.56742E+11,1.91,3.36,28.64,27.41,2.42
399001.SZ,2025/7/31,23412651437154.0,20017684052798.0,1308104216287.0,1154057149617.0,6.56736E+11,2.13,3.74,28.1,26.76,2.37
399001.SZ,2025/8/1,23373128574111.0,19984986065583.0,1308110225596.0,1154062963785.0,6.56759E+11,1.66,2.91,28.06,26.72,2.36
399001.SZ,2025/8/4,23466513296631.0,20066184249297.0,1308117016962.0,1154079238604.0,6.5677E+11,1.48,2.6,28.17,26.8,2.37
399001.SZ,2025/8/5,23604254633746.0,20207816478679.0,1308103453961.0,1154306184327.0,6.56741E+11,1.5,2.64,28.33,26.96,2.38
399001.SZ,2025/8/6,23749257604187.0,20328009131752.0,1308193504344.0,1154336608227.0,6.56777E+11,1.62,2.85,28.51,27.12,2.4
399001.SZ,2025/8/7,23717603807399.0,20300791287853.0,1308194384062.0,1154397585350.0,6.56822E+11,1.68,2.95,28.47,27.09,2.4
399001.SZ,2025/8/8,23662292556986.0,20307983527015.0,1308194562859.0,1155412658985.0,6.56828E+11,1.54,2.72,28.4,27.03,2.39
399001.SZ,2025/8/11,23976705363844.0,20568362822447.0,1308176096666.0,1155398240957.0,6.56835E+11,1.78,3.13,28.78,27.39,2.42
399001.SZ,2025/8/12,24085686851591.0,20661915546990.0,1308174967346.0,1155394865137.0,6.56812E+11,1.71,3.01,28.91,27.51,2.43
399001.SZ,2025/8/13,24454185266077.0,20987699241226.0,1308173953518.0,1155395050148.0,6.56824E+11,2.07,3.64,29.35,27.89,2.47
399001.SZ,2025/8/14,24252157081445.0,20824993544920.0,1308193196677.0,1155890144990.0,6.56863E+11,2.26,3.98,29.11,27.66,2.45
399001.SZ,2025/8/15,24609449620854.0,21131872606258.0,1308169492027.0,1155889919242.0,6.56861E+11,2.23,3.92,29.54,28.05,2.49
399001.SZ,2025/8/18,25003062001663.0,21468088465162.0,1308158342111.0,1156748665018.0,6.56911E+11,2.85,5.02,30.01,28.49,2.52
399001.SZ,2025/8/19,24969614126637.0,21450912869821.0,1308184931859.0,1156813372738.0,6.57256E+11,2.44,4.29,29.97,28.47,2.52
399001.SZ,2025/8/20,25208567799783.0,21663618867196.0,1308186009917.0,1156814562433.0,6.57409E+11,2.48,4.36,30.26,28.74,2.54
399001.SZ,2025/8/21,25214825406965.0,21675049124812.0,1308186009917.0,1156814217288.0,6.57417E+11,2.45,4.32,30.27,28.65,2.54
399001.SZ,2025/8/22,25724544214812.0,22089531735332.0,1309221378338.0,1156950280740.0,6.57404E+11,2.64,4.64,30.88,29.31,2.59
399001.SZ,2025/8/25,26266692006207.0,22569503764977.0,1309221390906.0,1156900346217.0,6.5728E+11,3.28,5.77,31.53,29.98,2.64
399001.SZ,2025/8/26,26333568520018.0,22627080010692.0,1309212659738.0,1156867211280.0,6.57455E+11,2.79,4.9,31.61,29.89,2.64
399001.SZ,2025/8/27,25917579605390.0,22275588657326.0,1309214203728.0,1156893524029.0,6.57478E+11,3.42,6.01,31.11,29.32,2.6
399001.SZ,2025/8/28,26393495084014.0,22721677995291.0,1309296780340.0,1156883354433.0,6.57811E+11,3.06,5.38,31.68,29.93,2.64
399001.SZ,2025/8/29,26675133406482.0,22948190563775.0,1309297702070.0,1158116400798.0,6.57609E+11,2.89,5.08,32.02,30.23,2.66
399001.SZ,2025/9/1,26878615682028.0,23145045725601.0,1309303285652.0,1158205285251.0,6.57563E+11,2.74,4.83,32.26,30.45,2.67
399001.SZ,2025/9/2,26359963653867.0,22682603298421.0,1309584676341.0,1158486675940.0,6.57752E+11,2.91,5.13,31.64,29.86,2.62
399001.SZ,2025/9/3,26088959049524.0,22485648265863.0,1309696033121.0,1158558007120.0,6.57801E+11,2.52,4.43,31.32,29.55,2.59
399001.SZ,2025/9/4,25429349955438.0,21924052698723.0,1309702244686.0,1158564218685.0,6.57808E+11,2.64,4.65,30.52,28.81,2.53
399001.SZ,2025/9/5,26317745764747.0,22703797856777.0,1309702977043.0,1158583133411.0,6.57842E+11,2.38,4.19,31.59,29.81,2.61
399001.SZ,2025/9/8,26504234588082.0,22870490873070.0,1309714545560.0,1158581528576.0,6.57845E+11,2.49,4.39,31.81,30.02,2.63
399001.SZ,2025/9/9,26205638337840.0,22609357249785.0,1309646884706.0,1158513867722.0,6.57847E+11,2.2,3.87,31.46,29.69,2.6
399001.SZ,2025/9/10,26267896835545.0,22664720029750.0,1310270844597.0,1158514651247.0,6.5787E+11,1.97,3.47,31.53,29.76,2.61
399001.SZ,2025/9/11,27045689492372.0,23357153789821.0,1310271420066.0,1158515277716.0,6.57799E+11,2.53,4.46,32.46,30.64,2.69
399001.SZ,2025/9/12,26940767724308.0,23268718383919.0,1310249359406.0,1158493217056.0,6.56954E+11,2.55,4.5,32.34,30.52,2.68
399001.SZ,2025/9/15,27108976177630.0,23402388337798.0,1310249631109.0,1158492824259.0,6.56948E+11,2.34,4.13,32.54,30.71,2.69
399001.SZ,2025/9/16,27193220599245.0,23492329142013.0,1310254051833.0,1158600061925.0,6.56924E+11,2.5,4.41,32.64,30.8,2.7
399001.SZ,2025/9/17,27505802090345.0,23773205819044.0,1310311203480.0,1159064008439.0,6.5705E+11,2.41,4.25,33.02,31.16,2.73
399001.SZ,2025/9/18,27201413426977.0,23518935545575.0,1310298094851.0,1159182622844.0,6.57058E+11,3.18,5.62,32.65,30.81,2.7
399001.SZ,2025/9/19,27188343836513.0,23506965782193.0,1310303760312.0,1159187446510.0,6.57331E+11,2.32,4.09,32.64,30.8,2.7
399001.SZ,2025/9/22,27343872338675.0,23665406202487.0,1310311555808.0,1159321628733.0,6.56966E+11,2.12,3.74,32.82,30.98,2.72
399001.SZ,2025/9/23,27233502457031.0,23589178691088.0,1310589696368.0,1159599769293.0,6.56966E+11,2.46,4.34,32.69,30.85,2.71
399001.SZ,2025/9/24,27685682119868.0,23981250043955.0,1310706615498.0,1159717177468.0,6.57572E+11,2.28,4.02,33.23,31.36,2.75
399001.SZ,2025/9/25,27834357385718.0,24108104676536.0,1310707525409.0,1159700805858.0,6.57531E+11,2.34,4.12,33.41,31.53,2.77
399001.SZ,2025/9/26,27415551038320.0,23730894407182.0,1310709140863.0,1159819092691.0,6.57675E+11,2.09,3.69,32.91,31.06,2.73
399001.SZ,2025/9/29,27941460127960.0,24195158336177.0,1310729117882.0,1159838922170.0,6.57724E+11,2.26,3.99,33.54,31.65,2.78
399001.SZ,2025/9/30,28061443067908.0,24292594489758.0,1310720442525.0,1159843052870.0,6.57738E+11,2.18,3.85,33.68,31.79,2.79
399001.SZ,2025/10/9,28488130669169.0,24670997224136.0,1310719590124.0,1160098050435.0,6.57763E+11,2.79,4.93,34.2,32.27,2.83
399001.SZ,2025/10/10,27818892143152.0,24081500207256.0,1311030454354.0,1160338134085.0,6.57971E+11,2.55,4.5,33.39,31.51,2.77
399001.SZ,2025/10/13,27555457754779.0,23850932700592.0,1311030588746.0,1160836117782.0,6.57974E+11,2.4,4.23,33.08,31.21,2.74
399001.SZ,2025/10/14,26955504000881.0,23318549254035.0,1311018361254.0,1160823890290.0,6.57977E+11,2.57,4.53,32.36,30.53,2.68
399001.SZ,2025/10/15,27370805001911.0,23688152600934.0,1311041460757.0,1160838807378.0,6.57977E+11,2,3.53,32.85,31.01,2.72
399001.SZ,2025/10/16,27294464738399.0,23616114226514.0,1311042195734.0,1161031546142.0,6.58217E+11,1.83,3.24,32.76,30.92,2.72
399001.SZ,2025/10/17,26508154712221.0,22940604778248.0,1311049158638.0,1161046624657.0,6.58232E+11,1.92,3.38,31.82,30.02,2.64
399001.SZ,2025/10/20,26719417895007.0,23131962802160.0,1311055528495.0,1162064830636.0,6.58472E+11,1.6,2.83,32.07,30.22,2.66
399001.SZ,2025/10/21,27194981437692.0,23562526209939.0,1311050936813.0,1162060512754.0,6.58896E+11,1.66,2.92,32.64,30.54,2.7
399001.SZ,2025/10/22,27028201666100.0,23432922483183.0,1311055277737.0,1162132068642.0,6.59027E+11,1.39,2.45,32.44,30.47,2.68
399001.SZ,2025/10/23,27102708154471.0,23494824169293.0,1311216471705.0,1162158182410.0,6.59119E+11,1.57,2.76,32.53,30.54,2.69
399001.SZ,2025/10/24,27556010019926.0,23898903274621.0,1311265328975.0,1162165163859.0,6.59074E+11,1.77,3.12,33.08,31.03,2.73
399001.SZ,2025/10/27,27950544067289.0,24246705930627.0,1311303931205.0,1162203686484.0,6.59696E+11,2.15,3.78,33.55,31.26,2.76
399001.SZ,2025/10/28,27832188481217.0,24132656129191.0,1311334025145.0,1162234993667.0,6.60139E+11,1.9,3.34,33.41,30.96,2.74
399001.SZ,2025/10/29,28335852822183.0,24573759412670.0,1311516233964.0,1162416295996.0,6.60474E+11,2.08,3.66,34.01,31.4,2.78
399001.SZ,2025/10/30,28030186984439.0,24303798936682.0,1311414629795.0,1162314877883.0,6.60486E+11,2.28,4.01,33.65,30.82,2.74
399001.SZ,2025/10/31,27740548190808.0,24047059326262.0,1311439577831.0,1162381472951.0,6.60455E+11,2.3,4.05,33.3,30.83,2.69
399001.SZ,2025/11/3,27783126172025.0,24084208535732.0,1311405099630.0,1162345989685.0,6.60433E+11,2.01,3.54,33.35,30.88,2.7
399001.SZ,2025/11/4,27325586516115.0,23689486151771.0,1311405078110.0,1162346169260.0,6.60529E+11,1.79,3.14,32.8,30.37,2.65
399001.SZ,2025/11/5,27406302287584.0,23764454510491.0,1311569896706.0,1162505412282.0,6.60784E+11,1.73,3.05,32.9,30.46,2.66
399001.SZ,2025/11/6,27857579611684.0,24156386523846.0,1311570998230.0,1162513016962.0,6.60881E+11,1.86,3.28,33.44,30.96,2.7
399001.SZ,2025/11/7,27778372961590.0,24097592851951.0,1311570856530.0,1162882308577.0,6.60931E+11,1.88,3.3,33.34,30.87,2.7
399001.SZ,2025/11/10,27881993962750.0,24178100107978.0,1311579699418.0,1162900799538.0,6.60951E+11,2.06,3.63,33.47,30.99,2.71
399001.SZ,2025/11/11,27632888520822.0,23951238267350.0,1311706062857.0,1163016199827.0,6.61117E+11,1.84,3.24,33.17,30.71,2.68
399001.SZ,2025/11/12,27523139117153.0,23865284122242.0,1311707456089.0,1163017593059.0,6.61122E+11,1.83,3.22,33.04,30.59,2.67
399001.SZ,2025/11/13,27991733051393.0,24273423967797.0,1311707350257.0,1163173683842.0,6.61163E+11,1.85,3.26,33.6,31.11,2.72
399001.SZ,2025/11/14,27493095536422.0,23848667366439.0,1311707047069.0,1163750876941.0,6.61167E+11,1.81,3.18,33,30.56,2.67
399001.SZ,2025/11/17,27423314267537.0,23785895720651.0,1311810307459.0,1163909254828.0,6.61175E+11,1.76,3.11,32.92,30.48,2.66
399001.SZ,2025/11/18,27161575851170.0,23571706433640.0,1311853625925.0,1163952852382.0,6.61219E+11,1.94,3.42,32.6,30.19,2.64
399001.SZ,2025/11/19,27145678487507.0,23560612840274.0,1312451755147.0,1163954783461.0,6.61227E+11,1.61,2.83,32.58,30.17,2.63
399001.SZ,2025/11/20,26930528425122.0,23385512185892.0,1312626877363.0,1164129905677.0,6.6141E+11,1.63,2.88,32.33,29.93,2.61
399001.SZ,2025/11/21,26075932701068.0,22679868802885.0,1312626972763.0,1164830001077.0,6.61491E+11,2,3.53,31.3,28.98,2.53
399001.SZ,2025/11/24,26176192202833.0,22760739863566.0,1312627027142.0,1164829893266.0,6.61499E+11,1.7,2.99,31.42,29.09,2.54
399001.SZ,2025/11/25,26512474548057.0,23067442346029.0,1312638062834.0,1164840536803.0,6.61797E+11,1.74,3.07,31.82,29.47,2.57
399001.SZ,2025/11/26,26719279299053.0,23257883956648.0,1312638578096.0,1164840682065.0,6.6188E+11,1.61,2.83,32.07,29.7,2.59
399001.SZ,2025/11/27,26655978318863.0,23203336985980.0,1312638874978.0,1165170697645.0,6.62002E+11,1.49,2.63,32,29.62,2.59
399001.SZ,2025/11/28,26874560160761.0,23386012444480.0,1312667205346.0,1165199012133.0,6.62074E+11,1.37,2.41,32.26,29.87,2.61
399001.SZ,2025/12/1,27187103969582.0,23673543664128.0,1312695346774.0,1165225947936.0,6.62101E+11,1.68,2.96,32.63,30.22,2.64
399001.SZ,2025/12/2,27007832727269.0,23515930955156.0,1312696527226.0,1165227126622.0,6.62098E+11,1.43,2.52,32.42,30.02,2.62
399001.SZ,2025/12/3,26807271891168.0,23348338907206.0,1312707602787.0,1165203972009.0,6.62077E+11,1.61,2.84,32.18,29.79,2.57
399001.SZ,2025/12/4,26886715482078.0,23423547514050.0,1312776534666.0,1165272902813.0,6.62155E+11,1.41,2.48,32.27,29.88,2.61
399001.SZ,2025/12/5,27157656472052.0,23659988179790.0,1312777197162.0,1165281647344.0,6.62164E+11,1.7,2.99,32.6,30.18,2.63
399001.SZ,2025/12/8,27487969721876.0,23966633199220.0,1313087593337.0,1165716563883.0,6.62481E+11,1.82,3.2,33,30.55,2.67
399001.SZ,2025/12/9,27338625090829.0,23840616033740.0,1313083174018.0,1165712239382.0,6.62468E+11,1.6,2.81,32.82,30.38,2.65
399001.SZ,2025/12/10,27414382776363.0,23905214299592.0,1313083135798.0,1165713514502.0,6.62462E+11,1.47,2.58,32.91,30.47,2.66
399001.SZ,2025/12/11,27100874543804.0,23625328507820.0,1313077984640.0,1165708943926.0,6.62444E+11,1.62,2.85,32.53,30.12,2.63
399001.SZ,2025/12/12,27314549988264.0,23807901112069.0,1313079232301.0,1165712277587.0,6.6245E+11,1.88,3.3,32.79,30.36,2.65
399001.SZ,2025/12/15,27396598036715.0,23750660622112.0,1318287219925.0,1158009102941.0,6.60159E+11,1.53,2.68,32.97,30.36,2.67
399001.SZ,2025/12/16,27026491114577.0,23424486435955.0,1318287439737.0,1158009322753.0,6.60002E+11,1.58,2.77,32.52,29.95,2.63
399001.SZ,2025/12/17,27618287927254.0,23943182964775.0,1318290444829.0,1158011912645.0,6.60119E+11,1.63,2.87,33.23,30.61,2.69
399001.SZ,2025/12/18,27291550031031.0,23664009557958.0,1318290444829.0,1158011912645.0,6.60098E+11,1.41,2.47,32.84,30.25,2.66
399001.SZ,2025/12/19,27474193751879.0,23825082224465.0,1318316082390.0,1158036970206.0,6.60125E+11,1.52,2.66,33.06,30.45,2.68
399001.SZ,2025/12/22,27832153253997.0,24143808079702.0,1318330464827.0,1158078100009.0,6.6047E+11,1.6,2.8,33.49,30.85,2.71
399001.SZ,2025/12/23,27900117343655.0,24197853693525.0,1318213205882.0,1157960831246.0,6.60355E+11,1.55,2.72,33.57,30.92,2.72
399001.SZ,2025/12/24,28115552425639.0,24394971739815.0,1318213205882.0,1158009426716.0,6.60362E+11,1.6,2.8,33.83,31.16,2.74
399001.SZ,2025/12/25,28216333660811.0,24476567358214.0,1318259131562.0,1158053356606.0,6.6041E+11,1.55,2.72,33.95,31.27,2.75
399001.SZ,2025/12/26,28370601981548.0,24579659831171.0,1318259172655.0,1158075347499.0,6.60438E+11,1.82,3.19,34.14,31.44,2.77
399001.SZ,2025/12/29,28239757807375.0,24463546061100.0,1318259172655.0,1158076267138.0,6.60448E+11,1.88,3.3,33.98,31.3,2.75
399001.SZ,2025/12/30,28350008720545.0,24580532595684.0,1318257543280.0,1158938627763.0,6.60981E+11,1.88,3.3,34.11,31.42,2.76
399001.SZ,2025/12/31,28188150543967.0,24448927088039.0,1318239131691.0,1158932179194.0,6.61201E+11,1.89,3.31,33.92,31.24,2.75
399001.SZ,2026/1/5,28783832993145.0,24993517378756.0,1318235248193.0,1159569669297.0,6.61212E+11,2.5,4.38,34.64,31.9,2.81
399001.SZ,2026/1/6,29204446124356.0,25347125712281.0,1318226079422.0,1159467048017.0,6.61249E+11,3.04,5.34,35.14,32.37,2.85
399001.SZ,2026/1/7,29206025418544.0,25361116011670.0,1318226414336.0,1159459104642.0,6.61253E+11,2.73,4.79,35.14,32.37,2.85
399001.SZ,2026/1/8,29063410088466.0,25227183315990.0,1318226605564.0,1159459295870.0,6.61334E+11,2.7,4.73,34.97,32.21,2.83
399001.SZ,2026/1/9,29398157929115.0,25514130323707.0,1318225784070.0,1159471692250.0,6.61411E+11,2.88,5.05,35.38,32.58,2.87
399001.SZ,2026/1/12,29869825070186.0,25923024375030.0,1317884860881.0,1159135794052.0,6.61085E+11,3.22,5.64,35.94,33.1,2.91
399001.SZ,2026/1/13,29551112617679.0,25579992650635.0,1329874893523.0,1159164675082.0,6.62286E+11,3.33,5.84,35.56,32.75,2.88
399001.SZ,2026/1/14,29694824616398.0,25701272794761.0,1329877270356.0,1159174729413.0,6.6234E+11,3.96,6.93,35.73,32.91,2.9
399001.SZ,2026/1/15,29783464232847.0,25765006780759.0,1330097551209.0,1159175840032.0,6.6234E+11,2.94,5.15,35.84,33.01,2.9
399001.SZ,2026/1/16,29743208321099.0,25723665530318.0,1330096389261.0,1159175935804.0,6.62341E+11,2.63,4.61,35.79,32.94,2.9
399001.SZ,2026/1/19,29790812735732.0,25760345236441.0,1330096389261.0,1159540068126.0,6.6241E+11,2.4,4.21,35.85,32.99,2.91
399001.SZ,2026/1/20,29555366231102.0,25575841071864.0,1330090616761.0,1160571667868.0,6.62413E+11,2.56,4.49,35.56,32.73,2.88
399001.SZ,2026/1/21,29739377258658.0,25737849154672.0,1330090616761.0,1160571943737.0,6.6257E+11,2.3,4.03,35.79,32.88,2.9
399001.SZ,2026/1/22,29890989200109.0,25871013756471.0,1330334577017.0,1160301780322.0,6.62311E+11,2.38,4.16,35.97,33.05,2.91
399001.SZ,2026/1/23,30124813747036.0,26079459340661.0,1330390604279.0,1160335654138.0,6.62152E+11,3.09,5.41,36.25,33.31,2.93
399001.SZ,2026/1/26,29884818756870.0,25872817099817.0,1330391692433.0,1160330618527.0,6.62157E+11,3.13,5.49,35.96,33.04,2.91
399001.SZ,2026/1/27,29872766756357.0,25862753472029.0,1330434995668.0,1160373598512.0,6.62083E+11,2.87,5.04,35.95,33.03,2.91
399001.SZ,2026/1/28,29926927040158.0,25915863203653.0,1330435086442.0,1160373689989.0,6.621E+11,2.84,4.97,36.01,33.07,2.91
399001.SZ,2026/1/29,29870751028022.0,25875493308781.0,1330435817372.0,1160374209737.0,6.62106E+11,3.25,5.7,35.94,33,2.91
399001.SZ,2026/1/30,29622665036718.0,25662318458088.0,1330514586711.0,1160375681374.0,6.62129E+11,2.92,5.12,35.65,32.72,2.88
399001.SZ,2026/2/2,28837668579408.0,24987576502371.0,1330530533586.0,1160382447454.0,6.62146E+11,2.54,4.45,34.7,31.87,2.81
399001.SZ,2026/2/3,29441876898121.0,25522043753211.0,1330530533602.0,1160921941665.0,6.62155E+11,2.52,4.41,35.42,32.54,2.87
399001.SZ,2026/2/4,29586665948783.0,25637409505200.0,1330530533955.0,1160924417771.0,6.62146E+11,2.55,4.47,35.6,32.7,2.88
399001.SZ,2026/2/5,29210184042446.0,25302262091080.0,1330530753771.0,1160924637587.0,6.62468E+11,2.26,3.96,35.14,32.28,2.84
399001.SZ,2026/2/6,29135534240385.0,25240181132529.0,1330562289943.0,1160926625143.0,6.61976E+11,2.13,3.73,35.05,32.2,2.84
399001.SZ,2026/2/9,29707142513184.0,25747562885659.0,1330888918461.0,1161300462385.0,6.62031E+11,2.05,3.6,35.74,32.8,2.89
399001.SZ,2026/2/10,29717301569676.0,25750129341080.0,1330888927669.0,1161305734554.0,6.62077E+11,2.07,3.64,35.75,32.83,2.89
399001.SZ,2026/2/11,29669429468632.0,25695873129683.0,1330894409098.0,1161314796912.0,6.62077E+11,2.12,3.72,35.69,32.78,2.88
399001.SZ,2026/2/12,29888477167978.0,25877261644670.0,1331062115947.0,1161309795361.0,6.62095E+11,2.18,3.83,35.96,33.02,2.9
399001.SZ,2026/2/13,29520816779472.0,25557430793236.0,1331063327847.0,1161310936436.0,6.62182E+11,2,3.51,35.51,32.61,2.87
399001.SZ,2026/2/24,29909906118881.0,25899486194786.0,1331203317209.0,1162352311954.0,6.63317E+11,2.19,3.84,35.98,33.04,2.9
399001.SZ,2026/2/25,30262919839679.0,26208352706315.0,1331203317209.0,1162352311954.0,6.63321E+11,2.51,4.39,36.41,33.54,2.94
399001.SZ,2026/2/26,30326591739444.0,26267979623114.0,1331285565325.0,1162352144174.0,6.63331E+11,2.43,4.26,36.48,33.61,2.94
399001.SZ,2026/2/27,30334589247898.0,26276454612161.0,1331284286325.0,1162352233712.0,6.63342E+11,2.48,4.34,36.49,33.65,2.94
399001.SZ,2026/3/2,30297257886018.0,26210748983187.0,1331284312525.0,1162348354439.0,6.6385E+11,2.88,5.05,36.42,33.48,2.94
399001.SZ,2026/3/3,29425082005312.0,25449370209848.0,1331390427643.0,1162455512143.0,6.63962E+11,2.94,5.14,35.37,32.52,2.85
399001.SZ,2026/3/4,29207407016514.0,25242481783584.0,1331392850844.0,1162479846424.0,6.63998E+11,2.22,3.89,35.11,32.28,2.83
399001.SZ,2026/3/5,29503967900222.0,25521325761263.0,1331392850846.0,1162479839260.0,6.64025E+11,2.26,3.96,35.47,32.61,2.86
399001.SZ,2026/3/6,29693032413231.0,25679787899270.0,1331335870095.0,1162423135431.0,6.6441E+11,2.07,3.61,35.61,32.81,2.88
399001.SZ,2026/3/9,29496221828306.0,25475660470542.0,1331335694135.0,1162422881396.0,6.64409E+11,2.53,4.43,35.5,32.6,2.86
399001.SZ,2026/3/10,30048007112016.0,25960832824849.0,1331503165374.0,1162422270804.0,6.64173E+11,2.17,3.81,35.16,32.84,2.91
399001.SZ,2026/3/11,30296902184431.0,26198015809703.0,1331508089665.0,1162686539473.0,6.64378E+11,2.31,4.05,35.45,33.12,2.93
399001.SZ,2026/3/12,30152312589396.0,26077075471302.0,1331508056325.0,1162686539473.0,6.64336E+11,2.32,4.06,35.28,32.97,2.92
399001.SZ,2026/3/13,29949574873627.0,25895059702126.0,1331508815632.0,1162687298780.0,6.64337E+11,2.31,4.05,34.86,32.72,2.89
399001.SZ,2026/3/16,30014972581327.0,25920698388034.0,1331639890182.0,1162655034570.0,6.64441E+11,2.2,3.85,34.84,32.78,2.9
399001.SZ,2026/3/17,29503084148742.0,25473480666097.0,1331640379926.0,1162651507704.0,6.64438E+11,2.08,3.64,34.33,32.31,2.85
399001.SZ,2026/3/18,29737140231734.0,25687045695279.0,1331640379926.0,1162486786514.0,6.64273E+11,1.85,3.23,34.56,32.56,2.87
399001.SZ,2026/3/19,29153783353558.0,25180939694307.0,1331633455110.0,1162479861698.0,6.64266E+11,1.96,3.43,33.88,31.92,2.82
399001.SZ,2026/3/20,29046090083076.0,25087086319333.0,1331633455110.0,1162437230702.0,6.6443E+11,2.15,3.76,33.66,31.8,2.81
399001.SZ,2026/3/23,28028063543785.0,24172534330513.0,1331679455935.0,1162436394966.0,6.64437E+11,2.59,4.54,32.56,30.71,2.7
399001.SZ,2026/3/24,28447205323866.0,24535367266762.0,1331668571506.0,1162416307940.0,6.64437E+11,2.11,3.69,32.98,31.18,2.74
399001.SZ,2026/3/25,28986730195476.0,25008134287397.0,1331675115589.0,1162419778163.0,6.64522E+11,2.1,3.68,33.54,31.76,2.8
399001.SZ,2026/3/26,28591364107307.0,24681098947883.0,1331675115589.0,1162348107121.0,6.64445E+11,1.88,3.28,33.12,31.32,2.76
399001.SZ,2026/3/27,28928740563401.0,24970456779325.0,1331675043349.0,1162331548785.0,6.64249E+11,1.76,3.08,33.5,31.79,2.79
399001.SZ,2026/3/30,28854388577155.0,24899674856767.0,1331669575537.0,1162333735556.0,6.66395E+11,1.81,3.15,33.01,31.93,2.78
399001.SZ,2026/3/31,28346376636038.0,24452372081114.0,1331671752437.0,1162278712899.0,6.68042E+11,1.79,3.11,31.89,31.6,2.73
