ts_code,trade_date,total_mv,float_mv,total_share,float_share,free_share,turnover_rate,turnover_rate_f,pe,pe_ttm,pb
399006.SZ,2013/12/25,8.14692E+11,4.89785E+11,33853035956,21282443928,15550894678,2.61,3.57,64.72,57.7,5.59
399006.SZ,2013/12/26,8.03032E+11,4.82896E+11,33853035956,21292601229,15556169678,2.64,3.62,63.79,56.87,5.51
399006.SZ,2013/12/27,8.17827E+11,4.92497E+11,33853035956,21292601229,15573169286,2.54,3.48,64.97,57.92,5.61
399006.SZ,2013/12/30,8.25512E+11,4.99188E+11,33852634956,21391787229,15673512587,2.56,3.49,65.58,58.47,5.66
399006.SZ,2013/12/31,8.24215E+11,4.9825E+11,33867483956,21391787229,15673512587,2.41,3.29,65.48,58.37,5.65
399006.SZ,2014/1/2,8.54124E+11,5.15678E+11,33000426956,20912696527,15244570576,2.62,3.59,68.36,60.16,5.91
399006.SZ,2014/1/3,8.67123E+11,5.22861E+11,33000324956,20917655527,15245929576,2.97,4.07,69.4,61.08,6
399006.SZ,2014/1/6,8.48776E+11,5.11175E+11,33000324956,20917655527,15245929576,2.66,3.65,67.93,59.79,5.88
399006.SZ,2014/1/7,8.66957E+11,5.22089E+11,33000535002,20917944534,15260909741,2.54,3.49,69.39,61.07,6
399006.SZ,2014/1/8,9.00861E+11,5.4286E+11,33000535002,20950150520,15266198748,4.15,5.69,72.1,63.46,6.24
399006.SZ,2014/1/9,8.8503E+11,5.34042E+11,33000535002,21014077909,15265085572,3.63,5,70.84,62.31,6.13
399006.SZ,2014/1/10,8.6783E+11,5.23665E+11,33001511002,21014077909,15265085572,2.09,2.88,69.46,61.1,6.01
399006.SZ,2014/1/13,8.74238E+11,5.27713E+11,33001511002,21014077909,15265085572,2.12,2.92,69.97,61.46,6.04
399006.SZ,2014/1/14,8.97202E+11,5.42582E+11,33001511002,21014077909,15270585572,2.29,3.15,71.81,63.08,6.2
399006.SZ,2014/1/15,9.06835E+11,5.48334E+11,33001640352,21028744910,15271189789,2.27,3.12,72.58,63.76,6.27
399006.SZ,2014/1/16,8.92985E+11,5.4055E+11,33001640352,21028744910,15279989789,2.28,3.14,71.47,62.78,6.17
399006.SZ,2014/1/17,8.93249E+11,5.41054E+11,33001640352,21028744910,15279989789,2.28,3.14,71.49,62.8,6.18
399006.SZ,2014/1/20,8.78857E+11,5.33195E+11,33001640352,21046067650,15279989789,2.45,3.37,70.34,61.76,6.08
399006.SZ,2014/1/21,9.00471E+11,5.46351E+11,33002265352,21057150249,15284998529,2.47,3.41,72.07,63.28,6.22
399006.SZ,2014/1/22,9.1585E+11,5.55363E+11,33002265352,21057150249,15300106386,3.04,4.18,73.3,64.36,6.33
399006.SZ,2014/1/23,9.35872E+11,5.66677E+11,33002265352,21057905825,15302884478,3.5,4.82,74.91,65.76,6.47
399006.SZ,2014/1/24,9.49686E+11,5.75205E+11,33026517693,21057905825,15302884478,3.21,4.41,76.01,66.89,6.54
399006.SZ,2014/1/27,9.4565E+11,5.74966E+11,33026517693,21122262075,15304099104,3.33,4.6,75.74,66.71,6.51
399006.SZ,2014/1/28,9.41075E+11,5.71808E+11,33026517693,21122549647,15315799104,2.61,3.6,75.37,66.35,6.48
399006.SZ,2014/1/29,9.56992E+11,5.81574E+11,33026517693,21122621968,15326799104,2.62,3.61,76.65,67.47,6.59
399006.SZ,2014/1/30,9.56364E+11,5.82555E+11,33027765693,21132851168,15326799104,2.57,3.54,75.87,67.26,6.58
399006.SZ,2014/2/7,9.78362E+11,5.99748E+11,33027765693,21272497398,15341880068,2.63,3.65,77.61,68.81,6.73
399006.SZ,2014/2/10,9.91519E+11,6.08473E+11,33027765693,21272497398,15341880068,3.42,4.74,78.66,69.73,6.82
399006.SZ,2014/2/11,9.7533E+11,5.98625E+11,33027765693,21272497398,15341880068,3.69,5.12,77.37,68.6,6.71
399006.SZ,2014/2/12,9.83724E+11,6.03829E+11,33027765693,21272497398,15345380068,3.11,4.32,78.04,69.19,6.77
399006.SZ,2014/2/13,9.48584E+11,5.82868E+11,33027765693,21272497398,15370100068,3.6,4.98,75.25,66.72,6.52
399006.SZ,2014/2/14,9.67343E+11,5.94644E+11,33027765693,21272497398,15372000068,2.73,3.78,76.74,68.03,6.65
399006.SZ,2014/2/17,9.93867E+11,6.11268E+11,33027765693,21269838786,15356127019,3.39,4.69,78.77,69.81,6.83
399006.SZ,2014/2/18,9.85971E+11,6.07718E+11,33027765693,21302135310,15363113019,3.1,4.3,78.07,69.33,6.77
399006.SZ,2014/2/19,9.83936E+11,6.07036E+11,33039988156,21304616273,15365333407,3.13,4.34,77.9,69.54,6.75
399006.SZ,2014/2/20,9.65218E+11,5.95638E+11,33039988156,21304616273,15383808407,2.88,3.99,76.42,68.27,6.62
399006.SZ,2014/2/21,9.68832E+11,5.97594E+11,33049457717,21304616273,15383808407,2.28,3.15,76.71,68.51,6.63
399006.SZ,2014/2/24,9.82447E+11,6.08024E+11,33049457717,21361541273,15401964370,2.62,3.64,77.79,69.49,6.72
399006.SZ,2014/2/25,9.40037E+11,5.81678E+11,33049457717,21361541273,15401964370,4.11,5.7,74.43,66.19,6.42
399006.SZ,2014/2/26,9.36955E+11,5.80655E+11,33049457717,21368808587,15401964370,2.9,4.03,73.88,65.81,6.39
399006.SZ,2014/2/27,9.05927E+11,5.61072E+11,33049457717,21368808587,15401964370,3.08,4.28,71.43,62.72,6.14
399006.SZ,2014/2/28,9.19236E+11,5.6947E+11,33057514817,21368817687,15412184084,2.36,3.27,70.85,59.76,6.12
399006.SZ,2014/3/3,9.37496E+11,5.8159E+11,33057514817,21368817687,15412184084,2.26,3.14,72.26,60.95,6.24
399006.SZ,2014/3/4,9.34672E+11,5.79404E+11,33057514817,21368817687,15412184084,2.25,3.12,72.04,60.76,6.22
399006.SZ,2014/3/5,9.35487E+11,5.80122E+11,33058417217,21369748099,15412184084,2.2,3.05,71.91,60.82,6.23
399006.SZ,2014/3/6,9.33807E+11,5.79251E+11,33058417217,21386236219,15413114496,2.35,3.26,71.79,60.71,6.22
399006.SZ,2014/3/7,9.33085E+11,5.79418E+11,33059384317,21388102318,15418272996,2.35,3.26,71.58,60.66,6.21
399006.SZ,2014/3/10,9.012E+11,5.62615E+11,33059384317,21721578690,15448221493,2.32,3.26,69.13,58.59,6
399006.SZ,2014/3/11,8.94165E+11,5.57443E+11,33059384317,21721578690,15456365980,1.91,2.68,68.6,58.13,5.95
399006.SZ,2014/3/12,8.97859E+11,5.58662E+11,33059308501,21732104686,15456447508,2.08,2.92,68.76,58.37,5.98
399006.SZ,2014/3/13,9.21465E+11,5.71718E+11,33059308501,21619054686,15456739978,1.59,2.22,69.28,59.9,6.13
399006.SZ,2014/3/14,9.1957E+11,5.70554E+11,33066388801,21619991386,15468388146,1.51,2.11,69.09,59.77,6.12
399006.SZ,2014/3/17,9.46638E+11,5.89204E+11,33067855881,21639152235,15469787601,1.76,2.46,70.42,61.53,6.3
399006.SZ,2014/3/18,9.50685E+11,5.93599E+11,33072154745,21686268403,15483925810,2.24,3.13,70.08,61.79,6.32
399006.SZ,2014/3/19,9.38678E+11,5.86921E+11,33072154745,21686374956,15484000810,1.93,2.7,69.02,61.01,6.24
399006.SZ,2014/3/20,9.06861E+11,5.67219E+11,33218663947,21773264927,15592714144,2.15,3,65.84,58.93,6.03
399006.SZ,2014/3/21,9.07903E+11,5.66238E+11,33329917287,21771256442,15701795693,2.05,2.84,65.92,59,6.04
399006.SZ,2014/3/24,8.94081E+11,5.58392E+11,33329917287,21806088970,15736628221,1.8,2.49,64.44,58.1,5.95
399006.SZ,2014/3/25,8.92037E+11,5.57148E+11,33329917287,21804959070,15725780842,1.42,1.97,64.81,57.98,5.93
399006.SZ,2014/3/26,9.0775E+11,5.68697E+11,33361691782,21883137319,15693664340,1.77,2.47,65.53,59.07,6.01
399006.SZ,2014/3/27,8.77294E+11,5.49547E+11,33364989842,21892020395,15693686680,1.87,2.6,61.35,57.09,5.81
399006.SZ,2014/3/28,8.53249E+11,5.33768E+11,33433548176,21892946746,15700217303,2.09,2.92,58.41,55.47,5.6
399006.SZ,2014/3/31,8.50987E+11,5.34625E+11,33433548176,21996164734,15738574999,1.29,1.8,57.87,55.32,5.58
399006.SZ,2014/4/1,8.98088E+11,5.53112E+11,32760967517,21059139760,15321927954,1.48,2.03,59.94,55.47,5.9
399006.SZ,2014/4/2,8.80809E+11,5.42367E+11,32866233517,21138238517,15378082684,1.54,2.11,58.29,54.41,5.79
399006.SZ,2014/4/3,8.79972E+11,5.41644E+11,33065311617,21295112472,15470719166,1.42,1.95,56.17,54.36,5.79
399006.SZ,2014/4/4,8.93969E+11,5.50286E+11,33393391617,21458479423,15588057194,1.29,1.78,57.06,55.23,5.9
399006.SZ,2014/4/8,8.96655E+11,5.52354E+11,33393391617,21459170743,15588057194,1.77,2.43,57.47,55.39,5.91
399006.SZ,2014/4/9,9.09651E+11,5.60421E+11,33434382187,21457344207,15588748514,1.91,2.62,57.76,56.15,5.97
399006.SZ,2014/4/10,9.17472E+11,5.64758E+11,33473382187,21481520372,15586921978,2.19,3.02,57.59,56.63,6.02
399006.SZ,2014/4/11,9.06803E+11,5.57932E+11,33581349285,21539833402,15652250242,1.63,2.24,56.2,55.87,5.94
399006.SZ,2014/4/14,9.10985E+11,5.61791E+11,33581349285,21540230903,15627072743,1.56,2.14,56.46,56.13,5.97
399006.SZ,2014/4/15,9.09221E+11,5.73111E+11,33581769163,21911229738,15645120684,1.53,2.15,55.85,56.15,5.95
399006.SZ,2014/4/16,9.02305E+11,5.68875E+11,33657759163,21939744177,15678994700,1.19,1.66,55.84,55.73,5.9
399006.SZ,2014/4/17,9.07449E+11,5.72011E+11,34272975547,22302466000,15947179124,1.27,1.78,56.15,56.02,5.94
399006.SZ,2014/4/18,9.13413E+11,5.7639E+11,34274570763,22312500591,15884396115,1.37,1.92,57.1,56.32,5.98
399006.SZ,2014/4/21,9.05005E+11,5.73867E+11,34274582763,22435204641,15933125914,1.57,2.21,56.51,55.65,5.92
399006.SZ,2014/4/22,8.86542E+11,5.61824E+11,34575329224,22596893358,16056259499,1.62,2.28,55.28,54.63,5.79
399006.SZ,2014/4/23,8.79662E+11,5.58183E+11,34672111183,22638439167,16113996114,1.31,1.84,54.78,53.96,5.72
399006.SZ,2014/4/24,8.76998E+11,5.55064E+11,34797551027,22667075647,16064718293,1.4,1.98,54.39,53.19,5.64
399006.SZ,2014/4/25,8.58146E+11,5.43486E+11,34797551027,22686654326,16192242257,1.26,1.76,53.14,51.67,5.47
399006.SZ,2014/4/28,8.35877E+11,5.29094E+11,34797551027,22689436920,16121632825,1.45,2.04,51.76,50.14,5.33
399006.SZ,2014/4/29,8.42143E+11,5.32966E+11,35254515646,22894731368,16289757800,1.18,1.66,52.15,50.37,5.37
399006.SZ,2014/4/30,8.53106E+11,5.40552E+11,35254515646,22894731366,16303582800,1.19,1.67,52.9,50.99,5.44
399006.SZ,2014/5/5,8.65437E+11,5.52272E+11,35254515646,23016739806,16311423266,1.15,1.63,53.66,51.73,5.52
399006.SZ,2014/5/6,8.74882E+11,5.58379E+11,35254515646,23016739806,16200043416,1.49,2.11,54.25,52.29,5.58
399006.SZ,2014/5/7,8.5747E+11,5.48383E+11,35481142941,23246939721,16282023625,1.3,1.86,53.17,51.25,5.47
399006.SZ,2014/5/8,8.52074E+11,5.44145E+11,35705899124,23319539721,16435472869,1.15,1.63,52.84,50.93,5.41
399006.SZ,2014/5/9,8.37215E+11,5.34825E+11,35708046155,23321426777,16435155169,1.29,1.83,51.91,50.04,5.31
399006.SZ,2014/5/12,8.50329E+11,5.45575E+11,35708046155,23416443615,16469045316,1.37,1.94,52.73,50.82,5.4
399006.SZ,2014/5/13,8.48466E+11,5.45406E+11,36321889392,23837747514,16755249629,1.32,1.88,52.61,50.71,5.4
399006.SZ,2014/5/14,8.51803E+11,5.46545E+11,36360588729,23837747514,16767576129,1.09,1.55,52.82,50.91,5.38
399006.SZ,2014/5/15,8.36324E+11,5.36495E+11,36578771166,24013965113,16833021307,1.4,1.99,51.86,49.99,5.28
399006.SZ,2014/5/16,8.1927E+11,5.26148E+11,36780845066,24146833512,16922872595,1.44,2.05,50.8,48.97,5.18
399006.SZ,2014/5/19,8.206E+11,5.26662E+11,37128614078,24392525735,17090561387,1.1,1.57,50.88,49.05,5.19
399006.SZ,2014/5/20,8.31542E+11,5.33529E+11,38029693089,25011274583,17499693797,1.38,1.97,51.56,49.7,5.26
399006.SZ,2014/5/21,8.39987E+11,5.39338E+11,38370153173,25302004111,17777640086,1.13,1.61,52.09,50.2,5.32
399006.SZ,2014/5/22,8.47758E+11,5.44977E+11,38370153173,25321063487,17776933605,1.73,2.46,52.57,50.67,5.37
399006.SZ,2014/5/23,8.65867E+11,5.56127E+11,39456450001,26075162689,18269115495,1.78,2.54,53.69,51.75,5.49
399006.SZ,2014/5/26,8.81894E+11,5.66353E+11,39994050001,26482284542,18598982974,2.28,3.24,54.69,52.71,5.6
399006.SZ,2014/5/27,8.72632E+11,5.60577E+11,39994050001,26483782193,18598982974,1.72,2.45,54.11,52.16,5.54
399006.SZ,2014/5/28,8.9404E+11,5.75686E+11,40485093205,26737260901,18795906350,2.31,3.29,55.44,53.43,5.67
399006.SZ,2014/5/29,8.77083E+11,5.63401E+11,40483875205,26688434175,18756779624,1.87,2.66,54.39,52.42,5.56
399006.SZ,2014/5/30,8.79695E+11,5.65348E+11,41395327830,27168172764,19189223406,1.67,2.37,54.55,52.58,5.58
399006.SZ,2014/6/3,8.80921E+11,5.66031E+11,41395327830,27168172764,19162331184,1.74,2.47,54.63,52.65,5.59
399006.SZ,2014/6/4,8.81419E+11,5.66218E+11,41478845580,27212677128,19198762493,1.91,2.7,54.66,52.68,5.59
399006.SZ,2014/6/5,9.0431E+11,5.81096E+11,41476939180,27212770728,19198856093,2.57,3.64,56.08,54.05,5.74
399006.SZ,2014/6/6,9.00518E+11,5.7943E+11,41725732343,27441763800,19315035657,2.33,3.31,55.84,53.82,5.72
399006.SZ,2014/6/9,8.85186E+11,5.72886E+11,41725634843,27524490136,19279657276,1.84,2.63,54.89,52.91,5.62
399006.SZ,2014/6/10,9.02261E+11,5.84277E+11,41726263396,27545061895,19279657276,2.27,3.25,55.95,53.93,5.73
399006.SZ,2014/6/11,9.14028E+11,5.90766E+11,41850072987,27548662701,19294647234,2.32,3.31,56.68,54.63,5.76
399006.SZ,2014/6/12,9.11965E+11,5.86523E+11,42567264987,28061327571,19679428204,2.23,3.18,56.55,54.51,5.76
399006.SZ,2014/6/13,9.23785E+11,5.94905E+11,43080827987,28205550663,19869627060,2.41,3.42,57.28,55.21,5.83
399006.SZ,2014/6/16,9.30879E+11,6.02608E+11,43080827987,28346557293,19901604258,2.5,3.56,57.72,55.64,5.88
399006.SZ,2014/6/17,9.2011E+11,5.94906E+11,43259117578,28454316174,20008986247,2.16,3.08,57.06,54.99,5.81
399006.SZ,2014/6/18,9.11411E+11,5.89934E+11,43508867578,28677376070,19993759717,1.87,2.69,56.52,54.47,5.76
399006.SZ,2014/6/19,8.83065E+11,5.71444E+11,43850095914,28942045941,20185671769,2.13,3.06,54.76,52.78,5.58
399006.SZ,2014/6/20,8.91237E+11,5.77441E+11,44078191914,29172333451,20261917345,1.48,2.13,55.26,53.27,5.63
399006.SZ,2014/6/23,9.09828E+11,5.89808E+11,44079301914,29199858451,20261271845,1.77,2.56,56.42,54.38,5.75
399006.SZ,2014/6/24,9.14846E+11,5.9317E+11,44076723514,29199826951,20261271845,1.71,2.46,56.73,54.68,5.78
399006.SZ,2014/6/25,9.08071E+11,5.8885E+11,44076723514,29201318701,20261271845,1.61,2.32,56.31,54.27,5.74
399006.SZ,2014/6/26,9.2576E+11,6.01392E+11,44079036942,29203543729,20264988623,2.13,3.07,57.41,55.33,5.85
399006.SZ,2014/6/27,9.27608E+11,6.02355E+11,44079036942,29208854124,20270299018,2.17,3.12,57.52,55.44,5.86
399006.SZ,2014/6/30,9.39448E+11,6.09559E+11,44413448964,29411974664,20455880819,2.36,3.4,58.25,56.15,5.94
399006.SZ,2014/7/1,9.63226E+11,6.15356E+11,44445939148,28881234892,20443902069,2.33,3.29,58.93,56.91,5.99
399006.SZ,2014/7/2,9.68855E+11,6.18602E+11,44445939148,28881234892,20451621955,2.38,3.36,59.27,57.24,5.99
399006.SZ,2014/7/3,9.71185E+11,6.20258E+11,44445939148,28881641731,20451621955,2.94,4.16,59.42,57.38,6.01
399006.SZ,2014/7/4,9.63754E+11,6.15707E+11,44703660076,29056879032,20602475325,2.52,3.55,58.96,56.94,5.96
399006.SZ,2014/7/7,9.51513E+11,6.11597E+11,44703660076,29213060908,20638499059,2.43,3.43,58.21,56.21,5.89
399006.SZ,2014/7/8,9.62872E+11,6.1914E+11,44703660076,29212849789,20739785201,2.4,3.38,58.91,56.89,5.96
399006.SZ,2014/7/9,9.44338E+11,6.07618E+11,44807660075,29264362098,20750353791,2.76,3.89,57.77,55.79,5.85
399006.SZ,2014/7/10,9.30672E+11,5.99013E+11,45027856211,29365475346,20849367422,2.26,3.19,56.94,54.98,5.76
399006.SZ,2014/7/11,9.27393E+11,5.96996E+11,45027856211,29365475346,20849367422,2.03,2.87,56.74,54.79,5.74
399006.SZ,2014/7/14,9.35738E+11,6.01629E+11,45212059520,29482739244,20923781549,2.32,3.27,57.25,55.26,5.76
399006.SZ,2014/7/15,9.17965E+11,5.90811E+11,45212059520,29482739244,20923781549,2.33,3.29,56.16,54.18,5.65
399006.SZ,2014/7/16,9.02018E+11,5.80991E+11,45212227216,29482739244,20923781549,2.16,3.04,55.18,53.24,5.55
399006.SZ,2014/7/17,8.97682E+11,5.78622E+11,45212227216,29482739244,20923781549,1.58,2.23,54.92,52.99,5.53
399006.SZ,2014/7/18,8.93446E+11,5.75659E+11,45212227216,29482761344,20923781549,1.44,2.04,54.66,52.74,5.5
399006.SZ,2014/7/21,8.94281E+11,5.77245E+11,45212227216,29513263056,20932953049,1.61,2.27,54.71,52.78,5.51
399006.SZ,2014/7/22,9.08428E+11,5.87029E+11,45212187216,29513248131,20932938124,1.77,2.49,55.58,53.62,5.59
399006.SZ,2014/7/23,8.84165E+11,5.71438E+11,45212187216,29513248131,20934438124,1.95,2.75,54.09,52.19,5.44
399006.SZ,2014/7/24,8.70507E+11,5.62809E+11,45228863516,29529924431,20951114424,1.98,2.79,53.26,51.35,5.35
399006.SZ,2014/7/25,8.80107E+11,5.68924E+11,45228863516,29529924231,20951114424,1.44,2.03,53.84,51.91,5.41
399006.SZ,2014/7/28,8.99284E+11,5.80815E+11,45228863516,29529924231,20951995816,1.91,2.69,55.02,53.04,5.53
399006.SZ,2014/7/29,9.10867E+11,5.88786E+11,45228599516,29530104231,20955975814,2.06,2.9,55.73,53.42,5.59
399006.SZ,2014/7/30,9.17789E+11,5.93803E+11,45230450456,29531955171,20957826754,1.91,2.7,56.15,53.35,5.62
399006.SZ,2014/7/31,9.19915E+11,5.94741E+11,45230450456,29536087106,20957826754,1.73,2.44,56.28,52.96,5.63
399006.SZ,2014/8/1,9.07985E+11,5.86943E+11,45230456655,29535921120,20946801484,1.97,2.78,55.55,52.23,5.55
399006.SZ,2014/8/4,9.10308E+11,5.93166E+11,45232050978,29788639551,20955025869,1.49,2.12,55.69,52.37,5.56
399006.SZ,2014/8/5,9.30326E+11,6.06103E+11,45232050978,29788639551,20955025869,2.75,3.91,56.92,53.52,5.68
399006.SZ,2014/8/6,9.34102E+11,6.08465E+11,45232050978,29788639551,20968941865,2.11,3,57.15,53.71,5.7
399006.SZ,2014/8/7,9.31529E+11,6.09932E+11,45232050978,29919898574,20968941865,2.11,3.01,56.99,53.48,5.68
399006.SZ,2014/8/8,9.41899E+11,6.17454E+11,45239642978,29946633288,21145547891,1.88,2.66,57.62,53.84,5.73
399006.SZ,2014/8/11,9.55925E+11,6.27717E+11,45239991170,29968381804,21145547891,2.22,3.14,58.48,54.65,5.82
399006.SZ,2014/8/12,9.55412E+11,6.27252E+11,45239991170,29968381804,21151870440,2.07,2.94,58.45,54.39,5.8
399006.SZ,2014/8/13,9.4765E+11,6.23029E+11,45241336570,29983245324,21150143212,2.17,3.07,57.98,53.92,5.75
399006.SZ,2014/8/14,9.45016E+11,6.21731E+11,45241417252,29983325939,21187236697,2.02,2.85,57.81,53.77,5.73
399006.SZ,2014/8/15,9.5198E+11,6.27624E+11,45243102063,29997979961,21217012040,2.08,2.94,58.24,54.03,5.76
399006.SZ,2014/8/18,9.76664E+11,6.4367E+11,45243102063,29997979962,21217012390,2.93,4.14,59.75,55.48,5.91
399006.SZ,2014/8/19,9.82015E+11,6.48261E+11,45243699467,30037666157,21258213479,3.14,4.44,60.08,55.59,5.93
399006.SZ,2014/8/20,9.7594E+11,6.44535E+11,45244821467,30069529419,21258213479,2.29,3.25,59.71,54.94,5.88
399006.SZ,2014/8/21,9.88388E+11,6.53117E+11,45244821467,30069529419,21248837463,2.63,3.72,60.47,55.66,5.95
399006.SZ,2014/8/22,9.96567E+11,6.59325E+11,45245911667,30075532675,21264585854,2.86,4.05,60.97,56.47,6
399006.SZ,2014/8/25,9.8536E+11,6.62936E+11,45245911667,30393759351,21236089197,2.63,3.76,60.28,55.65,5.9
399006.SZ,2014/8/26,9.62972E+11,6.49024E+11,45247349017,30409297676,21296866848,2.23,3.18,58.91,54.83,5.73
399006.SZ,2014/8/27,9.68564E+11,6.56178E+11,45247775359,30553650953,21263398815,1.73,2.49,59.25,55.15,5.77
399006.SZ,2014/8/28,9.57401E+11,6.48516E+11,45247775359,30553650953,21263398815,1.75,2.51,58.57,54.55,5.7
399006.SZ,2014/8/29,9.71051E+11,6.58296E+11,45247775359,30553650953,21263398815,1.4,2.02,59.41,55.31,5.78
399006.SZ,2014/9/1,9.89914E+11,6.71288E+11,45247775359,30553650953,21263398815,1.97,2.83,60.56,56.38,5.89
399006.SZ,2014/9/2,9.98723E+11,6.77663E+11,45247775359,30569730953,21313724240,2.58,3.7,61.1,56.88,5.94
399006.SZ,2014/9/3,1007207392386.0,6.82963E+11,45247775359,30572538953,21332932240,2.96,4.24,61.62,57.37,5.99
399006.SZ,2014/9/4,1018250635991.0,6.9109E+11,45248814859,30572538953,21350589990,2.95,4.23,62.29,58,6.06
399006.SZ,2014/9/5,1014764795642.0,6.90215E+11,45248814859,30639236453,21351629490,2.53,3.63,62.08,57.8,6.04
399006.SZ,2014/9/9,1017462510029.0,6.92747E+11,45248814859,30655739027,21439790064,2.48,3.55,62.25,57.95,6.05
399006.SZ,2014/9/10,1024637418830.0,6.97934E+11,45248814859,30655739027,21439790064,2.36,3.38,62.69,58.36,6.09
399006.SZ,2014/9/11,1031839402042.0,7.02031E+11,45249448059,30655124227,21439790064,3.24,4.63,63.13,58.77,6.14
399006.SZ,2014/9/12,1039488173108.0,7.06846E+11,45268827632,30655208217,21439259254,2.55,3.64,63.59,59.21,6.16
399006.SZ,2014/9/15,1040477580366.0,7.07868E+11,45268827632,30655208217,21444259254,2.86,4.08,63.65,59.26,6.16
399006.SZ,2014/9/16,1005272112284.0,6.82818E+11,45268827632,30655208217,21444259254,3.35,4.79,61.5,57.26,5.96
399006.SZ,2014/9/17,1009653066606.0,6.86544E+11,45268827632,30690348040,21450259254,2.08,2.97,61.77,57.51,5.98
399006.SZ,2014/9/18,1017070899918.0,6.91812E+11,45268827632,30705581610,21514364212,1.88,2.68,62.22,57.93,6.03
399006.SZ,2014/9/19,1022695975912.0,6.956E+11,45268827632,30705581610,21514364212,1.87,2.67,62.57,58.25,6.06
399006.SZ,2014/9/22,1011957493793.0,6.88053E+11,45268827632,30707765312,21520547914,2.13,3.04,61.91,57.64,5.99
399006.SZ,2014/9/23,1022798421040.0,6.966E+11,45268827632,30723965312,21554447914,1.91,2.72,62.57,58.25,6.06
399006.SZ,2014/9/24,1032895904838.0,7.04001E+11,45268827632,30735130177,21575510835,2.37,3.38,63.19,58.83,6.12
399006.SZ,2014/9/25,1027628235592.0,6.99375E+11,45527423632,30914533927,21745924585,2.72,3.86,62.87,58.53,6.09
399006.SZ,2014/9/26,1029189220492.0,7.00535E+11,45527423632,30924308687,21810454145,2.13,3.02,62.96,58.62,6.1
399006.SZ,2014/9/29,1039327542390.0,7.19054E+11,45527423632,31238944348,21828595897,2.34,3.35,63.58,59.2,6.16
399006.SZ,2014/9/30,1048675907262.0,7.25899E+11,45527423632,31238944348,21836255897,2.14,3.06,64.16,59.73,6.21
399006.SZ,2014/10/8,1061594787712.0,7.25872E+11,44362972979,30009401989,21411379669,2.49,3.48,65.65,61.1,6.49
399006.SZ,2014/10/9,1065163278320.0,7.2864E+11,44362972979,30009401989,21411379669,2.91,4.08,65.87,61.31,6.51
399006.SZ,2014/10/10,1060777429403.0,7.25244E+11,44368852979,30009401989,21411379669,2.68,3.75,65.6,61.06,6.48
399006.SZ,2014/10/13,1056564427439.0,7.23051E+11,44368852979,30009401989,21411379669,2.5,3.5,65.34,60.81,6.46
399006.SZ,2014/10/14,1051319436664.0,7.18796E+11,44368852979,30009401989,21414415187,2.4,3.36,65.01,60.5,6.43
399006.SZ,2014/10/15,1055411137213.0,7.21618E+11,44368852979,30015198550,21414415187,2.17,3.04,65.26,60.73,6.45
399006.SZ,2014/10/16,1043705180752.0,7.12867E+11,44485440203,30027807258,21419563895,2.33,3.27,64.54,60.06,6.36
399006.SZ,2014/10/17,1032583339327.0,7.05546E+11,44485440203,30027807258,21419563895,2.19,3.07,63.85,59.42,6.29
399006.SZ,2014/10/20,1046944591341.0,7.14311E+11,44485440203,30001853608,21440628156,1.65,2.31,64.74,60.06,6.37
399006.SZ,2014/10/21,1037610642461.0,7.07548E+11,44485440203,30001838608,21442962582,1.97,2.75,64.16,59.52,6.31
399006.SZ,2014/10/22,1029150674831.0,7.01968E+11,44485440203,30001838608,21442947582,1.84,2.58,63.64,58.99,6.25
399006.SZ,2014/10/23,1011856810829.0,6.89939E+11,44485590203,29996886008,21345403988,1.83,2.58,62.57,57.52,6.12
399006.SZ,2014/10/24,1012063297807.0,6.90152E+11,44485590203,29996886008,21364397135,1.39,1.95,62.58,57.42,6.04
399006.SZ,2014/10/27,1022546586688.0,6.98391E+11,44485498163,30061825883,21610025343,1.77,2.46,63.23,57.69,6.04
399006.SZ,2014/10/28,1042345226226.0,7.12694E+11,44485498163,30076235787,21624435248,2.13,2.96,64.46,58.63,6.15
399006.SZ,2014/10/29,1047153344470.0,7.16467E+11,44485498163,30076235787,21636367360,2.46,3.42,64.75,58.91,6.18
399006.SZ,2014/10/30,1044179537477.0,7.1369E+11,44485498163,30080585787,21642717360,2.12,2.94,64.57,58.74,6.16
399006.SZ,2014/10/31,1035820795046.0,7.07965E+11,44485498163,30080585787,21654717360,2.35,3.26,64.05,58.27,6.11
399006.SZ,2014/11/3,1045291155454.0,7.15423E+11,44485498163,30080585787,21654717360,1.98,2.76,64.64,58.8,6.17
399006.SZ,2014/11/4,1036633098008.0,7.11998E+11,44485498163,30246279387,21707707474,2.1,2.92,64.1,58.31,6.12
399006.SZ,2014/11/5,1034614359353.0,7.10212E+11,44488195163,30251459863,21712887950,1.82,2.54,63.98,58.2,6.11
399006.SZ,2014/11/6,1047727891321.0,7.195E+11,44491062485,30255337604,21716097441,1.91,2.67,64.79,58.94,6.18
399006.SZ,2014/11/7,1045082842673.0,7.14548E+11,44621695086,30255337604,21716097441,2.54,3.54,64.63,58.79,6.08
399006.SZ,2014/11/10,1039767330862.0,7.10822E+11,44621695086,30264841604,21716765691,2.02,2.81,64.3,58.49,6.05
399006.SZ,2014/11/11,1004400059441.0,6.85796E+11,44621695086,30264841604,21752265691,2.58,3.6,62.11,56.5,5.84
399006.SZ,2014/11/12,1013257047260.0,6.92477E+11,44621695086,30264537854,21752265691,1.54,2.14,62.66,57,5.9
399006.SZ,2014/11/13,9.90489E+11,6.7768E+11,44621695086,30271753461,21771177548,2.18,3.04,61.25,55.72,5.76
399006.SZ,2014/11/14,9.89562E+11,6.77016E+11,44621695086,30269386572,21771177548,1.46,2.03,61.19,55.67,5.76
399006.SZ,2014/11/17,1009545182709.0,6.91057E+11,44621695086,30284257268,21788881355,1.72,2.39,62.43,56.79,5.87
399006.SZ,2014/11/18,1015982935923.0,6.95363E+11,44621695086,30284257268,21798241055,1.71,2.37,62.83,57.15,5.91
399006.SZ,2014/11/19,1030757331518.0,7.05635E+11,44621695086,30284257268,21799741055,1.97,2.74,63.74,57.98,6
399006.SZ,2014/11/20,1023421853623.0,7.00278E+11,44657477467,30284257268,21799741055,1.95,2.7,63.29,57.57,5.94
399006.SZ,2014/11/21,1030490727031.0,7.05151E+11,44657477467,30284257268,21799741055,1.78,2.47,63.72,57.97,5.98
399006.SZ,2014/11/24,1031579701708.0,7.06312E+11,44657477467,30284257268,21799741055,2.23,3.1,63.79,58.03,5.98
399006.SZ,2014/11/25,1052937693303.0,7.21988E+11,44657987467,30284257268,21813386841,2.66,3.69,65.11,59.23,6.11
399006.SZ,2014/11/26,1060362800377.0,7.277E+11,44657987467,30284544143,21813673716,2.63,3.66,65.57,59.65,6.15
399006.SZ,2014/11/27,1065583268313.0,7.3142E+11,44657987467,30285875151,21832104724,2.62,3.63,65.89,59.94,6.18
399006.SZ,2014/11/28,1069469764363.0,7.3395E+11,44657987467,30285878151,21897853001,3.16,4.36,66.13,60.16,6.2
399006.SZ,2014/12/1,1057063352300.0,7.25572E+11,44659406644,30287297328,21900866377,2.93,4.06,65.37,59.46,6.13
399006.SZ,2014/12/2,1066109802767.0,7.31945E+11,44676194208,30287297328,21900866377,2.68,3.71,65.93,59.97,6.17
399006.SZ,2014/12/3,1092716023676.0,7.49922E+11,44688890208,30287297328,21906066377,4.41,6.1,67.57,61.47,6.32
399006.SZ,2014/12/4,1102370266520.0,7.56905E+11,44688890208,30287297328,21909066377,3.9,5.39,68.17,62.01,6.38
399006.SZ,2014/12/5,1073781978472.0,7.38433E+11,44688890208,30279439446,21913686545,4.11,5.68,66.4,60.4,6.21
399006.SZ,2014/12/8,1064082676751.0,7.3044E+11,44697970208,30281214246,21902983295,3.93,5.44,65.8,59.86,6.15
399006.SZ,2014/12/9,1024445132183.0,7.022E+11,44697970208,30281567141,21903336190,4.44,6.13,63.35,57.63,5.92
399006.SZ,2014/12/10,1071197125285.0,7.34657E+11,44697925208,30281567141,21903336190,3.85,5.32,66.24,60.26,6.19
399006.SZ,2014/12/11,1080012220712.0,7.41269E+11,44697925208,30281567141,21903336190,3.57,4.93,66.79,60.75,6.24
399006.SZ,2014/12/12,1103371830724.0,7.57962E+11,44705715152,30281567141,21907879800,3.39,4.68,68.23,62.07,6.38
399006.SZ,2014/12/15,1125150356260.0,7.74138E+11,44705715152,30281567141,21924379834,3.31,4.57,69.58,63.29,6.5
399006.SZ,2014/12/16,1118894680525.0,7.69944E+11,44705715152,30281567141,21926879834,2.98,4.12,69.19,62.94,6.47
399006.SZ,2014/12/17,1113582238610.0,7.67146E+11,44706084952,30281850142,21942789726,2.94,4.05,68.86,62.64,6.44
399006.SZ,2014/12/18,1106797011229.0,7.62939E+11,44716526698,30281850142,22002419690,2.61,3.59,68.44,62.26,6.39
399006.SZ,2014/12/19,1081620335641.0,7.45342E+11,44716526698,30281850142,22002419690,2.79,3.84,66.89,60.84,6.25
399006.SZ,2014/12/22,1028775019090.0,7.072E+11,44716526698,30281850142,22002419690,3.02,4.15,63.62,57.87,5.94
399006.SZ,2014/12/23,1015908295889.0,6.98748E+11,44716526698,30281850142,22102802278,2.44,3.34,62.82,57.15,5.87
399006.SZ,2014/12/24,1031814068640.0,7.09491E+11,44716526698,30281850142,22102802278,1.95,2.67,63.81,58.04,5.96
399006.SZ,2014/12/25,1037026409668.0,7.13446E+11,44716526698,30281850142,22107082478,1.97,2.7,64.13,58.34,5.99
399006.SZ,2014/12/26,1042046983044.0,7.16984E+11,44716526698,30281850142,22110082478,1.99,2.72,64.44,58.62,6.02
399006.SZ,2014/12/29,1017997483382.0,7.00298E+11,44716526698,30281945392,22123528277,2.78,3.8,62.95,57.26,5.88
399006.SZ,2014/12/30,9.92708E+11,6.83527E+11,44716260698,30282311027,22123334550,2.52,3.45,61.39,55.84,5.73
399006.SZ,2014/12/31,1000583094496.0,6.89223E+11,44716260698,30282311027,22124366679,2.07,2.84,61.87,56.29,5.78
399006.SZ,2015/1/5,1031503693423.0,7.04826E+11,45099588075,30573097471,22278874171,2.63,3.61,63.46,55.85,5.93
399006.SZ,2015/1/6,1083047902999.0,7.4044E+11,45103220589,30585488054,22311818955,3.6,4.93,66.63,58.64,6.23
399006.SZ,2015/1/7,1070721903190.0,7.31299E+11,45103220589,30584337929,22311818955,2.78,3.81,65.87,57.98,6.16
399006.SZ,2015/1/8,1084426677707.0,7.39249E+11,45186399034,30584337929,22312628556,2.77,3.8,66.71,58.72,6.19
399006.SZ,2015/1/9,1093169359645.0,7.44693E+11,45208807551,30584337929,22311478431,3.01,4.12,67.25,59.19,6.22
399006.SZ,2015/1/12,1116009105438.0,7.59523E+11,45208807551,30584337929,22311478431,2.55,3.49,68.66,60.37,6.34
399006.SZ,2015/1/13,1126316231088.0,7.6687E+11,45208807551,30584337929,22323028431,2.77,3.8,69.29,60.89,6.4
399006.SZ,2015/1/14,1116785718634.0,7.60513E+11,45208807551,30584337931,22323028431,2.22,3.05,68.71,60.37,6.35
399006.SZ,2015/1/15,1114459820075.0,7.68141E+11,45208807551,30894942142,22323028431,2.08,2.87,68.56,60.25,6.34
399006.SZ,2015/1/16,1150475576858.0,7.92425E+11,45208807551,30894990268,22309937555,2.59,3.59,70.78,62.2,6.54
399006.SZ,2015/1/19,1144296330922.0,7.87078E+11,45208807551,30894990268,22309937555,3.7,5.13,70.4,61.92,6.5
399006.SZ,2015/1/20,1192557380272.0,8.21422E+11,45209475944,30908594700,22309937555,3.77,5.22,73.37,64.53,6.78
399006.SZ,2015/1/21,1208277467997.0,8.32508E+11,45209475944,30908594700,22323541987,4.42,6.12,74.33,65.38,6.87
399006.SZ,2015/1/22,1223003008341.0,8.42572E+11,45209475944,30908594700,22323541987,3.8,5.26,75.24,66.18,6.95
399006.SZ,2015/1/23,1191369568661.0,8.2044E+11,45209475944,30908594700,22345490712,3.27,4.52,73.29,64.3,6.77
399006.SZ,2015/1/26,1219959801355.0,8.39991E+11,45209475944,30908594700,22345490712,2.87,3.96,75.05,65.85,6.93
399006.SZ,2015/1/27,1223055254074.0,8.41289E+11,45209475944,30908594700,22292402370,3.07,4.26,75.24,66.01,6.95
399006.SZ,2015/1/28,1214941907005.0,8.3578E+11,45209475944,30908594700,22292402370,2.91,4.04,74.74,65.58,6.9
399006.SZ,2015/1/29,1201560584438.0,8.26549E+11,45209475944,30908594700,22292402370,2.28,3.16,73.92,64.85,6.82
399006.SZ,2015/1/30,1180370370031.0,8.12871E+11,45209475944,30913993700,22292402370,2.44,3.38,72.62,63.71,6.7
399006.SZ,2015/2/2,1189166578759.0,8.19675E+11,45209805513,30907138241,22295626743,2.28,3.16,72.59,63.91,6.75
399006.SZ,2015/2/3,1224998463428.0,8.44071E+11,45210779961,30910434013,22299806352,3.34,4.62,74.78,65.94,6.95
399006.SZ,2015/2/4,1228768516124.0,8.47154E+11,45210779961,30916494856,22298096082,3.19,4.42,75.01,66.14,6.97
399006.SZ,2015/2/5,1240168022645.0,8.56043E+11,45210779961,30959679856,22313596360,4.14,5.74,75.7,66.71,7.04
399006.SZ,2015/2/6,1210870525925.0,8.35285E+11,45210779961,30959679856,22313596360,3.11,4.31,73.92,65.13,6.87
399006.SZ,2015/2/9,1195359052970.0,8.2921E+11,45210779961,31078479856,22313596360,2.41,3.36,72.97,64.51,6.78
399006.SZ,2015/2/10,1222333466383.0,8.47326E+11,45257060733,31081170409,22330435663,1.99,2.77,74.62,65.75,6.89
399006.SZ,2015/2/11,1240838386983.0,8.599E+11,45257060733,31081170409,22335662663,2.39,3.33,75.75,66.75,6.99
399006.SZ,2015/2/12,1254201262551.0,8.67695E+11,45333556015,31081148159,22340899406,2.67,3.71,76.52,67.2,7
399006.SZ,2015/2/13,1281913807390.0,8.85376E+11,45333556015,31081148159,22336309906,3.12,4.34,78.21,68.64,7.15
399006.SZ,2015/2/16,1334517485020.0,9.19419E+11,45403486015,31083887188,22351770483,3.89,5.41,80.63,70.69,7.43
399006.SZ,2015/2/17,1335460101690.0,9.19118E+11,45423401359,31089510191,22385377886,3,4.17,80.56,69.98,7.4
399006.SZ,2015/2/25,1322164171275.0,9.10825E+11,45423401359,31089510191,22385377886,3.56,4.95,79.76,69.31,7.32
399006.SZ,2015/2/26,1324298888367.0,9.13797E+11,45353401359,31133884789,22429752484,3.28,4.55,79.89,69.04,7.33
399006.SZ,2015/2/27,1358607042728.0,9.36596E+11,45423401359,31133884789,22429752484,3.72,5.17,81.7,69.53,7.39
399006.SZ,2015/3/2,1400843768422.0,9.65388E+11,45425874422,31146169086,22442036781,5.05,7.01,83.64,68.49,7.47
399006.SZ,2015/3/3,1385002779703.0,9.55318E+11,45427184022,31158315561,22446268003,5.16,7.16,82.13,67.72,7.39
399006.SZ,2015/3/4,1418481403339.0,9.7025E+11,45427226928,30983334825,22265827465,4.4,6.13,81.79,69.36,7.56
399006.SZ,2015/3/5,1423948041983.0,9.72784E+11,45427226928,30983334825,22265827465,4.43,6.17,82.1,69.63,7.59
399006.SZ,2015/3/6,1378899061765.0,9.42629E+11,45427226928,30983334825,22265827465,3.77,5.25,79,67.43,7.35
399006.SZ,2015/3/9,1407857993920.0,9.62562E+11,45432908528,30994139723,22283798296,3.2,4.45,80.66,68.84,7.51
399006.SZ,2015/3/10,1446238274464.0,9.85751E+11,45469652343,31003654648,22297023876,3.71,5.16,82.86,70.72,7.7
399006.SZ,2015/3/11,1438445318865.0,9.81296E+11,45469652343,31003649048,22297018276,3.91,5.44,82.24,70.34,7.65
399006.SZ,2015/3/12,1424230095801.0,9.72342E+11,45469676448,31004443753,22299011276,4.05,5.63,81.23,69.64,7.58
399006.SZ,2015/3/13,1463334506856.0,9.9576E+11,45585283384,31004443753,22318983943,3.69,5.13,83.46,71.55,7.79
399006.SZ,2015/3/16,1517308088392.0,1034681240304.0,45585771415,31033285498,22321119055,5.03,6.99,84.18,74.19,8.07
399006.SZ,2015/3/17,1513598966349.0,1032572504572.0,45585771415,31033427712,22326119055,4.99,6.94,83.42,74.01,8.05
399006.SZ,2015/3/18,1547206176227.0,1055058414319.0,45591794855,31048336356,22304153956,4.71,6.55,84.7,75.65,8.22
399006.SZ,2015/3/19,1550429852780.0,1059749896629.0,45625387499,31115585260,22317684621,4.23,5.9,84.88,75.81,8.24
399006.SZ,2015/3/20,1574224246542.0,1074705402276.0,46110187830,31501274249,22562635530,4.75,6.63,84.2,77.02,8.37
399006.SZ,2015/3/23,1634296163541.0,1113688115109.0,46149946866,31503319358,22542182591,5.1,7.13,86.97,80.06,8.69
399006.SZ,2015/3/24,1680978752790.0,1147875418139.0,46116354222,31518853081,22542312717,6.28,8.78,89.22,82.35,8.94
399006.SZ,2015/3/25,1699286405106.0,1163382110368.0,46000747286,31518597041,22545028317,5.43,7.59,89.96,83.24,9.03
399006.SZ,2015/3/26,1638511669754.0,1127462066887.0,46279854222,31619637518,22618316732,5.35,7.48,86.49,80.29,8.59
399006.SZ,2015/3/27,1662213316861.0,1143376082184.0,46317999959,31622879753,22650662087,3.83,5.35,85.93,81.44,8.68
399006.SZ,2015/3/30,1636248376710.0,1134989478779.0,46317999959,32290407459,22680729730,3.78,5.38,84.58,80.17,8.54
399006.SZ,2015/3/31,1667905394367.0,1156719683809.0,46317999959,32290544484,22704451605,3.98,5.67,84.89,81.56,8.67
399006.SZ,2015/4/1,1792840574867.0,1219454305685.0,44942178727,30925916791,22477119966,4.17,5.74,91.66,85.28,9.48
399006.SZ,2015/4/2,1843784973237.0,1254778014572.0,45005483485,30925915791,22477119966,5.03,6.92,94.26,87.7,9.75
399006.SZ,2015/4/3,1867401670846.0,1272724479133.0,45005483485,30925915791,22477118966,4.82,6.63,95.47,88.82,9.87
399006.SZ,2015/4/7,1899556086619.0,1295346253050.0,45455750159,31270242207,22690939095,4.79,6.6,97.16,90.03,10.04
399006.SZ,2015/4/8,1846481571746.0,1262442619761.0,46115725401,31848031103,22980230934,5.3,7.35,94.25,87.53,9.77
399006.SZ,2015/4/9,1854458848020.0,1268812444847.0,46115725401,31871897051,22999144382,5.16,7.15,94.76,87.88,9.83
399006.SZ,2015/4/10,1898916714734.0,1299818035765.0,46578432550,32207235291,23332122106,4.28,5.91,95.51,89.28,9.94
399006.SZ,2015/4/13,1915530665087.0,1311437954150.0,46579671848,32208285105,23332620694,4.79,6.61,96.08,90.05,10.04
399006.SZ,2015/4/14,1901565642272.0,1302368294934.0,47024680029,32457077642,23573077465,4.51,6.22,95.38,89.39,9.97
399006.SZ,2015/4/15,1813389295482.0,1242906915578.0,47027278699,32459039983,23575039806,4.4,6.06,90.29,84.68,9.49
399006.SZ,2015/4/16,1841222411830.0,1275965075196.0,47150941549,32966818868,23652428864,3.81,5.31,91.64,86.06,9.62
399006.SZ,2015/4/17,1827156463028.0,1266104222684.0,47238342887,33025423714,24114487078,4.22,5.79,90.94,85.49,9.55
399006.SZ,2015/4/20,1799200299960.0,1244257482401.0,47238342887,33050240818,24212554444,4.26,5.82,88.71,84.22,9.4
399006.SZ,2015/4/21,1900590020122.0,1313346727028.0,47463637155,33160263606,24294352742,4.03,5.5,93.38,88.36,9.9
399006.SZ,2015/4/22,1954460871678.0,1349327678563.0,48048406702,33589813060,24671505228,4.65,6.33,95.97,90.6,10.19
399006.SZ,2015/4/23,2002808432403.0,1383861040297.0,48282759039,33760962116,24779625791,4.65,6.33,98.71,92.68,10.42
399006.SZ,2015/4/24,2021234884937.0,1396799122500.0,48850124872,34195700533,25098103790,4.29,5.85,98.78,93.84,10.45
399006.SZ,2015/4/27,2029965187944.0,1404596682882.0,48862790108,34230635939,25106839707,3.99,5.43,97.32,94.92,10.41
399006.SZ,2015/4/28,1984051158755.0,1371414446529.0,50249507477,35138884840,25441623222,4.1,5.67,95.12,93.7,10.17
399006.SZ,2015/4/29,2061202758728.0,1425763200210.0,50309848805,35179967741,25487506948,3.95,5.45,98.82,97.34,10.57
399006.SZ,2015/4/30,2105235104086.0,1457651694297.0,50654562998,35458068383,25669640380,4.31,5.95,100.93,99.42,10.8
399006.SZ,2015/5/4,2095865897139.0,1452073037320.0,50980998877,35689694907,25797918450,3.7,5.12,100.48,98.97,10.76
399006.SZ,2015/5/5,2049910709264.0,1420397227364.0,50980998877,35689694907,25812321650,3.35,4.63,98.28,96.8,10.52
399006.SZ,2015/5/6,2095149322365.0,1452733427773.0,50953430416,35713579638,25425776381,4.15,5.82,100.45,98.94,10.76
399006.SZ,2015/5/7,2067267935176.0,1431722766564.0,50953846576,35713886532,25731874475,3.46,4.81,99.11,97.62,10.61
399006.SZ,2015/5/8,2188354979331.0,1516931213423.0,51256118704,35912655487,25904293439,4.71,6.54,104.92,103.34,11.21
399006.SZ,2015/5/11,2312960258561.0,1610768362393.0,51256118704,36087249715,25889425282,5.85,8.15,110.89,109.22,11.84
399006.SZ,2015/5/12,2386243796601.0,1661365575108.0,51518840923,36211918634,25986345169,5.72,7.97,114.4,112.69,12.22
399006.SZ,2015/5/13,2348826524572.0,1631629532510.0,52528270248,36780736157,26467312876,5.32,7.39,112.61,110.92,12.03
399006.SZ,2015/5/14,2313077818043.0,1610100692790.0,52528270248,36814812525,26477189245,4.95,6.88,110.9,109.23,11.85
399006.SZ,2015/5/15,2314536978218.0,1613300509436.0,52528270248,36817966702,26475323420,4.42,6.15,110.97,109.3,11.86
399006.SZ,2015/5/18,2408371635677.0,1678653480274.0,52588288248,36834296148,26507963932,4.5,6.25,115.46,113.73,12.34
399006.SZ,2015/5/19,2440635608775.0,1706000180350.0,53255879511,37275866671,26904708078,4.42,6.13,117.01,115.25,12.51
399006.SZ,2015/5/20,2500240363468.0,1747214420418.0,53696877588,37560253687,27228956869,4.92,6.79,119.87,118.07,12.82
399006.SZ,2015/5/21,2586952626187.0,1810288540157.0,54020877588,37792147441,27431198846,4.76,6.56,124.03,122.16,13.27
399006.SZ,2015/5/22,2579566536035.0,1802417392723.0,55188725142,38501111609,27983377766,5.96,8.2,123.67,121.81,13.24
399006.SZ,2015/5/25,2539801541107.0,1776176606237.0,55648124005,38831474398,28280734197,4.57,6.28,121.77,119.94,13.04
399006.SZ,2015/5/26,2648950586148.0,1852908384470.0,56690677553,39406268432,28719347192,4.77,6.55,127,125.09,13.61
399006.SZ,2015/5/27,2662268103191.0,1864647198684.0,56691056223,39462119816,28724716951,5.05,6.94,127.64,125.72,13.68
399006.SZ,2015/5/28,2522401165125.0,1768201565941.0,56712795922,39486322904,28791808446,5.18,7.1,120.93,119.11,12.95
399006.SZ,2015/5/29,2607668855479.0,1829371380679.0,56736612911,39499352580,28803031303,4.4,6.03,125.02,123.14,13.39
399006.SZ,2015/6/1,2735406074771.0,1921531146262.0,56736612911,39499304452,28808805475,3.97,5.45,131.14,129.17,14.04
399006.SZ,2015/6/2,2864406656291.0,2014644587928.0,57497989207,40225959072,29189584689,4.58,6.32,137.33,135.27,14.72
399006.SZ,2015/6/3,2919305729548.0,2054103151953.0,57497989207,40225959072,29190623791,4.75,6.54,139.96,137.86,15.01
399006.SZ,2015/6/4,2886010574908.0,2032282525380.0,57825376989,40485870962,29302931190,4.5,6.22,138.36,136.29,14.85
399006.SZ,2015/6/5,2850836598641.0,2002631889109.0,57842163669,40485866962,29339671490,4.48,6.18,136.68,134.62,14.64
399006.SZ,2015/6/8,2713438884349.0,1907602820481.0,58576476228,40912233959,29671807791,4.37,6.02,130.09,128.14,13.95
399006.SZ,2015/6/9,2715757683904.0,1908501614174.0,59575775265,41573859799,30245063235,3.91,5.37,130.2,128.25,13.98
399006.SZ,2015/6/10,2813251119855.0,1975260512694.0,60103137287,41904302876,30490511629,4.19,5.76,134.88,132.85,14.49
399006.SZ,2015/6/11,2832025653139.0,1988727385833.0,60570843300,42393555701,30804698054,4.2,5.78,135.78,133.74,14.59
399006.SZ,2015/6/12,2861624981242.0,2009614026801.0,60570843300,42399969704,30804698054,4.24,5.84,137.2,135.13,14.74
399006.SZ,2015/6/15,2712578081636.0,1904660341722.0,60603951408,42409491660,30811962573,4.46,6.14,130.05,128.1,13.91
399006.SZ,2015/6/16,2636915560653.0,1855795748731.0,60947531041,42772082370,30966155824,4.31,5.95,126.42,124.52,13.52
399006.SZ,2015/6/17,2746347070095.0,1931142239148.0,60948618508,42773050609,30966155824,3.98,5.5,131.67,129.69,14.08
399006.SZ,2015/6/18,2574805067170.0,1810522995362.0,61581481514,43387366400,31190492063,3.65,5.07,123.44,121.59,13.2
399006.SZ,2015/6/19,2433544257990.0,1711326300548.0,61898899344,43545374008,31401426225,3.69,5.11,116.67,114.92,12.49
399006.SZ,2015/6/23,2487550246238.0,1752065859480.0,61898899344,43545374008,31407426225,3.75,5.2,119.26,117.47,12.77
399006.SZ,2015/6/24,2481605587107.0,1746951586732.0,61899459344,43545174174,31407226391,3.64,5.04,118.98,117.19,12.75
399006.SZ,2015/6/25,2348883593068.0,1657965625824.0,61901582548,43631886485,31493938702,3.53,4.89,112.61,110.92,12.07
399006.SZ,2015/6/26,2139769465163.0,1513854719889.0,61904976752,43652603084,31507499742,3.35,4.63,102.59,101.05,10.98
399006.SZ,2015/6/29,1972023798105.0,1396304053018.0,61906738303,43678265096,31507499742,3.89,5.39,94.55,93.12,10.12
399006.SZ,2015/6/30,2090507101040.0,1479407210091.0,61756986197,43533230479,31409043747,5.5,7.62,100.23,98.72,10.73
399006.SZ,2015/7/1,2126218569580.0,1461705123035.0,62458776030,43428300835,31159687647,5.32,7.41,94.6,92.22,10.3
399006.SZ,2015/7/2,2044320671301.0,1409514153395.0,62610679036,43699482342,31374415718,4.67,6.5,90.95,88.66,9.83
399006.SZ,2015/7/3,2009167735498.0,1388235686933.0,62610679036,43699482341,31310278076,5.1,7.12,89.39,87.14,9.66
399006.SZ,2015/7/6,1926782398647.0,1331157835908.0,62730757180,43746729954,31506316977,5.41,7.51,85.72,83.57,9.27
399006.SZ,2015/7/7,1817715006487.0,1259316355493.0,62995040048,43888711270,31509991077,2.25,3.14,80.87,78.84,8.75
399006.SZ,2015/7/8,1832861293017.0,1265775323483.0,62998890509,43892561731,31513641538,3.61,5.02,81.54,79.49,8.83
399006.SZ,2015/7/9,1893058955546.0,1303823919352.0,63003430509,43892561731,31513641538,2.13,2.97,84.22,82.1,9.11
399006.SZ,2015/7/10,1975740999262.0,1358760219989.0,63004626509,43892561731,31513641538,1.59,2.21,87.9,85.69,9.51
399006.SZ,2015/7/13,2089016104010.0,1438974148419.0,63015186509,43895677731,31516533138,2.54,3.54,92.94,90.6,10.05
399006.SZ,2015/7/14,2122902576927.0,1462796802060.0,63015186509,43895677731,31516533138,3.54,4.93,94.45,92.07,10.21
399006.SZ,2015/7/15,2013819466847.0,1385376732552.0,63015186509,43895677731,31516255438,5.05,7.04,89.59,87.34,9.69
399006.SZ,2015/7/16,2043313912306.0,1405879419034.0,63015186509,43895677731,31514135438,4.99,6.95,90.91,88.62,9.83
399006.SZ,2015/7/17,2161464110773.0,1489201505595.0,63030087954,43895677731,31513674638,4.64,6.46,96.16,93.74,10.39
399006.SZ,2015/7/20,2207812471255.0,1520873236641.0,63030087954,43907282351,31513674638,5.69,7.92,98.23,95.75,10.61
399006.SZ,2015/7/21,2236816010553.0,1539180941221.0,63145377720,43909824851,31526729049,4.69,6.53,99.52,96.83,10.65
399006.SZ,2015/7/22,2246041590121.0,1546034796343.0,63145377720,43909824851,31526729049,4.81,6.7,99.93,97.23,10.7
399006.SZ,2015/7/23,2304154231524.0,1583735912487.0,63145377720,43909824851,31631622406,4.66,6.47,102.51,99.26,10.97
399006.SZ,2015/7/24,2249338297841.0,1548188695883.0,63183251999,43956684371,31674264387,5.16,7.16,100.07,96.75,10.67
399006.SZ,2015/7/27,2085017050907.0,1436742153472.0,63228523879,43990561189,31745797666,5.24,7.26,92.76,89.38,9.88
399006.SZ,2015/7/28,2008137071279.0,1386157630751.0,63228523879,43990561189,31745797666,5.79,8.03,89.34,86.08,9.52
399006.SZ,2015/7/29,2101511368174.0,1447127422491.0,63322617189,44023797922,31778014399,5.23,7.25,93.5,90.08,9.86
399006.SZ,2015/7/30,2001194822427.0,1377244478905.0,63322617189,44023797922,31778014399,4.57,6.33,89.03,85.78,9.39
399006.SZ,2015/7/31,1985661270009.0,1365498783419.0,63313105285,44023797922,31777630760,3.8,5.26,88.34,85.06,9.31
399006.SZ,2015/8/3,1878130753514.0,1291225519060.0,63313282164,44023974801,31779474060,4.2,5.82,83.56,80.53,8.81
399006.SZ,2015/8/4,1992676900392.0,1370332612907.0,63278663442,44023974801,31732969398,3.99,5.54,88.65,85.43,9.31
399006.SZ,2015/8/5,1958206944196.0,1345991622978.0,63279306322,44024617681,31733612278,4.14,5.75,87.12,83.94,9.14
399006.SZ,2015/8/6,1942819923681.0,1335843388959.0,63323436949,44024623307,31735466264,2.76,3.83,86.44,82.86,9.01
399006.SZ,2015/8/7,2012051857576.0,1373872146749.0,63015742937,43312555212,31735466264,3.59,4.9,89.8,85.99,8.6
399006.SZ,2015/8/10,2120546286171.0,1455975114901.0,63360138281,44037450275,31747868264,4.14,5.75,94.34,90.3,9.01
399006.SZ,2015/8/11,2115867520957.0,1451701043439.0,63363747591,44043644435,31800406225,4.09,5.67,94.13,89.72,8.97
399006.SZ,2015/8/12,2055098911099.0,1408805982639.0,63408127095,44044356485,31711321573,3.15,4.37,91.43,86.66,8.71
399006.SZ,2015/8/13,2103540178344.0,1442507210403.0,63411433867,44056473706,31690198794,3.09,4.3,93.59,88.61,8.91
399006.SZ,2015/8/14,2097838009170.0,1437141561654.0,63411433867,44050935994,31690198794,3.42,4.76,93.33,88.45,8.88
399006.SZ,2015/8/17,2099795853586.0,1433030563205.0,63559263463,44080083657,31561556585,3.06,4.27,93.42,89.02,8.88
399006.SZ,2015/8/18,1976423473160.0,1344529473262.0,63661496438,44079198466,31572876435,4.35,6.07,87.93,83.36,8.35
399006.SZ,2015/8/19,2028854448895.0,1380610453502.0,63661496437,44081704503,31642809912,3.8,5.3,90.26,85.54,8.56
399006.SZ,2015/8/20,1979889560748.0,1346593618464.0,63706110691,44082927453,31642809911,3.4,4.74,88.09,83.21,8.31
399006.SZ,2015/8/21,1837745944199.0,1256010824078.0,63412737917,44085579000,31500915774,2.98,4.17,81.76,76.88,7.7
399006.SZ,2015/8/24,1686686388371.0,1152473498778.0,63419551759,44085579000,31500638007,2.21,3.09,75.04,70.12,7.06
399006.SZ,2015/8/25,1568792785593.0,1064622701194.0,63713630703,44100542715,31470821502,2.73,3.83,69.8,64.93,6.29
399006.SZ,2015/8/26,1492175208104.0,1016037939597.0,63723791846,44229546567,31500612584,4.37,6.14,66.39,58.19,5.91
399006.SZ,2015/8/27,1547617814770.0,1053239057334.0,63723791846,44229314742,31579090814,4.05,5.67,68.85,60.36,6.13
399006.SZ,2015/8/28,1646244617444.0,1120711994187.0,63723791846,44229389615,31582314097,4.31,6.03,73.24,64.45,6.52
399006.SZ,2015/8/31,1580947500418.0,1076508057365.0,63724050412,44229502659,31582187397,3.27,4.58,70.34,61.83,6.26
399006.SZ,2015/9/1,1495701529618.0,1017353979634.0,64618725230,44942178836,31853329790,3.14,4.42,66.54,58.5,5.91
399006.SZ,2015/9/2,1468122907536.0,9.98051E+11,64618725230,44941053086,31851517890,3.84,5.42,65.32,57.42,5.8
399006.SZ,2015/9/7,1496482627756.0,1018181318557.0,64619764730,44943732586,31846826562,3.69,5.2,66.58,58.53,5.91
399006.SZ,2015/9/8,1582243535540.0,1075129521705.0,64619807075,44941575671,31844669647,3.52,4.97,70.39,61.88,6.25
399006.SZ,2015/9/9,1636834788523.0,1112924395927.0,64620167075,44945477751,31848571727,4.9,6.92,72.82,64.02,6.46
399006.SZ,2015/9/10,1613614465354.0,1097362254366.0,64620167075,44950560871,31853819097,3.2,4.52,71.79,63.11,6.88
399006.SZ,2015/9/11,1626657102299.0,1107032980395.0,64620167075,44950545121,31853639097,2.79,3.93,72.37,63.62,6.94
399006.SZ,2015/9/14,1503951515495.0,1023442560595.0,64620167075,44960163895,31863257871,2.86,4.04,66.91,58.82,6.41
399006.SZ,2015/9/15,1421785281894.0,9.65231E+11,64620167075,44960163895,31863257871,2.81,3.97,63.26,55.61,6.06
399006.SZ,2015/9/16,1525855157246.0,1035171746523.0,64620167075,44960163895,31863257871,3.04,4.28,67.89,59.68,6.51
399006.SZ,2015/9/17,1527798376200.0,1038238316483.0,64620167075,44960163895,31863257871,4,5.64,67.97,59.75,6.51
399006.SZ,2015/9/18,1565795392921.0,1065851517758.0,65721259470,45821926975,32628593165,3.16,4.44,69.66,61.24,6.68
399006.SZ,2015/9/21,1641239455626.0,1117010879767.0,66298295729,46309455865,33008981131,3.7,5.19,73.02,64.19,7
399006.SZ,2015/9/22,1644621316956.0,1116962142706.0,66415109271,46309373515,33008898806,3.95,5.55,73.17,64.32,7.01
399006.SZ,2015/9/23,1642636119468.0,1116940323942.0,66985316676,46636863827,33285869118,3.2,4.48,73.08,64.24,7
399006.SZ,2015/9/24,1663917235751.0,1133429446087.0,66869451213,46636796500,33279856954,3.76,5.27,74.03,65.08,7.09
399006.SZ,2015/9/25,1592916545760.0,1086729808742.0,67155268070,46858542690,33443035069,3.31,4.64,70.87,62.3,6.79
399006.SZ,2015/9/28,1677512017103.0,1140993723132.0,67325806306,46906292015,33452409879,3.05,4.28,74.63,65.61,7.04
399006.SZ,2015/9/29,1656265459948.0,1127465504922.0,67465697827,46995434050,33505221929,3.24,4.54,73.69,64.78,6.95
399006.SZ,2015/9/30,1645793326573.0,1120013324883.0,67491101527,46991278096,33517353973,2.42,3.39,73.22,64.37,6.91
399006.SZ,2015/10/8,1751865437258.0,1183992189670.0,67472233659,47241521718,33912865990,3.57,4.98,79.05,69.78,7.49
399006.SZ,2015/10/9,1772881946091.0,1199202602828.0,68321584482,47591523330,34165192492,3.59,5.01,80,70.62,7.58
399006.SZ,2015/10/12,1856549486750.0,1253550425620.0,68321584482,47591523330,34165192492,4.49,6.25,83.77,73.95,7.93
399006.SZ,2015/10/13,1878118908199.0,1267050145244.0,68321584482,47591523330,34165192492,3.76,5.24,84.75,74.67,8.02
399006.SZ,2015/10/14,1850858956069.0,1246320561227.0,69257584482,48272692406,34784577688,3.69,5.12,83.52,73.58,7.91
399006.SZ,2015/10/15,1928682616211.0,1298266462401.0,69261010606,48249340724,34784577688,4.35,6.04,87.03,76.73,8.24
399006.SZ,2015/10/16,1962628660858.0,1321158957557.0,69269835506,48249340724,34760325003,4.59,6.37,88.56,78.08,8.38
399006.SZ,2015/10/19,1954537392724.0,1312470636946.0,69269835506,48249340724,34760325003,4.18,5.8,88.19,77.8,8.34
399006.SZ,2015/10/20,2016738157588.0,1351617981350.0,69269835506,48248794515,34793120953,4.37,6.06,91,79.98,8.6
399006.SZ,2015/10/21,1885994477808.0,1263307916534.0,69269835506,48253216515,34797542953,5.5,7.62,85.1,74.88,8.04
399006.SZ,2015/10/22,1978317135748.0,1323778606684.0,69269835506,48253216515,34804751419,4.58,6.35,89.27,76.82,8.39
399006.SZ,2015/10/23,2040616891479.0,1365222867652.0,69269835506,48253216515,34783959478,5.24,7.26,92.08,78.38,8.63
399006.SZ,2015/10/26,2029840797621.0,1359831767397.0,69269835506,48253216515,34828769103,5.11,7.08,91.59,78.12,8.55
399006.SZ,2015/10/27,2058288162706.0,1378185786042.0,69269835506,48253216515,34858095406,4.34,6.01,92.88,76.21,8.65
399006.SZ,2015/10/28,1995251100027.0,1336567614218.0,69269835506,48254611408,34932469232,3.94,5.44,90.03,73.6,8.38
399006.SZ,2015/10/29,1998404362956.0,1335768509994.0,69365865506,48292404800,34985919682,2.91,4.02,90.17,73.69,8.39
399006.SZ,2015/10/30,1995504332130.0,1332470730664.0,69365865506,48294579800,34939748622,3.6,4.98,90.04,73.59,8.38
399006.SZ,2015/11/2,1963234422915.0,1307548793326.0,69365865506,48294579800,34942508079,3.28,4.53,88.59,72.4,8.25
399006.SZ,2015/11/3,1961210990905.0,1304821122679.0,69365865506,48294579800,34941192099,2.83,3.91,88.49,72.33,8.24
399006.SZ,2015/11/4,2082952494409.0,1386799256273.0,69841096006,48769810300,35262392099,4.68,6.47,93.99,76.82,8.75
399006.SZ,2015/11/5,2070551333375.0,1377540669442.0,70454125462,49104838306,35539615125,5.26,7.26,93.43,76.36,8.67
399006.SZ,2015/11/6,2149359524843.0,1430759014983.0,70456411462,49107124306,35541901125,4.92,6.79,96.98,79.27,9
399006.SZ,2015/11/9,2199646091528.0,1464172656469.0,70456411462,49107995906,35542772725,5.25,7.26,99.25,81.12,9.21
399006.SZ,2015/11/10,2217121479508.0,1478810161310.0,70457450062,49158108813,35579437773,4.92,6.79,100.04,81.77,9.28
399006.SZ,2015/11/11,2268347185927.0,1508988952130.0,70457450062,49158108813,35579437773,5.63,7.77,102.35,83.66,9.5
399006.SZ,2015/11/12,2253246618386.0,1497690631129.0,70457450062,49158036888,35579365848,5.76,7.96,101.67,83.1,9.44
399006.SZ,2015/11/13,2187563808421.0,1458125092816.0,70459019562,49159207913,35580935348,5.09,7.03,98.71,80.68,9.16
399006.SZ,2015/11/16,2252372912858.0,1503677142400.0,70459019562,49175362692,35608076941,4.27,5.89,101.63,83.07,9.43
399006.SZ,2015/11/17,2187124178641.0,1461617323003.0,70459019562,49180900392,35613216166,5.72,7.9,98.69,80.66,9.16
399006.SZ,2015/11/18,2144519498706.0,1433154240822.0,70460264988,49182013368,35613147916,3.99,5.52,96.77,79.09,8.98
399006.SZ,2015/11/19,2236840504042.0,1492037724510.0,70514612814,49181099723,35612234271,4.59,6.34,100.93,82.49,9.25
399006.SZ,2015/11/20,2258182858040.0,1509032611473.0,70551157559,49249045036,35681360810,5.87,8.1,101.9,83.28,9.31
399006.SZ,2015/11/23,2424502194760.0,1513567411378.0,74083900796,49574735250,36002977219,5.21,7.18,97.7,72.74,9.24
399006.SZ,2015/11/24,2471956118466.0,1538117607366.0,74091618196,49585059956,36013301925,3.93,5.41,99.61,74.16,9.42
399006.SZ,2015/11/25,2535474809716.0,1581099052368.0,73982328582,49581490063,36009732032,4.98,6.86,102.17,76.07,9.66
399006.SZ,2015/11/26,2481148000405.0,1547093545532.0,74009812515,49581490065,36009732034,4.79,6.6,99.98,74.44,9.43
399006.SZ,2015/11/27,2326140754289.0,1449004226938.0,74125096129,49581796066,36010038035,4.92,6.78,93.73,69.79,8.77
399006.SZ,2015/11/30,2338537981253.0,1462534430228.0,74125096129,49586933810,36015175779,4.48,6.17,94.23,70.16,8.82
399006.SZ,2015/12/1,2325419486065.0,1454525946051.0,74152941164,49586933810,36015175779,3.45,4.75,93.7,69.77,8.76
399006.SZ,2015/12/2,2289212430876.0,1431329157511.0,74152941164,49590514577,36011385718,3.21,4.42,92.25,68.68,8.63
399006.SZ,2015/12/3,2374747489477.0,1483609358540.0,74152941164,49589698652,36017940621,3.44,4.74,95.69,71.25,8.95
399006.SZ,2015/12/4,2365362330433.0,1476259709897.0,74176218655,49619561229,36047803198,3.6,4.95,95.31,70.97,8.89
399006.SZ,2015/12/7,2402975037629.0,1503999861248.0,74178936211,49621422315,36049664284,3.31,4.55,96.83,72.09,9.03
399006.SZ,2015/12/8,2358715176121.0,1490284331321.0,74178936211,50023408190,36451650159,3.74,5.13,95.05,70.77,8.86
399006.SZ,2015/12/9,2336222333267.0,1478311347705.0,74178936211,50024510477,36452752446,3.23,4.43,94.14,70.09,8.77
399006.SZ,2015/12/10,2363382227759.0,1494036534216.0,74178936211,50024510477,36452752446,3.26,4.48,95.23,70.91,8.88
399006.SZ,2015/12/11,2339315180184.0,1479426549858.0,74178936211,50024510477,36452752446,2.73,3.74,94.26,70.19,8.79
399006.SZ,2015/12/14,2373231731801.0,1501490998585.0,74272218011,50024268953,36452510922,2.68,3.67,95.63,71.2,8.86
399006.SZ,2015/12/15,2405920853290.0,1523277199947.0,74273912161,50029501901,36455897472,2.89,3.97,96.95,72.18,8.98
399006.SZ,2015/12/16,2424708469639.0,1534084991642.0,74295825642,50093221217,36519616788,3.01,4.13,97.71,72.75,9.03
399006.SZ,2015/12/17,2487868811334.0,1575821378358.0,74295825642,50092984892,36519616788,4,5.49,100.25,74.64,9.27
399006.SZ,2015/12/18,2481638282215.0,1574515779512.0,74295825642,50097108701,36523640597,3.56,4.88,100,74.46,9.24
399006.SZ,2015/12/21,2486674623454.0,1573340700507.0,74412177594,50093802625,36521284574,2.98,4.09,100.2,74.61,9.2
399006.SZ,2015/12/22,2493315350941.0,1576873269899.0,74412177594,50093802625,36521284574,2.62,3.6,100.47,74.81,9.22
399006.SZ,2015/12/23,2447702244285.0,1547369879323.0,74412177594,50093802625,36521284574,3.24,4.45,98.63,73.44,9.05
399006.SZ,2015/12/24,2455358325108.0,1553300378643.0,74412485394,50069983167,36497465116,2.64,3.63,98.94,73.67,9.08
399006.SZ,2015/12/25,2457573284574.0,1552662485867.0,74602948185,50069983167,36497465116,2.43,3.33,99.03,73.73,9.02
399006.SZ,2015/12/28,2408805764912.0,1519866427959.0,74756734493,50069983167,36497465116,3.1,4.25,97.06,72.27,8.7
399006.SZ,2015/12/29,2420783345899.0,1526604897176.0,74756734493,50054664187,36482146136,2.55,3.5,97.55,72.63,8.74
399006.SZ,2015/12/30,2444762779608.0,1543385876111.0,74756734493,50054664187,36482146136,2.7,3.7,98.51,73.35,8.83
399006.SZ,2015/12/31,2391905878222.0,1507251773137.0,74771543244,50054297278,36481779227,2.59,3.55,96.38,71.76,8.63
399006.SZ,2016/1/4,2239323358495.0,1404552308672.0,75820746621,50456235569,36623329823,2.43,3.34,91.26,67.15,7.98
399006.SZ,2016/1/5,2180985773676.0,1361905605892.0,75820746621,50456235569,36623329823,3.62,4.99,88.88,65.4,7.77
399006.SZ,2016/1/6,2238036214431.0,1391704015209.0,75820746621,50456235569,36623271623,2.81,3.88,91.21,67.11,7.97
399006.SZ,2016/1/7,2044889358869.0,1270949099126.0,75820746621,50456235569,36621896623,0.77,1.06,83.34,61.32,7.28
399006.SZ,2016/1/8,2055980897100.0,1269794181486.0,75820746621,50456549444,36622210498,3.27,4.51,83.79,61.65,7.32
399006.SZ,2016/1/11,1939551271572.0,1189272511065.0,75911143019,50456549444,36620569214,3.01,4.15,79.04,58.16,6.88
399006.SZ,2016/1/12,1971963344181.0,1212584867978.0,75911143019,50463883739,36626651189,2.85,3.93,80.37,59.13,6.99
399006.SZ,2016/1/13,1890474701832.0,1161020686368.0,75910644325,50464054537,36626821987,2.47,3.4,77.04,56.69,6.7
399006.SZ,2016/1/14,1991768334979.0,1225457468352.0,75910644325,50477932439,36640699889,3.1,4.27,81.17,59.73,7.06
399006.SZ,2016/1/15,1930260949757.0,1189044544901.0,75910644325,50477932439,36640099889,3.15,4.34,78.67,57.88,6.84
399006.SZ,2016/1/18,1978415603133.0,1224790396269.0,75970439402,50512138037,36664958363,3.22,4.44,80.63,59.32,7.01
399006.SZ,2016/1/19,2034857667449.0,1262909995024.0,75974375402,50512138037,36664958363,3.5,4.83,82.93,60.98,7.21
399006.SZ,2016/1/20,2005558871669.0,1243904840771.0,75974375402,50615365635,36664958363,3.05,4.21,81.73,60.1,7.1
399006.SZ,2016/1/21,1930096836538.0,1191503981182.0,76175554107,50615365635,36780885961,2.95,4.06,78.66,57.81,6.78
399006.SZ,2016/1/22,1959457227378.0,1212681195457.0,76175554107,50615365635,36780885961,2.69,3.7,79.86,58.69,6.89
399006.SZ,2016/1/25,1968242774554.0,1217538237287.0,76235339254,50613610635,36779130961,2.24,3.08,80.21,58.95,6.89
399006.SZ,2016/1/26,1829602224427.0,1125893458512.0,76235618954,50663291319,36828811645,2.64,3.63,74.56,54.8,6.42
399006.SZ,2016/1/27,1831717428809.0,1127003829151.0,76351092395,50664003193,36835295719,3.14,4.32,74.65,54.86,6.39
399006.SZ,2016/1/28,1754393930621.0,1075272044922.0,76353694966,50665893463,36841234989,2.26,3.11,71.5,52.54,6.2
399006.SZ,2016/1/29,1829190971381.0,1125811037804.0,76387494966,50708202343,36872888981,2.53,3.47,74.55,54.78,6.46
399006.SZ,2016/2/1,1831233512956.0,1125953780221.0,76388754048,50716181072,36880867710,2.2,3.02,74.63,54.85,6.47
399006.SZ,2016/2/2,1899659140254.0,1172341648355.0,76388754048,50725818971,36885830344,2.62,3.6,77.42,56.89,6.71
399006.SZ,2016/2/3,1907686325241.0,1181581266846.0,76422379197,50726012721,36885324094,2.38,3.28,77.39,56.86,6.7
399006.SZ,2016/2/4,1940563278286.0,1203856067961.0,76422254101,50783497177,36906607741,2.59,3.56,78.72,57.84,6.81
399006.SZ,2016/2/5,1918104072098.0,1187687315656.0,76455724101,50791109200,36914219764,1.78,2.46,75.08,56.45,6.64
399006.SZ,2016/2/15,1930037138137.0,1199595926511.0,76455724101,50845119016,36919620960,1.99,2.74,75.55,56.8,6.68
399006.SZ,2016/2/16,2005324138121.0,1246754656238.0,76455724101,50851116695,36925618639,2.74,3.77,78.5,59.02,6.94
399006.SZ,2016/2/17,2024295226726.0,1254034899309.0,76455724101,50851116695,36925618639,2.87,3.96,79.24,59.56,7
399006.SZ,2016/2/18,2001564181332.0,1239711039551.0,76455724101,50851116695,36925618639,2.76,3.8,78.35,58.94,6.92
399006.SZ,2016/2/19,2017785955026.0,1251778109129.0,76455724101,50851116695,36925618639,2.64,3.63,78.98,59.39,6.98
399006.SZ,2016/2/22,2046325750447.0,1271709571448.0,76455724101,50851116695,36919518639,2.97,4.09,80.1,60,7.07
399006.SZ,2016/2/23,2020300784847.0,1256737849380.0,76456545766,50851756216,36904486760,2.74,3.77,78.79,59.17,6.95
399006.SZ,2016/2/24,2018092388431.0,1251208030402.0,76456545766,50926133572,36978864116,2.53,3.48,78.7,59.1,6.94
399006.SZ,2016/2/25,1868795141916.0,1155079083560.0,76457155688,50927777144,36980087288,3,4.14,72.88,53.92,6.4
399006.SZ,2016/2/26,1855202347587.0,1142168748638.0,76457155688,50927797877,36980108021,2.43,3.34,72.35,53.51,6.34
399006.SZ,2016/2/29,1755250873145.0,1068002960793.0,76556339511,51009455843,37060964475,2.6,3.57,67.59,48.7,5.89
399006.SZ,2016/3/1,1806479296396.0,1098130454935.0,76574758172,50978786661,37061026798,2.64,3.63,69.43,50.09,6.05
399006.SZ,2016/3/2,1878753568360.0,1145300825660.0,76574758172,50978858911,37027175293,3.32,4.58,71.85,52.09,6.3
399006.SZ,2016/3/3,1864826748658.0,1139967444281.0,76574758172,50978858911,37027175293,3.3,4.54,71.32,51.71,6.25
399006.SZ,2016/3/4,1785571696184.0,1083070960797.0,76583878675,50994333581,37034659761,2.98,4.11,68.28,49.51,5.99
399006.SZ,2016/3/7,1828451043566.0,1109192291175.0,76583878675,50994333581,37107170356,2.28,3.13,69.92,50.7,6.13
399006.SZ,2016/3/8,1865429263957.0,1138201040702.0,76605518275,51014486456,37127323231,3.06,4.21,71.34,51.72,6.25
399006.SZ,2016/3/9,1830500787519.0,1119636987724.0,76605291401,51013450220,37126286995,2.61,3.58,70,50.76,6.14
399006.SZ,2016/3/10,1804286939216.0,1100501618002.0,76605291401,51015942720,37128779495,2.06,2.83,68.78,50.03,6.05
399006.SZ,2016/3/11,1806022954332.0,1100449752751.0,77088481887,51245452043,37349274084,1.66,2.27,68.72,50.07,6.06
399006.SZ,2016/3/14,1885072178890.0,1150482936554.0,77088481887,51245452043,37371824646,3.15,4.32,71.73,52.27,6.26
399006.SZ,2016/3/15,1858672136704.0,1135775124286.0,77113173765,51269830913,37393946524,2.37,3.25,69.73,51.54,6.16
399006.SZ,2016/3/16,1837958103139.0,1124955305153.0,77113147050,51269609823,37393412166,2.38,3.27,68.08,50.97,6.08
399006.SZ,2016/3/17,1935847234057.0,1187326792587.0,77120016359,51277100250,37400792593,4.11,5.63,71.7,53.68,6.41
399006.SZ,2016/3/18,2017035815397.0,1242685926101.0,77197929565,51361986333,37485678676,4.98,6.83,74.13,55.94,6.64
399006.SZ,2016/3/21,2060686478689.0,1270361898298.0,77198791477,51353299083,37476991426,4.97,6.82,71.33,57.16,6.79
399006.SZ,2016/3/22,2061227448341.0,1266812093792.0,77198791477,51353299083,37476991426,4.1,5.62,70.43,57.17,6.78
399006.SZ,2016/3/23,2095875222751.0,1287703943306.0,77205373450,51379658836,37503126179,3.71,5.08,71.37,58.12,6.9
399006.SZ,2016/3/24,2061344112823.0,1265891490010.0,77208537291,51398595197,37530076796,4.16,5.7,70,57.17,6.79
399006.SZ,2016/3/25,2060549430889.0,1263800073806.0,77814537828,51626518800,37600222605,2.94,4.03,69.2,57.13,6.69
399006.SZ,2016/3/28,2046823529337.0,1259493622238.0,77814537828,51835849867,37659336905,3.14,4.32,68.71,56.76,6.64
399006.SZ,2016/3/29,2008592412320.0,1232396538343.0,77818150795,51839713438,37659823972,2.73,3.76,66.9,55.68,6.52
399006.SZ,2016/3/30,2092234530598.0,1287691184985.0,77822556115,51843180743,37662435142,3.36,4.62,70.38,58.01,6.79
399006.SZ,2016/3/31,2080982385032.0,1294032336021.0,77823944115,51965517947,37763212324,3.49,4.8,68.42,57.83,6.72
399006.SZ,2016/4/1,2115136387475.0,1298239623583.0,79089767991,51894982119,37685987939,3.03,4.17,69.26,58.5,6.86
399006.SZ,2016/4/5,2182227536633.0,1342077929142.0,79589751099,52177118581,37902560374,3.79,5.21,71.46,60.36,7.08
399006.SZ,2016/4/6,2201203003765.0,1353610483660.0,79589755959,52177093366,37902535159,4.01,5.52,71.69,60.89,7.14
399006.SZ,2016/4/7,2153039142759.0,1325072570488.0,79589755959,52176642266,37902084059,3.89,5.36,70.13,59.56,6.99
399006.SZ,2016/4/8,2143685819232.0,1315111499375.0,79598438143,52181057430,37931169245,3.44,4.73,69.86,59.28,6.95
399006.SZ,2016/4/11,2187809930610.0,1348342824122.0,79598438143,52347630498,38100616679,3.81,5.24,70.21,60.5,7.07
399006.SZ,2016/4/12,2161755331546.0,1336743885050.0,80449574913,53109831078,38646162991,3.22,4.42,68.8,59.81,6.98
399006.SZ,2016/4/13,2187447639128.0,1354338622547.0,80449574913,53129807118,38649252920,4.1,5.63,69.66,60.52,7.06
399006.SZ,2016/4/14,2217240508949.0,1373115267622.0,80449574913,53129707201,38649252920,3.45,4.74,72.08,61.35,7.16
399006.SZ,2016/4/15,2203233572426.0,1363635732819.0,80449574913,53084646959,38895074504,2.74,3.73,70.86,60.88,7.12
399006.SZ,2016/4/18,2167939988786.0,1339154864180.0,82796506554,54577087549,40020450572,2.62,3.58,62.54,60.09,7.01
399006.SZ,2016/4/19,2171582609863.0,1333606726264.0,83189220456,54650645317,40179312342,2.38,3.24,61.77,60.27,7.03
399006.SZ,2016/4/20,2051321688180.0,1254653632696.0,83189449731,54543615729,39924936720,3.97,5.43,58.2,56.68,6.64
399006.SZ,2016/4/21,2021468752929.0,1234166568321.0,83243323555,54698977211,39924936718,2.34,3.2,57.12,55.75,6.54
399006.SZ,2016/4/22,2045986851133.0,1249523876021.0,83243520135,54696812208,39948471708,1.91,2.62,57.61,52.54,6.54
399006.SZ,2016/4/25,2038824287898.0,1243086665630.0,83243520135,54697237321,39780041438,1.75,2.4,55.99,52.14,6.48
399006.SZ,2016/4/26,2065469142753.0,1260241605131.0,83246386442,54700721709,39780041438,1.63,2.24,57.68,52.36,6.54
399006.SZ,2016/4/27,2057608726446.0,1255174816600.0,83686717530,54872654646,39901619859,1.91,2.63,57.08,51.51,6.44
399006.SZ,2016/4/28,2064938816403.0,1260043437865.0,83687327530,54874357995,39901619859,1.84,2.54,57.08,52.26,6.48
399006.SZ,2016/4/29,2049975569788.0,1250087429945.0,83687327530,54860793807,39901619859,1.46,2.01,56.53,52.14,6.43
399006.SZ,2016/5/3,2124861142255.0,1296428454453.0,85079053843,55811016571,39901619859,2.61,3.65,60.23,54.03,6.66
399006.SZ,2016/5/4,2121243746182.0,1295569440795.0,85209053843,55941016571,39903323208,2.44,3.43,60.13,53.94,6.6
399006.SZ,2016/5/5,2134494216593.0,1303054766656.0,85208975354,55942515908,39983120983,1.93,2.7,60.5,54.28,6.65
399006.SZ,2016/5/6,2056098024724.0,1251499869022.0,85371386464,56075060192,40079423270,2.86,4.01,58.28,52.28,6.33
399006.SZ,2016/5/9,1982487738430.0,1206784860151.0,85614361576,56274856051,40290328132,2.17,3.04,56.19,50.41,6.11
399006.SZ,2016/5/10,1975189811147.0,1207674525468.0,86584742459,56865085666,40608684297,1.35,1.89,55.99,50.23,6.09
399006.SZ,2016/5/11,1969302217526.0,1196593328238.0,86638583383,56865085666,41599707717,1.65,2.26,55.82,50.08,6.07
399006.SZ,2016/5/12,1962968946477.0,1195865269227.0,86706283214,56876830683,41611452734,1.61,2.21,55.64,49.92,6.04
399006.SZ,2016/5/13,1954563306637.0,1190081022796.0,87664024545,57395861798,41857727569,1.45,1.98,55.4,49.7,6.01
399006.SZ,2016/5/16,1991553779931.0,1209607886701.0,89586695250,58365906379,42666421878,1.61,2.21,56.45,50.64,6.13
399006.SZ,2016/5/17,2011186858620.0,1222599232755.0,90398048705,58774233562,42984148257,2.3,3.15,57.01,51.14,6.12
399006.SZ,2016/5/18,1949098053290.0,1186422273850.0,91193300281,59398169219,43417711798,2.07,2.83,55.25,49.56,5.91
399006.SZ,2016/5/19,1963752887090.0,1196950903570.0,91193300281,59417736081,43457328660,2.07,2.84,55.66,49.94,5.95
399006.SZ,2016/5/20,1991073216952.0,1213802899801.0,92231821566,60187757925,43960958461,1.73,2.37,56.44,50.63,6.04
399006.SZ,2016/5/23,2023385353587.0,1233976870893.0,93941829293,61717499529,44517175347,2.26,3.13,57.35,51.45,6.14
399006.SZ,2016/5/24,2003548097970.0,1221911038266.0,94994299911,62572002931,45178967140,1.97,2.73,56.79,50.95,6.08
399006.SZ,2016/5/25,1996301651213.0,1217235284337.0,95374444806,62797301724,45361638466,2.12,2.93,56.59,50.76,6.06
399006.SZ,2016/5/26,2013723577940.0,1228325258717.0,95374444806,62797044824,45368481556,2.14,2.96,57.08,51.21,6.12
399006.SZ,2016/5/27,2005407706949.0,1219478450951.0,95374444806,62797044824,45368954256,1.88,2.6,56.84,51,6.09
399006.SZ,2016/5/30,1991623253679.0,1210557113067.0,95375523353,62797933591,45395753023,1.75,2.41,56.45,50.64,6.05
399006.SZ,2016/5/31,2087302730205.0,1270168445850.0,95375523353,62804038091,45401857523,3.42,4.73,59.17,53.08,6.34
399006.SZ,2016/6/1,2098533414093.0,1276467031628.0,96100572829,62873628803,45471448235,3.21,4.44,59.48,53.36,6.41
399006.SZ,2016/6/2,2115145358551.0,1287644038023.0,96100747532,62874264156,45477700766,2.59,3.58,59.95,53.79,6.46
399006.SZ,2016/6/3,2130809276782.0,1297178662698.0,96100971226,62874767850,45478204460,3.65,5.05,60.4,54.18,6.51
399006.SZ,2016/6/6,2125566245217.0,1293464585797.0,96180986421,62874783045,45478219655,2.59,3.57,60.25,54.05,6.47
399006.SZ,2016/6/7,2123779026607.0,1292598067180.0,96181008021,62874804645,45496295200,2.3,3.17,60.2,54.01,6.47
399006.SZ,2016/6/8,2109069542961.0,1286129314249.0,96189988021,62874804645,45512095200,2.4,3.31,59.78,53.63,6.42
399006.SZ,2016/6/13,1981580034157.0,1209138490203.0,96189988021,62939209538,45558403610,2.92,4.03,56.17,50.39,6.03
399006.SZ,2016/6/14,1983687738397.0,1211164886992.0,96189988021,62939209538,45558403610,2.02,2.79,56.23,50.44,6.04
399006.SZ,2016/6/15,2050163884435.0,1251710198544.0,96160463431,62939209538,45588880194,2.82,3.9,58.11,52.13,6.24
399006.SZ,2016/6/16,2023280552428.0,1235916092142.0,96156449140,62937884564,45574824980,2.71,3.75,57.35,51.45,6.16
399006.SZ,2016/6/17,2045747607275.0,1251604421167.0,96249358740,63031353502,45684893918,2.48,3.42,57.99,52.02,6.18
399006.SZ,2016/6/20,2042526623483.0,1249413131626.0,96249150463,63033495862,45687036278,1.89,2.61,57.9,51.94,6.17
399006.SZ,2016/6/21,2015763662561.0,1234367150539.0,97703552311,63196363991,45849560707,2.54,3.5,57.14,51.26,6.1
399006.SZ,2016/6/22,2063671123304.0,1264561208790.0,97705695570,63197921054,45851117770,2.25,3.1,58.5,52.48,6.25
399006.SZ,2016/6/23,2056144779704.0,1259702548055.0,98583676317,63883952779,46381782551,2.64,3.63,58.28,52.29,6.23
399006.SZ,2016/6/24,2044785511752.0,1253996550721.0,98583676317,63883952779,46387782551,3.12,4.29,57.96,52,6.2
399006.SZ,2016/6/27,2103185219013.0,1291174955087.0,98583676317,63883952779,46387782551,3.29,4.53,59.62,53.48,6.38
399006.SZ,2016/6/28,2129275690647.0,1307590776661.0,98585390088,63885541305,46386975347,3.63,5,60.35,54.15,6.46
399006.SZ,2016/6/29,2124077208117.0,1305005839778.0,98614966088,63903864277,46429213606,2.89,3.97,60.21,54.01,6.44
399006.SZ,2016/6/30,2138749609632.0,1322996800165.0,98621436971,64065364944,46596714273,2.8,3.85,60.62,54.39,6.48
399006.SZ,2016/7/1,2201768493755.0,1344935050406.0,98430960138,63030762823,46036863318,2.33,3.19,62.21,55.62,6.64
399006.SZ,2016/7/4,2236520658687.0,1367129150471.0,98430960138,63030762823,46036863318,2.82,3.86,63.19,56.5,6.74
399006.SZ,2016/7/5,2232483956900.0,1365964562103.0,98431516432,63013058474,46044787652,2.56,3.51,63.08,56.4,6.73
399006.SZ,2016/7/6,2233919627134.0,1363822907808.0,98431516432,63013058474,46048987652,2.18,2.98,63.12,56.43,6.73
399006.SZ,2016/7/7,2227107109001.0,1361365110639.0,98468528502,63031740277,46067669455,2.66,3.65,62.93,56.26,6.71
399006.SZ,2016/7/8,2237142900482.0,1362993827208.0,98744370725,63031740277,46076041042,2.47,3.38,63.21,56.51,6.66
399006.SZ,2016/7/11,2216166289460.0,1350562514853.0,98744370725,63035364024,46079664789,2.61,3.58,62.62,55.98,6.6
399006.SZ,2016/7/12,2246491223738.0,1367557511289.0,98745550925,63038194373,46082495138,2.96,4.05,63.47,56.75,6.69
399006.SZ,2016/7/13,2285578820822.0,1390527138223.0,98868973992,63038448197,46082748962,3.75,5.13,64.58,57.74,6.76
399006.SZ,2016/7/14,2297778667742.0,1396139118077.0,98874724492,63038448197,46097748962,3.19,4.36,64.92,58.04,6.8
399006.SZ,2016/7/15,2273792083208.0,1378987961560.0,99728423946,63348666196,46474517004,2.79,3.8,64.24,57.44,6.73
399006.SZ,2016/7/18,2263111087544.0,1371759162510.0,99866545492,63350619946,46526970754,2.26,3.08,63.94,57.17,6.7
399006.SZ,2016/7/19,2282416559042.0,1386164908857.0,99866545492,63350619946,46536970754,2.41,3.28,64.49,57.66,6.76
399006.SZ,2016/7/20,2277453310188.0,1382767125803.0,99865890292,63350619946,46536961554,2.36,3.21,64.35,57.53,6.74
399006.SZ,2016/7/21,2274517788045.0,1381284019345.0,99865890292,63353799786,46540141395,2.3,3.13,64.27,57.46,6.73
399006.SZ,2016/7/22,2257885154717.0,1375886871322.0,99866008035,63492684505,46554710982,2.13,2.9,63.8,57.04,6.68
399006.SZ,2016/7/25,2253242286254.0,1373681989077.0,99730048395,63505088549,46567015026,1.95,2.66,63.66,56.92,6.67
399006.SZ,2016/7/26,2286282086417.0,1394137965452.0,99868169941,63516806506,46578732983,1.96,2.67,64.6,57.75,6.77
399006.SZ,2016/7/27,2162440084755.0,1318758029198.0,99869355299,63526316459,46588242936,3.5,4.78,61.1,54.55,6.35
399006.SZ,2016/7/28,2147838680253.0,1308787605289.0,99869105799,63524979959,46586906436,2.25,3.07,60.69,54.19,6.31
399006.SZ,2016/7/29,2132057610890.0,1298572451223.0,99873216689,63528456530,46590383007,1.61,2.19,60.24,53.58,6.25
399006.SZ,2016/8/1,2109363653177.0,1284769492374.0,99873216689,63528456533,46553125076,1.74,2.37,59.6,53.95,6.18
399006.SZ,2016/8/2,2123347101398.0,1293184004240.0,99870207763,63514853956,46539522499,1.19,1.62,59.99,53.97,6.22
399006.SZ,2016/8/3,2118661529177.0,1290515619642.0,99870207763,63514729730,46539398273,1.23,1.68,59.86,53.79,6.2
399006.SZ,2016/8/4,2137464419746.0,1303817585170.0,99870207763,63544505949,46560023074,1.43,1.96,60.39,54.26,6.25
399006.SZ,2016/8/5,2120664302301.0,1291778372694.0,99870207763,63556643792,46572160917,1.26,1.72,59.92,53.84,6.21
399006.SZ,2016/8/8,2144406507425.0,1304776086315.0,99976850731,63589056461,46604573586,1.32,1.79,60.59,54.44,6.19
399006.SZ,2016/8/9,2169383141950.0,1319560967073.0,1.0002E+11,63598356891,46635473682,1.62,2.21,61.29,54.82,6.26
399006.SZ,2016/8/10,2154252583866.0,1309567738832.0,1.00026E+11,63602645882,46657029362,1.46,1.99,60.87,53.96,6.24
399006.SZ,2016/8/11,2120301947849.0,1289299690327.0,1.00026E+11,63602645882,46657029362,1.35,1.83,59.91,53.11,6.14
399006.SZ,2016/8/12,2137990281091.0,1301944227537.0,99983637638,63602442764,46656826244,1.16,1.59,60.41,53.56,6.19
399006.SZ,2016/8/15,2206353606226.0,1343814821917.0,1.00027E+11,63602805753,46651946271,2.81,3.84,62.34,55.16,6.35
399006.SZ,2016/8/16,2212470211254.0,1347907300961.0,1.00027E+11,63597934652,46647075170,2.21,3.01,62.51,55.36,6.31
399006.SZ,2016/8/17,2219001497919.0,1353509448973.0,1.00027E+11,63618667636,46647075170,1.94,2.64,62.7,55.52,6.33
399006.SZ,2016/8/18,2211257547952.0,1348707515836.0,1.00027E+11,63533789342,46591069133,1.93,2.63,62.48,55.1,6.3
399006.SZ,2016/8/19,2214284179372.0,1352300464497.0,1.00031E+11,63623044922,46655622874,1.59,2.17,62.56,54.95,6.31
399006.SZ,2016/8/22,2177297367172.0,1330705681038.0,1.00031E+11,63666698159,46667995515,1.75,2.39,61.52,54.06,6.2
399006.SZ,2016/8/23,2185922739525.0,1333246663037.0,1.00038E+11,63623828882,46672002938,1.4,1.9,61.76,54.05,6.19
399006.SZ,2016/8/24,2203098728807.0,1344210621523.0,1.00038E+11,63627429353,46680575316,1.88,2.56,62.25,54.3,6.23
399006.SZ,2016/8/25,2192587107220.0,1343993998751.0,1.00042E+11,63998762605,46932369007,1.93,2.63,61.95,54.05,6.19
399006.SZ,2016/8/26,2201476506317.0,1350271390864.0,1.00042E+11,64000480269,46937086681,1.93,2.63,62.2,50.75,6.07
399006.SZ,2016/8/29,2204233241221.0,1352527579345.0,1.00047E+11,64029509554,46998124447,1.66,2.26,62.28,50.14,6.05
399006.SZ,2016/8/30,2206689074697.0,1354602001790.0,1.00047E+11,64029509554,47030324386,1.44,1.96,62.35,50.2,6.02
399006.SZ,2016/8/31,2202921181415.0,1352256608184.0,1.00047E+11,64029509554,47030324386,1.4,1.9,62.24,50.11,6.01
399006.SZ,2016/9/1,2193546133395.0,1345991078352.0,1.00064E+11,64033302894,47035541780,1.45,1.98,61.98,49.9,5.98
399006.SZ,2016/9/2,2182602810157.0,1339129369306.0,1.00064E+11,64030549074,47171480504,1.59,2.16,61.67,49.65,5.95
399006.SZ,2016/9/5,2192733559333.0,1346776266553.0,1.00064E+11,64030548324,47171479754,1.37,1.86,61.95,49.88,5.98
399006.SZ,2016/9/6,2230400566314.0,1371539582561.0,1.00064E+11,64039486893,47179741234,2.03,2.75,63.02,50.74,6.08
399006.SZ,2016/9/7,2220894494157.0,1366084563944.0,1.00064E+11,64040085567,47181165854,1.89,2.56,62.75,50.52,6.06
399006.SZ,2016/9/8,2231051425069.0,1373912368254.0,1.0006E+11,64043993307,47185073594,1.49,2.02,63.04,50.75,6.09
399006.SZ,2016/9/9,2212391363752.0,1362646780289.0,1.00685E+11,64411640587,47468843754,1.68,2.29,62.51,50.33,6.04
399006.SZ,2016/9/12,2153886148880.0,1328332793920.0,1.00685E+11,64414387574,47468843754,1.93,2.62,60.86,49,5.88
399006.SZ,2016/9/13,2152934215300.0,1327153790304.0,1.00685E+11,64414387574,47468843754,1.31,1.78,60.83,48.98,5.87
399006.SZ,2016/9/14,2152660831097.0,1325379904256.0,1.00685E+11,64414387574,47468843754,1.26,1.71,60.82,48.97,5.87
399006.SZ,2016/9/19,2172856678790.0,1338162567055.0,1.00685E+11,64428229614,47482685794,1.11,1.5,61.39,49.43,5.93
399006.SZ,2016/9/20,2166075020878.0,1334515292999.0,1.00685E+11,64428229614,47482685794,0.97,1.31,61.2,49.27,5.91
399006.SZ,2016/9/21,2168617170534.0,1335652262861.0,1.00685E+11,64428011749,47482467929,1.06,1.44,61.27,49.33,5.92
399006.SZ,2016/9/22,2175106651592.0,1339893985630.0,1.00712E+11,64428011749,47482467929,1.15,1.56,61.46,49.48,5.93
399006.SZ,2016/9/23,2162356010516.0,1332435786899.0,1.01357E+11,64862482906,47784339251,1.1,1.49,61.1,49.19,5.9
399006.SZ,2016/9/26,2127250304370.0,1311405467752.0,1.01357E+11,64862482906,47784339251,1.34,1.81,60.1,48.39,5.8
399006.SZ,2016/9/27,2144732263868.0,1322162769529.0,1.01376E+11,64862482906,47791339251,1.12,1.52,60.6,48.79,5.84
399006.SZ,2016/9/28,2142772245941.0,1321709602488.0,1.01376E+11,64862482906,47797339251,1,1.36,60.54,48.74,5.83
399006.SZ,2016/9/29,2148277656346.0,1326236994407.0,1.01377E+11,64862740881,47797597226,0.97,1.31,60.7,48.87,5.85
399006.SZ,2016/9/30,2154590435405.0,1328596318139.0,1.01481E+11,64879557240,47814413585,0.87,1.18,60.88,49.01,5.83
399006.SZ,2016/10/10,2253914938293.0,1379117813818.0,1.03325E+11,65508154499,48657280950,1.67,2.25,63.8,50.36,5.96
399006.SZ,2016/10/11,2256740963497.0,1380649477676.0,1.03325E+11,65508154499,48657280950,1.34,1.81,63.88,50.34,5.96
399006.SZ,2016/10/12,2257755340802.0,1380405052338.0,1.03325E+11,65508155081,48656902632,1.49,2,63.91,50.36,5.96
399006.SZ,2016/10/13,2255827013174.0,1380227069552.0,1.03325E+11,65508155081,48656902632,1.39,1.87,63.85,50.32,5.96
399006.SZ,2016/10/14,2245941283237.0,1371955530072.0,1.03458E+11,65508155081,48656902632,1.39,1.87,63.57,49.43,5.91
399006.SZ,2016/10/17,2218695476312.0,1355405818811.0,1.03487E+11,65514798691,48663546242,1.46,1.96,62.8,48.81,5.83
399006.SZ,2016/10/18,2249839272017.0,1374510333581.0,1.03486E+11,65514798691,48663546242,1.47,1.98,63.68,49.49,5.91
399006.SZ,2016/10/19,2236167768240.0,1366134988155.0,1.03486E+11,65515587658,48657644459,1.47,1.98,63.29,48.93,5.87
399006.SZ,2016/10/20,2243446176129.0,1369881674239.0,1.03486E+11,65523021310,48665078111,1.47,1.98,63.5,49.07,5.92
399006.SZ,2016/10/21,2231224333311.0,1362428379132.0,1.03486E+11,65534739267,48676796068,1.75,2.35,63.15,48.5,5.89
399006.SZ,2016/10/24,2250820512205.0,1375053528457.0,1.03486E+11,65534739267,48676796068,1.7,2.28,63.71,48.89,5.94
399006.SZ,2016/10/25,2249039924157.0,1374420086981.0,1.03486E+11,65534485665,48676111716,1.46,1.96,63.66,48.45,5.92
399006.SZ,2016/10/26,2235219725699.0,1364466817292.0,1.05494E+11,66972029317,49700350192,1.7,2.29,63.27,47.87,5.87
399006.SZ,2016/10/27,2233514744479.0,1363738756032.0,1.05494E+11,66986718817,49744498263,1.39,1.88,63.22,47.24,5.84
399006.SZ,2016/10/28,2217838717348.0,1354126553773.0,1.05494E+11,66986718817,49744498263,1.56,2.1,62.78,46.35,5.65
399006.SZ,2016/10/31,2213753503652.0,1355055770007.0,1.05609E+11,67193056753,49907074047,1.34,1.8,62.66,46.02,5.64
399006.SZ,2016/11/1,2228799128174.0,1365399675207.0,1.05609E+11,67188068393,49907074047,1.3,1.76,63.09,46.33,5.68
399006.SZ,2016/11/2,2196352908619.0,1451805980362.0,1.05609E+11,70247011897,52986075285,1.58,2.1,62.17,45.66,5.59
399006.SZ,2016/11/3,2200079488126.0,1453876753912.0,1.05609E+11,70247483272,53012226382,1.62,2.14,62.27,45.73,5.6
399006.SZ,2016/11/4,2196224818091.0,1453250987284.0,1.05609E+11,70347472044,53052132574,1.5,1.99,62.16,45.65,5.59
399006.SZ,2016/11/7,2185118426583.0,1444835688164.0,1.05609E+11,70362349108,53164458427,1.32,1.75,61.85,45.42,5.57
399006.SZ,2016/11/8,2204834054734.0,1458414922383.0,1.05609E+11,70381794982,53168673053,1.27,1.68,62.41,45.83,5.62
399006.SZ,2016/11/9,2181658792277.0,1442488468703.0,1.0561E+11,70383552671,53170430742,1.59,2.11,61.75,45.35,5.56
399006.SZ,2016/11/10,2198301757295.0,1453287218574.0,1.05612E+11,70383552671,53170430742,1.28,1.69,62.22,45.7,5.63
399006.SZ,2016/11/11,2202236868975.0,1456311800849.0,1.05613E+11,70383552671,53170430742,1.75,2.32,62.33,45.78,5.64
399006.SZ,2016/11/14,2215842530181.0,1465066461504.0,1.05613E+11,70383552671,53173320142,1.96,2.6,62.72,46.06,5.68
399006.SZ,2016/11/15,2231358774513.0,1476221896606.0,1.05616E+11,70384423819,53198264869,1.93,2.55,63.16,46.38,5.72
399006.SZ,2016/11/16,2237054598761.0,1479384145054.0,1.05683E+11,70452191115,53261043805,2.23,2.95,63.32,46.5,5.71
399006.SZ,2016/11/17,2220009705644.0,1466930135496.0,1.05683E+11,70452003465,53260856155,1.33,1.75,62.84,46.15,5.67
399006.SZ,2016/11/18,2213758957594.0,1463187140117.0,1.05729E+11,70519607893,53296253237,1.1,1.46,62.66,46.02,5.65
399006.SZ,2016/11/21,2206805318563.0,1461148118474.0,1.05729E+11,70645081511,53421726855,1.2,1.59,62.46,45.87,5.62
399006.SZ,2016/11/22,2231669997047.0,1477592143078.0,1.05729E+11,70637657211,53414302555,1.58,2.08,63.17,46.39,5.68
399006.SZ,2016/11/23,2218361454224.0,1469398290371.0,1.05729E+11,70637657211,53478302555,2.14,2.82,62.79,46.11,5.65
399006.SZ,2016/11/24,2201208275770.0,1458535531671.0,1.05729E+11,70637657211,53478302555,1.49,1.97,62.31,45.76,5.6
399006.SZ,2016/11/25,2220052677712.0,1471611949833.0,1.0573E+11,70638201504,53478846848,1.93,2.54,62.84,46.15,5.65
399006.SZ,2016/11/28,2221753256920.0,1474248338159.0,1.05729E+11,70662588237,53503233581,1.68,2.21,62.89,46.18,5.66
399006.SZ,2016/11/29,2214254008302.0,1469413601639.0,1.05733E+11,70677700700,53518346044,2.07,2.73,62.67,46.03,5.64
399006.SZ,2016/11/30,2238748403674.0,1486288413108.0,1.05733E+11,70677700700,53518346044,2.52,3.32,63.37,46.54,5.7
399006.SZ,2016/12/1,2244064098950.0,1487403823827.0,1.05883E+11,70677700700,53635734654,1.72,2.27,63.52,46.65,5.72
399006.SZ,2016/12/2,2204565382935.0,1461272803722.0,1.05887E+11,70681858417,53639892371,1.86,2.45,62.4,45.83,5.61
399006.SZ,2016/12/5,2206808919884.0,1460480832910.0,1.05887E+11,70521549475,53479583429,1.46,1.92,62.46,45.87,5.58
399006.SZ,2016/12/6,2186735214684.0,1446773785039.0,1.0589E+11,70521549475,53479583429,1.38,1.82,61.9,45.46,5.52
399006.SZ,2016/12/7,2198815853391.0,1454651573243.0,1.0589E+11,70521549475,53479583429,1.18,1.55,62.24,45.71,5.56
399006.SZ,2016/12/8,2179268645324.0,1441756669913.0,1.05935E+11,70534732557,53492018911,1.31,1.73,61.68,45.3,5.51
399006.SZ,2016/12/9,2164180215876.0,1432642311779.0,1.05935E+11,70550088639,53523174993,1.44,1.9,61.26,44.99,5.47
399006.SZ,2016/12/12,2053950914571.0,1365732440303.0,1.05942E+11,70666557283,53606787948,2.28,3.01,58.14,42.7,5.19
399006.SZ,2016/12/13,2054677967256.0,1365918702904.0,1.05949E+11,70680610441,53619912394,1.38,1.82,58.16,42.71,5.19
399006.SZ,2016/12/14,2032534010179.0,1351464598974.0,1.05949E+11,70773132847,53712434800,1.19,1.57,57.53,42.25,5.13
399006.SZ,2016/12/15,2044021627860.0,1359287299951.0,1.05949E+11,70776680667,53701912020,1.25,1.65,57.86,42.49,5.16
399006.SZ,2016/12/16,2066903958098.0,1375459848338.0,1.05949E+11,70798434348,53723665701,1.09,1.44,58.5,42.97,5.22
399006.SZ,2016/12/19,2050217840678.0,1363773034847.0,1.05948E+11,70798434348,53723665701,0.89,1.17,58.03,42.62,5.18
399006.SZ,2016/12/20,2051198704407.0,1364332269454.0,1.05948E+11,70798434348,53723290941,0.84,1.11,58.06,42.64,5.18
399006.SZ,2016/12/21,2062611490006.0,1371962941077.0,1.05948E+11,70815668877,53740525470,0.85,1.12,58.38,42.88,5.21
399006.SZ,2016/12/22,2055400045234.0,1367960935651.0,1.05948E+11,70816128083,53760984676,0.82,1.08,58.18,42.73,5.19
399006.SZ,2016/12/23,2033999244852.0,1355115224291.0,1.05948E+11,70861230842,53849100037,1.02,1.34,57.57,42.28,5.14
399006.SZ,2016/12/26,2043695960555.0,1364287954215.0,1.05963E+11,71168197762,54113223716,1.08,1.42,57.85,42.48,5.16
399006.SZ,2016/12/27,2038782941164.0,1360860313142.0,1.05963E+11,71168223202,54113249156,0.89,1.17,57.71,42.38,5.15
399006.SZ,2016/12/28,2028002767683.0,1353773174297.0,1.05966E+11,71178867952,54135451706,0.84,1.11,57.4,42.16,5.12
399006.SZ,2016/12/29,2033698415181.0,1358571950619.0,1.05968E+11,71226507746,54138142206,0.95,1.25,57.56,42.28,5.14
399006.SZ,2016/12/30,2039900244654.0,1367670078633.0,1.05978E+11,71504402380,54289859889,1.01,1.34,57.74,42.4,5.15
399006.SZ,2017/1/3,2054789549516.0,1352444489341.0,1.08414E+11,72526667841,55801055066,1.01,1.31,58.62,42.61,5.18
399006.SZ,2017/1/4,2083966662096.0,1373389675928.0,1.08414E+11,72526773471,55817460696,1.37,1.79,59.45,43.21,5.26
399006.SZ,2017/1/5,2075456068783.0,1368091428636.0,1.08412E+11,72546799283,55840486508,1.06,1.37,59.21,43.04,5.23
399006.SZ,2017/1/6,2054288918299.0,1355263704710.0,1.08412E+11,72549038534,55842725759,1.1,1.43,58.61,42.6,5.18
399006.SZ,2017/1/9,2047513662948.0,1352969475016.0,1.08412E+11,72549038534,55842725759,0.98,1.28,58.41,42.46,5.16
399006.SZ,2017/1/10,2037858291865.0,1346931419539.0,1.08412E+11,72567303016,55860990241,0.87,1.13,58.14,42.26,5.14
399006.SZ,2017/1/11,2021354221182.0,1337428736786.0,1.08412E+11,72617816102,56114706404,0.98,1.27,57.67,41.91,5.09
399006.SZ,2017/1/12,2011906222332.0,1332343001926.0,1.08412E+11,72617816102,56114706404,0.93,1.2,57.4,41.7,5.06
399006.SZ,2017/1/13,1980694037710.0,1312366878226.0,1.08413E+11,72615980538,56114706404,1.03,1.33,56.51,41.06,4.99
399006.SZ,2017/1/16,1907679710688.0,1251164412101.0,1.08413E+11,72277388651,55776114517,1.64,2.12,54.42,39.54,4.8
399006.SZ,2017/1/17,1946758498203.0,1276420059818.0,1.08413E+11,72320204729,55818780595,1.48,1.91,55.54,40.35,4.9
399006.SZ,2017/1/18,1922808203959.0,1261926325495.0,1.08419E+11,72333324026,55874269823,0.98,1.27,54.85,39.86,4.84
399006.SZ,2017/1/19,1922184770031.0,1261626697542.0,1.08419E+11,72355042816,55895549613,0.73,0.94,54.84,39.84,4.84
399006.SZ,2017/1/20,1963228719876.0,1286350245757.0,1.08477E+11,72355042816,55892859513,1.37,1.77,56.01,40.69,4.93
399006.SZ,2017/1/23,1972282794435.0,1292126304175.0,1.08478E+11,72382041582,55844258279,1,1.3,56.27,40.88,4.96
399006.SZ,2017/1/24,1944280556368.0,1275438986080.0,1.08538E+11,72420124209,55880642205,1.05,1.36,55.47,40.3,4.88
399006.SZ,2017/1/25,1955725339942.0,1281785562003.0,1.08538E+11,72420124209,55880642205,0.78,1.02,55.79,40.54,4.9
399006.SZ,2017/1/26,1973395527786.0,1293093301712.0,1.08538E+11,72420251280,55880769276,0.84,1.09,56.3,40.9,4.95
399006.SZ,2017/2/3,1962985051310.0,1286306860219.0,1.08537E+11,72420190885,55880708881,0.74,0.96,56,40.69,4.92
399006.SZ,2017/2/6,1990524522554.0,1302316729311.0,1.08539E+11,72435249292,56002312888,0.91,1.18,56.79,41.26,4.99
399006.SZ,2017/2/7,1978128179738.0,1298374739274.0,1.08539E+11,72565638710,56050167858,0.87,1.13,56.43,41,4.96
399006.SZ,2017/2/8,1993639109151.0,1308228906385.0,1.08539E+11,72566842898,56051372046,1.02,1.32,56.88,41.32,5
399006.SZ,2017/2/9,2004967936786.0,1317579349316.0,1.08541E+11,72648239218,56056446902,1.19,1.55,57.2,41.56,5.03
399006.SZ,2017/2/10,1993988388794.0,1311168437887.0,1.08541E+11,72648544596,56056752280,1.14,1.48,56.48,41.31,4.99
399006.SZ,2017/2/13,2001704647340.0,1318846965073.0,1.08541E+11,72740319422,56076696045,1.19,1.54,56.69,41.38,5.01
399006.SZ,2017/2/14,1998059895947.0,1316630779026.0,1.0854E+11,72769783700,56115421923,1.02,1.33,56.59,41.31,5
399006.SZ,2017/2/15,1985349830673.0,1305359602114.0,1.0854E+11,72788052693,56133340392,1.16,1.5,56.23,41.04,4.97
399006.SZ,2017/2/16,1991515166783.0,1309260218990.0,1.08552E+11,72798758649,56144046348,0.94,1.21,56.14,41.13,4.98
399006.SZ,2017/2/17,1975329671606.0,1300844016589.0,1.08551E+11,72826715530,56046355150,1.07,1.39,55.69,40.8,4.94
399006.SZ,2017/2/20,1986741146565.0,1308877360423.0,1.08551E+11,72824529330,56118871450,0.99,1.29,56.01,41.45,4.93
399006.SZ,2017/2/21,2014708407312.0,1326868064675.0,1.08567E+11,72824529330,56149302165,1.42,1.84,56.8,42.04,5
399006.SZ,2017/2/22,2013405499550.0,1326145228090.0,1.08567E+11,72824529330,56149302165,1.18,1.53,56.76,41.79,4.99
399006.SZ,2017/2/23,2020970752329.0,1330521109607.0,1.08567E+11,72839365711,56164138546,1.27,1.64,56.98,41.88,5
399006.SZ,2017/2/24,2035224755021.0,1338750131167.0,1.08567E+11,72839365711,56164138546,1.44,1.86,57.38,42.24,5.04
399006.SZ,2017/2/27,2023307586659.0,1331102744965.0,1.08567E+11,72839365711,56170085438,1.29,1.68,57.04,40.72,4.99
399006.SZ,2017/2/28,2023260936360.0,1333769767407.0,1.08567E+11,73030106177,56360825904,1.07,1.39,56.6,40,4.9
399006.SZ,2017/3/1,2028604488177.0,1337131953393.0,1.0857E+11,73036071013,56397792771,1.12,1.44,56.75,39.97,4.91
399006.SZ,2017/3/2,2016464641018.0,1329175938261.0,1.0857E+11,73036071013,56397792771,1.08,1.39,56.41,39.73,4.88
399006.SZ,2017/3/3,2027341017328.0,1334629435265.0,1.08713E+11,73036071013,56397792771,1.12,1.45,56.72,39.95,4.89
399006.SZ,2017/3/6,2065038733069.0,1358859259882.0,1.08713E+11,73041847613,56403569371,1.6,2.07,59.67,40.69,4.98
399006.SZ,2017/3/7,2081154189276.0,1368398971114.0,1.08713E+11,73041561113,56403282871,1.55,2.01,60.13,41.01,5.02
399006.SZ,2017/3/8,2067122853358.0,1364281727040.0,1.08713E+11,73123288551,56408076391,1.28,1.65,59.73,40.73,4.98
399006.SZ,2017/3/9,2056952579362.0,1357316999773.0,1.08713E+11,73122651951,56407439791,1.33,1.73,59.43,40.53,4.96
399006.SZ,2017/3/10,2053688643328.0,1354997691938.0,1.08741E+11,73130466751,56428053741,1.07,1.39,59.1,40.46,4.95
399006.SZ,2017/3/13,2077662979659.0,1370467521064.0,1.08743E+11,73131753387,56429340377,1.37,1.78,59.57,40.94,5.01
399006.SZ,2017/3/14,2066072130663.0,1362726199144.0,1.08752E+11,73145025224,56383212214,1.48,1.92,58.67,40.71,4.98
399006.SZ,2017/3/15,2064978394295.0,1362985281843.0,1.08752E+11,73145890188,56384077178,1.38,1.79,58.64,40.69,4.98
399006.SZ,2017/3/16,2074238329017.0,1368972688739.0,1.08752E+11,73145892888,56384079878,1.33,1.72,57.49,40.87,5
399006.SZ,2017/3/17,2055359845693.0,1358094997988.0,1.08753E+11,73183469284,56421656274,1.61,2.09,56.97,40.5,4.96
399006.SZ,2017/3/20,2058324487984.0,1360806477825.0,1.08753E+11,73202310573,56440497563,1.19,1.54,57.05,40.56,4.96
399006.SZ,2017/3/21,2068146488004.0,1366774083729.0,1.08753E+11,73202310573,56440497563,1.06,1.38,56.97,40.75,4.99
399006.SZ,2017/3/22,2058605321500.0,1359255933239.0,1.08756E+11,73216971850,56455158840,1.3,1.69,56.71,40.56,4.96
399006.SZ,2017/3/23,2058895036822.0,1358838254858.0,1.08769E+11,73216922352,56455109342,1.28,1.66,56.59,40.57,4.96
399006.SZ,2017/3/24,2077956193501.0,1371291495115.0,1.08771E+11,73229592381,56467779371,1.23,1.6,56.64,40.95,5.01
399006.SZ,2017/3/27,2059278179974.0,1361117784403.0,1.08771E+11,73295003096,56521920082,1.11,1.44,53.98,40.57,4.97
399006.SZ,2017/3/28,2054665433813.0,1359016036576.0,1.08771E+11,73316399461,56523397131,0.94,1.22,53.13,40.49,4.96
399006.SZ,2017/3/29,2037550116576.0,1347877917140.0,1.08773E+11,73300176692,56517681904,1.2,1.56,52.6,40.16,4.91
399006.SZ,2017/3/30,1999553143806.0,1323532052429.0,1.08773E+11,73299836775,56517341987,1.43,1.85,51.49,39.41,4.82
399006.SZ,2017/3/31,2014309534962.0,1333596246057.0,1.08773E+11,73299751574,56466456786,1.02,1.33,51.3,39.7,4.86
399006.SZ,2017/4/5,2129807168954.0,1371102035747.0,1.10143E+11,72763842644,56407902896,1.53,1.98,53.06,40.57,5.02
399006.SZ,2017/4/6,2131645920082.0,1372667765226.0,1.1018E+11,72766103679,56426597408,1.46,1.88,52.8,40.6,5.01
399006.SZ,2017/4/7,2133361081429.0,1376115691342.0,1.11908E+11,73340521805,56965470573,1.71,2.2,46.29,40.6,5.02
399006.SZ,2017/4/10,2095935122426.0,1353738741383.0,1.11908E+11,73340520205,56965468973,1.96,2.52,45.45,39.93,4.94
399006.SZ,2017/4/11,2101440719152.0,1357182609878.0,1.11908E+11,73351435849,56969089910,2.04,2.63,45.22,40.05,4.96
399006.SZ,2017/4/12,2079822061109.0,1344892943500.0,1.11918E+11,73616516064,57121830620,1.54,1.99,44.27,39.66,4.9
399006.SZ,2017/4/13,2090814873362.0,1354720324557.0,1.11918E+11,73616516064,57121830620,1.24,1.59,44.5,39.87,4.93
399006.SZ,2017/4/14,2064453051794.0,1338121911869.0,1.11918E+11,73616516064,57121830620,1.33,1.72,43.94,39.37,4.87
399006.SZ,2017/4/17,2043317486754.0,1325807900692.0,1.11918E+11,73631333095,57052057611,1.22,1.57,43.4,40.07,4.8
399006.SZ,2017/4/18,2026225727890.0,1311806003242.0,1.1263E+11,74162118277,57498733721,1.21,1.56,42.7,39.73,4.76
399006.SZ,2017/4/19,2027516912430.0,1310637676991.0,1.13457E+11,74687868816,57669203300,1.48,1.92,41.65,39.75,4.73
399006.SZ,2017/4/20,2035964233264.0,1313095615245.0,1.13483E+11,74576105986,57512808632,1.23,1.6,41.99,39.95,4.74
399006.SZ,2017/4/21,2019918488910.0,1303974622629.0,1.13485E+11,74581225973,57532614933,1.09,1.41,40.97,39.76,4.7
399006.SZ,2017/4/24,1993666952326.0,1288369518429.0,1.13485E+11,74779850368,57738201530,1.18,1.52,40.28,39.27,4.64
399006.SZ,2017/4/25,2003118110432.0,1296262566931.0,1.1509E+11,76045746590,58777479975,1.12,1.45,39.78,39.24,4.66
399006.SZ,2017/4/26,2007822919342.0,1296440348443.0,1.1527E+11,76237201190,58916148807,1.2,1.56,38.75,38.92,4.64
399006.SZ,2017/4/27,2032632592360.0,1312763892933.0,1.1527E+11,76236624130,58916148807,1.92,2.49,39.18,39.4,4.64
399006.SZ,2017/4/28,2042479166000.0,1318863185134.0,1.15993E+11,76886765288,59490529727,1.34,1.73,39.37,39.81,4.67
399006.SZ,2017/5/2,2041753538500.0,1318815712121.0,1.15993E+11,76888150474,58754734934,1.17,1.52,39.36,39.8,4.67
399006.SZ,2017/5/3,2030407842363.0,1311789577949.0,1.15993E+11,76888150474,58754734934,1.22,1.59,39.14,39.58,4.64
399006.SZ,2017/5/4,2031881604998.0,1310106370286.0,1.15993E+11,76888150474,58172953655,1.4,1.85,39.17,39.61,4.64
399006.SZ,2017/5/5,2009315747469.0,1296779408046.0,1.15993E+11,76937826388,58174111825,1.23,1.62,38.73,39.17,4.59
399006.SZ,2017/5/8,1972488362857.0,1276975749161.0,1.15993E+11,76923949099,58075727026,1.37,1.82,38.02,38.45,4.5
399006.SZ,2017/5/9,1989643234927.0,1287206882174.0,1.15993E+11,76925530924,58077308851,1.24,1.65,38.35,38.78,4.54
399006.SZ,2017/5/10,1954847589714.0,1267214919192.0,1.15993E+11,77165457845,58340279556,1.32,1.75,37.68,38.11,4.46
399006.SZ,2017/5/11,1955417626102.0,1273800467258.0,1.17235E+11,78147113838,59084415666,1.49,1.96,37.69,38.12,4.47
399006.SZ,2017/5/12,1957170730062.0,1279123916663.0,1.17456E+11,78450995980,59337846722,1.15,1.52,37.73,38.15,4.47
399006.SZ,2017/5/15,1961600405899.0,1282349607498.0,1.17456E+11,78452537980,59339324722,1.06,1.4,37.81,38.24,4.48
399006.SZ,2017/5/16,2006921244046.0,1310565688992.0,1.17481E+11,78491542140,59382585008,1.54,2.03,38.69,39.12,4.58
399006.SZ,2017/5/17,2011969664781.0,1320943283245.0,1.1748E+11,78835536943,59726579811,1.83,2.41,38.78,39.22,4.59
399006.SZ,2017/5/18,2000363643614.0,1314266157281.0,1.18151E+11,79343346818,59983451651,1.45,1.91,38.56,38.99,4.57
399006.SZ,2017/5/19,1985606897192.0,1306188550535.0,1.18151E+11,79408120972,60048225805,1.09,1.45,38.28,38.7,4.53
399006.SZ,2017/5/22,1970700603698.0,1295499845211.0,1.19019E+11,80027733394,60593606977,1.17,1.54,37.99,38.41,4.5
399006.SZ,2017/5/23,1936044861166.0,1276019560358.0,1.19417E+11,80391779319,60862240493,1.33,1.75,37.32,37.74,4.42
399006.SZ,2017/5/24,1955875891347.0,1288923324529.0,1.19951E+11,80721402020,61144935504,1.2,1.58,37.7,38.13,4.47
399006.SZ,2017/5/25,1956219580022.0,1291704268576.0,1.20713E+11,81450647405,61811083764,1.39,1.83,37.71,38.13,4.47
399006.SZ,2017/5/26,1936392351077.0,1279426683163.0,1.22094E+11,82405744883,62657883535,1.19,1.57,37.33,37.75,4.48
399006.SZ,2017/5/31,1944218512217.0,1282730562306.0,1.22094E+11,82467234108,62735637747,1.31,1.72,37.48,37.9,4.5
399006.SZ,2017/6/1,1905832980557.0,1257189318105.0,1.22094E+11,82465065533,62733469172,1.17,1.54,36.74,37.15,4.41
399006.SZ,2017/6/2,1924351337372.0,1269655663720.0,1.22094E+11,82465065533,62732987172,1.26,1.66,37.1,37.51,4.46
399006.SZ,2017/6/5,1942319706533.0,1281300877913.0,1.22913E+11,82646217715,62894927149,1.21,1.59,37.44,37.86,4.5
399006.SZ,2017/6/6,1947374493685.0,1284888583883.0,1.2308E+11,82730205961,62972790095,1,1.31,37.54,37.96,4.51
399006.SZ,2017/6/7,1985145892047.0,1312478209269.0,1.2308E+11,82808430986,63051015120,1.57,2.06,38.27,38.7,4.6
399006.SZ,2017/6/8,1980989151723.0,1310260481907.0,1.2308E+11,82916855849,63159439983,1.26,1.66,38.19,38.61,4.59
399006.SZ,2017/6/9,1983085662215.0,1311429708020.0,1.23083E+11,82931421905,63195566061,1.06,1.4,38.23,38.66,4.59
399006.SZ,2017/6/12,1958021245555.0,1296685772306.0,1.23083E+11,82937138289,63210164245,0.99,1.29,37.74,38.17,4.54
399006.SZ,2017/6/13,1982541151386.0,1312514585922.0,1.23493E+11,83248185085,63492123312,1.12,1.47,38.22,38.65,4.59
399006.SZ,2017/6/14,1976682661982.0,1308649301859.0,1.23938E+11,83545687326,63718067298,1.17,1.53,38.1,38.53,4.58
399006.SZ,2017/6/15,2006588413649.0,1327196918104.0,1.23938E+11,83549459704,63731940474,1.85,2.43,38.68,39.11,4.65
399006.SZ,2017/6/16,1999101365082.0,1323387160312.0,1.23938E+11,83588215904,63752776667,1.39,1.82,38.54,38.97,4.64
399006.SZ,2017/6/19,2005805569443.0,1327875953867.0,1.23973E+11,83588215904,63760004667,1.08,1.41,38.67,39.1,4.65
399006.SZ,2017/6/20,2009182026228.0,1331644640309.0,1.24537E+11,84077560405,64068041252,1.46,1.92,38.73,39.16,4.66
399006.SZ,2017/6/21,2013882323860.0,1334087623094.0,1.24537E+11,84077560405,64076033152,1.52,2,38.82,39.26,4.67
399006.SZ,2017/6/22,1985393992556.0,1315642587213.0,1.24537E+11,84099703190,64082541289,1.43,1.88,38.27,38.7,4.61
399006.SZ,2017/6/23,1994044229343.0,1322907212837.0,1.24537E+11,84099703190,64082541289,1.3,1.71,38.44,38.87,4.63
399006.SZ,2017/6/26,2010546299230.0,1333759413977.0,1.2456E+11,84125937757,64084772926,1.17,1.53,38.76,39.19,4.67
399006.SZ,2017/6/27,2009216129376.0,1333447093999.0,1.24559E+11,84130448794,64115330187,1.1,1.44,38.73,39.17,4.66
399006.SZ,2017/6/28,1995611903162.0,1326370169566.0,1.24559E+11,84175771293,64172183795,1.08,1.42,38.47,38.9,4.63
399006.SZ,2017/6/29,2002327462484.0,1329890632758.0,1.24559E+11,84185339913,64200202415,1.21,1.59,38.6,39.03,4.65
399006.SZ,2017/6/30,2008404245970.0,1337542929532.0,1.24548E+11,84642422124,64643630757,1.06,1.39,38.72,39.15,4.66
399006.SZ,2017/7/3,2102598423743.0,1388461460842.0,1.30031E+11,87830093922,66729626529,1.59,2.1,39.82,39.96,4.69
399006.SZ,2017/7/4,2093806360013.0,1382716663091.0,1.3003E+11,87830093922,66737947109,1.39,1.83,39.66,39.79,4.67
399006.SZ,2017/7/5,2101683416057.0,1388550260395.0,1.3003E+11,87834238101,66698915288,1.39,1.84,39.81,39.94,4.69
399006.SZ,2017/7/6,2104836890274.0,1390530445426.0,1.3003E+11,87834238101,66698944288,1.75,2.3,39.87,40,4.7
399006.SZ,2017/7/7,2101539755812.0,1399487429618.0,1.30031E+11,89168733294,66725503481,1.27,1.69,39.8,39.94,4.69
399006.SZ,2017/7/10,2063961893766.0,1375963218145.0,1.30031E+11,89269575517,66826345704,1.39,1.86,39.09,39.23,4.61
399006.SZ,2017/7/11,2042086478922.0,1361925973846.0,1.30031E+11,89270185902,66826956089,1.3,1.73,38.68,38.81,4.56
399006.SZ,2017/7/12,2044994588143.0,1363660470666.0,1.30075E+11,89270185902,66831231371,1.27,1.69,38.73,38.87,4.56
399006.SZ,2017/7/13,2036072409562.0,1357983109324.0,1.30075E+11,89270185902,66856831371,1.01,1.34,38.56,38.7,4.55
399006.SZ,2017/7/14,2000555397643.0,1334034091390.0,1.30075E+11,89274757570,66861403039,1.61,2.15,37.89,38.02,4.47
399006.SZ,2017/7/17,1904452496398.0,1268618555114.0,1.30075E+11,89276707241,66856109295,1.91,2.55,36.07,36.2,4.25
399006.SZ,2017/7/18,1919076741368.0,1278882414535.0,1.30075E+11,89462350928,67037807975,1.26,1.68,36.35,36.47,4.29
399006.SZ,2017/7/19,1944641157992.0,1292517384277.0,1.30171E+11,89462350928,67001954399,1.21,1.62,36.83,36.96,4.34
399006.SZ,2017/7/20,1950039339252.0,1296714840647.0,1.30171E+11,89522259784,67061863255,1.27,1.7,36.93,37.06,4.35
399006.SZ,2017/7/21,1952303419395.0,1297212124459.0,1.30171E+11,89522259784,67060743676,1.1,1.47,36.98,37.1,4.36
399006.SZ,2017/7/24,1951557518645.0,1294417237633.0,1.30349E+11,89544741200,67087494292,1.14,1.53,36.96,37.09,4.33
399006.SZ,2017/7/25,1953217188847.0,1295966256232.0,1.30351E+11,89626669337,67169428512,1.2,1.6,37,37.09,4.34
399006.SZ,2017/7/26,1943390603016.0,1291496756007.0,1.30351E+11,89626669337,67175692512,1.33,1.78,36.81,36.9,4.31
399006.SZ,2017/7/27,2012328336448.0,1337668418736.0,1.30351E+11,89624258348,67146267414,2.78,3.71,38.11,38.23,4.47
399006.SZ,2017/7/28,2003396693961.0,1333118017446.0,1.30351E+11,89709676809,67176609746,2.23,2.98,37.95,38.06,4.45
399006.SZ,2017/7/31,2006767946692.0,1336255443932.0,1.30351E+11,89794007977,67526563433,1.86,2.47,38.01,38.05,4.45
399006.SZ,2017/8/1,2012656082764.0,1341648250333.0,1.30766E+11,90074777464,67805725530,1.83,2.43,38.12,37.99,4.46
399006.SZ,2017/8/2,1994531768392.0,1329500910774.0,1.30765E+11,90074777464,67809255100,1.8,2.39,37.78,37.62,4.41
399006.SZ,2017/8/3,2003786555268.0,1335580429527.0,1.30765E+11,90074844964,67809322600,2.15,2.86,37.95,37.74,4.43
399006.SZ,2017/8/4,1986898295202.0,1323704388933.0,1.30765E+11,90069244964,67830222600,1.75,2.33,37.63,37.41,4.39
399006.SZ,2017/8/7,2001185044998.0,1334037850595.0,1.30765E+11,90069192279,67830169915,1.51,2.01,37.9,37.68,4.43
399006.SZ,2017/8/8,2031117810618.0,1355390127223.0,1.30765E+11,90069192081,67939169719,2.05,2.72,38.47,38.17,4.49
399006.SZ,2017/8/9,2034623249593.0,1357224829049.0,1.30765E+11,90074772339,67944749977,2,2.65,38.54,38.3,4.5
399006.SZ,2017/8/10,2026296546890.0,1351949104644.0,1.30765E+11,90188137585,68095991818,1.86,2.46,38.38,38.09,4.48
399006.SZ,2017/8/11,2011016969335.0,1342812218627.0,1.30765E+11,90188378926,68096233160,1.87,2.47,38.09,37.88,4.44
399006.SZ,2017/8/14,2069938809195.0,1380857826543.0,1.30765E+11,90180669207,68088659941,2.3,3.04,39.21,38.99,4.57
399006.SZ,2017/8/15,2075195016993.0,1383754694362.0,1.30765E+11,90134231127,68179698272,1.93,2.55,39.31,41.78,4.57
399006.SZ,2017/8/16,2104004002705.0,1403086197686.0,1.30765E+11,90142995836,68188462981,3,3.96,39.85,42.33,4.63
399006.SZ,2017/8/17,2108600288498.0,1413385391056.0,1.30765E+11,90380936206,68438159042,2.64,3.48,39.94,42.36,4.64
399006.SZ,2017/8/18,2095676011916.0,1405025641184.0,1.30765E+11,90387686006,68435494494,2.02,2.66,39.69,42.09,4.61
399006.SZ,2017/8/21,2103947535543.0,1409940243591.0,1.30765E+11,90387686006,68435494494,1.86,2.46,39.85,42.21,4.62
399006.SZ,2017/8/22,2086479943723.0,1398557392834.0,1.30765E+11,90396327722,68444993535,1.89,2.49,39.52,41.71,4.58
399006.SZ,2017/8/23,2077504233655.0,1390210621091.0,1.30768E+11,90289940732,68362478451,1.66,2.19,39.35,41.25,4.55
399006.SZ,2017/8/24,2064648774303.0,1380916086066.0,1.30769E+11,90291861140,68364398859,1.49,1.96,39.11,40.99,4.52
399006.SZ,2017/8/25,2084459351719.0,1394205173520.0,1.32764E+11,91609534426,68989057951,1.5,2,39.48,41.19,4.55
399006.SZ,2017/8/28,2118233153879.0,1416448303027.0,1.32801E+11,91626240351,68956151868,2.33,3.09,40.12,41.84,4.6
399006.SZ,2017/8/29,2106648332814.0,1407533357038.0,1.32883E+11,91613118951,68944612966,1.72,2.29,39.9,41.92,4.54
399006.SZ,2017/8/30,2114963582928.0,1413691178715.0,1.32883E+11,91690663466,68944848801,1.5,2,40.06,42.12,4.55
399006.SZ,2017/8/31,2125275395767.0,1421440914196.0,1.32883E+11,91711396450,68968617835,1.48,1.97,40.25,42.33,4.57
399006.SZ,2017/9/1,2141118085107.0,1435104842894.0,1.32883E+11,92011936291,68969003120,2.02,2.69,40.55,42.64,4.6
399006.SZ,2017/9/4,2163106270227.0,1449379148400.0,1.32883E+11,92011936291,68969003120,2.42,3.23,40.97,43.08,4.65
399006.SZ,2017/9/5,2165586373492.0,1450922438469.0,1.32883E+11,92011936291,68969003120,2.19,2.92,41.02,43.13,4.66
399006.SZ,2017/9/6,2186689521584.0,1465071504853.0,1.32884E+11,92037889150,68945794257,2.46,3.28,41.42,43.55,4.7
399006.SZ,2017/9/7,2172940366987.0,1455816230796.0,1.32945E+11,92037889150,68965756446,2.88,3.85,41.16,43.28,4.66
399006.SZ,2017/9/8,2169346292127.0,1460602068454.0,1.3297E+11,92729151795,69558984063,1.96,2.61,41.09,43.21,4.65
399006.SZ,2017/9/11,2183039370083.0,1470628890718.0,1.3297E+11,92729151795,69570844063,1.86,2.48,41.35,43.48,4.68
399006.SZ,2017/9/12,2171267758125.0,1463023304212.0,1.3297E+11,92774292687,69614223797,2.46,3.27,41.12,43.24,4.65
399006.SZ,2017/9/13,2176039945626.0,1468954790951.0,1.3297E+11,92881181514,69727612624,1.81,2.41,41.21,43.34,4.66
399006.SZ,2017/9/14,2163753797931.0,1461679060388.0,1.3297E+11,92884801925,69730895015,1.73,2.31,40.98,43.1,4.63
399006.SZ,2017/9/15,2160829012708.0,1459863922469.0,1.3297E+11,92898372264,69753265354,1.74,2.31,40.93,43.04,4.63
399006.SZ,2017/9/18,2183597592403.0,1475312889048.0,1.3297E+11,92926683264,69782262154,1.63,2.18,41.36,43.49,4.68
399006.SZ,2017/9/19,2168015928677.0,1464650873264.0,1.3297E+11,92926683264,69810262154,1.69,2.25,41.06,43.18,4.64
399006.SZ,2017/9/20,2180512566409.0,1473422136411.0,1.3297E+11,92926683264,69812262154,1.59,2.11,41.3,43.43,4.67
399006.SZ,2017/9/21,2157701958259.0,1457735268937.0,1.3297E+11,92926683264,69812262154,1.66,2.21,40.87,42.97,4.62
399006.SZ,2017/9/22,2151644085523.0,1453751863111.0,1.3297E+11,92926693264,69812272154,1.46,1.94,40.75,42.85,4.61
399006.SZ,2017/9/25,2125614870679.0,1437564099752.0,1.3297E+11,92926693264,69765893063,1.37,1.82,40.26,42.34,4.55
399006.SZ,2017/9/26,2119461180096.0,1434519865698.0,1.3297E+11,92926693264,69812843209,1.17,1.56,40.14,42.21,4.54
399006.SZ,2017/9/27,2138670684145.0,1446516798888.0,1.3297E+11,92930901824,69817051769,1.24,1.66,40.51,42.6,4.58
399006.SZ,2017/9/28,2138817309253.0,1446539948791.0,1.34119E+11,94030251650,70936817792,1.41,1.87,40.51,42.6,4.58
399006.SZ,2017/9/29,2151878893974.0,1455727771498.0,1.34121E+11,94030251650,70939734392,1.4,1.85,40.76,42.86,4.61
399006.SZ,2017/10/9,2171033335710.0,1469435671874.0,1.3041E+11,91434163115,69920155206,1.86,2.43,41.67,43.51,4.67
399006.SZ,2017/10/10,2202300144896.0,1490392831620.0,1.3041E+11,91434164544,69913262431,2.14,2.8,42.27,44.14,4.74
399006.SZ,2017/10/11,2184151574057.0,1478182249547.0,1.3041E+11,91434164544,69913262431,2.03,2.66,41.92,43.77,4.7
399006.SZ,2017/10/12,2184181403619.0,1478993405522.0,1.3041E+11,91540404582,70019502469,1.53,2,41.92,43.77,4.7
399006.SZ,2017/10/13,2214626380449.0,1501711804621.0,1.3041E+11,91675809600,70133464571,1.8,2.35,42.51,44.37,4.76
399006.SZ,2017/10/16,2166257837055.0,1468010245382.0,1.30441E+11,91743045070,70201002591,2.2,2.88,41.58,43.4,4.65
399006.SZ,2017/10/17,2162358781474.0,1464915990025.0,1.30441E+11,91819224082,70216643069,1.32,1.73,41.5,43.32,4.65
399006.SZ,2017/10/18,2155139494723.0,1457755220533.0,1.30441E+11,91819224082,70216643069,1.42,1.86,41.36,43.18,4.63
399006.SZ,2017/10/19,2149371543789.0,1454184258255.0,1.30441E+11,91817459703,70214136395,1.37,1.79,41.25,43.06,4.62
399006.SZ,2017/10/20,2170732708460.0,1469804967753.0,1.30451E+11,91915597999,70242558086,1.15,1.5,41.66,43.49,4.66
399006.SZ,2017/10/23,2189947767426.0,1484237307194.0,1.30451E+11,91925649316,70266542957,1.29,1.69,42.03,43.84,4.7
399006.SZ,2017/10/24,2192681834681.0,1486715432502.0,1.30459E+11,91939633330,70279611589,1.37,1.79,42.08,43.8,4.69
399006.SZ,2017/10/25,2206406917280.0,1494347648212.0,1.30458E+11,91805330726,70147069687,1.25,1.63,42.35,43.87,4.71
399006.SZ,2017/10/26,2202076002810.0,1491470601841.0,1.30459E+11,91805470222,70002225101,1.56,2.04,42.26,42.88,4.67
399006.SZ,2017/10/27,2187915532496.0,1480380118167.0,1.30459E+11,91805470222,70109775045,1.28,1.68,41.99,42.59,4.61
399006.SZ,2017/10/30,2143912993421.0,1448367924180.0,1.30463E+11,91809657805,70156117739,1.85,2.42,41.15,43.61,4.49
399006.SZ,2017/10/31,2158977381833.0,1458354313032.0,1.30463E+11,91809657805,70164966951,1.23,1.61,41.44,44.13,4.52
399006.SZ,2017/11/1,2161659079107.0,1459723742365.0,1.30463E+11,91809657805,70029260358,1.33,1.75,41.49,44.18,4.53
399006.SZ,2017/11/2,2132623139815.0,1439490331230.0,1.30462E+11,91808907860,70111226018,1.41,1.84,40.93,43.59,4.47
399006.SZ,2017/11/3,2117451600687.0,1428873813101.0,1.30466E+11,91808953020,70111271178,1.38,1.81,40.64,43.28,4.43
399006.SZ,2017/11/6,2141664347391.0,1444672449498.0,1.30468E+11,91811074156,70083921988,1.28,1.68,41.11,43.77,4.48
399006.SZ,2017/11/7,2150488896318.0,1461130045187.0,1.30468E+11,91940030741,70145773733,1.47,1.92,41.27,43.95,4.5
399006.SZ,2017/11/8,2157968014537.0,1468027829895.0,1.30468E+11,91940030741,70145295733,1.87,2.45,41.42,44.11,4.52
399006.SZ,2017/11/9,2180678287776.0,1480096777396.0,1.30468E+11,91940805979,70146070971,1.68,2.2,41.85,44.57,4.57
399006.SZ,2017/11/10,2201176677670.0,1492704055408.0,1.30468E+11,91940805979,70177271471,1.77,2.32,42.25,44.99,4.61
399006.SZ,2017/11/13,2210343952645.0,1498447698126.0,1.30468E+11,91940680979,70177146471,1.76,2.31,42.42,45.18,4.63
399006.SZ,2017/11/14,2194586993666.0,1489298900766.0,1.30468E+11,91940680979,70175442371,1.81,2.37,42.12,44.86,4.6
399006.SZ,2017/11/15,2157932669737.0,1467316628590.0,1.30461E+11,91977790961,70243940203,1.54,2.01,41.42,44.11,4.52
399006.SZ,2017/11/16,2173190904184.0,1473704649934.0,1.30461E+11,91977790961,70243940203,1.44,1.89,41.71,44.42,4.55
399006.SZ,2017/11/17,2123817689720.0,1436180443808.0,1.30487E+11,91977790961,70243940203,2.04,2.67,40.76,43.41,4.44
399006.SZ,2017/11/20,2154659684435.0,1455504829490.0,1.30487E+11,91977790961,70243940203,1.55,2.02,41.35,44.04,4.51
399006.SZ,2017/11/21,2147460867527.0,1452690509472.0,1.30486E+11,91978149047,70201029209,1.66,2.18,41.22,43.89,4.49
399006.SZ,2017/11/22,2139639358729.0,1449070423889.0,1.30486E+11,91983749047,70206429209,1.78,2.33,41.07,43.73,4.48
399006.SZ,2017/11/23,2070636257869.0,1403096596716.0,1.30486E+11,91989749647,69991675327,1.67,2.2,39.74,42.32,4.33
399006.SZ,2017/11/24,2053532956752.0,1395824932284.0,1.30485E+11,92014358216,70001587013,1.32,1.73,39.41,41.97,4.3
399006.SZ,2017/11/27,2028859637471.0,1380159600247.0,1.30485E+11,92014425716,69964022530,1.32,1.74,38.94,41.47,4.24
399006.SZ,2017/11/28,2065810131934.0,1405124650636.0,1.30485E+11,92037836424,69995396938,1.3,1.7,39.65,42.22,4.32
399006.SZ,2017/11/29,2057047328587.0,1400783876951.0,1.30485E+11,92083830619,70041391133,1.3,1.71,39.48,42.04,4.3
399006.SZ,2017/11/30,2042316893465.0,1389751670502.0,1.30485E+11,92176739581,70083395303,1.19,1.57,39.2,41.74,4.27
399006.SZ,2017/12/1,2079964617950.0,1416076889010.0,1.30485E+11,92176776197,70083431919,1.5,1.98,39.92,42.51,4.35
399006.SZ,2017/12/4,2073248513760.0,1412332892851.0,1.30485E+11,92256146835,70087224072,1.33,1.75,39.79,42.38,4.34
399006.SZ,2017/12/5,2028140215617.0,1381574624071.0,1.30485E+11,92256146835,70099055938,1.41,1.85,38.93,41.45,4.24
399006.SZ,2017/12/6,2057341076324.0,1402720585060.0,1.30485E+11,92256146835,70094219962,1.45,1.91,39.49,42.05,4.3
399006.SZ,2017/12/7,2048751657765.0,1398597715008.0,1.30485E+11,92314705393,70152778520,1.23,1.62,39.32,41.88,4.29
399006.SZ,2017/12/8,2067372505443.0,1410504832914.0,1.30485E+11,92314779430,70187952753,1.28,1.69,39.68,42.26,4.32
399006.SZ,2017/12/11,2097387075920.0,1430127845805.0,1.30485E+11,92320059363,70193232686,1.47,1.93,40.26,42.87,4.39
399006.SZ,2017/12/12,2076953951724.0,1416788841494.0,1.30485E+11,92360974279,70234147602,1.33,1.75,39.86,42.45,4.34
399006.SZ,2017/12/13,2083166435309.0,1423570471331.0,1.30485E+11,92369935755,70245059078,1.12,1.47,39.98,42.58,4.36
399006.SZ,2017/12/14,2068439667476.0,1416089420061.0,1.30485E+11,92454286741,70329410064,1.16,1.53,39.7,42.28,4.33
399006.SZ,2017/12/15,2054490588402.0,1408183936218.0,1.30485E+11,92454286741,70329410064,1.27,1.67,39.43,41.99,4.3
399006.SZ,2017/12/18,2050294659473.0,1406523361767.0,1.30485E+11,92454286741,70337694264,1.08,1.42,39.35,41.91,4.29
399006.SZ,2017/12/19,2070656041679.0,1419713062640.0,1.30485E+11,92454286741,70337694264,1.18,1.55,39.74,42.32,4.33
399006.SZ,2017/12/20,2054205598887.0,1408387816225.0,1.30485E+11,92454286741,70351787593,1.15,1.52,39.43,41.99,4.3
399006.SZ,2017/12/21,2064383533396.0,1415123112496.0,1.30485E+11,92455106703,70352607555,1.29,1.69,39.62,42.19,4.32
399006.SZ,2017/12/22,2054580587728.0,1407598825696.0,1.30529E+11,92520708209,70383312336,1.23,1.62,39.43,41.99,4.29
399006.SZ,2017/12/25,2025673087124.0,1390073064396.0,1.30547E+11,92520708209,70383312336,1.33,1.75,38.88,41.4,4.23
399006.SZ,2017/12/26,2028918037374.0,1391328904119.0,1.30547E+11,92529120113,70399484017,1.07,1.4,38.94,41.47,4.24
399006.SZ,2017/12/27,2012356435263.0,1380478237063.0,1.30547E+11,92529001613,70399365517,1.15,1.51,38.62,41.13,4.2
399006.SZ,2017/12/28,2011851673871.0,1379669607580.0,1.30558E+11,92529001613,70399365517,1.2,1.58,38.61,41.12,4.2
399006.SZ,2017/12/29,2022635266753.0,1386741915530.0,1.30557E+11,92533736098,70404100002,1.11,1.47,38.82,41.34,4.22
399006.SZ,2018/1/2,2112940258100.0,1373094228615.0,1.20893E+11,84816906474,64036336561,1.25,1.65,40.92,40.84,4.44
399006.SZ,2018/1/3,2145092091709.0,1391544572055.0,1.20892E+11,84828887272,64075336745,1.6,2.12,41.55,41.46,4.51
399006.SZ,2018/1/4,2143836162056.0,1402147697012.0,1.20912E+11,85404979239,64651428712,1.32,1.75,41.52,41.44,4.51
399006.SZ,2018/1/5,2157732525991.0,1408436359400.0,1.21343E+11,85407667230,64654116703,1.44,1.91,41.79,41.7,4.49
399006.SZ,2018/1/8,2161785275970.0,1411694233450.0,1.21406E+11,85407667230,64898952641,1.69,2.22,41.87,41.78,4.49
399006.SZ,2018/1/9,2161906521728.0,1409767885120.0,1.21406E+11,85407667230,64898952641,1.37,1.8,41.87,41.79,4.49
399006.SZ,2018/1/10,2149511538697.0,1401015889659.0,1.21407E+11,85413258438,64904543849,1.5,1.98,41.63,41.55,4.46
399006.SZ,2018/1/11,2165139070358.0,1410500324549.0,1.21408E+11,85416162069,64907447480,1.71,2.25,41.94,41.85,4.49
399006.SZ,2018/1/12,2143148829057.0,1396465155975.0,1.21408E+11,85448456811,64912081146,1.43,1.88,41.51,41.42,4.45
399006.SZ,2018/1/15,2080867062749.0,1356107457882.0,1.21408E+11,85448456811,64912081146,1.93,2.54,40.3,40.22,4.32
399006.SZ,2018/1/16,2077681057293.0,1354860616736.0,1.21408E+11,85448456811,64912081146,1.56,2.05,40.24,40.16,4.31
399006.SZ,2018/1/17,2089433175051.0,1365938794728.0,1.21408E+11,85448456811,64912081146,1.88,2.48,40.47,40.38,4.33
399006.SZ,2018/1/18,2082879340486.0,1362536692991.0,1.21407E+11,85469260323,64883523962,1.3,1.72,40.34,40.26,4.32
399006.SZ,2018/1/19,2075082285989.0,1356004133396.0,1.21407E+11,85469172013,64883435652,1.57,2.07,40.19,40.11,4.31
399006.SZ,2018/1/22,2113991960268.0,1387512886764.0,1.21407E+11,85517328051,64843696612,2.21,2.92,40.94,40.86,4.39
399006.SZ,2018/1/23,2117213418689.0,1385962957269.0,1.21407E+11,85477399285,64803161958,1.59,2.1,41.01,40.92,4.39
399006.SZ,2018/1/24,2172818042528.0,1422663945373.0,1.21407E+11,85489194663,64756246669,3.22,4.25,42.08,42,4.51
399006.SZ,2018/1/25,2169373860685.0,1422116638258.0,1.21407E+11,85505257829,64772309835,3.46,4.57,42.02,41.93,4.5
399006.SZ,2018/1/26,2177014777060.0,1427479293688.0,1.21407E+11,85508033879,64772595285,2.36,3.12,42.17,42.06,4.52
399006.SZ,2018/1/29,2151039387209.0,1415967948905.0,1.21407E+11,85560293755,64777762319,2.6,3.44,41.66,41.56,4.46
399006.SZ,2018/1/30,2128899589155.0,1402128850041.0,1.21407E+11,85560306647,64777775211,2.07,2.73,41.23,41.13,4.42
399006.SZ,2018/1/31,2072641264976.0,1366515475699.0,1.21407E+11,85560306647,64777775211,2.35,3.11,40.14,40.05,4.3
399006.SZ,2018/2/1,2026553204246.0,1336736979233.0,1.21407E+11,85560306647,64777775211,2.22,2.94,39.25,39.16,4.2
399006.SZ,2018/2/2,2027856213989.0,1340105281227.0,1.21407E+11,85559742505,64782047045,2.07,2.73,39.28,39.18,4.21
399006.SZ,2018/2/5,2003782893924.0,1333080498984.0,1.21407E+11,85737307962,64782047045,1.74,2.3,38.81,38.72,4.16
399006.SZ,2018/2/6,1900362357695.0,1261969848069.0,1.21376E+11,85849375525,64894114608,2.36,3.12,36.81,36.72,3.94
399006.SZ,2018/2/7,1924210996413.0,1278271630852.0,1.21438E+11,85849485984,64894225067,2.64,3.5,37.27,37.18,3.98
399006.SZ,2018/2/8,1952959054624.0,1296098199824.0,1.21438E+11,85850496991,64895882384,2.13,2.81,37.83,37.73,4.04
399006.SZ,2018/2/9,1899836884702.0,1256118871502.0,1.21438E+11,85850496991,64895482384,2.43,3.22,36.8,36.64,3.93
399006.SZ,2018/2/12,1967454942934.0,1300709208298.0,1.21438E+11,85851152851,64896138244,1.95,2.57,38.11,37.97,4.07
399006.SZ,2018/2/13,1968506983776.0,1301393688485.0,1.21458E+11,85854538045,64911042338,1.74,2.3,37.85,38.34,4.08
399006.SZ,2018/2/14,1968798611077.0,1302521405424.0,1.21457E+11,85900585872,64921083619,1.17,1.54,37.85,38.3,4.07
399006.SZ,2018/2/22,2007194492208.0,1327884935497.0,1.21457E+11,85900585872,64921083619,1.63,2.16,38.59,39.23,4.15
399006.SZ,2018/2/23,1994292509645.0,1320417681373.0,1.21457E+11,85911059660,64931557407,1.46,1.93,38.34,38.97,4.12
399006.SZ,2018/2/26,2070912917517.0,1367455140137.0,1.21457E+11,85911059660,64911397407,2.32,3.07,39.82,40.43,4.28
399006.SZ,2018/2/27,2091023110244.0,1379032157601.0,1.21457E+11,85911059660,64911397407,2.66,3.52,40.2,39.4,4.28
399006.SZ,2018/2/28,2102193382444.0,1385441484832.0,1.21462E+11,85911059660,64911397407,2.52,3.33,40.62,39.54,4.21
399006.SZ,2018/3/1,2142294425570.0,1413345948793.0,1.21462E+11,85911059660,64911397407,2.7,3.57,41.39,40.23,4.29
399006.SZ,2018/3/2,2121254737703.0,1399979352952.0,1.21462E+11,85911059660,64935175412,2.41,3.19,40.98,39.84,4.25
399006.SZ,2018/3/5,2154213794270.0,1418729666840.0,1.21462E+11,85911059660,64934928912,1.95,2.57,41.62,40.46,4.31
399006.SZ,2018/3/6,2159135560001.0,1421342850208.0,1.21462E+11,85911059660,64934928912,2.27,3.01,41.72,40.55,4.32
399006.SZ,2018/3/7,2144162417106.0,1411238339736.0,1.21464E+11,85944873414,64969132666,1.84,2.44,41.28,40.26,4.26
399006.SZ,2018/3/8,2153613035534.0,1418882575259.0,1.21464E+11,85944873414,64779437654,1.62,2.15,41.26,40.44,4.31
399006.SZ,2018/3/9,2225694249263.0,1466626578681.0,1.21464E+11,85946272614,64780836854,3.25,4.32,42.64,41.79,4.45
399006.SZ,2018/3/12,2258940880810.0,1499850153789.0,1.21483E+11,86009930756,64807074996,3.24,4.3,43.28,42.42,4.52
399006.SZ,2018/3/13,2248660977578.0,1493484714957.0,1.21483E+11,86040972550,64838116790,2.55,3.39,42.9,42.23,4.5
399006.SZ,2018/3/14,2209424653143.0,1469395026175.0,1.21483E+11,86040972550,64867597005,2.06,2.73,42.15,41.49,4.42
399006.SZ,2018/3/15,2216411800971.0,1476673935583.0,1.21483E+11,86040972550,64867597005,2.1,2.79,42.29,41.62,4.43
399006.SZ,2018/3/16,2184022282228.0,1454969518304.0,1.21483E+11,86040972550,64867597005,2.07,2.74,41.64,41.04,4.37
399006.SZ,2018/3/19,2209055923440.0,1477059456511.0,1.21482E+11,86266711812,64576442791,2.23,2.98,42.1,41.51,4.42
399006.SZ,2018/3/20,2237214683024.0,1494568494567.0,1.21482E+11,86266711812,65116400291,2.06,2.72,42.19,42.04,4.48
399006.SZ,2018/3/21,2192829553876.0,1467408593329.0,1.21482E+11,86266711812,65114400192,2.39,3.17,41.35,41.2,4.39
399006.SZ,2018/3/22,2177910910712.0,1456331356665.0,1.21482E+11,86266711812,65114400192,2.09,2.77,41.07,40.92,4.36
399006.SZ,2018/3/23,2067245385249.0,1383841842300.0,1.21482E+11,86268463418,65100637700,3.12,4.14,38.95,38.85,4.14
399006.SZ,2018/3/26,2134748648276.0,1429516962576.0,1.21482E+11,86269273418,65100183550,2.5,3.31,39.94,40.12,4.27
399006.SZ,2018/3/27,2209034089931.0,1479640784704.0,1.21482E+11,86276423938,65109285010,3.13,4.14,40.84,41.53,4.42
399006.SZ,2018/3/28,2194696662370.0,1469416145371.0,1.21482E+11,86276476623,65080062842,2.83,3.75,40.39,41.26,4.39
399006.SZ,2018/3/29,2198777458017.0,1473000728385.0,1.21546E+11,86276476623,65076852842,2.38,3.15,40.47,41.33,4.39
399006.SZ,2018/3/30,2266463226240.0,1520375442610.0,1.21546E+11,86338447442,65138823661,3.04,4.03,41.91,42.61,4.53
399006.SZ,2018/4/2,2328750434604.0,1531278480579.0,1.19836E+11,84700639054,63915159355,3,3.98,43.4,43.45,4.69
399006.SZ,2018/4/3,2294471108653.0,1508951756482.0,1.19836E+11,84700643554,63860047239,2.48,3.29,42.56,42.81,4.62
399006.SZ,2018/4/4,2252427159096.0,1480897335527.0,1.19836E+11,84700643554,63860047239,2.21,2.94,41.78,42.03,4.54
399006.SZ,2018/4/9,2257500261809.0,1486677775454.0,1.19836E+11,84700643554,63860047239,2.08,2.76,41.88,42.12,4.55
399006.SZ,2018/4/10,2248924735423.0,1482203899341.0,1.19908E+11,84699260523,63836212208,2.25,2.99,45.72,41.98,4.53
399006.SZ,2018/4/11,2248764721506.0,1481502747657.0,1.19908E+11,84702309774,63839261459,2.01,2.67,45.71,41.97,4.53
399006.SZ,2018/4/12,2241848864972.0,1476124117701.0,1.19908E+11,84708313319,63845265004,1.63,2.16,45.43,41.84,4.57
399006.SZ,2018/4/13,2242062707118.0,1475189524723.0,1.20166E+11,84767189418,63955217721,1.66,2.2,45.56,41.83,4.49
399006.SZ,2018/4/16,2258688288336.0,1487323451653.0,1.20166E+11,84851644092,63978533907,2.25,2.99,46.34,42.14,4.53
399006.SZ,2018/4/17,2190612120976.0,1441013270535.0,1.20236E+11,84839670612,63968818167,2.36,3.14,44.63,40.73,4.37
399006.SZ,2018/4/18,2231071477093.0,1469899756818.0,1.21094E+11,85529575814,64557792482,2.67,3.54,45.03,41.46,4.45
399006.SZ,2018/4/19,2230991018745.0,1468140705983.0,1.21173E+11,85527501826,64559418510,2.2,2.92,45.64,41.46,4.44
399006.SZ,2018/4/20,2187189086123.0,1441262216176.0,1.21206E+11,85731611784,64649142521,2.39,3.17,43,44.11,4.39
399006.SZ,2018/4/23,2152694970104.0,1420460618467.0,1.21211E+11,85849080363,64606903492,2.24,2.98,41.66,43.4,4.27
399006.SZ,2018/4/24,2219334092269.0,1464343576821.0,1.21215E+11,85858766845,64993296701,2.23,2.95,42.36,44.6,4.38
399006.SZ,2018/4/25,2245016130418.0,1476217570130.0,1.2146E+11,85784649709,64630964728,2.05,2.72,42.57,44.9,4.39
399006.SZ,2018/4/26,2194051921429.0,1444644542759.0,1.2146E+11,85792033062,64770164005,1.83,2.43,41.33,42.51,4.28
399006.SZ,2018/4/27,2225050701238.0,1468112862768.0,1.2306E+11,86586791306,65465759468,1.96,2.6,45.53,43.58,4.34
399006.SZ,2018/5/2,2222629684058.0,1466619382448.0,1.2306E+11,86586791306,64616209741,1.83,2.46,46.97,43.71,4.33
399006.SZ,2018/5/3,2249052923272.0,1485977087607.0,1.2306E+11,86586791306,64616009741,2.12,2.84,47.52,44.23,4.38
399006.SZ,2018/5/4,2234324845244.0,1477040475241.0,1.23345E+11,86782359794,64801419431,1.62,2.16,47.21,43.94,4.35
399006.SZ,2018/5/7,2277474019527.0,1506644944790.0,1.23349E+11,86773610222,64806717921,1.86,2.49,48.12,44.79,4.43
399006.SZ,2018/5/8,2284112369275.0,1509978813784.0,1.23349E+11,86846040188,64865099825,1.77,2.37,48.27,44.92,4.45
399006.SZ,2018/5/9,2282868931966.0,1508094099626.0,1.23355E+11,86846040188,64862446601,1.53,2.05,48.24,44.89,4.45
399006.SZ,2018/5/10,2297462159540.0,1518485656216.0,1.23355E+11,86845353700,64794158864,1.74,2.33,48.55,45.18,4.47
399006.SZ,2018/5/11,2256856175664.0,1493490876261.0,1.23355E+11,86849908165,64798713329,1.82,2.43,47.69,44.38,4.39
399006.SZ,2018/5/14,2252205959663.0,1492369822508.0,1.23355E+11,86876383694,64830188858,1.92,2.57,47.59,44.29,4.39
399006.SZ,2018/5/15,2286807797125.0,1518631975833.0,1.23355E+11,87264845644,64822721508,1.76,2.37,48.32,44.97,4.45
399006.SZ,2018/5/16,2275962315481.0,1513049458067.0,1.23588E+11,87539204906,64989525646,1.53,2.06,48.09,44.76,4.43
399006.SZ,2018/5/17,2253714317681.0,1500277705301.0,1.23579E+11,87570896204,65026214511,1.25,1.69,47.62,44.32,4.39
399006.SZ,2018/5/18,2261483589989.0,1507868873768.0,1.23672E+11,87614596130,65067869216,1.38,1.86,47.79,44.47,4.4
399006.SZ,2018/5/21,2292937327212.0,1527589958147.0,1.23672E+11,87604018919,65105019564,1.92,2.58,48.45,45.09,4.46
399006.SZ,2018/5/22,2312895637697.0,1539563496214.0,1.23672E+11,87560405376,65061406021,1.67,2.24,48.87,45.48,4.5
399006.SZ,2018/5/23,2278149717532.0,1515898949124.0,1.23968E+11,87836937468,65191010000,1.66,2.24,48.14,44.8,4.43
399006.SZ,2018/5/24,2269207532317.0,1510038364737.0,1.25962E+11,89103508783,65986369141,1.53,2.06,47.95,44.62,4.42
399006.SZ,2018/5/25,2228960834881.0,1482757473172.0,1.27138E+11,89736512282,66495433635,1.8,2.42,47.1,43.83,4.35
399006.SZ,2018/5/28,2220249505265.0,1479170735712.0,1.27288E+11,89837831937,66596753290,1.57,2.12,46.92,43.66,4.34
399006.SZ,2018/5/29,2188404355699.0,1457408517483.0,1.27288E+11,89859376905,66618298258,1.54,2.08,46.24,43.03,4.28
399006.SZ,2018/5/30,2129198759464.0,1419175360066.0,1.27288E+11,89881908060,67000160057,1.85,2.48,44.99,41.87,4.16
399006.SZ,2018/5/31,2154002629365.0,1435502316865.0,1.27288E+11,89881908060,67001169557,1.57,2.11,45.52,42.36,4.23
399006.SZ,2018/6/1,2107223963481.0,1408732179694.0,1.27288E+11,90005911479,67005712521,1.35,1.82,44.53,41.44,4.14
399006.SZ,2018/6/4,2099312340988.0,1402572114893.0,1.27288E+11,90007719586,67007520628,1.37,1.84,44.36,41.28,4.12
399006.SZ,2018/6/5,2155200287744.0,1439250927144.0,1.27311E+11,90082167501,67026955068,1.52,2.04,45.54,42.38,4.23
399006.SZ,2018/6/6,2155195835168.0,1437456002079.0,1.27314E+11,90099239470,67044166636,1.46,1.97,45.54,42.38,4.23
399006.SZ,2018/6/7,2138210256282.0,1426911194688.0,1.2741E+11,90123239470,67051110073,1.37,1.84,45.18,42.05,4.2
399006.SZ,2018/6/8,2118977958953.0,1413534808394.0,1.27454E+11,90123239470,67049936224,1.36,1.83,44.78,41.67,4.16
399006.SZ,2018/6/11,2085674315421.0,1393531891588.0,1.27451E+11,90122769158,67049145912,1.2,1.62,44.07,41.01,4.1
399006.SZ,2018/6/12,2114044806801.0,1414666659864.0,1.27451E+11,90123345946,67032906949,1.3,1.75,44.67,41.57,4.15
399006.SZ,2018/6/13,2081404390209.0,1393151774705.0,1.27451E+11,90165279696,67065081949,1.23,1.65,43.98,40.93,4.09
399006.SZ,2018/6/14,2065836169464.0,1381886555893.0,1.27956E+11,90469233146,67299610399,1.25,1.69,43.65,40.62,4.06
399006.SZ,2018/6/15,2024788902889.0,1355672612502.0,1.27956E+11,90463981146,67301288399,1.43,1.92,42.79,39.82,3.98
399006.SZ,2018/6/19,1905873686208.0,1278944516406.0,1.27956E+11,90470117188,67478445202,1.93,2.58,40.27,37.48,3.75
399006.SZ,2018/6/20,1931959217742.0,1296384010520.0,1.27956E+11,90478449688,67482229102,1.73,2.33,40.82,37.99,3.8
399006.SZ,2018/6/21,1877995850865.0,1262721370882.0,1.28031E+11,90539454880,67519494670,1.66,2.22,39.68,36.93,3.7
399006.SZ,2018/6/22,1914387560409.0,1285680878634.0,1.28031E+11,90539454880,67519821670,1.43,1.92,40.45,37.65,3.77
399006.SZ,2018/6/25,1902510260511.0,1277625862783.0,1.28031E+11,90539454880,67519241669,1.35,1.82,40.2,37.41,3.75
399006.SZ,2018/6/26,1933618285253.0,1297936496355.0,1.28031E+11,90539454880,67519241669,1.66,2.23,40.86,38.02,3.81
399006.SZ,2018/6/27,1904967687945.0,1280510719735.0,1.28021E+11,90520519656,67500306445,1.45,1.94,40.25,37.46,3.75
399006.SZ,2018/6/28,1897727386019.0,1278225876966.0,1.28021E+11,90520519656,67500306445,1.51,2.02,40.1,37.32,3.74
399006.SZ,2018/6/29,1976721494558.0,1329974034031.0,1.28021E+11,90520504961,67499981627,1.88,2.52,41.77,38.87,3.9
399006.SZ,2018/7/2,2003735004908.0,1329781092358.0,1.27971E+11,89065657280,66616638126,1.68,2.24,42.37,39.35,4.06
399006.SZ,2018/7/3,2027015772406.0,1343561774327.0,1.27982E+11,89065331222,66615442868,1.89,2.53,42.86,39.81,4.11
399006.SZ,2018/7/4,1977659222122.0,1309963880253.0,1.27982E+11,89078311629,66628123275,1.55,2.07,41.82,38.84,4.01
399006.SZ,2018/7/5,1932516568789.0,1282094845065.0,1.28019E+11,89114264708,66688036195,1.37,1.83,40.86,37.95,3.91
399006.SZ,2018/7/6,1939791100581.0,1288970233431.0,1.28018E+11,89125850176,66693082468,1.87,2.5,41.02,38.09,3.93
399006.SZ,2018/7/9,1993664586307.0,1322609113167.0,1.28018E+11,89131437821,66649340833,1.63,2.18,42.16,39.15,4.04
399006.SZ,2018/7/10,2009943513425.0,1333322921166.0,1.28739E+11,89576051048,67030535870,1.5,2,42.5,39.47,4.07
399006.SZ,2018/7/11,1974697643174.0,1310612554318.0,1.28739E+11,89576051048,67051762705,1.83,2.45,41.76,38.78,4.01
399006.SZ,2018/7/12,2066638716392.0,1354221758251.0,1.295E+11,89735964403,67190598660,2.72,3.63,43.7,40.59,4.1
399006.SZ,2018/7/13,2076067137158.0,1358477810050.0,1.30553E+11,90635892796,67721652364,2.31,3.09,43.9,40.77,4.12
399006.SZ,2018/7/16,2072151556101.0,1376791586767.0,1.30553E+11,90805111150,67787079676,1.99,2.67,43.82,40.69,4.11
399006.SZ,2018/7/17,2072860883102.0,1378573351335.0,1.30553E+11,90767814474,67515467859,2.01,2.71,43.83,40.69,4.11
399006.SZ,2018/7/18,2056816520231.0,1367590679665.0,1.30553E+11,90776772802,67518278924,2.14,2.87,43.49,40.38,4.08
399006.SZ,2018/7/19,2029464711783.0,1351688771887.0,1.30553E+11,90795642472,67524163490,1.85,2.49,42.91,39.84,4.03
399006.SZ,2018/7/20,2052713789175.0,1366866100618.0,1.30553E+11,90794192547,67522713565,1.87,2.52,43.41,40.3,4.07
399006.SZ,2018/7/23,2060553118377.0,1373774387765.0,1.30553E+11,90757615491,67466157639,2.14,2.87,43.57,40.45,4.09
399006.SZ,2018/7/24,2069058552547.0,1381460978443.0,1.30553E+11,90785230594,67498438016,2.43,3.26,43.75,40.62,4.11
399006.SZ,2018/7/25,2071039833086.0,1385305355567.0,1.30558E+11,90785230594,67498573016,2.18,2.93,43.79,40.66,4.11
399006.SZ,2018/7/26,2035667393004.0,1364392946666.0,1.30558E+11,90809693094,67527485517,2.32,3.12,43.04,39.94,4.04
399006.SZ,2018/7/27,2021210994641.0,1355174364707.0,1.30558E+11,90809693094,67527485517,1.94,2.61,42.74,39.66,4.01
399006.SZ,2018/7/30,1971286066214.0,1323883930813.0,1.30558E+11,90809693094,67527485517,1.71,2.3,41.68,38.68,3.91
399006.SZ,2018/7/31,1970828084084.0,1326092648301.0,1.30558E+11,90873061001,67552085604,1.5,2.02,41.67,38.7,3.9
399006.SZ,2018/8/1,1947180654913.0,1309659127728.0,1.30558E+11,90873061001,67595892196,1.57,2.11,41.17,38.24,3.86
399006.SZ,2018/8/2,1911997540629.0,1283846179253.0,1.30556E+11,90873061001,67595892196,2.04,2.74,40.43,37.37,3.79
399006.SZ,2018/8/3,1872387730737.0,1258519617593.0,1.30556E+11,90873087730,67531340391,1.38,1.86,39.59,36.5,3.7
399006.SZ,2018/8/6,1818882112941.0,1224733256659.0,1.30556E+11,90873127243,67533313904,1.59,2.14,38.46,35.46,3.6
399006.SZ,2018/8/7,1868947176010.0,1259194836751.0,1.30557E+11,90903789876,67580465474,1.55,2.08,39.52,36.3,3.69
399006.SZ,2018/8/8,1825877446062.0,1231446626648.0,1.30557E+11,90939044052,67633719650,1.44,1.94,38.61,35.4,3.6
399006.SZ,2018/8/9,1890184198686.0,1274573068963.0,1.30557E+11,90939044052,67633719650,1.86,2.5,39.97,36.65,3.73
399006.SZ,2018/8/10,1909079971529.0,1291465654753.0,1.30557E+11,91363578640,68058254238,1.38,1.85,40.37,37.02,3.77
399006.SZ,2018/8/13,1933183325306.0,1305645781691.0,1.30556E+11,91276298821,67970974419,1.55,2.08,40.88,37.49,3.81
399006.SZ,2018/8/14,1917144807056.0,1295213136839.0,1.30556E+11,91303648865,67969590316,1.34,1.8,40.54,36.92,3.78
399006.SZ,2018/8/15,1864858201598.0,1260406609342.0,1.30556E+11,91391586425,68088595838,1.57,2.1,39.43,36.47,3.69
399006.SZ,2018/8/16,1846097894531.0,1248732647342.0,1.30556E+11,91415489489,68046186135,1.54,2.06,39.04,36.01,3.65
399006.SZ,2018/8/17,1808440516415.0,1223151946844.0,1.30558E+11,91416418222,68056639388,1.41,1.89,38.24,35.28,3.56
399006.SZ,2018/8/20,1810528792431.0,1226396534020.0,1.30561E+11,91493436371,68131482664,1.51,2.03,38.28,35.18,3.56
399006.SZ,2018/8/21,1841713555247.0,1247281385036.0,1.30563E+11,91504026642,68131482664,1.42,1.91,38.94,35.7,3.62
399006.SZ,2018/8/22,1817577374455.0,1231339205678.0,1.30563E+11,91503786562,68174819865,1.22,1.63,38.43,35.19,3.57
399006.SZ,2018/8/23,1839218931967.0,1248275505441.0,1.30564E+11,91819190742,68455907895,1.37,1.84,38.89,35.56,3.61
399006.SZ,2018/8/24,1831453253756.0,1242687952403.0,1.30564E+11,91819189242,68434679560,1.18,1.58,38.73,35.62,3.6
399006.SZ,2018/8/27,1887803012137.0,1282762744279.0,1.30584E+11,92124420764,68780358368,1.65,2.22,39.92,37.59,3.7
399006.SZ,2018/8/28,1889734485160.0,1282167027766.0,1.30584E+11,91887513908,68766113910,1.39,1.86,39.96,37.69,3.72
399006.SZ,2018/8/29,1874097358459.0,1271697276292.0,1.30583E+11,91903907488,68680261660,1.22,1.63,39.63,37.44,3.68
399006.SZ,2018/8/30,1843312978445.0,1251970889403.0,1.30583E+11,91909968075,68788914671,1.26,1.69,38.98,36.98,3.67
399006.SZ,2018/8/31,1814235208916.0,1231107692285.0,1.30583E+11,91911432951,68790379547,1.15,1.54,38.36,36.4,3.61
399006.SZ,2018/9/3,1826987971784.0,1244544735062.0,1.30585E+11,92027432747,68792104594,1.36,1.82,38.63,36.66,3.64
399006.SZ,2018/9/4,1840467519487.0,1254461174931.0,1.30583E+11,92032231180,68798877127,1.73,2.31,38.92,36.93,3.67
399006.SZ,2018/9/5,1806338465713.0,1232522218329.0,1.30585E+11,92073279833,68882049297,1.7,2.27,38.2,36.24,3.6
399006.SZ,2018/9/6,1794770082835.0,1224361569274.0,1.30585E+11,92073241289,68898910753,1.48,1.97,37.95,36.01,3.58
399006.SZ,2018/9/7,1798223170536.0,1226835154145.0,1.30588E+11,92077724767,68912124231,1.74,2.33,38.02,36.08,3.58
399006.SZ,2018/9/10,1756917556721.0,1197882163560.0,1.30588E+11,92077724767,68912124231,1.77,2.37,37.15,35.25,3.5
399006.SZ,2018/9/11,1763750147211.0,1201866516991.0,1.30588E+11,92077724767,68914175972,1.38,1.85,37.29,35.39,3.51
399006.SZ,2018/9/12,1752478157023.0,1194116419832.0,1.30588E+11,92086046994,68922498199,1.33,1.77,37.06,35.16,3.49
399006.SZ,2018/9/13,1756713888850.0,1197066499269.0,1.30588E+11,92086046994,68927569799,1.42,1.89,37.15,35.25,3.5
399006.SZ,2018/9/14,1724847595504.0,1176375587417.0,1.30596E+11,92086046994,68960569799,1.42,1.9,36.47,34.61,3.44
399006.SZ,2018/9/17,1696685343971.0,1159890893504.0,1.30596E+11,92102707891,69004978674,1.2,1.6,35.88,34.04,3.38
399006.SZ,2018/9/18,1732493628182.0,1184641716309.0,1.30596E+11,92102708535,69004979318,1.35,1.8,36.63,34.76,3.45
399006.SZ,2018/9/19,1752464989177.0,1208596529303.0,1.30596E+11,93225131054,69317431051,1.63,2.19,37.06,35.16,3.49
399006.SZ,2018/9/20,1745558796225.0,1204604481179.0,1.30589E+11,93225131054,69317431051,1.23,1.65,36.91,35.02,3.48
399006.SZ,2018/9/21,1777612932888.0,1227781534465.0,1.30631E+11,93551074768,69330448555,1.45,1.95,37.59,35.67,3.54
399006.SZ,2018/9/25,1771726105506.0,1222477405745.0,1.30631E+11,93551074768,69331118555,1.01,1.36,37.46,35.55,3.53
399006.SZ,2018/9/26,1790599303731.0,1237000440347.0,1.30627E+11,93639975440,69355658790,1.39,1.87,37.86,35.93,3.56
399006.SZ,2018/9/27,1766446872045.0,1219928043297.0,1.30627E+11,93639975440,69355658790,1.47,1.99,37.35,35.44,3.52
399006.SZ,2018/9/28,1781559164709.0,1261770433737.0,1.30628E+11,96470204002,71923511313,1.32,1.78,37.67,35.75,3.55
399006.SZ,2018/10/8,1898575629374.0,1229025667816.0,1.28786E+11,93618364166,69919834080,1.21,1.62,33.13,30.48,3.59
399006.SZ,2018/10/9,1882250454248.0,1222702390629.0,1.28786E+11,93618486625,69942804057,0.97,1.3,32.84,30.22,3.56
399006.SZ,2018/10/10,1879576787103.0,1221192127472.0,1.28786E+11,93641107343,69942824857,0.94,1.26,32.8,30.18,3.56
399006.SZ,2018/10/11,1760572193971.0,1143139498221.0,1.28786E+11,93607243054,69908960568,1.62,2.17,30.72,28.27,3.34
399006.SZ,2018/10/12,1774775635257.0,1148688802939.0,1.28786E+11,93603394166,69905111680,1.55,2.07,30.97,28.49,3.36
399006.SZ,2018/10/15,1760653445448.0,1130026940689.0,1.28803E+11,93587976448,69877922054,1.2,1.6,30.72,28.27,3.33
399006.SZ,2018/10/16,1718094753903.0,1099769725189.0,1.28803E+11,93587976448,69877922054,1.24,1.67,29.98,27.54,3.25
399006.SZ,2018/10/17,1735316004213.0,1109245700928.0,1.28803E+11,93587976448,69877922054,1.65,2.21,30.28,27.82,3.28
399006.SZ,2018/10/18,,,,,,1.5,,29.56,,
399006.SZ,2018/10/19,1763927269898.0,1124205049812.0,1.28803E+11,93587976448,69879883455,1.73,2.31,30.78,28.03,3.33
399006.SZ,2018/10/22,1859971595404.0,1184572937193.0,1.28803E+11,93636599267,69928506274,2.38,3.18,32.45,29.56,3.51
399006.SZ,2018/10/23,1824160424193.0,1161221614667.0,1.28803E+11,93655000282,69925139899,1.82,2.43,31.83,28.92,3.44
399006.SZ,2018/10/24,1810701419356.0,1152904983298.0,1.28803E+11,93655000282,69925619399,1.5,2.01,31.59,28.79,3.4
399006.SZ,2018/10/25,1799949217343.0,1141444367056.0,1.28803E+11,93655000282,69909919399,1.46,1.96,31.41,28.55,3.37
399006.SZ,2018/10/26,1775954220580.0,1132854016760.0,1.28803E+11,93655000282,69959552916,1.36,1.82,30.99,28.24,3.32
399006.SZ,2018/10/29,1750005238046.0,1119633425341.0,1.28803E+11,93655810413,67698300371,1.3,1.8,30.54,27.51,3.23
399006.SZ,2018/10/30,1773961746164.0,1131121982542.0,1.28803E+11,93721928587,67698300371,1.67,2.31,30.95,28,3.26
399006.SZ,2018/10/31,1792656203130.0,1144856985000.0,1.28803E+11,93711008707,67698300371,1.37,1.9,31.28,28.3,3.29
399006.SZ,2018/11/1,1807991496505.0,1156454089212.0,1.28803E+11,93711008707,67698300371,1.97,2.72,31.55,28.54,3.32
399006.SZ,2018/11/2,1901134138393.0,1221077096761.0,1.28803E+11,93955793256,67567578624,2.42,3.36,33.17,30.01,3.49
399006.SZ,2018/11/5,1902751993169.0,1220617572381.0,1.28835E+11,93987589889,67599375257,2.22,3.09,33.2,30.03,3.49
399006.SZ,2018/11/6,1909340903753.0,1221444166392.0,1.28835E+11,93988871489,67600656857,1.54,2.15,33.32,30.14,3.51
399006.SZ,2018/11/7,1901265839567.0,1218738645700.0,1.28835E+11,93988871489,67600656857,1.65,2.3,33.17,30.01,3.49
399006.SZ,2018/11/8,1879621383213.0,1204531141869.0,1.28835E+11,93967769335,67600656857,1.4,1.95,32.8,29.67,3.45
399006.SZ,2018/11/9,1872165735683.0,1199439414449.0,1.28876E+11,93967469858,67579255226,1.2,1.67,32.67,29.55,3.43
399006.SZ,2018/11/12,1938523025448.0,1240020730438.0,1.28876E+11,93967815069,67582088545,1.93,2.68,33.82,30.6,3.56
399006.SZ,2018/11/13,1965904772671.0,1261096889785.0,1.28876E+11,93967815069,67582088545,2.56,3.56,34.3,31.03,3.61
399006.SZ,2018/11/14,1956548196961.0,1254332095135.0,1.28876E+11,93976325516,67591642692,1.9,2.64,34.14,30.88,3.59
399006.SZ,2018/11/15,1982295975680.0,1271378365842.0,1.28876E+11,93976914115,70832114435,1.83,2.43,34.59,31.29,3.64
399006.SZ,2018/11/16,1977926250095.0,1269434893360.0,1.28876E+11,93974330169,70791856414,1.98,2.62,34.51,31.22,3.63
399006.SZ,2018/11/19,1963813082960.0,1261748119921.0,1.28876E+11,93985955336,70798142225,1.67,2.22,34.27,31,3.6
399006.SZ,2018/11/20,1910168313648.0,1226622317629.0,1.28875E+11,94180711737,70922554824,1.69,2.24,33.33,30.15,3.5
399006.SZ,2018/11/21,1923088544809.0,1234059392019.0,1.28875E+11,94180711737,70922554824,1.48,1.96,33.56,30.36,3.53
399006.SZ,2018/11/22,1910846658603.0,1226355079020.0,1.28875E+11,94186883454,70928726541,1.2,1.59,33.34,30.16,3.5
399006.SZ,2018/11/23,1843696379476.0,1183239291279.0,1.28875E+11,94186883454,70928726541,1.7,2.25,32.17,29.1,3.38
399006.SZ,2018/11/26,1839328034589.0,1179931125153.0,1.28875E+11,94187748780,70971727393,1.07,1.42,32.09,29.03,3.37
399006.SZ,2018/11/27,1855768563709.0,1190846626456.0,1.28875E+11,94206224636,70963442023,1.18,1.57,32.38,29.29,3.4
399006.SZ,2018/11/28,1893596899629.0,1212968389567.0,1.28875E+11,94206224636,70963442023,1.61,2.14,33.04,29.89,3.47
399006.SZ,2018/11/29,1854449195654.0,1188616965506.0,1.28876E+11,94381562625,71143824905,1.49,1.97,32.36,29.27,3.4
399006.SZ,2018/11/30,1880461483176.0,1204221206980.0,1.28877E+11,94381562625,71144299512,1.22,1.62,32.81,29.68,3.45
399006.SZ,2018/12/3,1938399965693.0,1244130397682.0,1.28875E+11,94375494658,71146233912,2.1,2.78,33.82,30.6,3.55
399006.SZ,2018/12/4,1950018897441.0,1250249746303.0,1.28875E+11,94548971709,71278453851,1.43,1.9,34.03,30.78,3.58
399006.SZ,2018/12/5,1951803351480.0,1251247087293.0,1.28875E+11,94548968079,71278216385,1.66,2.2,34.06,30.81,3.58
399006.SZ,2018/12/6,1900486698951.0,1217910671014.0,1.28937E+11,94548968079,71278212755,1.57,2.08,33.16,30,3.48
399006.SZ,2018/12/7,1895252191968.0,1213338082122.0,1.28936E+11,94549195627,71278212755,1.22,1.61,33.07,29.92,3.47
399006.SZ,2018/12/10,1872545115541.0,1199582920464.0,1.28936E+11,94561582746,71283728687,1.21,1.61,32.67,29.56,3.43
399006.SZ,2018/12/11,1890045790723.0,1212556600234.0,1.28936E+11,94854754981,71302628881,1.07,1.42,32.98,29.83,3.46
399006.SZ,2018/12/12,1895542430105.0,1213060285238.0,1.28936E+11,94876522371,71324032171,1.03,1.37,33.07,29.92,3.47
399006.SZ,2018/12/13,1911101565815.0,1223224206939.0,1.28936E+11,94876522371,71324032171,1.31,1.74,33.35,30.17,3.5
399006.SZ,2018/12/14,1855575317784.0,1188654986138.0,1.28938E+11,94979087617,71426597417,1.35,1.79,32.38,29.29,3.4
399006.SZ,2018/12/17,1842276173752.0,1178408533273.0,1.28938E+11,94984181992,71431691792,1.15,1.53,32.15,29.08,3.38
399006.SZ,2018/12/18,1833516772309.0,1173068329706.0,1.28938E+11,94984181992,71492732334,1.08,1.44,31.99,28.94,3.36
399006.SZ,2018/12/19,1800385354064.0,1150854422885.0,1.28937E+11,95042805102,71527863753,1,1.33,31.41,28.42,3.3
399006.SZ,2018/12/20,1806567643148.0,1158881536390.0,1.28937E+11,95042805102,71549546196,1,1.33,31.52,28.52,3.31
399006.SZ,2018/12/21,1798351241922.0,1151308963197.0,1.28933E+11,95042870102,71549546196,1.06,1.41,31.38,28.39,3.3
399006.SZ,2018/12/24,1817441012260.0,1165301937912.0,1.28933E+11,95100868572,71590669920,0.96,1.27,31.71,28.69,3.33
399006.SZ,2018/12/25,1803313941689.0,1155954040032.0,1.28933E+11,95157205342,71639956633,1.49,1.99,31.47,28.46,3.31
399006.SZ,2018/12/26,1786742867771.0,1146778392028.0,1.28933E+11,95166612015,71641402633,1.2,1.6,31.18,28.2,3.28
399006.SZ,2018/12/27,1766893478672.0,1132318355741.0,1.28933E+11,95186834082,71641402633,1.43,1.9,30.83,27.89,3.24
399006.SZ,2018/12/28,1768826270439.0,1135438294731.0,1.28972E+11,95192734827,71690700198,1.37,1.82,30.86,27.92,3.24
399006.SZ,2019/1/2,1920661027970.0,1132815959066.0,1.28769E+11,93898995594,67746081236,1.19,1.65,31.45,27.89,3.47
399006.SZ,2019/1/3,1899084157547.0,1119871007464.0,1.28768E+11,93945196603,67792254216,1.33,1.84,31.1,27.58,3.43
399006.SZ,2019/1/4,1946233016329.0,1147904952741.0,1.2877E+11,93925299504,67792282245,1.7,2.36,31.87,28.27,3.52
399006.SZ,2019/1/7,1977947167628.0,1168424607951.0,1.2877E+11,93958247210,67805332852,1.64,2.27,32.39,28.73,3.57
399006.SZ,2019/1/8,1973112046825.0,1167169986569.0,1.2877E+11,94067694824,68028755731,1.36,1.88,32.31,28.66,3.56
399006.SZ,2019/1/9,1972433508410.0,1165325804280.0,1.2877E+11,94067694824,67917246666,1.62,2.24,32.3,28.65,3.56
399006.SZ,2019/1/10,1964331424557.0,1162682629649.0,1.2877E+11,94144135525,67992982505,1.34,1.85,32.17,28.53,3.55
399006.SZ,2019/1/11,1969269373203.0,1165617186718.0,1.2877E+11,94151981925,68000828905,1.28,1.77,32.25,28.6,3.56
399006.SZ,2019/1/14,1945402043919.0,1151481933388.0,1.2877E+11,94152120675,68055967655,1.2,1.66,31.86,28.25,3.51
399006.SZ,2019/1/15,1975472685830.0,1170780675966.0,1.2877E+11,94224469454,68122444877,1.46,2.02,32.35,28.69,3.57
399006.SZ,2019/1/16,1980413429051.0,1172280090482.0,1.28827E+11,94184442777,68122444877,1.39,1.92,32.43,28.76,3.57
399006.SZ,2019/1/17,1958379928623.0,1158267887348.0,1.28827E+11,94247905134,68145880557,1.27,1.75,32.07,28.44,3.53
399006.SZ,2019/1/18,1984317888960.0,1174816237044.0,1.28827E+11,94249236609,68147014557,1.36,1.88,32.5,28.82,3.58
399006.SZ,2019/1/21,1994341096312.0,1181463337761.0,1.28827E+11,94261744319,68159522267,1.39,1.92,32.66,28.96,3.6
399006.SZ,2019/1/22,1959816158534.0,1160556826211.0,1.28827E+11,94317360078,68215138026,1.27,1.76,32.09,28.46,3.53
399006.SZ,2019/1/23,1961402954867.0,1158888490885.0,1.28827E+11,94328627278,68222026326,1.01,1.4,32.12,28.49,3.54
399006.SZ,2019/1/24,1971822598917.0,1171682377469.0,1.28827E+11,94361017301,68254414349,1.47,2.03,32.29,28.64,3.56
399006.SZ,2019/1/25,1975145725434.0,1174600570494.0,1.28827E+11,94496067451,68385747555,1.52,2.11,32.34,28.65,3.56
399006.SZ,2019/1/28,1964192575965.0,1169471221666.0,1.28827E+11,94496067451,68385747555,1.41,1.95,32.17,28.5,3.54
399006.SZ,2019/1/29,1940248416135.0,1153439073199.0,1.28827E+11,94496067451,68450326089,1.49,2.06,31.77,28.15,3.5
399006.SZ,2019/1/30,1920696647660.0,1141934099500.0,1.28827E+11,94561517452,68450326089,1.33,1.83,31.45,27.86,3.46
399006.SZ,2019/1/31,1916671073754.0,1138903696829.0,1.28827E+11,94560534952,68458276090,1.6,2.21,31.39,27.8,3.46
399006.SZ,2019/2/1,1986685676460.0,1178314905181.0,1.28826E+11,94470680057,68458332790,1.66,2.29,32.53,28.82,3.58
399006.SZ,2019/2/11,2052537812899.0,1221931155435.0,1.28826E+11,94655082426,68651317231,1.82,2.5,33.61,29.77,3.7
399006.SZ,2019/2/12,2076414458699.0,1237962160379.0,1.28826E+11,94655082426,68651317231,1.84,2.54,34,30.12,3.74
399006.SZ,2019/2/13,2115166192416.0,1262459740565.0,1.28826E+11,94655082426,68651317231,2.44,3.36,34.64,30.66,3.81
399006.SZ,2019/2/14,2129389727103.0,1265673336525.0,1.28826E+11,94655082426,68710124030,1.93,2.65,34.87,30.86,3.84
399006.SZ,2019/2/15,2115220566534.0,1261048414952.0,1.28826E+11,94655082426,68710124030,2.02,2.79,34.64,30.65,3.81
399006.SZ,2019/2/18,2198300781350.0,1316357309435.0,1.28826E+11,94825547972,68884874876,2.6,3.58,36,31.86,3.96
399006.SZ,2019/2/19,2184630251962.0,1309275132025.0,1.28841E+11,94825547972,69017916957,2.81,3.86,35.78,31.66,3.94
399006.SZ,2019/2/20,2183984840365.0,1309995428809.0,1.28841E+11,94918462842,69023256313,1.99,2.74,35.76,31.65,3.94
399006.SZ,2019/2/21,2187534176565.0,1313166204006.0,1.28841E+11,94918462842,69025592564,3.02,4.15,35.82,32.51,3.96
399006.SZ,2019/2/22,2248432066738.0,1354799580301.0,1.28841E+11,94918462842,69025592564,2.97,4.09,36.82,33.82,4.08
399006.SZ,2019/2/25,2383802336695.0,1431161904038.0,1.28841E+11,94918462842,69025592564,4.38,6.02,39.04,36.68,4.32
399006.SZ,2019/2/26,2383573688331.0,1438497992848.0,1.28841E+11,94918393163,69025522885,5,6.88,39.09,36.72,4.31
399006.SZ,2019/2/27,2339704032669.0,1414397240622.0,1.28848E+11,94918393163,69019289646,3.77,5.19,38.37,37.23,4.23
399006.SZ,2019/2/28,2378452653125.0,1429120331062.0,1.28848E+11,94918393163,69019289646,3.04,4.17,38.67,49.7,4.33
399006.SZ,2019/3/1,2426430326318.0,1458787730762.0,1.28848E+11,94919266633,69089770520,3.03,4.16,39.45,50.7,4.41
399006.SZ,2019/3/4,2499051588105.0,1503150855934.0,1.28848E+11,94925482198,69095986085,4.69,6.44,40.63,52.22,4.55
399006.SZ,2019/3/5,2567527171247.0,1553208273834.0,1.28848E+11,94925482198,69095986085,4.42,6.07,41.74,53.65,4.67
399006.SZ,2019/3/6,2593980555912.0,1574261205110.0,1.28848E+11,94925482198,69110267782,4.92,6.76,41.95,54.2,4.73
399006.SZ,2019/3/7,2571459263352.0,1566196084204.0,1.28848E+11,94925478698,69110264282,4.9,6.73,41.59,53.73,4.69
399006.SZ,2019/3/8,2512335357087.0,1526261811940.0,1.28848E+11,94927404698,69116669800,5.58,7.66,40.63,52.49,4.58
399006.SZ,2019/3/11,2626515061121.0,1596330725126.0,1.28848E+11,94928818930,69135764032,4.53,6.21,42.48,54.88,4.79
399006.SZ,2019/3/12,2683430568714.0,1632937890534.0,1.28848E+11,94935731430,69142676532,5.62,7.72,43.4,56.07,4.89
399006.SZ,2019/3/13,2584185009892.0,1565731687304.0,1.2891E+11,95087674926,69309448349,4.42,6.07,41.78,54,4.71
399006.SZ,2019/3/14,2536386603045.0,1530979744726.0,1.2891E+11,95330962757,69555416294,3.63,4.98,41,53,4.62
399006.SZ,2019/3/15,2560059593276.0,1542743875625.0,1.2891E+11,95341674521,69540748509,2.82,3.87,41.38,53.49,4.67
399006.SZ,2019/3/18,2614291959314.0,1582771786017.0,1.2891E+11,95357661032,69556735020,2.85,3.9,42.25,54.62,4.76
399006.SZ,2019/3/19,2613593416176.0,1584346162288.0,1.2891E+11,95357661032,69556735020,2.89,3.96,42.24,54.61,4.76
399006.SZ,2019/3/20,2583279849723.0,1565738954581.0,1.2891E+11,95376057533,69590042418,2.96,4.05,41.77,53.97,4.7
399006.SZ,2019/3/21,2602482834313.0,1580758938862.0,1.2891E+11,95376057533,69569042418,3.57,4.9,41.94,54.37,4.74
399006.SZ,2019/3/22,2590301072552.0,1571801354834.0,1.2891E+11,95363545308,69620541633,2.75,3.76,41.74,54.12,4.72
399006.SZ,2019/3/25,2556773033574.0,1547006734872.0,1.2891E+11,95368359131,69559704353,2.65,3.63,41.18,53.42,4.65
399006.SZ,2019/3/26,2498467672502.0,1514070938884.0,1.2891E+11,95539359131,69627204353,2.76,3.78,40.09,52.2,4.55
399006.SZ,2019/3/27,2511119145912.0,1522457031986.0,1.2891E+11,95538564620,69693376431,2.2,3.01,40.25,52.46,4.57
399006.SZ,2019/3/28,2495977091679.0,1510533342977.0,1.28963E+11,95540034819,69695189380,2.08,2.85,39.87,52.15,4.54
399006.SZ,2019/3/29,2592981938038.0,1572487469851.0,1.29153E+11,95729440220,69694846630,2.79,3.84,41.51,54.22,4.71
399006.SZ,2019/4/1,2684876468162.0,1635448702604.0,1.29153E+11,95759609620,69590636942,3.44,4.74,43.09,56.14,4.87
399006.SZ,2019/4/2,2673346068016.0,1635699037279.0,1.29418E+11,96135294663,69837973721,3.56,4.9,42.9,55.9,4.83
399006.SZ,2019/4/3,2689829472903.0,1650541754122.0,1.29749E+11,96357850495,70028971717,3.02,4.16,43.34,56.24,4.86
399006.SZ,2019/4/4,2694162907509.0,1656598602650.0,1.29749E+11,96362344145,70033465367,3.14,4.31,42.7,56.33,4.87
399006.SZ,2019/4/8,2640795562871.0,1623458058365.0,1.29761E+11,96373938658,70045563680,3.33,4.59,41.86,55.21,4.77
399006.SZ,2019/4/9,2650844632373.0,1626874636976.0,1.29761E+11,96374028658,70045653680,2.62,3.6,42.02,55.42,4.8
399006.SZ,2019/4/10,2626424920718.0,1611738654382.0,1.29795E+11,96376039460,70134602215,3.14,4.31,43.44,54.92,4.74
399006.SZ,2019/4/11,2572113718567.0,1577218223013.0,1.29795E+11,96392599427,70151162182,2.6,3.57,42.54,53.79,4.64
399006.SZ,2019/4/12,2581592783700.0,1582884079136.0,1.29795E+11,96468517579,70215217499,2.03,2.78,42.58,54.02,4.65
399006.SZ,2019/4/15,2538867473456.0,1559957222429.0,1.2977E+11,96744724936,70491424856,2.33,3.2,41.83,53.13,4.57
399006.SZ,2019/4/16,2580313193779.0,1592902875801.0,1.2977E+11,96886496095,70675245158,2.61,3.58,44.95,54.1,4.67
399006.SZ,2019/4/17,2612886176868.0,1613926683528.0,1.2977E+11,96957150828,70793924471,2.87,3.93,45.52,54.78,4.73
399006.SZ,2019/4/18,2597570098548.0,1605365054582.0,1.29771E+11,96979773082,70816546725,2.24,3.07,44.9,54.4,4.7
399006.SZ,2019/4/19,2611143081279.0,1615163174166.0,1.29771E+11,96976236269,70816546725,2.33,3.19,44.91,55.36,4.72
399006.SZ,2019/4/22,2580920716377.0,1597743749380.0,1.29771E+11,97019104154,70846718508,2.46,3.37,44.25,54.63,4.66
399006.SZ,2019/4/23,2560431063490.0,1584984716593.0,1.29771E+11,97095549520,70957502672,2.1,2.88,42.72,56.35,4.62
399006.SZ,2019/4/24,2609216810031.0,1617246867770.0,1.29827E+11,97095549520,71065182161,2.35,3.21,42.94,57.5,4.7
399006.SZ,2019/4/25,2545511870198.0,1569360875815.0,1.29827E+11,97094199595,71202968859,2.59,3.53,44.79,59.18,4.59
399006.SZ,2019/4/26,2532799438095.0,1560215337045.0,1.29831E+11,97077450360,71202968859,2.26,3.08,48.96,60.14,4.56
399006.SZ,2019/4/29,2489292825699.0,1521741905280.0,1.29831E+11,97078764306,71202968859,2.57,3.5,50.5,57.97,4.43
399006.SZ,2019/4/30,2496416306812.0,1527465215886.0,1.29831E+11,97082706414,71202968859,1.84,2.52,53.57,57.71,4.44
399006.SZ,2019/5/6,2309504792988.0,1405761559769.0,1.29831E+11,97113774965,71465732851,2.58,3.51,49.56,53.39,4.1
399006.SZ,2019/5/7,2327202112057.0,1414695210175.0,1.29832E+11,97114848220,71465732851,2.05,2.78,49.94,53.8,4.14
399006.SZ,2019/5/8,2300910742140.0,1394982058450.0,1.29832E+11,97120216546,71474774432,1.72,2.34,49.38,53.19,4.09
399006.SZ,2019/5/9,2271362565347.0,1382422513225.0,1.29832E+11,97121988849,71476546735,1.52,2.07,48.74,52.51,4.04
399006.SZ,2019/5/10,2370783959836.0,1442261338134.0,1.29841E+11,97175091617,71544827603,2.34,3.18,50.87,54.81,4.21
399006.SZ,2019/5/13,2329702454760.0,1415104301344.0,1.29841E+11,97175091617,71544827603,1.58,2.15,49.99,53.86,4.14
399006.SZ,2019/5/14,2317975356343.0,1408092944118.0,1.29935E+11,97269697537,71566387247,1.52,2.07,49.74,53.59,4.12
399006.SZ,2019/5/15,2371595074914.0,1443118592793.0,1.30104E+11,97453969651,71814384574,1.66,2.25,50.89,54.82,4.2
399006.SZ,2019/5/16,2378590859038.0,1449452719174.0,1.30252E+11,97580357479,71877538852,1.6,2.18,51.04,54.99,4.22
399006.SZ,2019/5/17,2297468746135.0,1397777830738.0,1.30252E+11,97598013895,71895195268,1.98,2.69,49.3,53.11,4.07
399006.SZ,2019/5/20,2280802319826.0,1417714413712.0,1.30252E+11,98133758328,71896566037,1.69,2.3,48.94,52.73,4.04
399006.SZ,2019/5/21,2319447345365.0,1438945522258.0,1.30367E+11,98132570328,71904529455,1.54,2.1,49.77,53.62,4.09
399006.SZ,2019/5/22,2307459579076.0,1433525544712.0,1.31466E+11,99067517654,72712841637,1.49,2.03,49.52,53.34,4.07
399006.SZ,2019/5/23,2248971274892.0,1396735288451.0,1.31466E+11,99120211258,72738527178,1.63,2.22,48.26,51.99,3.97
399006.SZ,2019/5/24,2240790836296.0,1389659929415.0,1.31466E+11,99121251258,72739567178,1.51,2.05,48.08,51.8,3.96
399006.SZ,2019/5/27,2310060929601.0,1434739156690.0,1.31466E+11,99150062255,72768378175,1.85,2.52,49.57,53.4,4.08
399006.SZ,2019/5/28,2334873747420.0,1445956977363.0,1.31466E+11,99150062255,72768378175,1.62,2.2,50.1,53.98,4.13
399006.SZ,2019/5/29,2319489183269.0,1439059867027.0,1.31466E+11,99150062255,72768378175,1.27,1.73,49.77,53.62,4.11
399006.SZ,2019/5/30,2301950139986.0,1426698997672.0,1.31523E+11,99178378764,72783227761,1.36,1.85,49.4,53.21,4.06
399006.SZ,2019/5/31,2302134846473.0,1425936833193.0,1.31523E+11,99178378764,72783227761,1.28,1.74,49.4,53.22,4.08
399006.SZ,2019/6/3,2282382204404.0,1410581476024.0,1.31523E+11,99178398764,72783227761,1.45,1.97,48.98,52.76,4.05
399006.SZ,2019/6/4,2257468550045.0,1398534132935.0,1.31727E+11,99265512105,72818966636,1.25,1.71,48.44,52.19,4.01
399006.SZ,2019/6/5,2258252534505.0,1392901654106.0,1.32442E+11,99847854731,73144885316,1.24,1.7,48.46,52.2,4.01
399006.SZ,2019/6/6,2204869468845.0,1360996675615.0,1.32442E+11,99847854731,73144885316,1.33,1.82,47.31,50.97,3.92
399006.SZ,2019/6/10,2227752260145.0,1381095240968.0,1.32442E+11,1.00539E+11,73550830765,1.22,1.67,47.81,51.5,3.96
399006.SZ,2019/6/11,2306914403776.0,1500615620216.0,1.32451E+11,1.01519E+11,74292285824,1.9,2.6,49.5,53.33,4.1
399006.SZ,2019/6/12,2291202539418.0,1487535509868.0,1.32451E+11,1.01519E+11,74292305461,1.44,1.97,49.17,52.97,4.07
399006.SZ,2019/6/13,2298892221012.0,1494833072663.0,1.32451E+11,1.01557E+11,74312955489,1.44,1.96,49.33,53.14,4.09
399006.SZ,2019/6/14,2264778911952.0,1472536642293.0,1.32451E+11,1.01597E+11,74383680158,1.58,2.15,48.6,52.36,4.03
399006.SZ,2019/6/17,2316624174697.0,1481061288935.0,1.27056E+11,96368765095,70155188922,1.03,1.42,43.79,46.31,4.2
399006.SZ,2019/6/18,2336997507680.0,1503480465494.0,1.27056E+11,96624074165,70410497992,0.94,1.29,44.17,46.72,4.24
399006.SZ,2019/6/19,2359604159378.0,1518093724235.0,1.27147E+11,96673695643,70454942367,1.75,2.4,44.6,47.17,4.28
399006.SZ,2019/6/20,2402020876595.0,1546935974648.0,1.27141E+11,96637557683,70418804407,1.93,2.65,45.4,48.02,4.36
399006.SZ,2019/6/21,2442972595785.0,1574152165558.0,1.2714E+11,96626014097,70418804407,2.36,3.24,46.17,48.84,4.43
399006.SZ,2019/6/24,2431553209008.0,1564552990462.0,1.27122E+11,96629332633,70412330821,1.58,2.17,45.96,48.61,4.42
399006.SZ,2019/6/25,2405102729662.0,1556485189844.0,1.27122E+11,96517837624,70261475906,1.48,2.03,45.46,48.08,4.37
399006.SZ,2019/6/26,2417964231892.0,1564250927271.0,1.27118E+11,96518916277,70274841932,1.25,1.72,45.7,48.34,4.4
399006.SZ,2019/6/27,2452783912662.0,1585535796575.0,1.27208E+11,96603687185,70340639005,1.54,2.12,46.36,49.03,4.46
399006.SZ,2019/6/28,2434381253000.0,1571010720954.0,1.27208E+11,96603687185,70340639005,1.24,1.7,46.01,48.66,4.43
399006.SZ,2019/7/1,2520726340601.0,1629386087509.0,1.2903E+11,97784352762,71072502149,2.15,2.95,47.64,50.39,4.59
399006.SZ,2019/7/2,2531896079182.0,1631256051080.0,1.29051E+11,97785392279,71073541666,1.56,2.15,47.85,50.61,4.61
399006.SZ,2019/7/3,2488136028306.0,1605819910036.0,1.2904E+11,97785231404,71073380791,1.42,1.95,47.03,49.74,4.53
399006.SZ,2019/7/4,2464355630594.0,1593478106513.0,1.2904E+11,97785397707,71073380791,1.31,1.81,46.58,49.26,4.49
399006.SZ,2019/7/5,2484837158601.0,1607402402107.0,1.2904E+11,97785292169,71075396230,1.13,1.55,46.97,49.67,4.53
399006.SZ,2019/7/8,2422407315437.0,1567465778983.0,1.2904E+11,97989310019,71279414080,1.56,2.14,45.79,48.43,4.42
399006.SZ,2019/7/9,2439310299217.0,1579635856983.0,1.2933E+11,98063505194,71354094080,1.14,1.57,46.1,48.76,4.45
399006.SZ,2019/7/10,2431806537298.0,1572086922983.0,1.29407E+11,98104406725,71381379561,1.03,1.42,45.96,48.61,4.44
399006.SZ,2019/7/11,2435699460478.0,1576241004875.0,1.29974E+11,98447703696,71645573407,1.09,1.5,46.04,48.69,4.45
399006.SZ,2019/7/12,2438796418028.0,1581119068498.0,1.29974E+11,98486093908,71686653169,1.17,1.61,46.09,48.75,4.45
399006.SZ,2019/7/15,2477534610991.0,1609387199387.0,1.29974E+11,98486093908,71686653169,1.97,2.71,46.83,49.53,4.52
399006.SZ,2019/7/16,2467957158299.0,1606656941198.0,1.29974E+11,98487255308,71687814569,1.32,1.82,46.65,49.34,4.51
399006.SZ,2019/7/17,2477914559432.0,1621616427533.0,1.30316E+11,99001574553,71979698386,1.43,1.97,46.83,49.53,4.53
399006.SZ,2019/7/18,2438113060769.0,1594483086957.0,1.30309E+11,99001574803,71950066723,1.3,1.78,46.08,48.74,4.45
399006.SZ,2019/7/19,2460275187308.0,1611786395199.0,1.30309E+11,99001574803,71950066723,1.24,1.7,46.5,49.18,4.5
399006.SZ,2019/7/22,2425444623871.0,1586959732104.0,1.30309E+11,99001574803,71702211564,1.34,1.85,45.84,48.49,4.43
399006.SZ,2019/7/23,2454288177876.0,1608714488432.0,1.30309E+11,99001574803,71702211564,1.11,1.53,46.39,49.06,4.49
399006.SZ,2019/7/24,2486184699007.0,1629851644244.0,1.30309E+11,99001574803,71725884284,1.56,2.16,46.99,49.7,4.55
399006.SZ,2019/7/25,2508435510068.0,1644491598928.0,1.30309E+11,99036179633,71754508053,1.41,1.94,47.41,50.15,4.59
399006.SZ,2019/7/26,2505463152908.0,1641744357329.0,1.30309E+11,99036179633,71754508053,1.18,1.62,47.36,50.09,4.58
399006.SZ,2019/7/29,2509821100637.0,1647310539935.0,1.30309E+11,98991537483,71764280340,1.29,1.78,47.44,49.95,4.58
399006.SZ,2019/7/30,2533691957250.0,1661682977544.0,1.30309E+11,98991537483,71724422382,1.63,2.24,47.89,50.42,4.63
399006.SZ,2019/7/31,2515934012365.0,1651778193533.0,1.30309E+11,99103514559,71799838496,1.18,1.63,47.55,50.01,4.59
399006.SZ,2019/8/1,2515525132454.0,1653891575781.0,1.30309E+11,99103514559,71776807699,1.22,1.68,47.55,50,4.59
399006.SZ,2019/8/2,2491587883908.0,1639027413232.0,1.30309E+11,99154142316,71814658755,1.55,2.14,47.09,49.53,4.55
399006.SZ,2019/8/5,2447513239226.0,1610208320740.0,1.30309E+11,99154142316,71814658755,1.53,2.11,46.26,48.67,4.47
399006.SZ,2019/8/6,2413524996788.0,1584466933709.0,1.30309E+11,99091981903,71821886671,1.84,2.54,45.62,48.04,4.4
399006.SZ,2019/8/7,2411837986947.0,1577897084036.0,1.30303E+11,99143289798,71752498342,1.24,1.71,45.59,48.04,4.4
399006.SZ,2019/8/8,2448332771096.0,1600944446321.0,1.30302E+11,99175888543,71843968922,1.16,1.6,46.28,48.84,4.46
399006.SZ,2019/8/9,2429463047448.0,1583957671140.0,1.30302E+11,99157087657,71849600055,1.31,1.8,45.92,48.45,4.43
399006.SZ,2019/8/12,2472533091087.0,1620333550839.0,1.30302E+11,99247089545,71906626607,1.43,1.97,46.73,49.29,4.5
399006.SZ,2019/8/13,2453280309568.0,1604397815374.0,1.30302E+11,99246535026,71906626607,1.33,1.83,46.37,48.86,4.47
399006.SZ,2019/8/14,2477143662648.0,1620033270687.0,1.30302E+11,99246535026,71906333006,1.71,2.37,46.82,49.33,4.51
399006.SZ,2019/8/15,2503941768539.0,1639695516518.0,1.30366E+11,99272017080,71923973296,1.85,2.56,47.33,49.73,4.56
399006.SZ,2019/8/16,2523456314538.0,1651759238134.0,1.30366E+11,99271903989,71948475015,2.11,2.91,47.7,49.83,4.59
399006.SZ,2019/8/19,2611472259363.0,1711331273832.0,1.30366E+11,99272074097,71950279302,2.95,4.06,49.36,51.1,4.74
399006.SZ,2019/8/20,2595535782526.0,1699532332884.0,1.30366E+11,99285464132,71952114900,2.31,3.19,49.06,51.61,4.72
399006.SZ,2019/8/21,2592389419319.0,1696956468025.0,1.3048E+11,99285464132,71949425916,1.82,2.51,49,49.25,4.68
399006.SZ,2019/8/22,2599662654605.0,1700710371413.0,1.30479E+11,99272614583,71949425916,1.75,2.42,49.14,49.43,4.69
399006.SZ,2019/8/23,2612352800775.0,1702482084464.0,1.30479E+11,99272614583,71926555339,1.81,2.5,49.38,49.42,4.7
399006.SZ,2019/8/26,2592506617612.0,1687664454777.0,1.30479E+11,99407396595,71930279415,1.8,2.48,49,49.53,4.65
399006.SZ,2019/8/27,2637262248204.0,1713547250329.0,1.30479E+11,99377290717,71799852207,2.21,3.06,49.85,50.79,4.73
399006.SZ,2019/8/28,2628190381673.0,1708865876288.0,1.30479E+11,99381960160,72059852328,1.69,2.33,49.68,50.56,4.7
399006.SZ,2019/8/29,2620318142484.0,1704710900447.0,1.30479E+11,99429445572,71432025921,1.64,2.29,49.53,50.49,4.67
399006.SZ,2019/8/30,2617175200612.0,1695077696969.0,1.30479E+11,99422217698,71796997045,2.16,2.99,49.47,52.2,4.65
399006.SZ,2019/9/2,2685285125194.0,1741173885981.0,1.30479E+11,99422217699,71826043187,2.25,3.11,50.76,53.56,4.77
399006.SZ,2019/9/3,2691699598861.0,1750506258571.0,1.30479E+11,99422217699,71503651030,2.41,3.35,50.88,53.69,4.78
399006.SZ,2019/9/4,2703366698497.0,1759583529651.0,1.30478E+11,99432053068,71504862144,2.4,3.34,51.1,53.92,4.81
399006.SZ,2019/9/5,2733036607233.0,1781875117759.0,1.30478E+11,99429400907,71507611655,3.3,4.58,51.66,54.51,4.86
399006.SZ,2019/9/6,2743580821454.0,1788188851804.0,1.30478E+11,99429400907,71507611655,2.53,3.52,51.86,54.72,4.88
399006.SZ,2019/9/9,2804754798880.0,1834313464863.0,1.30478E+11,99439747392,71515305979,3.15,4.37,53.02,55.94,4.99
399006.SZ,2019/9/10,2790265003814.0,1824324255792.0,1.30478E+11,99440677272,71557424307,2.78,3.87,52.75,55.65,4.96
399006.SZ,2019/9/11,2758213261145.0,1801754211920.0,1.30478E+11,99440677272,71560213527,2.21,3.07,52.14,55.01,4.9
399006.SZ,2019/9/12,2766821974265.0,1808326977723.0,1.30477E+11,99440677272,71560213527,1.85,2.58,52.3,55.19,4.92
399006.SZ,2019/9/16,2772356277959.0,1813472990577.0,1.30482E+11,99446051067,71578837322,2.12,2.95,52.41,55.3,4.93
399006.SZ,2019/9/17,2719214650588.0,1775790429375.0,1.30482E+11,99460941791,71593728046,2.22,3.08,51.4,54.24,4.83
399006.SZ,2019/9/18,2726035164229.0,1779290850385.0,1.30482E+11,99450038515,71598202335,1.85,2.57,51.53,54.37,4.85
399006.SZ,2019/9/19,2764422234102.0,1808355422331.0,1.30482E+11,99461223096,71542406711,1.9,2.64,52.26,55.14,4.91
399006.SZ,2019/9/20,2765930702478.0,1808272437487.0,1.30483E+11,99473055490,71558240105,2.02,2.81,52.29,55.17,4.92
399006.SZ,2019/9/23,2731951844484.0,1800764914962.0,1.30483E+11,99685958603,71628743293,2.05,2.85,51.64,54.49,4.86
399006.SZ,2019/9/24,2748567578598.0,1810383581706.0,1.30497E+11,99713383872,71628341989,2.28,3.18,51.96,54.82,4.88
399006.SZ,2019/9/25,2714247169964.0,1783882064017.0,1.30491E+11,99713383872,71647349238,2.22,3.09,51.31,54.14,4.82
399006.SZ,2019/9/26,2645684647285.0,1734213750626.0,1.30491E+11,99714940122,71648905488,2.22,3.08,50.01,52.77,4.7
399006.SZ,2019/9/27,2673655074723.0,1758146329746.0,1.30485E+11,99709590166,71662643688,1.93,2.68,50.54,53.33,4.75
399006.SZ,2019/9/30,2638679706970.0,1737657752240.0,1.30485E+11,99778021377,71721578716,1.68,2.34,49.88,52.63,4.69
399006.SZ,2019/10/8,2622200785874.0,1727121696859.0,1.31218E+11,1.00121E+11,71936713741,1.71,2.38,49.57,52.3,4.66
399006.SZ,2019/10/9,2624385349428.0,1734612443216.0,1.31232E+11,1.00135E+11,71949183741,1.54,2.15,49.61,52.35,4.66
399006.SZ,2019/10/10,2701908528403.0,1782653004912.0,1.3127E+11,1.00175E+11,72002642979,1.93,2.68,51.08,53.89,4.8
399006.SZ,2019/10/11,2702752585848.0,1782246126370.0,1.3127E+11,1.00175E+11,72002642979,2.12,2.95,51.09,53.91,4.82
399006.SZ,2019/10/14,2721116946849.0,1800899972938.0,1.3127E+11,1.00243E+11,72072059911,2.31,3.22,51.44,54.27,4.85
399006.SZ,2019/10/15,2693135477763.0,1782688551659.0,1.3127E+11,1.00243E+11,72072059911,2.36,3.29,50.91,53.72,4.8
399006.SZ,2019/10/16,2678889863382.0,1848471973502.0,1.31269E+11,1.00692E+11,72331718658,1.99,2.77,50.64,53.43,4.77
399006.SZ,2019/10/17,2691054373121.0,1853431760192.0,1.31269E+11,1.00692E+11,72332307608,1.66,2.31,50.87,53.68,4.8
399006.SZ,2019/10/18,2675357476638.0,1841737958010.0,1.31269E+11,1.00709E+11,72348747819,1.88,2.61,50.57,53.37,4.77
399006.SZ,2019/10/21,2662403282515.0,1833743664822.0,1.31269E+11,1.00709E+11,72238931974,1.6,2.23,50.33,53.09,4.74
399006.SZ,2019/10/22,2699909289299.0,1859787302751.0,1.31271E+11,1.00711E+11,72351829995,1.64,2.29,51.04,52.51,4.78
399006.SZ,2019/10/23,2671257879909.0,1839719004892.0,1.31271E+11,1.00739E+11,72365134715,1.41,1.96,50.5,49.41,4.69
399006.SZ,2019/10/24,2671849619335.0,1841986538360.0,1.31276E+11,1.00745E+11,72341751205,1.31,1.82,50.51,49.24,4.68
399006.SZ,2019/10/25,2704458785814.0,1865914684982.0,1.31276E+11,1.00745E+11,72359489156,1.52,2.11,51.12,49.19,4.72
399006.SZ,2019/10/28,2746242841780.0,1896463705735.0,1.31277E+11,1.00754E+11,72768732679,2.61,3.62,51.91,49.71,4.73
399006.SZ,2019/10/29,2719665673756.0,1878681294107.0,1.31277E+11,1.01094E+11,72803896183,2.62,3.64,51.41,49.78,4.66
399006.SZ,2019/10/30,2720368603539.0,1878328155974.0,1.31293E+11,1.01094E+11,73421213416,1.88,2.59,51.42,50.68,4.64
399006.SZ,2019/10/31,2702202537082.0,1866130160380.0,1.31293E+11,1.01094E+11,73362304718,1.68,2.32,51.08,50.35,4.6
399006.SZ,2019/11/1,2730229587932.0,1887314005099.0,1.31293E+11,1.01098E+11,73366863003,1.56,2.14,51.61,50.87,4.65
399006.SZ,2019/11/4,2760750509849.0,1905044628979.0,1.31293E+11,1.01098E+11,73362592919,1.87,2.58,52.19,51.44,4.7
399006.SZ,2019/11/5,2786571770400.0,1918053417991.0,1.31293E+11,1.01004E+11,73268233935,1.92,2.65,52.68,51.92,4.75
399006.SZ,2019/11/6,2769337365044.0,1907103993125.0,1.31293E+11,1.01004E+11,73268233935,1.81,2.49,52.35,51.6,4.72
399006.SZ,2019/11/7,2795384872197.0,1937122232088.0,1.31293E+11,1.01215E+11,73290705665,1.75,2.42,52.84,52.08,4.76
399006.SZ,2019/11/8,2788887003733.0,1932643484583.0,1.31329E+11,1.01215E+11,73291716165,2.02,2.78,52.72,51.96,4.75
399006.SZ,2019/11/11,2728842007942.0,1893701766408.0,1.31557E+11,1.01488E+11,73336805449,1.73,2.4,51.58,50.84,4.63
399006.SZ,2019/11/12,2731268775704.0,1893658733374.0,1.31557E+11,1.01488E+11,73564676707,1.55,2.14,51.63,50.89,4.63
399006.SZ,2019/11/13,2756124775748.0,1910789633835.0,1.31557E+11,1.01488E+11,73557925280,1.35,1.86,52.1,51.35,4.68
399006.SZ,2019/11/14,2775880437410.0,1925522808118.0,1.31557E+11,1.01512E+11,73557925280,1.57,2.16,52.47,51.72,4.71
399006.SZ,2019/11/15,2746850022524.0,1905971669035.0,1.31557E+11,1.01513E+11,73612659429,1.8,2.48,51.93,51.18,4.66
399006.SZ,2019/11/18,2760988593425.0,1916278490242.0,1.31557E+11,1.01513E+11,73612659429,1.46,2.01,52.19,51.44,4.68
399006.SZ,2019/11/19,2836406868070.0,1968858185900.0,1.31556E+11,1.01513E+11,73612659429,1.92,2.64,53.62,52.85,4.81
399006.SZ,2019/11/20,2823993740678.0,1960224821776.0,1.31556E+11,1.01513E+11,73600291683,2.31,3.18,53.38,52.62,4.79
399006.SZ,2019/11/21,2806345627023.0,1948361391094.0,1.31556E+11,1.01513E+11,73600291683,1.56,2.16,53.05,52.29,4.76
399006.SZ,2019/11/22,2746443362484.0,1907469450409.0,1.31556E+11,1.0155E+11,73610188505,2.27,3.12,51.92,51.17,4.66
399006.SZ,2019/11/25,2717559299266.0,1887052474713.0,1.31556E+11,1.0155E+11,73631517278,1.69,2.33,51.37,50.63,4.61
399006.SZ,2019/11/26,2751495025898.0,1909290530812.0,1.31562E+11,1.0155E+11,73632050878,1.75,2.41,52.01,51.26,4.67
399006.SZ,2019/11/27,2737295034542.0,1902956545164.0,1.31562E+11,1.0155E+11,73636184978,1.58,2.18,51.74,51,4.64
399006.SZ,2019/11/28,2740687723422.0,1905003126825.0,1.31562E+11,1.0155E+11,73665865897,1.31,1.81,51.81,51.06,4.65
399006.SZ,2019/11/29,2718853188484.0,1890495309908.0,1.31562E+11,1.0155E+11,73665865897,1.39,1.91,51.4,50.66,4.61
399006.SZ,2019/12/2,2726661994341.0,1895867518832.0,1.31602E+11,1.01588E+11,73694850371,1.47,2.03,51.54,50.8,4.62
399006.SZ,2019/12/3,2734894273984.0,1903111821598.0,1.31602E+11,1.01606E+11,73694850371,1.47,2.03,51.7,50.96,4.63
399006.SZ,2019/12/4,2737309747070.0,1903227463512.0,1.31602E+11,1.01606E+11,73702324020,1.43,1.97,51.74,51,4.64
399006.SZ,2019/12/5,2796525235165.0,1944450413720.0,1.31602E+11,1.0159E+11,73866324020,1.9,2.61,52.86,52.1,4.74
399006.SZ,2019/12/6,2832116177533.0,1966922570646.0,1.31673E+11,1.01728E+11,73945345209,1.84,2.53,53.54,52.77,4.79
399006.SZ,2019/12/9,2819000870397.0,1958593186361.0,1.31724E+11,1.01732E+11,73981735660,1.98,2.72,53.29,52.52,4.76
399006.SZ,2019/12/10,2841787633167.0,1975509672257.0,1.31721E+11,1.01733E+11,73974150313,2.1,2.88,53.72,52.95,4.8
399006.SZ,2019/12/11,2815519982759.0,1956106099925.0,1.31721E+11,1.01733E+11,74033665623,1.97,2.71,53.22,52.46,4.75
399006.SZ,2019/12/12,2820763710174.0,1958883034418.0,1.31721E+11,1.01733E+11,74040543067,2.01,2.76,53.32,52.56,4.76
399006.SZ,2019/12/13,2880008954313.0,2000956582969.0,1.3172E+11,1.01761E+11,74068213808,2.62,3.61,54.44,53.66,4.86
399006.SZ,2019/12/16,3045267847165.0,2038263957479.0,1.21844E+11,92394483890,66782260786,2.92,4.04,54.56,49.21,5.28
399006.SZ,2019/12/17,3076963840650.0,2060903506016.0,1.21844E+11,92394891890,66782668786,3.13,4.34,55.13,49.72,5.34
399006.SZ,2019/12/18,3058144647512.0,2050555227369.0,1.21844E+11,92394973010,66850401038,2.83,3.91,54.79,49.42,5.3
399006.SZ,2019/12/19,3056877429754.0,2048725728761.0,1.21844E+11,92394973010,66893758130,2.28,3.16,54.77,49.4,5.3
399006.SZ,2019/12/20,3026004850426.0,2026382088585.0,1.21841E+11,92394973010,66893758130,2.44,3.37,54.22,48.9,5.25
399006.SZ,2019/12/23,2970131577849.0,1987304470361.0,1.21841E+11,92399469890,66898255010,2.09,2.89,53.21,48,5.15
399006.SZ,2019/12/24,3027594762468.0,2026476864876.0,1.21841E+11,92398133571,66911898443,1.69,2.33,54.24,48.93,5.25
399006.SZ,2019/12/25,3057300367023.0,2044686106888.0,1.21841E+11,92398133571,66910562124,1.99,2.75,54.78,49.41,5.3
399006.SZ,2019/12/26,3073704537844.0,2054517307530.0,1.2184E+11,92408496406,66962992084,1.83,2.52,55.07,49.67,5.33
399006.SZ,2019/12/27,3030494065424.0,2021363620921.0,1.21858E+11,92408987406,66965542707,2.57,3.55,54.3,48.97,5.25
399006.SZ,2019/12/30,3072369911011.0,2046643656865.0,1.21858E+11,92412544814,66982812115,2.27,3.13,55.05,49.65,5.32
399006.SZ,2019/12/31,3086671086627.0,2055839335859.0,1.21858E+11,92414073065,66988567177,1.92,2.64,55.3,49.88,5.35
399006.SZ,2020/1/2,3145876609962.0,2097692767687.0,1.21858E+11,92415805527,67067171489,3.19,4.4,56.36,50.84,5.45
399006.SZ,2020/1/3,3152291695546.0,2106047284763.0,1.22074E+11,92640153413,67069665669,2.67,3.69,56.48,50.94,5.44
399006.SZ,2020/1/6,3187206687549.0,2134123761955.0,1.22076E+11,92644788913,67282040331,3.66,5.04,57.1,51.51,5.5
399006.SZ,2020/1/7,3240892934404.0,2168480451286.0,1.22076E+11,92644788913,67290613471,3.38,4.66,58.07,52.37,5.6
399006.SZ,2020/1/8,3192339582675.0,2134984375457.0,1.22074E+11,92671907380,67342160483,3.17,4.37,57.2,51.59,5.51
399006.SZ,2020/1/9,3286628899468.0,2196165641575.0,1.22074E+11,92671907380,67301427250,3.04,4.18,58.89,53.11,5.68
399006.SZ,2020/1/10,3275051693708.0,2187896950676.0,1.22074E+11,92671907380,67301427250,2.58,3.55,58.68,52.93,5.66
399006.SZ,2020/1/13,3329235725495.0,2225554597784.0,1.22074E+11,92674248732,67303768602,2.66,3.67,59.65,53.8,5.75
399006.SZ,2020/1/14,3310316148038.0,2211186293998.0,1.22074E+11,92697563063,67327082933,2.6,3.58,59.31,53.5,5.72
399006.SZ,2020/1/15,3319848523066.0,2215601660650.0,1.22095E+11,92717791278,67327082933,2.47,3.4,59.48,53.65,5.73
399006.SZ,2020/1/16,3336869317228.0,2225780639153.0,1.22095E+11,92770357252,67389023690,2.4,3.31,59.79,53.92,5.76
399006.SZ,2020/1/17,3341481163288.0,2235898578616.0,1.22095E+11,92876464422,67471273634,2.41,3.32,59.87,54,5.77
399006.SZ,2020/1/20,3434342209237.0,2296355946832.0,1.22104E+11,92887545751,67484124865,2.89,3.98,61.53,55.5,5.93
399006.SZ,2020/1/21,3412324342915.0,2285428239915.0,1.22104E+11,93134063697,67484157000,2.9,4.01,61.14,55.14,5.89
399006.SZ,2020/1/22,3470865135226.0,2323186368177.0,1.22104E+11,93134052004,67521270265,3.19,4.4,62.19,56.09,5.99
399006.SZ,2020/1/23,3360906293576.0,2248281917099.0,1.22104E+11,93161494454,67521270265,3.43,4.73,60.22,54.31,5.8
399006.SZ,2020/2/3,3153582552321.0,2107612156882.0,1.22104E+11,93379522915,67603845302,2.27,3.14,56.5,50.96,5.44
399006.SZ,2020/2/4,3313138563408.0,2213669749690.0,1.22104E+11,93378227299,67625579222,3.91,5.4,59.36,53.54,5.72
399006.SZ,2020/2/5,3426848342080.0,2281203798408.0,1.22104E+11,93378227299,66920596179,3.75,5.23,61.4,55.38,5.92
399006.SZ,2020/2/6,3549613759223.0,2363917279817.0,1.22104E+11,93378227299,67629678644,4.31,5.94,63.6,57.31,6.13
399006.SZ,2020/2/7,3546565858371.0,2373788723648.0,1.22104E+11,93480273541,67646813293,4.64,6.41,63.54,58.13,6.12
399006.SZ,2020/2/10,3599058164637.0,2407989710702.0,1.22104E+11,93480273541,67648172693,4.23,5.84,64.48,59,6.21
399006.SZ,2020/2/11,3573237223662.0,2395788750087.0,1.22104E+11,93480273541,67679917793,3.19,4.4,64.02,58.57,6.17
399006.SZ,2020/2/12,3665604821839.0,2460466788336.0,1.22104E+11,93480273541,67679917793,3.84,5.3,65.68,60.09,6.33
399006.SZ,2020/2/13,3628099689673.0,2437876043783.0,1.22106E+11,93534408876,67706489613,3.78,5.22,65,59.47,6.26
399006.SZ,2020/2/14,3634976755818.0,2441326895889.0,1.22106E+11,93534408876,67706489613,3.5,4.84,65.13,59.58,6.27
399006.SZ,2020/2/17,3765253922882.0,2531551674988.0,1.22106E+11,93534408876,67710287113,3.67,5.07,67.46,61.72,6.5
399006.SZ,2020/2/18,3807178392674.0,2564382066745.0,1.22106E+11,93612590126,67811181958,3.67,5.06,68.21,62.42,6.57
399006.SZ,2020/2/19,3748134084191.0,2524473530353.0,1.22238E+11,93746496272,67812367990,3.71,5.13,67.15,61.45,6.45
399006.SZ,2020/2/20,3828887965133.0,2583046771988.0,1.22238E+11,93746496272,67953222609,3.83,5.29,68.6,62.78,6.59
399006.SZ,2020/2/21,3894764100462.0,2627775683360.0,1.22238E+11,93746496272,68023590209,4.59,6.32,69.78,63.86,6.7
399006.SZ,2020/2/24,3954501199354.0,2667699641658.0,1.22238E+11,93746496272,68025510031,4.57,6.3,70.85,64.38,6.79
399006.SZ,2020/2/25,3990160886186.0,2692118664983.0,1.22238E+11,93746496272,68025612012,5.34,7.36,71.15,58.22,6.84
399006.SZ,2020/2/26,3802370694616.0,2566593352292.0,1.22238E+11,93826551627,68025612012,5.15,7.11,67.81,55.39,6.52
399006.SZ,2020/2/27,3819608769367.0,2581008647717.0,1.2224E+11,93826551127,68084140104,4.29,5.92,68.02,55.64,6.55
399006.SZ,2020/2/28,3616679715398.0,2438452978691.0,1.2225E+11,93826551127,68105666867,4.67,6.44,64.41,50.85,6.14
399006.SZ,2020/3/2,3730892523940.0,2514232688091.0,1.2225E+11,93829857897,68124116786,3.86,5.32,66.44,58.35,6.44
399006.SZ,2020/3/3,3803791556193.0,2557264801714.0,1.2225E+11,93829857897,68125308479,4.14,5.7,67.74,59.49,6.56
399006.SZ,2020/3/4,3795306071011.0,2551008564732.0,1.2225E+11,93832378841,68146377109,3.42,4.71,67.59,59.36,6.55
399006.SZ,2020/3/5,3858550442491.0,2595690317844.0,1.2225E+11,93833120399,68150818667,3.92,5.4,68.72,60.35,6.66
399006.SZ,2020/3/6,3834755749148.0,2581815557031.0,1.2225E+11,93859150807,68172180465,2.97,4.09,68.29,59.97,6.62
399006.SZ,2020/3/9,3666380855070.0,2466198165956.0,1.2225E+11,93918929378,68262995781,3.75,5.16,65.29,57.34,6.33
399006.SZ,2020/3/10,3758081104497.0,2534005306593.0,1.22264E+11,93932400994,68289006117,3.6,4.96,66.93,58.78,6.48
399006.SZ,2020/3/11,3674081569825.0,2478135079283.0,1.22264E+11,93932400994,68289006117,3.05,4.2,65.43,57.46,6.34
399006.SZ,2020/3/12,3572893455379.0,2411778853814.0,1.22264E+11,94006464636,68397375859,2.77,3.8,63.63,55.88,6.16
399006.SZ,2020/3/13,3548235962785.0,2394203464711.0,1.22268E+11,94022322158,68431882640,3.33,4.57,64.76,55.49,6.12
399006.SZ,2020/3/16,3339359043995.0,2250021212896.0,1.22268E+11,94022322158,68411433072,3.86,5.31,60.94,52.23,5.76
399006.SZ,2020/3/17,3348647104739.0,2259585423731.0,1.22268E+11,94081812522,68415326193,3.14,4.32,61.16,52.37,5.78
399006.SZ,2020/3/18,3300838305538.0,2225830715631.0,1.22268E+11,94081812522,68443590761,3.22,4.42,60.29,51.62,5.69
399006.SZ,2020/3/19,3305321673693.0,2232708338442.0,1.22268E+11,94097806954,67966884384,3.05,4.23,60.28,51.69,5.7
399006.SZ,2020/3/20,3344990005785.0,2257740557439.0,1.22268E+11,94097841210,67968211103,2.44,3.37,61,52.31,5.77
399006.SZ,2020/3/23,3197516418667.0,2150231586336.0,1.22268E+11,94100440210,67970819103,2.56,3.54,59.29,50.01,5.52
399006.SZ,2020/3/24,3284557262944.0,2208718949633.0,1.22268E+11,94096150210,67973004672,2.74,3.8,61.4,51.37,5.67
399006.SZ,2020/3/25,3403112046092.0,2296029045424.0,1.22268E+11,94365553719,68195985950,2.9,4.02,63.62,53.23,5.87
399006.SZ,2020/3/26,3395666750000.0,2282076655382.0,1.22268E+11,94363916889,68208652501,2.17,3.01,64.31,53.11,5.86
399006.SZ,2020/3/27,3355415513193.0,2257493048990.0,1.22268E+11,94521958645,68235344371,2.14,2.97,63.55,52.48,5.79
399006.SZ,2020/3/30,3277035976782.0,2207230871382.0,1.22267E+11,94620431826,68149358970,2.34,3.26,61.68,51.25,5.66
399006.SZ,2020/3/31,3304175012323.0,2221789151500.0,1.22267E+11,94624003893,68149838354,1.75,2.43,61.19,51.67,5.7
399006.SZ,2020/4/1,3288202876622.0,2215882557634.0,1.22267E+11,94624003893,68144154964,1.98,2.74,60.89,51.42,5.67
399006.SZ,2020/4/2,3378853631763.0,2281669013341.0,1.22295E+11,94663213527,68144154964,2.05,2.85,60.32,52.83,5.82
399006.SZ,2020/4/3,3364009978745.0,2280173550927.0,1.22295E+11,94780213527,68205350817,1.82,2.53,60.05,52.6,5.8
399006.SZ,2020/4/7,3477570069509.0,2362129258258.0,1.22295E+11,94983883827,68431124859,2.22,3.09,61.98,54.37,5.99
399006.SZ,2020/4/8,3465737775041.0,2356658754315.0,1.22295E+11,94983883827,68431124859,2.22,3.09,61.92,54.2,5.98
399006.SZ,2020/4/9,3520960749696.0,2393397299192.0,1.22295E+11,94983883827,68431124859,2.49,3.46,62.9,55.07,6.07
399006.SZ,2020/4/10,3441787713941.0,2343836850346.0,1.22295E+11,95018105744,68544296394,2.59,3.59,60.83,53.84,5.93
399006.SZ,2020/4/13,3397988641324.0,2309201333296.0,1.22295E+11,95018219944,68544410594,1.9,2.63,60.2,53.15,5.86
399006.SZ,2020/4/14,3508000454422.0,2389116125749.0,1.22295E+11,95121537024,68595364038,2.36,3.27,62.15,54.86,6.05
399006.SZ,2020/4/15,3497991178572.0,2380711209943.0,1.22295E+11,95121537024,68595364038,2.03,2.81,61.32,54.62,6.03
399006.SZ,2020/4/16,3550430938123.0,2417714458039.0,1.22295E+11,95121537024,68597931026,1.95,2.7,62.85,55.43,6.12
399006.SZ,2020/4/17,3572594870968.0,2434883112862.0,1.22296E+11,95123652009,68596636661,2.5,3.46,63,55.91,6.15
399006.SZ,2020/4/20,3611134487087.0,2460413782436.0,1.22296E+11,95124282644,68596636661,2.43,3.37,62.57,56.08,6.2
399006.SZ,2020/4/21,3576864640965.0,2436914346424.0,1.22296E+11,95122782644,68606279196,2.63,3.64,60.47,55.55,6.14
399006.SZ,2020/4/22,3615341349959.0,2461811134430.0,1.22311E+11,95142683207,68608393426,2.17,3.01,61.28,56.17,6.21
399006.SZ,2020/4/23,3591524380007.0,2443990623471.0,1.22311E+11,95145444896,68634606958,2.23,3.1,61.29,55.75,6.17
399006.SZ,2020/4/24,3545172729713.0,2415340304479.0,1.2231E+11,95220656765,68709336645,2.28,3.17,51.23,53.18,5.99
399006.SZ,2020/4/27,3578097113990.0,2446832350613.0,1.22319E+11,95388979839,68703266984,2,2.77,51.63,54.01,6.03
399006.SZ,2020/4/28,3611399726001.0,2469384248802.0,1.22319E+11,95654910718,68709103100,2.58,3.59,53.11,56.44,6.06
399006.SZ,2020/4/29,3602953974705.0,2470481939481.0,1.22328E+11,95678887097,68968210692,1.97,2.73,54.15,57.43,6.01
399006.SZ,2020/4/30,3659424884406.0,2517540976664.0,1.22328E+11,95690454915,68969354392,2.65,3.68,58.18,57.97,6.1
399006.SZ,2020/5/6,3727323227027.0,2566158942174.0,1.22328E+11,95690454915,68685972049,2.57,3.59,59.26,59.05,6.21
399006.SZ,2020/5/7,3722214437473.0,2561797399665.0,1.22328E+11,95693339791,68675936157,2.34,3.25,59.18,58.97,6.2
399006.SZ,2020/5/8,3756233875200.0,2585559062930.0,1.22668E+11,95779365034,69133899621,2.35,3.26,59.72,59.51,6.26
399006.SZ,2020/5/11,3710023726306.0,2557662340212.0,1.22668E+11,95779365034,69019954305,2.42,3.36,58.98,58.77,6.18
399006.SZ,2020/5/12,3750806429047.0,2586099521910.0,1.22668E+11,95779365034,68907703444,2.05,2.85,59.63,59.42,6.25
399006.SZ,2020/5/13,3784600493334.0,2607806338889.0,1.22671E+11,95781697814,69049863400,2.1,2.91,60.17,59.95,6.31
399006.SZ,2020/5/14,3747276650946.0,2582684354894.0,1.22678E+11,95787398791,69084066947,2.27,3.15,59.58,59.36,6.25
399006.SZ,2020/5/15,3760816020217.0,2591612767278.0,1.22678E+11,95795575740,69104132529,2.19,3.04,59.79,59.58,6.29
399006.SZ,2020/5/18,3746273396725.0,2574474222529.0,1.22678E+11,95795575740,69104132529,2.52,3.49,59.56,59.35,6.27
399006.SZ,2020/5/19,3803600146208.0,2612262732540.0,1.22678E+11,95795677319,68994302728,2.04,2.83,60.47,60.26,6.36
399006.SZ,2020/5/20,3762351193341.0,2581426707242.0,1.2328E+11,96158035710,69183724452,2.17,3.02,59.82,59.6,6.27
399006.SZ,2020/5/21,3739383867775.0,2565615063015.0,1.24675E+11,97391861683,70272041794,1.96,2.72,59.45,59.24,6.22
399006.SZ,2020/5/22,3641303992180.0,2502765843068.0,1.2499E+11,97686531442,70477745777,1.96,2.71,57.89,57.68,6.06
399006.SZ,2020/5/25,3656896178556.0,2510771560547.0,1.2499E+11,97686531442,70599710050,1.57,2.18,58.14,57.93,6.1
399006.SZ,2020/5/26,3772039026504.0,2587707077520.0,1.25177E+11,97832362513,70719654929,1.9,2.62,59.97,59.76,6.29
399006.SZ,2020/5/27,3699661031292.0,2537642701457.0,1.25177E+11,97832362513,70719654929,1.95,2.7,58.82,58.61,6.17
399006.SZ,2020/5/28,3668266503327.0,2519354912512.0,1.26107E+11,98598382299,71087623613,1.74,2.42,58.32,58.11,6.13
399006.SZ,2020/5/29,3731209876474.0,2558854121503.0,1.27269E+11,99580030823,71667987910,1.99,2.77,59.32,59.11,6.24
399006.SZ,2020/6/1,3854057061555.0,2648547876623.0,1.27969E+11,99930811698,71994319696,3.07,4.27,61.27,61.05,6.46
399006.SZ,2020/6/2,3821393651586.0,2632913814391.0,1.27968E+11,99963686840,72295099286,2.94,4.06,60.75,60.54,6.41
399006.SZ,2020/6/3,3818902458951.0,2632427399216.0,1.27968E+11,99963662541,72295099286,2.88,3.98,60.71,60.5,6.4
399006.SZ,2020/6/4,3831849212811.0,2643412714101.0,1.27983E+11,99959998118,72294372764,2.42,3.34,60.92,60.7,6.43
399006.SZ,2020/6/5,3862296253560.0,2666172115402.0,1.27983E+11,99959998118,72296123598,2.15,2.98,61.4,61.19,6.48
399006.SZ,2020/6/8,3832293462157.0,2653844317827.0,1.27982E+11,99987423975,72296123598,2.31,3.19,60.93,60.71,6.43
399006.SZ,2020/6/9,3883865241541.0,2689232069979.0,1.28855E+11,1.00836E+11,72775284417,2.35,3.26,61.75,61.53,6.52
399006.SZ,2020/6/10,3921879636060.0,2720810985409.0,1.28855E+11,1.01191E+11,72775284417,2.28,3.17,62.35,62.13,6.59
399006.SZ,2020/6/11,3920343127002.0,2716979265453.0,1.29949E+11,1.02045E+11,73515267896,2.87,3.98,62.33,62.1,6.65
399006.SZ,2020/6/12,3946435105872.0,2736695680564.0,1.29952E+11,1.02076E+11,73542713851,3.01,4.18,62.74,62.52,6.69
399006.SZ,2020/6/15,4116229754419.0,2778667317898.0,1.28554E+11,1.00224E+11,72185339060,3.69,5.13,61.92,61.25,6.99
399006.SZ,2020/6/16,4185893031385.0,2829024880424.0,1.28554E+11,1.00227E+11,72213885323,3.27,4.54,62.97,62.29,7.12
399006.SZ,2020/6/17,4193027434176.0,2834953357345.0,1.28554E+11,1.00242E+11,72233687619,3.2,4.45,63.08,62.39,7.13
399006.SZ,2020/6/18,4201136369509.0,2863753207693.0,1.28554E+11,1.00276E+11,72272978498,3.33,4.62,63.2,62.51,7.15
399006.SZ,2020/6/19,4303964065982.0,2931726343346.0,1.28554E+11,1.00278E+11,72275596041,3.02,4.19,64.75,64.04,7.32
399006.SZ,2020/6/22,4341543435944.0,2960020203267.0,1.29046E+11,1.00688E+11,72673223868,3.13,4.34,65.31,64.6,7.39
399006.SZ,2020/6/23,4415618438280.0,3009481428749.0,1.29046E+11,1.00696E+11,72680973235,2.95,4.09,66.43,65.71,7.51
399006.SZ,2020/6/24,4417316333051.0,3018772470790.0,1.29046E+11,1.00923E+11,72826484046,2.73,3.79,66.45,65.73,7.52
399006.SZ,2020/6/29,4405913894688.0,3011571249251.0,1.29046E+11,1.00944E+11,72945994184,2.96,4.1,66.28,65.56,7.5
399006.SZ,2020/6/30,4525099611638.0,3096738752630.0,1.29126E+11,1.01009E+11,73039054536,2.96,4.1,68.07,67.34,7.7
399006.SZ,2020/7/1,4484174525902.0,3076388022868.0,1.29126E+11,1.01009E+11,73072646361,3.09,4.27,67.46,66.73,7.65
399006.SZ,2020/7/2,4478349334025.0,3078391530744.0,1.29127E+11,1.0101E+11,73087719880,3.51,4.86,67.37,66.64,7.64
399006.SZ,2020/7/3,4550528204718.0,3129678276668.0,1.29276E+11,1.01312E+11,73256145673,3.7,5.12,68.45,67.71,7.76
399006.SZ,2020/7/6,4664247985363.0,3211747338116.0,1.29264E+11,1.01313E+11,73451967848,4.41,6.08,70.17,69.41,7.96
399006.SZ,2020/7/7,4794389439924.0,3298820589756.0,1.29264E+11,1.01554E+11,73692488947,4.66,6.42,72.12,71.34,8.18
399006.SZ,2020/7/8,4902981287298.0,3379962796917.0,1.29268E+11,1.01554E+11,73693130825,3.88,5.35,73.76,72.96,8.36
399006.SZ,2020/7/9,5098309759138.0,3505933005431.0,1.29465E+11,1.01627E+11,73742580993,4.77,6.58,76.7,75.86,8.66
399006.SZ,2020/7/10,5153439789007.0,3541659547580.0,1.29467E+11,1.01629E+11,73750509095,4.14,5.71,77.52,76.69,8.76
399006.SZ,2020/7/13,5354642603406.0,3694338199727.0,1.29468E+11,1.01815E+11,73771291626,4.17,5.76,80.55,79.68,9.1
399006.SZ,2020/7/14,5294303368479.0,3662454283098.0,1.29468E+11,1.02064E+11,73910390009,4.45,6.14,79.64,78.78,9
399006.SZ,2020/7/15,5214397184469.0,3602770948543.0,1.29463E+11,1.02095E+11,73937617651,4.14,5.72,78.44,77.59,8.87
399006.SZ,2020/7/16,4914957019194.0,3390301525453.0,1.29465E+11,1.02097E+11,73920088985,4.23,5.84,73.94,73.11,8.36
399006.SZ,2020/7/17,4952298761406.0,3414439053043.0,1.29465E+11,1.02097E+11,73927423405,3.48,4.81,74.5,73.66,8.42
399006.SZ,2020/7/20,5005489756195.0,3454670075197.0,1.29465E+11,1.02097E+11,73927423405,3.21,4.43,75.3,74.45,8.51
399006.SZ,2020/7/21,5079178414190.0,3518846183773.0,1.29476E+11,1.02181E+11,73943470910,2.86,3.95,76.41,75.44,8.62
399006.SZ,2020/7/22,5145639420277.0,3563874763874.0,1.29476E+11,1.02182E+11,73952910698,3.04,4.19,77.41,76.43,8.74
399006.SZ,2020/7/23,5204453643061.0,3599239573620.0,1.295E+11,1.02182E+11,73953204069,3.45,4.77,78.29,77.3,8.83
399006.SZ,2020/7/24,4881177039152.0,3378848062346.0,1.29499E+11,1.02483E+11,74221345324,3.7,5.11,73.43,72.5,8.29
399006.SZ,2020/7/27,4891829607318.0,3388723067580.0,1.29499E+11,1.02483E+11,74272264278,2.41,3.32,73.59,72.66,8.3
399006.SZ,2020/7/28,4961039158169.0,3435324841583.0,1.29499E+11,1.02483E+11,74272264278,2.18,3.01,74.63,73.19,8.42
399006.SZ,2020/7/29,5144229784713.0,3567047780068.0,1.29499E+11,1.02486E+11,74280254612,3.05,4.2,77.39,75.9,8.73
399006.SZ,2020/7/30,5101266972668.0,3533908198891.0,1.29499E+11,1.02487E+11,74310309594,2.93,4.04,76.74,75.2,8.65
399006.SZ,2020/7/31,5187845130438.0,3598243988366.0,1.29499E+11,1.02487E+11,74315567094,3.05,4.21,78.04,76.38,8.79
399006.SZ,2020/8/3,5314941733343.0,3701084044837.0,1.29499E+11,1.02853E+11,74404646554,3.34,4.62,79.95,78.25,9.01
399006.SZ,2020/8/4,5267977282227.0,3658082299796.0,1.29616E+11,1.02878E+11,74460475285,2.84,3.93,79.25,77.14,8.63
399006.SZ,2020/8/5,5306691594414.0,3686209452810.0,1.29616E+11,1.02878E+11,74460803665,2.56,3.54,79.83,77.71,8.69
399006.SZ,2020/8/6,5216816738652.0,3628853994278.0,1.29617E+11,1.02903E+11,74384421196,2.94,4.07,78.48,76.26,8.54
399006.SZ,2020/8/7,5111686358909.0,3562202850528.0,1.29757E+11,1.02962E+11,74399466776,2.89,4,76.9,74.68,8.21
399006.SZ,2020/8/10,5084800054032.0,3544027807030.0,1.29757E+11,1.03013E+11,74450943410,2.43,3.36,76.49,74.58,8.17
399006.SZ,2020/8/11,5002658603188.0,3488502957916.0,1.29757E+11,1.03053E+11,74475357954,2.37,3.28,75.26,73.25,8.03
399006.SZ,2020/8/12,4902648581003.0,3422467087473.0,1.29873E+11,1.03104E+11,74515959355,2.66,3.68,73.75,71.78,7.86
399006.SZ,2020/8/13,4875617953948.0,3401943197845.0,1.29873E+11,1.03103E+11,74515959355,1.95,2.7,73.35,71.39,7.82
399006.SZ,2020/8/14,4960146248537.0,3462957120468.0,1.29873E+11,1.03105E+11,74517002931,1.81,2.51,74.62,72.63,7.96
399006.SZ,2020/8/17,5007421250818.0,3501438189825.0,1.29953E+11,1.03128E+11,74504775479,2.38,3.29,75.33,73.35,8.01
399006.SZ,2020/8/18,5021047024299.0,3506112347767.0,1.29953E+11,1.03129E+11,74618518488,1.97,2.73,75.53,71.91,8.02
399006.SZ,2020/8/19,4853781257572.0,3393070966893.0,1.29953E+11,1.03132E+11,74707316691,2.15,2.96,73.02,69.17,7.74
399006.SZ,2020/8/20,4812131725594.0,3365175553032.0,1.29953E+11,1.03123E+11,74987498184,2.1,2.89,72.39,68.28,7.64
399006.SZ,2020/8/21,4897848758178.0,3422665437079.0,1.29953E+11,1.03123E+11,74987498184,2.42,3.32,73.68,69.51,7.77
399006.SZ,2020/8/24,4997674312007.0,3498680080135.0,1.29953E+11,1.03123E+11,74987048184,3.03,4.16,75.18,71.09,7.93
399006.SZ,2020/8/25,5031794754110.0,3526616592067.0,1.30062E+11,1.03306E+11,75128417671,3.27,4.5,75.69,68.52,7.92
399006.SZ,2020/8/26,4940442367520.0,3457871910486.0,1.30064E+11,1.03325E+11,75164979082,3.09,4.25,74.32,66.93,7.76
399006.SZ,2020/8/27,5030690820265.0,3513163601810.0,1.30064E+11,1.03325E+11,74918581963,3.01,4.16,75.68,67.27,7.84
399006.SZ,2020/8/28,5160060533462.0,3602687964242.0,1.30088E+11,1.03761E+11,75477419915,3.05,4.19,77.62,68.26,7.98
399006.SZ,2020/8/31,5109705800619.0,3563813254305.0,1.30088E+11,1.03761E+11,75418151633,2.92,4.01,76.87,67.12,7.88
399006.SZ,2020/9/1,5162128841001.0,3615079132956.0,1.30089E+11,1.03955E+11,75418240333,2.37,3.27,77.66,67.81,7.96
399006.SZ,2020/9/2,5197693794199.0,3643093181321.0,1.30106E+11,1.03955E+11,75440966073,3.93,5.42,78.19,68.27,8
399006.SZ,2020/9/3,5161411423319.0,3615640866081.0,1.30106E+11,1.03955E+11,75441149953,3.3,4.54,77.64,67.8,7.94
399006.SZ,2020/9/4,5121302990548.0,3592413241061.0,1.30106E+11,1.03956E+11,75584479171,3,4.13,77.04,67.27,7.88
399006.SZ,2020/9/7,4948425860393.0,3483438725253.0,1.3066E+11,1.04542E+11,76205354866,4.05,5.55,74.44,65,7.53
399006.SZ,2020/9/8,4963888868366.0,3495155785624.0,1.30661E+11,1.04545E+11,76215400549,3.84,5.27,74.67,65.2,7.56
399006.SZ,2020/9/9,4725623930756.0,3326612915088.0,1.30749E+11,1.0455E+11,76260438750,4.4,6.03,71.09,62.07,7.17
399006.SZ,2020/9/10,4670451958709.0,3278568078870.0,1.30749E+11,1.0455E+11,76260938750,3.68,5.05,70.26,61.35,7.09
399006.SZ,2020/9/11,4780963695267.0,3355196930218.0,1.30767E+11,1.0455E+11,76260938750,2.62,3.59,71.92,62.8,7.24
399006.SZ,2020/9/14,4853469211034.0,3406740827468.0,1.30767E+11,1.0455E+11,76299993186,3.29,4.51,73.01,63.75,7.35
399006.SZ,2020/9/15,4894377780451.0,3431366311665.0,1.30767E+11,1.04555E+11,76305066943,2.84,3.9,73.63,64.29,7.41
399006.SZ,2020/9/16,4817867516701.0,3378377727407.0,1.30767E+11,1.04555E+11,76310666943,2.5,3.43,72.48,63.28,7.3
399006.SZ,2020/9/17,4819429788943.0,3383294018588.0,1.30767E+11,1.04556E+11,76310666943,2.49,3.42,72.5,63.3,7.3
399006.SZ,2020/9/18,4890293290118.0,3432739290799.0,1.30772E+11,1.04561E+11,76304470127,2.73,3.74,73.57,64.23,7.41
399006.SZ,2020/9/21,4835210348350.0,3396381056618.0,1.30772E+11,1.04566E+11,76310537372,2.4,3.29,72.74,63.51,7.32
399006.SZ,2020/9/22,4829096882142.0,3378713840761.0,1.30774E+11,1.04566E+11,76338691035,2.21,3.02,72.65,63.43,7.31
399006.SZ,2020/9/23,4916724357047.0,3440670592114.0,1.30774E+11,1.04566E+11,76386091033,2.14,2.93,73.96,64.58,7.45
399006.SZ,2020/9/24,4799402773009.0,3356867946068.0,1.3078E+11,1.04576E+11,76432146488,2.25,3.07,72.2,63.04,7.27
399006.SZ,2020/9/25,4803799037994.0,3361564654685.0,1.30787E+11,1.04576E+11,76435277211,1.67,2.29,72.26,63.1,7.27
399006.SZ,2020/9/28,4776590051728.0,3341672940168.0,1.30788E+11,1.04581E+11,76445013725,1.52,2.08,71.86,62.74,7.23
399006.SZ,2020/9/29,4864691028554.0,3396382547306.0,1.30788E+11,1.04581E+11,76445013725,1.64,2.25,73.18,63.9,7.36
399006.SZ,2020/9/30,4900247533306.0,3416641515137.0,1.30787E+11,1.04585E+11,76449182343,1.5,2.06,73.72,64.37,7.42
399006.SZ,2020/10/9,5091770044033.0,3550445434358.0,1.30787E+11,1.04585E+11,76650246339,2.09,2.85,76.6,66.88,7.71
399006.SZ,2020/10/12,5298055486527.0,3690853358665.0,1.30797E+11,1.04594E+11,76666869059,2.85,3.89,79.7,69.59,8.02
399006.SZ,2020/10/13,5309741603430.0,3695497101517.0,1.30797E+11,1.04594E+11,76694366096,2.39,3.26,79.88,69.74,8.04
399006.SZ,2020/10/14,5278330545351.0,3665050524848.0,1.30797E+11,1.04595E+11,76746328810,2.26,3.08,79.4,69.23,7.99
399006.SZ,2020/10/15,5233310160454.0,3635279786396.0,1.30797E+11,1.04595E+11,76758922780,1.8,2.46,78.73,68.64,7.92
399006.SZ,2020/10/16,5200708844098.0,3614118258291.0,1.30797E+11,1.04595E+11,76762562780,1.68,2.28,78.24,67.89,7.86
399006.SZ,2020/10/19,5135792712156.0,3568299370656.0,1.30797E+11,1.04595E+11,76772975630,1.84,2.51,77.26,66.12,7.74
399006.SZ,2020/10/20,5236290744444.0,3638403060341.0,1.30797E+11,1.04595E+11,76782828822,1.93,2.63,78.77,67.39,7.89
399006.SZ,2020/10/21,5159988393209.0,3585142774253.0,1.30797E+11,1.04595E+11,76775229820,1.88,2.56,77.62,66.05,7.76
399006.SZ,2020/10/22,5111351292641.0,3552086971330.0,1.30797E+11,1.04595E+11,76775198822,1.61,2.19,76.89,65.43,7.69
399006.SZ,2020/10/23,4967231159598.0,3455537131709.0,1.30797E+11,1.04595E+11,76778398970,1.66,2.25,74.72,63.79,7.46
399006.SZ,2020/10/26,5010658891683.0,3484316960248.0,1.30796E+11,1.04595E+11,76778398970,1.58,2.15,75.38,64.09,7.52
399006.SZ,2020/10/27,5082630286572.0,3533374009260.0,1.30796E+11,1.04595E+11,77057557283,1.61,2.19,76.46,65.75,7.58
399006.SZ,2020/10/28,5134471352346.0,3567252129548.0,1.30796E+11,1.04589E+11,76977284695,1.94,2.64,77.24,64.74,7.59
399006.SZ,2020/10/29,5203171828823.0,3601661289721.0,1.30796E+11,1.04603E+11,77114230139,2.12,2.88,78.27,65.55,7.64
399006.SZ,2020/10/30,5126667631591.0,3539933662748.0,1.30854E+11,1.04603E+11,77100255462,2.27,3.08,77.12,63.23,7.43
399006.SZ,2020/11/2,5232432605282.0,3612302008821.0,1.30854E+11,1.04603E+11,77239302933,1.95,2.64,78.71,64.15,7.57
399006.SZ,2020/11/3,5297012998917.0,3656137329567.0,1.30854E+11,1.04603E+11,77276253247,1.86,2.52,79.68,64.95,7.67
399006.SZ,2020/11/4,5309394906834.0,3667923482239.0,1.30855E+11,1.04604E+11,77275382547,1.68,2.27,79.87,65.1,7.68
399006.SZ,2020/11/5,5372501456416.0,3718386615997.0,1.30904E+11,1.04604E+11,77362026390,2.19,2.96,80.82,65.87,7.75
399006.SZ,2020/11/6,5260391923634.0,3647061892659.0,1.30904E+11,1.04606E+11,77364485786,2.14,2.89,79.13,64.5,7.59
399006.SZ,2020/11/9,5411090086977.0,3756958940101.0,1.30904E+11,1.04607E+11,77366940591,2.8,3.78,81.4,66.35,7.8
399006.SZ,2020/11/10,5317638109057.0,3700466928648.0,1.30904E+11,1.04476E+11,77371082559,2.47,3.34,79.99,65.2,7.67
399006.SZ,2020/11/11,5138538478764.0,3579876771618.0,1.30904E+11,1.04477E+11,77241167840,1.95,2.64,77.3,63,7.41
399006.SZ,2020/11/12,5177475696630.0,3608659035027.0,1.30904E+11,1.04487E+11,77261068608,1.58,2.14,77.89,63.48,7.47
399006.SZ,2020/11/13,5189684327782.0,3614977064380.0,1.3098E+11,1.04489E+11,77275838470,1.5,2.03,78.07,63.63,7.46
399006.SZ,2020/11/16,5198502871553.0,3614792757670.0,1.30981E+11,1.04489E+11,77280633200,1.55,2.09,78.2,63.74,7.47
399006.SZ,2020/11/17,5091275858100.0,3543442731024.0,1.30981E+11,1.04489E+11,77280633200,1.78,2.4,76.59,62.42,7.32
399006.SZ,2020/11/18,5013219738895.0,3490615136401.0,1.30984E+11,1.04506E+11,77348679912,1.62,2.19,75.42,61.47,7.21
399006.SZ,2020/11/19,5062560111040.0,3521345913774.0,1.30984E+11,1.04506E+11,77348679912,1.55,2.1,76.16,62.07,7.28
399006.SZ,2020/11/20,5112297332028.0,3557371581728.0,1.30984E+11,1.04534E+11,77377552639,1.45,1.96,76.91,62.68,7.35
399006.SZ,2020/11/23,5142204006687.0,3577176845083.0,1.30984E+11,1.04534E+11,77429752639,1.93,2.6,77.36,63.05,7.39
399006.SZ,2020/11/24,5114904881210.0,3561997141303.0,1.31E+11,1.0455E+11,77447919768,1.56,2.1,76.94,62.71,7.35
399006.SZ,2020/11/25,4991946909914.0,3484471428106.0,1.31001E+11,1.04551E+11,77448699168,1.74,2.35,75.1,61.21,7.17
399006.SZ,2020/11/26,4992996292464.0,3480093244755.0,1.31092E+11,1.04551E+11,77453200298,1.46,1.97,75.11,61.22,7.15
399006.SZ,2020/11/27,5009784689799.0,3493312645369.0,1.31092E+11,1.04551E+11,77454333302,1.45,1.95,75.36,61.43,7.18
399006.SZ,2020/11/30,5037284601009.0,3511526915695.0,1.31093E+11,1.04552E+11,77454608603,2.37,3.2,75.78,61.76,7.22
399006.SZ,2020/12/1,5157179823596.0,3598760504098.0,1.31093E+11,1.04558E+11,77463534646,2.41,3.26,77.58,63.23,7.39
399006.SZ,2020/12/2,5126166702681.0,3578258029931.0,1.31065E+11,1.04481E+11,77395161378,2.09,2.82,77.11,62.85,7.34
399006.SZ,2020/12/3,5180754611518.0,3615948212579.0,1.31066E+11,1.04481E+11,77395161378,1.81,2.44,77.94,63.52,7.42
399006.SZ,2020/12/4,5230597669100.0,3642923454967.0,1.31066E+11,1.04484E+11,77410372098,1.54,2.08,78.69,64.13,7.49
399006.SZ,2020/12/7,5249350132440.0,3647661563166.0,1.31066E+11,1.04484E+11,77410372098,1.81,2.44,78.97,64.36,7.52
399006.SZ,2020/12/8,5287201426498.0,3669100516963.0,1.31066E+11,1.04484E+11,77413174387,1.55,2.09,79.54,64.83,7.57
399006.SZ,2020/12/9,5198905707169.0,3608540671834.0,1.31066E+11,1.04537E+11,77467286329,1.88,2.54,78.21,63.74,7.45
399006.SZ,2020/12/10,5246079182585.0,3637882738467.0,1.31066E+11,1.04537E+11,77467286329,1.57,2.11,78.92,64.32,7.52
399006.SZ,2020/12/11,5203051545380.0,3601032338542.0,1.31066E+11,1.04562E+11,77522499722,2.13,2.87,78.27,63.79,7.45
399006.SZ,2020/12/14,5761448053612.0,3733471195746.0,1.28507E+11,98645517293,72760764715,1.6,2.17,74.51,57.65,7.5
399006.SZ,2020/12/15,5836489695584.0,3779101305821.0,1.28507E+11,98646824523,72762071945,1.46,1.98,75.48,58.4,7.59
399006.SZ,2020/12/16,5869340576727.0,3779823505817.0,1.28507E+11,98646360698,72770604520,1.48,2.01,75.91,58.73,7.63
399006.SZ,2020/12/17,5922996468464.0,3812165207344.0,1.28535E+11,98646384514,72743432683,1.66,2.24,76.6,59.26,7.69
399006.SZ,2020/12/18,5922607170885.0,3806295964803.0,1.28544E+11,98655890136,72755085305,1.42,1.93,76.6,59.26,7.68
399006.SZ,2020/12/21,6170360215054.0,3938769122197.0,1.28544E+11,98655784223,72754979392,1.77,2.39,79.8,61.74,8
399006.SZ,2020/12/22,6032925448256.0,3845450062740.0,1.28544E+11,98656445813,72778289053,1.95,2.64,78.02,60.36,7.83
399006.SZ,2020/12/23,6107601291978.0,3889897870451.0,1.28548E+11,98661461918,72783305158,1.78,2.41,78.99,61.11,7.92
399006.SZ,2020/12/24,6050051298367.0,3849230647866.0,1.28548E+11,98569320843,72783305158,1.62,2.2,78.24,60.53,7.85
399006.SZ,2020/12/25,6093195401095.0,3879147817811.0,1.28548E+11,98569699008,72712815508,1.61,2.18,78.8,60.97,7.9
399006.SZ,2020/12/28,6142409042112.0,3876730960691.0,1.28579E+11,98570662517,72718724417,1.98,2.69,79.44,61.46,7.97
399006.SZ,2020/12/29,6080032155604.0,3837413929680.0,1.2862E+11,98577541397,72724988297,2.02,2.74,78.63,60.83,7.88
399006.SZ,2020/12/30,6296249520968.0,3954649887409.0,1.2862E+11,98581981680,72788949658,1.81,2.45,81.43,63,8.16
399006.SZ,2020/12/31,6434976886270.0,4038178640805.0,1.2862E+11,98581981680,72791749658,2.06,2.79,83.22,64.39,8.34
399006.SZ,2021/1/4,6731223002881.0,4173471922109.0,1.2862E+11,98581981680,72791749658,2.57,3.49,87.05,67.35,8.72
399006.SZ,2021/1/5,6761245440447.0,4209734144991.0,1.28628E+11,98589569355,72796798608,2.59,3.5,87.44,67.65,8.77
399006.SZ,2021/1/6,6839703315346.0,4234953265341.0,1.28645E+11,98590739234,72805556162,2.34,3.16,88.46,68.44,8.86
399006.SZ,2021/1/7,6986414877289.0,4304272370790.0,1.28647E+11,98592616937,72805556162,2.62,3.54,90.35,69.9,9.04
399006.SZ,2021/1/8,6979585666532.0,4289878208157.0,1.28647E+11,98594094437,72972859097,2.69,3.63,90.27,69.84,9.04
399006.SZ,2021/1/11,6804481212082.0,4215534975517.0,1.28648E+11,98598494253,72985509041,2.61,3.53,88,68.08,8.81
399006.SZ,2021/1/12,6965765263181.0,4328074444284.0,1.28648E+11,98615271952,73009783593,2.55,3.44,90.09,69.7,9.02
399006.SZ,2021/1/13,6811734894295.0,4269743799112.0,1.28648E+11,98617339520,73011851161,2.79,3.77,88.09,68.16,8.82
399006.SZ,2021/1/14,6716226725547.0,4219433463269.0,1.28648E+11,98617339524,73011851165,2.34,3.17,86.86,67.2,8.69
399006.SZ,2021/1/15,6741118709019.0,4216739097471.0,1.28648E+11,98617339524,73012963840,2.15,2.9,87.18,67.45,8.73
399006.SZ,2021/1/18,6844637018314.0,4300567634950.0,1.28648E+11,98628422034,73024046350,2.07,2.79,88.52,68.44,8.86
399006.SZ,2021/1/19,6738738191929.0,4208554955664.0,1.28649E+11,98629296526,73025086542,2.1,2.84,87.15,67.39,8.72
399006.SZ,2021/1/20,7054425318505.0,4380286099256.0,1.28649E+11,98632495173,73044915787,1.97,2.66,91.23,70.54,9.13
399006.SZ,2021/1/21,7209739151494.0,4485590414756.0,1.28649E+11,98632495173,73044915787,2.5,3.38,93.24,72.1,9.33
399006.SZ,2021/1/22,7349271699541.0,4582396615874.0,1.28649E+11,98633453244,73045873858,2.63,3.55,95.05,73.49,9.51
399006.SZ,2021/1/25,7391766980938.0,4574126288873.0,1.28649E+11,98633453244,73045873858,2.66,3.59,95.6,73.92,9.57
399006.SZ,2021/1/26,7139943709201.0,4451675522271.0,1.28649E+11,98634599494,73054092908,2.35,3.18,92.34,71.4,9.24
399006.SZ,2021/1/27,7197665912509.0,4487151716110.0,1.29238E+11,98634599494,73054092908,2.35,3.17,93.09,71.97,9.13
399006.SZ,2021/1/28,6896297816714.0,4323693157860.0,1.29238E+11,98678399615,73065573024,2.51,3.4,89.19,68.96,8.75
399006.SZ,2021/1/29,6847012232263.0,4285343041109.0,1.29238E+11,98710296399,73100179028,2.55,3.44,88.55,68.47,8.69
399006.SZ,2021/2/1,6909854572008.0,4323977177578.0,1.29238E+11,98710296399,73153404205,2.17,2.93,89.36,69.1,8.77
399006.SZ,2021/2/2,7074410651278.0,4418146167295.0,1.29239E+11,98718614941,73123289236,2.1,2.83,91.49,70.71,8.97
399006.SZ,2021/2/3,7052688926489.0,4409782739422.0,1.29239E+11,98718614941,73123289236,2.26,3.05,91.21,70.5,8.95
399006.SZ,2021/2/4,6984568300224.0,4425331173107.0,1.29239E+11,98846344383,73325579000,2.11,2.84,90.33,69.82,8.86
399006.SZ,2021/2/5,6976271313442.0,4416257533649.0,1.29242E+11,98854604369,73325579000,2.03,2.74,90.22,69.73,8.85
399006.SZ,2021/2/8,7131002394993.0,4536656129135.0,1.29247E+11,98888481524,73388290185,1.95,2.63,92.22,71.08,9
399006.SZ,2021/2/9,7298067378071.0,4609655360178.0,1.29261E+11,98891231524,73388290185,1.99,2.69,94.3,72.73,9.18
399006.SZ,2021/2/10,7454631155403.0,4728311593576.0,1.29261E+11,98898832754,73407338057,1.94,2.61,96.36,74.31,9.38
399006.SZ,2021/2/18,7204866605831.0,4594234406914.0,1.29262E+11,98920026320,73436620856,2.68,3.61,93.13,71.83,9.06
399006.SZ,2021/2/19,7126948040452.0,4542268905431.0,1.29262E+11,98920026320,73436620856,2.47,3.32,92.12,71.05,8.96
399006.SZ,2021/2/22,6807284201645.0,4342780138417.0,1.29262E+11,98999847948,73516442484,2.97,4,87.99,74.15,8.56
399006.SZ,2021/2/23,6707362404196.0,4310258138603.0,1.29262E+11,98999847948,73516409816,2.04,2.75,86.7,73.87,8.43
399006.SZ,2021/2/24,6457758994858.0,4161893899684.0,1.29262E+11,99000234346,73516796214,2.29,3.08,83.47,71.11,8.11
399006.SZ,2021/2/25,6397142380099.0,4128546357133.0,1.29264E+11,99006250458,73529403551,1.95,2.63,82.69,70.44,8.04
399006.SZ,2021/2/26,6262895553495.0,4037205536993.0,1.29266E+11,99006250458,73529403551,2.14,2.88,80.95,68.11,7.85
399006.SZ,2021/3/1,6439839394098.0,4145482407512.0,1.29266E+11,99005300578,73529403671,2.11,2.84,83.24,69.28,8.04
399006.SZ,2021/3/2,6368651893645.0,4109476197999.0,1.29265E+11,99007484480,73471571171,2,2.69,81.45,68.14,7.94
399006.SZ,2021/3/3,6445430275674.0,4148059437081.0,1.29265E+11,99007484480,73483858645,1.69,2.28,82.43,68.96,8.04
399006.SZ,2021/3/4,6110775449496.0,3941408248617.0,1.29269E+11,98998999632,73483858645,2.14,2.89,78.15,65.38,7.62
399006.SZ,2021/3/5,6138344453386.0,3964891718404.0,1.29273E+11,99005237591,73475373797,2.01,2.71,78.51,65.67,7.66
399006.SZ,2021/3/8,5810753560948.0,3762312697489.0,1.29273E+11,99008410687,73491980442,2.3,3.1,74.16,61.48,7.25
399006.SZ,2021/3/9,5609976232182.0,3629869062088.0,1.29273E+11,99008410687,73497380299,2.3,3.1,71.59,59.36,7
399006.SZ,2021/3/10,5730601545295.0,3691519964499.0,1.29273E+11,99008410687,73519883424,1.88,2.53,73.13,60.63,7.15
399006.SZ,2021/3/11,5894891021946.0,3791941745584.0,1.29273E+11,99049548459,73527496814,1.84,2.48,75.23,62.37,7.36
399006.SZ,2021/3/12,5924355626857.0,3806221257669.0,1.29273E+11,99049548459,73559571277,1.7,2.29,75.61,62.68,7.4
399006.SZ,2021/3/15,5664733563929.0,3649261400848.0,1.29273E+11,99049548459,73559734977,1.73,2.33,72.29,59.94,7.08
399006.SZ,2021/3/16,5735117024927.0,3688567341932.0,1.29285E+11,99050093839,73588795177,1.5,2.01,67.12,59.02,7.13
399006.SZ,2021/3/17,5793035029251.0,3730409898865.0,1.29286E+11,99049764781,73589702231,1.44,1.93,67.73,59.61,7.2
399006.SZ,2021/3/18,5891252891641.0,3792250229219.0,1.29286E+11,99052647264,73591893982,1.59,2.14,68.88,60.63,7.32
399006.SZ,2021/3/19,5712743053959.0,3685099208339.0,1.29302E+11,99052647509,73589627722,1.49,2,66.73,58.76,7.1
399006.SZ,2021/3/22,5756783412036.0,3720945796972.0,1.29302E+11,99056245443,73589627722,1.39,1.87,67.29,59.24,7.15
399006.SZ,2021/3/23,5714590883808.0,3675525684076.0,1.29302E+11,99056245443,73602299550,1.64,2.2,66.31,58.49,7.1
399006.SZ,2021/3/24,5621663054743.0,3628791799879.0,1.29302E+11,99069348278,73615798350,1.62,2.19,64.79,57.52,6.98
399006.SZ,2021/3/25,5664232752452.0,3658338552431.0,1.29307E+11,99074896239,73624233146,1.5,2.02,65.28,57.82,7.03
399006.SZ,2021/3/26,5869169133325.0,3785986737205.0,1.2931E+11,99078622599,73440139201,1.67,2.25,66.54,59.54,7.28
399006.SZ,2021/3/29,5851062101293.0,3766781767215.0,1.2931E+11,99078616599,73368438006,1.51,2.04,65.83,59.21,7.25
399006.SZ,2021/3/30,5947630277001.0,3816912343687.0,1.2931E+11,99078413599,73370727006,1.42,1.91,66.04,60.03,7.37
399006.SZ,2021/3/31,5903932034758.0,3801630917373.0,1.2931E+11,99171528537,73459486706,1.27,1.72,66.1,59.85,7.33
399006.SZ,2021/4/1,6027626184145.0,3883321055197.0,1.2931E+11,99193240590,73482301565,1.32,1.78,67.22,61.03,7.47
399006.SZ,2021/4/2,6123053131473.0,3935455482713.0,1.2931E+11,99246628239,73482301565,1.53,2.07,68.29,61.94,7.57
399006.SZ,2021/4/6,6068409039631.0,3905891649423.0,1.2931E+11,99259465151,73548526126,1.3,1.75,67.68,61.39,7.5
399006.SZ,2021/4/7,6016500120554.0,3868448131831.0,1.2931E+11,99259465151,73548526126,1.4,1.89,67.1,60.76,7.43
399006.SZ,2021/4/8,6074966716122.0,3893915082182.0,1.2931E+11,99249426710,73538487685,1.35,1.82,67.58,61.24,7.52
399006.SZ,2021/4/9,5971724908189.0,3835470284602.0,1.2931E+11,99249426710,73538487685,1.24,1.67,66.43,60.19,7.39
399006.SZ,2021/4/12,5822347295969.0,3744421972493.0,1.2931E+11,99249417035,73538478010,1.54,2.08,64.35,58.75,7.2
399006.SZ,2021/4/13,5865489121106.0,3775764672834.0,1.2931E+11,99249417035,73452305286,1.45,1.96,64.61,58.91,7.25
399006.SZ,2021/4/14,5993421597501.0,3861776837852.0,1.2931E+11,99249417035,73453782805,1.32,1.79,66.02,60.19,7.41
399006.SZ,2021/4/15,5945976796603.0,3841831607597.0,1.2931E+11,99272190188,73501776567,1.14,1.54,65.49,59.7,7.35
399006.SZ,2021/4/16,5928877625167.0,3832130436570.0,1.29328E+11,99254266742,73473877260,1.34,1.81,65.24,59.49,7.32
399006.SZ,2021/4/19,6177719189714.0,3994291354638.0,1.29328E+11,99254266742,73473877260,1.89,2.56,68.52,61.82,7.63
399006.SZ,2021/4/20,6173448336447.0,3990750928858.0,1.29327E+11,99279374431,73498984949,1.64,2.22,67.64,61.3,7.58
399006.SZ,2021/4/21,6224264566710.0,4024104732495.0,1.29333E+11,99337161063,73603127606,1.41,1.9,68.2,61.57,7.63
399006.SZ,2021/4/22,6277374046018.0,4059608909060.0,1.29334E+11,99310369011,73541466670,1.58,2.13,75.38,63.25,7.69
399006.SZ,2021/4/23,6406152387556.0,4135090802804.0,1.29334E+11,99291694424,73525231352,1.71,2.31,79.24,62.55,7.8
399006.SZ,2021/4/26,6336066065317.0,4101734786497.0,1.29334E+11,99291993299,73119187166,2.06,2.8,71.82,59.71,7.68
399006.SZ,2021/4/27,6389364440886.0,4131039204071.0,1.29361E+11,99307795660,73254299159,1.73,2.34,68.35,59.49,7.69
399006.SZ,2021/4/28,6537085921730.0,4219761402132.0,1.29361E+11,99379011794,73226788478,1.8,2.45,65.51,58.64,7.81
399006.SZ,2021/4/29,6546576264341.0,4220686951405.0,1.29361E+11,99379634296,73226788478,1.68,2.27,66.38,58.87,7.8
399006.SZ,2021/4/30,6626328299623.0,4273598763136.0,1.29509E+11,99489846553,73112082089,1.67,2.27,67.13,58.61,7.88
399006.SZ,2021/5/6,6454997002307.0,4176851629036.0,1.29558E+11,99544322346,73118117682,1.66,2.26,65.4,57.09,7.66
399006.SZ,2021/5/7,6234391082327.0,4029106623154.0,1.29704E+11,99547021104,73120816440,1.46,1.98,63.16,55.14,7.4
399006.SZ,2021/5/10,6270234855042.0,4046823508412.0,1.29704E+11,99547321441,73121116777,1.44,1.96,63.53,55.46,7.44
399006.SZ,2021/5/11,6285682886555.0,4047883451941.0,1.29704E+11,99547241233,73121581274,1.31,1.78,63.68,55.6,7.46
399006.SZ,2021/5/12,6356236182027.0,4096946981532.0,1.29704E+11,99548567233,73125639828,1.25,1.71,64.4,56.22,7.55
399006.SZ,2021/5/13,6314219236572.0,4079278070021.0,1.29997E+11,99794368958,73368949053,1.41,1.92,63.97,55.85,7.48
399006.SZ,2021/5/14,6493438986937.0,4199328588185.0,1.3027E+11,99987587758,73571906653,1.87,2.55,65.79,57.43,7.7
399006.SZ,2021/5/17,6678585377200.0,4326282869503.0,1.30271E+11,1.00036E+11,73620694653,1.93,2.62,67.66,59.07,7.93
399006.SZ,2021/5/18,6634834738016.0,4292576225432.0,1.3027E+11,1.00035E+11,73668129528,1.41,1.92,67.22,58.68,7.88
399006.SZ,2021/5/19,6673159010632.0,4327515027238.0,1.3027E+11,1.00036E+11,73524740053,1.42,1.94,67.61,59.02,7.92
399006.SZ,2021/5/20,6737272237424.0,4368664321349.0,1.3027E+11,1.00036E+11,73524740053,1.56,2.13,68.26,59.59,8.01
399006.SZ,2021/5/21,6681194583382.0,4328676314561.0,1.30632E+11,1.00211E+11,79950131843,1.63,2.04,67.69,59.09,7.92
399006.SZ,2021/5/24,6779975822243.0,4376398581208.0,1.30632E+11,1.00397E+11,79121724532,1.68,2.13,68.69,59.97,8.04
399006.SZ,2021/5/25,6962203134925.0,4497683761763.0,1.30631E+11,1.00397E+11,78751567773,1.88,2.4,70.54,61.58,8.25
399006.SZ,2021/5/26,6876839027881.0,4451055123784.0,1.30734E+11,1.00554E+11,73915547444,1.83,2.49,69.67,60.82,8.15
399006.SZ,2021/5/27,6954497109837.0,4498890079700.0,1.32465E+11,1.0199E+11,75208218506,1.77,2.4,70.46,61.51,8.25
399006.SZ,2021/5/28,6958764388796.0,4510185096895.0,1.32464E+11,1.01991E+11,75212102235,1.85,2.5,70.5,61.55,8.29
399006.SZ,2021/5/31,7112299949889.0,4619791136078.0,1.32464E+11,1.02003E+11,75224209814,1.86,2.53,72.06,62.91,8.48
399006.SZ,2021/6/1,7101614042134.0,4609066011926.0,1.32464E+11,1.01989E+11,75209724504,1.73,2.34,71.95,62.81,8.47
399006.SZ,2021/6/2,6982271016589.0,4529969405900.0,1.32465E+11,1.01989E+11,75210095306,1.66,2.25,70.74,61.76,8.34
399006.SZ,2021/6/3,6923110996302.0,4474700624840.0,1.3301E+11,1.02543E+11,75568738494,1.68,2.29,70.14,61.23,8.27
399006.SZ,2021/6/4,7009203641746.0,4530119957745.0,1.3407E+11,1.03434E+11,76477365169,1.68,2.27,71.01,62,8.38
399006.SZ,2021/6/7,6990848439149.0,4506322620901.0,1.3407E+11,1.03428E+11,77696049896,1.58,2.11,70.83,61.83,8.36
399006.SZ,2021/6/8,6916849642701.0,4479963423750.0,1.34463E+11,1.03709E+11,77938465794,1.76,2.34,70.08,61.18,8.28
399006.SZ,2021/6/9,6922821322358.0,4481175734819.0,1.34564E+11,1.03712E+11,77942120739,1.49,1.98,70.14,61.23,8.28
399006.SZ,2021/6/10,7091579483225.0,4585453612852.0,1.3458E+11,1.03717E+11,77446247081,2.11,2.83,71.85,62.72,8.48
399006.SZ,2021/6/11,7106516431976.0,5035548853351.0,1.3458E+11,1.04669E+11,78402183687,2.24,3,72,62.86,8.5
399006.SZ,2021/6/15,7454440483189.0,5050954887680.0,1.27624E+11,97782334209,72832943779,1.68,2.26,67.61,59.6,8.86
399006.SZ,2021/6/16,7136198429402.0,4833839950733.0,1.27626E+11,97784201907,72832943779,1.85,2.48,64.73,57.06,8.48
399006.SZ,2021/6/17,7281387658165.0,4945359474366.0,1.27626E+11,97835946842,72742556412,1.52,2.05,66.04,58.22,8.67
399006.SZ,2021/6/18,7379534337219.0,5031352277708.0,1.27704E+11,97908426638,72784244267,1.58,2.12,66.93,59,8.79
399006.SZ,2021/6/21,7445828950526.0,5081311156641.0,1.27704E+11,97922650928,72798468557,1.72,2.32,67.54,59.53,8.87
399006.SZ,2021/6/22,7486017641367.0,5097814992927.0,1.27704E+11,97926346686,72802164315,1.63,2.19,67.9,59.86,8.92
399006.SZ,2021/6/23,7564883292508.0,5037061506652.0,1.27703E+11,97647199036,72530951296,1.89,2.54,68.62,60.49,9.01
399006.SZ,2021/6/24,7472719791217.0,4979214273199.0,1.28936E+11,98665787062,73115838028,1.62,2.19,67.78,59.75,8.91
399006.SZ,2021/6/25,7626085463149.0,5088938170410.0,1.28936E+11,98763702608,73115837875,1.78,2.4,69.17,60.98,9.1
399006.SZ,2021/6/28,7761956807128.0,5194051806421.0,1.29293E+11,99109876219,73494587786,1.65,2.23,70.4,62.06,9.26
399006.SZ,2021/6/29,7744297954203.0,5191877692996.0,1.29296E+11,99112526190,73498596782,1.68,2.27,70.24,61.92,9.24
399006.SZ,2021/6/30,7893536292921.0,5308902353269.0,1.29398E+11,99156687891,73436511930,1.52,2.05,71.6,63.11,9.42
399006.SZ,2021/7/1,7861807059169.0,5278745698310.0,1.29398E+11,99156687891,73436511930,1.86,2.51,71.31,62.86,9.38
399006.SZ,2021/7/2,7570259197622.0,5099536293868.0,1.29448E+11,99184559398,73436511930,1.85,2.5,68.66,60.53,9.04
399006.SZ,2021/7/5,7604992538292.0,5130019524497.0,1.29448E+11,99184562680,73464383937,1.81,2.45,68.98,60.81,9.09
399006.SZ,2021/7/6,7448999062746.0,5039972685375.0,1.29452E+11,99199597690,73478743429,1.8,2.43,67.56,59.56,8.9
399006.SZ,2021/7/7,7718434494966.0,5225718712608.0,1.29564E+11,99199579465,73478725204,1.8,2.43,70.01,61.71,9.2
399006.SZ,2021/7/8,7741886379455.0,5267097494188.0,1.29565E+11,99199579468,73478725204,2.24,3.02,70.22,61.9,9.24
399006.SZ,2021/7/9,7677311702819.0,5222226167399.0,1.29565E+11,99210270056,73489415795,1.91,2.58,69.64,61.39,9.17
399006.SZ,2021/7/12,7957540197160.0,5417459427059.0,1.29565E+11,99210282638,73489428377,2.66,3.59,72.18,63.63,9.5
399006.SZ,2021/7/13,7912383626831.0,5389250703189.0,1.2957E+11,99215522061,73491428377,2.19,2.96,71.77,63.26,9.45
399006.SZ,2021/7/14,7864852879580.0,5340935119190.0,1.29578E+11,99223082602,73496602441,2.05,2.77,71.34,62.88,9.39
399006.SZ,2021/7/15,7979566533560.0,5420517304346.0,1.29614E+11,99223082602,73504228341,1.88,2.54,72.38,63.8,9.53
399006.SZ,2021/7/16,7716914105302.0,5248435460275.0,1.29614E+11,99223082649,73504228388,1.82,2.45,69.99,61.7,9.23
399006.SZ,2021/7/19,7758804610478.0,5266557890097.0,1.29615E+11,99223148181,73506776859,1.92,2.59,70.37,62.03,9.28
399006.SZ,2021/7/20,7775459485176.0,5289347563223.0,1.29615E+11,99223148181,73675705692,1.56,2.1,70.53,62.16,9.3
399006.SZ,2021/7/21,7956238224012.0,5441812674775.0,1.29615E+11,99230439016,73691012527,2.31,3.11,72.17,63.72,9.51
399006.SZ,2021/7/22,7907486922396.0,5419808486704.0,1.29615E+11,99230439016,73691012527,2.1,2.82,71.72,63.33,9.46
399006.SZ,2021/7/23,7731589751951.0,5308545165284.0,1.29615E+11,99230439016,73691012527,2.21,2.97,70.13,61.92,9.25
399006.SZ,2021/7/26,7489683038452.0,5157666805672.0,1.29616E+11,99207531872,73663261068,2.37,3.19,67.93,59.56,8.94
399006.SZ,2021/7/27,7177868180305.0,4949862105834.0,1.29616E+11,99822314338,74278043534,2.47,3.31,65.11,57.08,8.56
399006.SZ,2021/7/28,7327265742165.0,5034298701546.0,1.29616E+11,99829459282,74285188478,2.21,2.97,66.46,58.23,8.73
399006.SZ,2021/7/29,7677918272942.0,5308070388228.0,1.29616E+11,99829459282,74285188478,2.33,3.13,69.64,61.01,9.15
399006.SZ,2021/7/30,7601173408868.0,5277638755847.0,1.29617E+11,99831544256,74286108987,2.33,3.14,68.94,60.36,9.05
399006.SZ,2021/8/2,7718698221551.0,5352544297898.0,1.29617E+11,99831544496,74287925554,2.6,3.5,70.01,61.18,9.19
399006.SZ,2021/8/3,7698525153726.0,5313299730986.0,1.29617E+11,99831773640,74253398221,2.78,3.73,69.83,60.86,9.15
399006.SZ,2021/8/4,7855442407460.0,5462482931344.0,1.29617E+11,99832264025,74226561994,2.39,3.22,71.25,62.1,9.34
399006.SZ,2021/8/5,7799129926378.0,5410466821509.0,1.29617E+11,99832264085,74224665823,2.34,3.15,70.74,61.64,9.27
399006.SZ,2021/8/6,7699867090552.0,5346582771947.0,1.29617E+11,99832274460,74224676198,2.08,2.79,69.84,60.8,9.15
399006.SZ,2021/8/9,7650705628135.0,5284138450822.0,1.29617E+11,99855649584,74248051302,1.97,2.64,69.39,60.41,9.09
399006.SZ,2021/8/10,7696442275718.0,5316586211236.0,1.29618E+11,99992267919,73439129797,1.93,2.63,69.81,60.55,9.12
399006.SZ,2021/8/11,7623218006512.0,5276446450529.0,1.29618E+11,99992403287,73439325025,1.85,2.51,69.14,59.98,9.03
399006.SZ,2021/8/12,7497265414373.0,5201338360086.0,1.29618E+11,99995058986,73439628303,1.9,2.59,68,59.17,8.87
399006.SZ,2021/8/13,7403551801037.0,5138007663993.0,1.29762E+11,1.00121E+11,73659576869,1.81,2.46,67.15,58.43,8.76
399006.SZ,2021/8/16,7323972784348.0,5062129447579.0,1.29762E+11,1.00121E+11,73631869423,1.78,2.42,66.43,58.02,8.67
399006.SZ,2021/8/17,7140144177366.0,4952140996876.0,1.29762E+11,1.00121E+11,73631869423,2.09,2.85,64.76,56.51,8.45
399006.SZ,2021/8/18,7182891474800.0,4988588979950.0,1.29762E+11,1.00121E+11,73317321351,1.97,2.69,65.15,56.62,8.48
399006.SZ,2021/8/19,7246639073117.0,5037634215068.0,1.29762E+11,1.00125E+11,73321525884,1.78,2.43,65.73,59.62,8.59
399006.SZ,2021/8/20,7024794295429.0,4913778118256.0,1.29762E+11,1.00108E+11,73295108825,2.12,2.9,63.72,57.86,8.32
399006.SZ,2021/8/23,7253810254513.0,5070680571513.0,1.29762E+11,1.00111E+11,73297066054,2.11,2.88,65.79,59.75,8.57
399006.SZ,2021/8/24,7348752741068.0,5147587754956.0,1.29853E+11,1.00435E+11,73816971313,2.03,2.76,66.66,59.92,8.57
399006.SZ,2021/8/25,7389559915489.0,5177017526784.0,1.29854E+11,1.00435E+11,73889217768,1.85,2.51,67.03,60.22,8.61
399006.SZ,2021/8/26,7203266535165.0,5049822336228.0,1.29854E+11,1.00553E+11,73889702268,1.81,2.47,65.34,57.89,8.31
399006.SZ,2021/8/27,7187083378856.0,5038816377733.0,1.29861E+11,1.00875E+11,73968097542,1.8,2.46,65.19,58.94,8.27
399006.SZ,2021/8/30,7204663384278.0,5062520393219.0,1.29862E+11,1.00909E+11,73951532611,2.16,2.94,65.35,56.86,8.19
399006.SZ,2021/8/31,7093240766534.0,4969498012917.0,1.29862E+11,1.00909E+11,73890570169,2.12,2.9,64.34,55.87,8.06
399006.SZ,2021/9/1,7039386063268.0,4945780435102.0,1.29863E+11,1.01411E+11,73892553032,2.18,3,63.85,55.45,8
399006.SZ,2021/9/2,6930033913444.0,4880592402727.0,1.29841E+11,1.01411E+11,73893748677,1.94,2.67,62.86,54.59,7.88
399006.SZ,2021/9/3,6863658560495.0,4827547708033.0,1.29841E+11,1.01411E+11,73886207074,2.17,2.98,62.26,54.06,7.8
399006.SZ,2021/9/6,7147664212185.0,5021662580817.0,1.29841E+11,1.01398E+11,73886797314,2.26,3.1,64.83,56.3,8.12
399006.SZ,2021/9/7,7171959014080.0,5050484293503.0,1.29841E+11,1.01398E+11,73880438244,2.07,2.84,65.05,56.49,8.15
399006.SZ,2021/9/8,7089986551697.0,5000145730979.0,1.29947E+11,1.01414E+11,73882077014,2.62,3.6,64.31,55.85,8.03
399006.SZ,2021/9/9,7098679751097.0,5006445568476.0,1.29947E+11,1.01414E+11,73882077014,2.03,2.79,64.39,55.92,8.04
399006.SZ,2021/9/10,7111871772044.0,5016639254239.0,1.29947E+11,1.01414E+11,73906628549,2.04,2.8,64.51,56.02,8.06
399006.SZ,2021/9/13,7026384192862.0,4957756476158.0,1.29947E+11,1.01414E+11,73915639574,2.14,2.94,63.73,55.35,7.96
399006.SZ,2021/9/14,7125605630606.0,5036317438785.0,1.29947E+11,1.01415E+11,73915853410,1.98,2.72,64.63,56.13,8.08
399006.SZ,2021/9/15,7049642587000.0,4979375846873.0,1.29947E+11,1.01416E+11,73916621000,1.76,2.41,63.94,55.53,7.99
399006.SZ,2021/9/16,6914589246563.0,4862968772900.0,1.29947E+11,1.01416E+11,73916744897,1.87,2.57,62.72,54.47,7.84
399006.SZ,2021/9/17,7061633923006.0,4961953068096.0,1.29956E+11,1.01514E+11,73992614967,1.63,2.24,64.05,55.62,8
399006.SZ,2021/9/22,7013128096155.0,4928277207177.0,1.29962E+11,1.0177E+11,74243013082,1.22,1.67,63.61,55.24,7.95
399006.SZ,2021/9/23,7041769822748.0,4955801828836.0,1.29962E+11,1.0177E+11,74243013082,1.58,2.17,63.87,55.47,7.98
399006.SZ,2021/9/24,7116789860882.0,4993775033158.0,1.29962E+11,1.01774E+11,74223569629,1.57,2.16,64.55,56.06,8.06
399006.SZ,2021/9/27,7190241020748.0,5038724662583.0,1.29979E+11,1.01804E+11,74352292869,1.97,2.7,65.22,56.64,8.15
399006.SZ,2021/9/28,7132478153456.0,4998901215036.0,1.29979E+11,1.01804E+11,74352369982,1.33,1.82,64.69,56.18,8.08
399006.SZ,2021/9/29,7051829185974.0,4972947745847.0,1.30008E+11,1.01859E+11,74398417240,1.43,1.96,63.96,55.55,7.98
399006.SZ,2021/9/30,7202008025271.0,5090510764682.0,1.30191E+11,1.01985E+11,74524500946,1.27,1.74,65.32,56.73,8.15
399006.SZ,2021/10/8,7201450488264.0,5094471152895.0,1.30191E+11,1.01987E+11,74526528757,1.58,2.16,65.32,56.73,8.15
399006.SZ,2021/10/11,7085839244381.0,5023775100632.0,1.30193E+11,1.02023E+11,74437625325,1.46,2,64.27,55.81,8.02
399006.SZ,2021/10/12,6983390501453.0,4932848012517.0,1.30193E+11,1.02023E+11,74437625325,1.47,2.01,63.34,55.01,7.9
399006.SZ,2021/10/13,7150126892645.0,5046416697390.0,1.30193E+11,1.02006E+11,74437625778,1.2,1.65,64.85,56.32,8.09
399006.SZ,2021/10/14,7148558606957.0,5057333414586.0,1.30193E+11,1.02006E+11,74438566559,1.12,1.54,64.84,56.31,8.09
399006.SZ,2021/10/15,7253194434235.0,5177806311261.0,1.30192E+11,1.0217E+11,74594153771,1.42,1.94,65.79,57.07,8.21
399006.SZ,2021/10/18,7225359410744.0,5457885290396.0,1.30197E+11,1.02892E+11,75310710773,1.5,2.05,65.54,56.59,8.15
399006.SZ,2021/10/19,7266507874417.0,5476103876923.0,1.30197E+11,1.02819E+11,75316025147,1.36,1.85,65.91,56.91,8.2
399006.SZ,2021/10/20,7227497122670.0,5444145166580.0,1.30196E+11,1.02818E+11,75242674424,1.3,1.78,65.56,56.74,8.15
399006.SZ,2021/10/21,7222813406081.0,5444007123789.0,1.30196E+11,1.02818E+11,75242367074,1.18,1.61,65.51,56.67,8.14
399006.SZ,2021/10/22,7249738614454.0,5455940478785.0,1.30225E+11,1.02818E+11,75244456574,1.18,1.61,65.76,56.57,8.12
399006.SZ,2021/10/25,7351977566250.0,5539986497801.0,1.30225E+11,1.02818E+11,75378705954,1.55,2.11,66.68,57.22,8.22
399006.SZ,2021/10/26,7325672040610.0,5525134575357.0,1.30225E+11,1.02818E+11,75378705954,1.97,2.69,66.45,57.97,8.15
399006.SZ,2021/10/27,7269475511170.0,5499690668983.0,1.30225E+11,1.02845E+11,75407555970,1.79,2.45,65.94,57.66,8.05
399006.SZ,2021/10/28,7206633169214.0,5451481403338.0,1.30227E+11,1.02847E+11,75407555970,1.5,2.05,65.37,61.86,7.96
399006.SZ,2021/10/29,7389494120311.0,5592693368526.0,1.30237E+11,1.02855E+11,75406826618,1.97,2.68,67.02,63.25,8.11
399006.SZ,2021/11/1,7341562195206.0,5570462895559.0,1.30237E+11,1.02865E+11,75454307117,1.89,2.58,66.59,63.03,8.04
399006.SZ,2021/11/2,7377662832812.0,5593191119149.0,1.30237E+11,1.02865E+11,75454307117,1.86,2.54,66.92,63.34,8.08
399006.SZ,2021/11/3,7352359563753.0,5568113447767.0,1.30237E+11,1.02862E+11,75451271792,1.55,2.11,66.69,63.12,8.05
399006.SZ,2021/11/4,7442876910487.0,5629170778618.0,1.30245E+11,1.02871E+11,74737299717,1.66,2.29,67.51,63.9,8.15
399006.SZ,2021/11/5,7424018776449.0,5620109511312.0,1.30346E+11,1.02884E+11,74751006717,2.08,2.86,67.34,63.74,8.19
399006.SZ,2021/11/8,7460243858895.0,5665429593309.0,1.30347E+11,1.02929E+11,74815031666,1.96,2.7,67.67,64.05,8.23
399006.SZ,2021/11/9,7519562864431.0,5717994552414.0,1.30347E+11,1.02943E+11,74781938548,1.64,2.26,68.2,64.56,8.3
399006.SZ,2021/11/10,7480678192496.0,5690434629914.0,1.30347E+11,1.02943E+11,74915168248,2.15,2.95,67.85,64.23,8.25
399006.SZ,2021/11/11,7555639658981.0,5752027163986.0,1.30347E+11,1.02944E+11,74916972753,2.25,3.09,68.53,64.87,8.34
399006.SZ,2021/11/12,7535180108272.0,5738803566287.0,1.30347E+11,1.02944E+11,74917183353,2.07,2.84,68.35,64.69,8.31
399006.SZ,2021/11/15,7487364059998.0,5684115320259.0,1.30347E+11,1.02976E+11,74948880048,2.15,2.96,67.91,64.28,8.26
399006.SZ,2021/11/16,7488190690640.0,5684154676986.0,1.30362E+11,1.03176E+11,75147136944,2.32,3.18,67.92,64.29,8.25
399006.SZ,2021/11/17,7534526844942.0,5733206591179.0,1.30362E+11,1.03177E+11,75152651219,1.93,2.65,68.34,64.69,8.3
399006.SZ,2021/11/18,7449208051655.0,5667127117266.0,1.30362E+11,1.03178E+11,75153265000,2.08,2.86,67.57,63.96,8.2
399006.SZ,2021/11/19,7523394439197.0,5729638347929.0,1.30362E+11,1.03178E+11,75153265000,1.74,2.39,68.24,64.59,8.28
399006.SZ,2021/11/22,7705868337595.0,5881478616594.0,1.30362E+11,1.03297E+11,75275882524,1.95,2.68,69.89,66.16,8.49
399006.SZ,2021/11/23,7676684784751.0,5857787116133.0,1.30362E+11,1.03312E+11,75260642125,2.05,2.82,69.63,65.91,8.45
399006.SZ,2021/11/24,7648245059640.0,5836300269260.0,1.30452E+11,1.03315E+11,75299436630,2.09,2.87,69.37,65.66,8.4
399006.SZ,2021/11/25,7635494714887.0,5820142068718.0,1.3053E+11,1.03255E+11,75239209867,1.98,2.72,69.26,65.56,8.37
399006.SZ,2021/11/26,7616029254273.0,5809975873128.0,1.30533E+11,1.03257E+11,75241548967,2.07,2.84,69.08,65.39,8.35
399006.SZ,2021/11/29,7695320513969.0,5871159489946.0,1.30627E+11,1.03305E+11,75309429354,2.04,2.79,69.8,66.07,8.4
399006.SZ,2021/11/30,7671532983606.0,5852389549089.0,1.30629E+11,1.03308E+11,75312292854,1.92,2.63,69.58,65.86,8.37
399006.SZ,2021/12/1,7616495587424.0,5812653096118.0,1.30629E+11,1.03308E+11,75312292854,2.06,2.82,69.08,65.39,8.31
399006.SZ,2021/12/2,7589711984590.0,5798363058591.0,1.30629E+11,1.03314E+11,75324624494,2.01,2.76,68.84,65.16,8.28
399006.SZ,2021/12/3,7629043867207.0,5821461302445.0,1.30682E+11,1.03314E+11,75324683194,1.6,2.2,69.2,65.5,8.28
399006.SZ,2021/12/6,7472374121103.0,5694715074941.0,1.30682E+11,1.03314E+11,75324683194,1.86,2.56,67.78,64.15,8.11
399006.SZ,2021/12/7,7407556604995.0,5625451051111.0,1.30682E+11,1.03314E+11,73704867643,1.75,2.46,67.19,63.6,8.04
399006.SZ,2021/12/8,7529633258239.0,5720089536372.0,1.30682E+11,1.03315E+11,74203710276,1.7,2.37,68.3,64.65,8.17
399006.SZ,2021/12/9,7615095810103.0,5781247496479.0,1.30684E+11,1.03317E+11,74205591636,2.17,3.02,69.07,65.38,8.26
399006.SZ,2021/12/10,7636721744355.0,5799709214449.0,1.30684E+11,1.03317E+11,74205909536,2.11,2.94,69.27,65.57,8.29
399006.SZ,2021/12/13,8142997430338.0,5970661718843.0,1.23239E+11,94565881712,68067424420,2.36,3.28,72,66.47,8.86
399006.SZ,2021/12/14,8137505579317.0,5968685019326.0,1.23239E+11,94583164113,68181710169,2.05,2.85,71.95,66.43,8.85
399006.SZ,2021/12/15,8046852859400.0,5912063126826.0,1.23239E+11,94582277523,68201357656,2.04,2.83,71.15,65.69,8.76
399006.SZ,2021/12/16,8105391274397.0,5956064643247.0,1.23239E+11,94582303738,68200454661,1.97,2.73,71.66,66.17,8.82
399006.SZ,2021/12/17,7971886541213.0,5860809379697.0,1.23339E+11,94584298419,68202154856,2.03,2.81,70.48,65.08,8.64
399006.SZ,2021/12/20,7741900625910.0,5684407718754.0,1.23337E+11,94584298419,68174692323,1.89,2.62,68.43,63.18,8.39
399006.SZ,2021/12/21,7793617507346.0,5718825494308.0,1.23337E+11,94584298419,68174692323,1.62,2.24,68.89,63.6,8.45
399006.SZ,2021/12/22,7835174927293.0,5755985421498.0,1.23343E+11,94594176343,68174850645,2.02,2.8,69.26,63.94,8.47
399006.SZ,2021/12/23,7851232030480.0,5772277835224.0,1.23356E+11,94606354886,68204332872,1.71,2.38,69.4,64.07,8.48
399006.SZ,2021/12/24,7690657557361.0,5650868194610.0,1.23357E+11,94723974598,67946256930,1.65,2.3,67.98,62.76,8.31
399006.SZ,2021/12/27,7680618124829.0,5647570895701.0,1.23357E+11,94724458398,68221193130,1.54,2.13,67.89,62.68,8.29
399006.SZ,2021/12/28,7749682728669.0,5708041588175.0,1.23826E+11,94755055234,68221193792,1.73,2.41,68.5,63.24,8.34
399006.SZ,2021/12/29,7646113668059.0,5629660361338.0,1.23826E+11,94755055234,68221193792,1.56,2.17,67.59,62.4,8.14
399006.SZ,2021/12/30,7748223079243.0,5704136544704.0,1.23826E+11,94755055272,68221193830,1.75,2.43,68.49,63.23,8.25
399006.SZ,2021/12/31,7751855012056.0,5700889013386.0,1.24092E+11,94755055272,68221193830,1.56,2.17,68.52,63.26,8.22
399006.SZ,2022/1/4,7570871070946.0,5550594237280.0,1.24092E+11,94755055272,68221193830,2.49,3.46,66.92,61.78,8.02
399006.SZ,2022/1/5,7386972061186.0,5403965943067.0,1.24126E+11,94821992062,68243061710,2.52,3.51,65.29,60.28,7.82
399006.SZ,2022/1/6,7301137839610.0,5337222154636.0,1.24126E+11,94724939847,68286331351,2.09,2.89,64.54,59.58,7.73
399006.SZ,2022/1/7,7222900643836.0,5278611894489.0,1.24126E+11,94725063727,68286701344,1.98,2.74,63.84,58.94,7.65
399006.SZ,2022/1/10,7217677213624.0,5269761490687.0,1.24116E+11,94804154243,68287511374,1.94,2.69,63.8,58.9,7.64
399006.SZ,2022/1/11,7116777152711.0,5199017225726.0,1.24116E+11,94804533698,68367212045,1.88,2.6,62.91,58.08,7.54
399006.SZ,2022/1/12,7307223507734.0,5344773051908.0,1.24116E+11,94803605998,68368212045,1.92,2.66,64.59,59.63,7.74
399006.SZ,2022/1/13,7188920172364.0,5259312930793.0,1.24116E+11,94815926321,68369688537,1.91,2.64,63.54,58.67,7.61
399006.SZ,2022/1/14,7269710289960.0,5331063737664.0,1.24241E+11,94815937346,68369700537,2.15,2.99,64.26,59.32,7.7
399006.SZ,2022/1/17,7382125343680.0,5427657079198.0,1.24241E+11,94815937346,68369699562,2.35,3.27,65.25,60.23,7.82
399006.SZ,2022/1/18,7328441315623.0,5380471163360.0,1.24241E+11,94816414303,68370176519,2.12,2.94,64.78,59.79,7.76
399006.SZ,2022/1/19,7174424897533.0,5262579476505.0,1.24241E+11,94823393667,68377155883,1.98,2.74,63.42,58.54,7.6
399006.SZ,2022/1/20,7149700401707.0,5254515872426.0,1.24241E+11,94826059315,68380996944,2.03,2.81,63.2,58.33,7.57
399006.SZ,2022/1/21,7068013029142.0,5196908180555.0,1.24241E+11,94826059315,68381810244,1.73,2.4,62.48,57.53,7.48
399006.SZ,2022/1/24,7122389637026.0,5233793043190.0,1.24241E+11,94873232636,68432444767,1.63,2.25,62.96,57.97,7.54
399006.SZ,2022/1/25,6939771355597.0,5104008893984.0,1.24241E+11,94873186205,68432398336,1.9,2.63,61.34,56.49,7.34
399006.SZ,2022/1/26,7001907372265.0,5154472871907.0,1.24241E+11,94905506952,68501176814,1.44,2,61.89,56.99,7.41
399006.SZ,2022/1/27,6793520017228.0,4991875584747.0,1.24245E+11,94906355222,68523196316,1.55,2.14,60.05,55.29,7.19
399006.SZ,2022/1/28,6800687680824.0,5044703497516.0,1.24245E+11,95279630488,68539711355,1.44,2.01,60.11,55.35,7.2
399006.SZ,2022/2/7,6809249467645.0,5049104667129.0,1.24245E+11,95376380488,68546542164,1.57,2.18,60.19,55.42,7.21
399006.SZ,2022/2/8,6642909284816.0,4909411705300.0,1.24245E+11,95378282995,68669792187,1.52,2.12,58.4,53.94,7.02
399006.SZ,2022/2/9,6726022060392.0,4968452851112.0,1.24245E+11,95378282995,68669808187,1.58,2.19,59.13,54.18,7.1
399006.SZ,2022/2/10,6590583672107.0,4860797439136.0,1.24245E+11,95378282995,68675309084,1.55,2.15,57.94,53.09,6.96
399006.SZ,2022/2/11,6403018561379.0,4709961342769.0,1.24245E+11,95378281700,68675309084,1.72,2.39,56.29,51.58,6.76
399006.SZ,2022/2/14,6391807937369.0,4710744081663.0,1.24246E+11,95466401011,68763739341,1.83,2.55,56.19,51.48,6.75
399006.SZ,2022/2/15,6599633203836.0,4872225473701.0,1.24236E+11,95458481384,68755819714,1.61,2.23,58.01,53.16,6.97
399006.SZ,2022/2/16,6607236726338.0,4877030943996.0,1.24236E+11,95458481384,68755819714,1.4,1.94,58.08,53.22,6.97
399006.SZ,2022/2/17,6650990025718.0,4911799028670.0,1.24236E+11,95457735567,68755073897,1.45,2.01,58.47,53.57,7.02
399006.SZ,2022/2/18,6623816955901.0,4885314863594.0,1.24292E+11,95456694223,68787198955,1.34,1.86,58.23,53.35,6.98
399006.SZ,2022/2/21,6577913909002.0,4844548775378.0,1.24292E+11,95456694223,68787198955,1.88,2.6,57.82,52.98,6.93
399006.SZ,2022/2/22,6487656231442.0,4782704943433.0,1.24291E+11,95460349848,68793905207,1.88,2.61,57.03,52.26,6.84
399006.SZ,2022/2/23,6645963624636.0,4914330538960.0,1.24291E+11,95460349848,68793905207,1.81,2.51,58.42,53.62,7
399006.SZ,2022/2/24,6505801843869.0,4816638999231.0,1.24291E+11,95550693152,68825234042,2.23,3.09,57.19,53.71,6.85
399006.SZ,2022/2/25,6679976862708.0,4950666347239.0,1.24291E+11,95523955041,68663336991,1.78,2.47,58.72,55.15,7.03
399006.SZ,2022/2/28,6741560340958.0,4992789893525.0,1.24291E+11,95523955041,68818146639,1.47,2.04,59.26,57.76,7.12
399006.SZ,2022/3/1,6751531466146.0,4998957649271.0,1.24291E+11,95523955041,68822548649,1.54,2.13,59.17,57.53,7.1
399006.SZ,2022/3/2,6633580232143.0,4901707434012.0,1.24291E+11,95518297261,68823480065,1.2,1.66,58.14,56.52,6.98
399006.SZ,2022/3/3,6537385535191.0,4833223708261.0,1.24291E+11,95518297261,68857495734,1.34,1.85,57.29,55.7,6.87
399006.SZ,2022/3/4,6452432096025.0,4753588131838.0,1.24291E+11,95518641952,68857840425,1.53,2.12,56.45,54.86,6.78
399006.SZ,2022/3/7,6178817368552.0,4541032529483.0,1.24291E+11,95518641952,68857840425,1.69,2.35,53.94,52.52,6.49
399006.SZ,2022/3/8,6061028999349.0,4457456057490.0,1.24288E+11,95593062710,68940935130,1.83,2.53,52.69,51.47,6.37
399006.SZ,2022/3/9,6039167682966.0,4450104501936.0,1.24933E+11,96329189855,69588684017,2.07,2.86,52.5,51.16,6.24
399006.SZ,2022/3/10,6189709430972.0,4572500516982.0,1.24933E+11,96329189855,69593414817,1.87,2.58,53.7,51.92,6.39
399006.SZ,2022/3/11,6257338475993.0,4627436521671.0,1.24933E+11,96338798326,69603023288,1.99,2.75,54.17,51.81,6.45
399006.SZ,2022/3/14,6030274790449.0,4460894166462.0,1.24933E+11,96339079767,69603327929,1.89,2.61,52.21,49.93,6.22
399006.SZ,2022/3/15,5867093061495.0,4339202749351.0,1.24935E+11,96377358716,69668173666,2.28,3.15,50.79,48.58,6.05
399006.SZ,2022/3/16,6152475730060.0,4566151291133.0,1.24935E+11,96377358716,69660142379,2.74,3.79,53.03,50.82,6.35
399006.SZ,2022/3/17,6341015727604.0,4711339962435.0,1.24935E+11,96377358716,69660142379,2.7,3.73,54.65,52.38,6.54
399006.SZ,2022/3/18,6328268399597.0,4699519136422.0,1.24935E+11,96382328678,69663398341,1.67,2.31,54.54,52.27,6.53
399006.SZ,2022/3/21,6361113164693.0,4755673899337.0,1.24953E+11,96539517379,69779888736,1.73,2.39,53.35,53.14,6.55
399006.SZ,2022/3/22,6273400841253.0,4686122506752.0,1.24953E+11,96539517379,69708674904,1.38,1.91,52.62,52.41,6.46
399006.SZ,2022/3/23,6343718636001.0,4735396103349.0,1.24953E+11,96542362891,69701685191,1.32,1.83,53.03,52.91,6.52
399006.SZ,2022/3/24,6326370365178.0,4723209626253.0,1.24953E+11,96542362891,69704697548,1.42,1.96,53.72,52.76,6.51
399006.SZ,2022/3/25,6169613796318.0,4629562206731.0,1.24953E+11,96704405518,69712946464,1.31,1.82,52.34,51.36,6.34
399006.SZ,2022/3/28,6080991217655.0,4546449784814.0,1.24958E+11,96710017588,69723623234,1.27,1.76,51.39,50.63,6.25
399006.SZ,2022/3/29,6070289206376.0,4540463856611.0,1.24958E+11,96748210876,69761816522,1.28,1.77,50.43,50.56,6.24
399006.SZ,2022/3/30,6316646744478.0,4739835119824.0,1.24971E+11,96761551206,69780406109,1.68,2.32,52.04,52.61,6.49
399006.SZ,2022/3/31,6228902092992.0,4678129557055.0,1.24973E+11,96761551956,69577167859,1.4,1.95,51,52,6.4
399006.SZ,2022/4/1,6248196708586.0,4691112270783.0,1.24973E+11,96772206828,69375745205,1.55,2.17,51.15,52.16,6.42
399006.SZ,2022/4/6,6162458920600.0,4624091093616.0,1.24973E+11,96785320576,69395194998,1.4,1.95,50.45,51.44,6.33
399006.SZ,2022/4/7,6037892177243.0,4533003795255.0,1.24973E+11,96797741030,69405178907,1.46,2.04,49.52,50.43,6.2
399006.SZ,2022/4/8,6013328665680.0,4521343781795.0,1.24973E+11,96796049930,69430225918,1.48,2.06,49.04,50.42,6.17
399006.SZ,2022/4/11,5785718855853.0,4333387021990.0,1.24976E+11,96796049930,69430225918,1.59,2.21,46.86,48.52,5.94
399006.SZ,2022/4/12,5923959665112.0,4446467306578.0,1.24976E+11,96847386514,69447449570,1.55,2.16,47.76,49.63,6.08
399006.SZ,2022/4/13,5804078762902.0,4358655310562.0,1.24976E+11,96847686852,69506152339,1.34,1.86,46.75,48.66,5.96
399006.SZ,2022/4/14,5808143262498.0,4360238049042.0,1.2504E+11,96889491063,69130644209,1.55,2.18,46.78,48.72,5.96
399006.SZ,2022/4/15,5793923734623.0,4368978478302.0,1.2504E+11,96966978360,69381776805,1.43,2,45.94,47.73,5.94
399006.SZ,2022/4/18,5842383284389.0,4407989072244.0,1.2504E+11,96966978360,69630447387,1.27,1.76,55.31,48.15,6.02
399006.SZ,2022/4/19,5760041141350.0,4341412832861.0,1.2504E+11,96966978360,69630447387,1.22,1.7,54.53,47.45,5.93
399006.SZ,2022/4/20,5565650801998.0,4173030315000.0,1.27243E+11,98815090207,71294947294,1.45,2.01,52.81,46.08,5.7
399006.SZ,2022/4/21,5447539429831.0,4090710058458.0,1.27627E+11,99152381628,71568116978,1.59,2.21,51.69,45.1,5.58
399006.SZ,2022/4/22,5428386543797.0,4081178540528.0,1.27627E+11,99226493950,71635359233,1.5,2.07,47.47,42.93,5.49
399006.SZ,2022/4/25,5151665415753.0,3863796006489.0,1.27628E+11,99625024861,72308301440,2.05,2.83,44.41,40.31,5.17
399006.SZ,2022/4/26,5121509493989.0,3836179610375.0,1.27631E+11,99656791536,65639482235,1.9,2.89,42.9,40.08,5.12
399006.SZ,2022/4/27,5378475912763.0,4044371789039.0,1.27631E+11,99657141906,63117479841,2.17,3.43,45.19,43.46,5.36
399006.SZ,2022/4/28,5280536730837.0,3973066721639.0,1.27631E+11,99693353006,63433892056,1.81,2.85,42.9,42.91,5.23
399006.SZ,2022/4/29,5480877891876.0,4125685739494.0,1.27631E+11,99694051268,72369127255,2.37,3.27,44.27,45.9,5.41
399006.SZ,2022/5/5,5391421014439.0,4070479074419.0,1.27632E+11,99805315656,72421997956,1.73,2.38,43.55,45.85,5.31
399006.SZ,2022/5/6,5298680823440.0,3994086414740.0,1.27648E+11,99799982893,72423311153,1.39,1.91,42.8,45.06,5.22
399006.SZ,2022/5/9,5252268701767.0,3959654934447.0,1.27648E+11,99860514134,72434014372,1.14,1.58,42.42,44.67,5.18
399006.SZ,2022/5/10,5360403922085.0,4043737289310.0,1.27648E+11,99860514134,72434014372,1.55,2.13,43.29,45.59,5.28
399006.SZ,2022/5/11,5524446268269.0,4171066158960.0,1.27648E+11,99829948097,72438618335,2.22,3.06,44.62,46.98,5.44
399006.SZ,2022/5/12,5530486111058.0,4174919909028.0,1.27978E+11,1.00067E+11,72640538114,1.41,1.94,44.67,47.04,5.45
399006.SZ,2022/5/13,5545808644641.0,4193516733313.0,1.27978E+11,1.00068E+11,72646980063,1.13,1.55,44.79,47.17,5.47
399006.SZ,2022/5/16,5488404198755.0,4143803610855.0,1.27978E+11,1.0009E+11,72669344210,1.19,1.64,44.33,46.68,5.41
399006.SZ,2022/5/17,5574415014913.0,4217737879893.0,1.28049E+11,1.00154E+11,72713057507,1.29,1.78,45.02,47.41,5.51
399006.SZ,2022/5/18,5564356743022.0,4210437136570.0,1.28053E+11,1.00154E+11,72713057507,1.31,1.8,44.94,47.32,5.49
399006.SZ,2022/5/19,5590091199177.0,4235695691047.0,1.28054E+11,1.00206E+11,72764563703,1.31,1.81,45.15,47.54,5.55
399006.SZ,2022/5/20,5689669068385.0,4306676408892.0,1.28061E+11,1.00212E+11,72743627992,1.6,2.21,45.95,48.39,5.65
399006.SZ,2022/5/23,5668711924173.0,4296818420833.0,1.28061E+11,1.00443E+11,72752476814,1.29,1.78,45.78,48.21,5.62
399006.SZ,2022/5/24,5461517065402.0,4137601774954.0,1.28061E+11,1.0053E+11,72896301846,1.62,2.23,44.11,46.45,5.42
399006.SZ,2022/5/25,5475919998259.0,4148813584180.0,1.28105E+11,1.0056E+11,72914181723,1.23,1.69,44.23,46.57,5.44
399006.SZ,2022/5/26,5458130932010.0,4132128491773.0,1.28229E+11,1.00658E+11,72971868315,1.48,2.04,44.08,46.42,5.42
399006.SZ,2022/5/27,5468322147384.0,4143637959401.0,1.28229E+11,1.00648E+11,72961859442,1.27,1.75,44.17,46.51,5.44
399006.SZ,2022/5/30,5537483874956.0,4199889034193.0,1.28443E+11,1.00869E+11,73136135806,1.2,1.65,44.73,47.1,5.51
399006.SZ,2022/5/31,5673797605965.0,4300434660952.0,1.28443E+11,1.00869E+11,73136127806,1.91,2.63,45.83,48.25,5.65
399006.SZ,2022/6/1,5720209732947.0,4345042428465.0,1.28443E+11,1.00874E+11,73188280213,1.61,2.22,46.2,48.65,5.7
399006.SZ,2022/6/2,5779424086412.0,4398483843209.0,1.28864E+11,1.01232E+11,73430825396,1.6,2.2,46.68,49.15,5.77
399006.SZ,2022/6/6,5997000259386.0,4575192010587.0,1.28863E+11,1.01283E+11,73481428764,2.06,2.84,48.44,51,5.99
399006.SZ,2022/6/7,6004337260425.0,4577734714971.0,1.28863E+11,1.0128E+11,73490332405,1.72,2.37,48.5,51.07,5.99
399006.SZ,2022/6/8,6050979593237.0,4615899372361.0,1.29014E+11,1.01395E+11,73566088296,1.79,2.46,48.87,51.46,6.04
399006.SZ,2022/6/9,5870128214516.0,4470621237211.0,1.29014E+11,1.01395E+11,73569543207,1.55,2.14,47.41,49.92,5.86
399006.SZ,2022/6/10,6007437216191.0,4574736567194.0,1.29015E+11,1.01396E+11,73572770335,1.72,2.37,48.52,51.09,6.01
399006.SZ,2022/6/13,6109311719725.0,4620065259302.0,1.27014E+11,99129311386,70882734996,1.79,2.51,48.39,50.57,6.14
399006.SZ,2022/6/14,6109130408461.0,4617722080236.0,1.27411E+11,99443281759,71087212508,1.98,2.78,48.39,50.57,6.14
399006.SZ,2022/6/15,6179832818690.0,4671968024914.0,1.27411E+11,99443282683,71087213432,2.65,3.71,48.95,51.16,6.21
399006.SZ,2022/6/16,6209360501646.0,4693529888326.0,1.2741E+11,99443313844,71087244593,2.05,2.87,49.18,51.4,6.24
399006.SZ,2022/6/17,6381537454673.0,4826705856330.0,1.2741E+11,99497133040,71141063789,1.96,2.74,50.55,52.82,6.42
399006.SZ,2022/6/20,6518859751320.0,4943962648210.0,1.27571E+11,99663786819,71285272139,1.89,2.64,51.64,53.96,6.52
399006.SZ,2022/6/21,6475498864212.0,4920158076991.0,1.27571E+11,99665120659,71286605979,1.83,2.56,51.29,53.6,6.48
399006.SZ,2022/6/22,6428775682688.0,4892521915718.0,1.27682E+11,99775983192,71359606320,1.89,2.64,50.92,53.22,6.43
399006.SZ,2022/6/23,6607394086539.0,5041124625976.0,1.27682E+11,99775974792,71359597920,2.01,2.81,52.34,54.69,6.61
399006.SZ,2022/6/24,6776955521623.0,5173705085752.0,1.27683E+11,1.0005E+11,71464404339,1.86,2.61,53.68,56.1,6.78
399006.SZ,2022/6/27,6809400853737.0,5175069809060.0,1.27683E+11,1.0005E+11,71371250400,2.04,2.86,53.94,56.37,6.82
399006.SZ,2022/6/28,6829805112846.0,5190989662513.0,1.27686E+11,99991490203,71315505257,2.05,2.87,54.1,56.54,6.84
399006.SZ,2022/6/29,6673187747617.0,5067839467187.0,1.27686E+11,1.0001E+11,71340613386,2.32,3.25,52.86,55.24,6.69
399006.SZ,2022/6/30,6777663038866.0,5142468943766.0,1.27886E+11,1.00168E+11,71458458901,1.93,2.71,53.69,56.1,6.8
399006.SZ,2022/7/1,6705415281423.0,5086393196694.0,1.27887E+11,1.00436E+11,71726305050,1.76,2.46,53.11,55.51,6.73
399006.SZ,2022/7/4,6898852362821.0,5195246596597.0,1.27996E+11,1.00834E+11,71726453460,1.86,2.62,54.65,57.11,6.62
399006.SZ,2022/7/5,6878791233369.0,5183037543421.0,1.28076E+11,1.00845E+11,72142999107,1.94,2.71,54.49,56.94,6.61
399006.SZ,2022/7/6,6813380488941.0,5137483135109.0,1.28076E+11,1.00845E+11,72143057564,1.73,2.41,53.97,56.4,6.55
399006.SZ,2022/7/7,6906163019377.0,5221139023268.0,1.28156E+11,1.00885E+11,72286600796,1.65,2.31,54.7,57.17,6.64
399006.SZ,2022/7/8,6845825789849.0,5171246745869.0,1.28159E+11,1.00922E+11,72275296485,1.99,2.78,54.23,56.67,6.58
399006.SZ,2022/7/11,6720076458695.0,5075793977744.0,1.29781E+11,1.02257E+11,72959173499,1.56,2.19,53.23,55.63,6.47
399006.SZ,2022/7/12,6559323291933.0,4954554513610.0,1.29781E+11,1.02257E+11,72973442744,1.42,1.99,51.96,54.3,6.31
399006.SZ,2022/7/13,6676252826525.0,5046832943046.0,1.29781E+11,1.02257E+11,72973442744,1.32,1.84,52.88,55.26,6.42
399006.SZ,2022/7/14,6840917789972.0,5183680431716.0,1.29781E+11,1.02257E+11,72973462432,1.48,2.07,54.19,56.63,6.58
399006.SZ,2022/7/15,6702274226905.0,5084371012520.0,1.29912E+11,1.02519E+11,73040638356,1.45,2.03,53.09,55.48,6.46
399006.SZ,2022/7/18,6786234190286.0,5151348136581.0,1.29912E+11,1.02519E+11,73040641936,1.59,2.23,53.75,56.17,6.54
399006.SZ,2022/7/19,6661324685772.0,5050190680788.0,1.29915E+11,1.02519E+11,73040641936,1.44,2.02,52.76,55.14,6.42
399006.SZ,2022/7/20,6700484757239.0,5077051491949.0,1.29915E+11,1.02518E+11,73071929528,1.31,1.84,53.07,55.46,6.45
399006.SZ,2022/7/21,6670571360209.0,5056898668925.0,1.29918E+11,1.0252E+11,73074159728,1.31,1.84,52.84,55.21,6.42
399006.SZ,2022/7/22,6634849357374.0,5035801590790.0,1.29918E+11,1.0252E+11,73074159728,1.35,1.9,52.55,54.92,6.39
399006.SZ,2022/7/25,6559954527519.0,4990540825038.0,1.29921E+11,1.02724E+11,73163521557,1.12,1.58,51.96,54.3,6.32
399006.SZ,2022/7/26,6578378632228.0,5006440583807.0,1.29921E+11,1.02724E+11,73166746557,0.98,1.37,52.11,54.45,6.33
399006.SZ,2022/7/27,6571336326238.0,5001272056956.0,1.29922E+11,1.02911E+11,73358120022,1.17,1.64,52.05,54.3,6.32
399006.SZ,2022/7/28,6542268846182.0,4980711764775.0,1.29922E+11,1.02911E+11,73358110887,1.7,2.38,51.82,54.06,6.29
399006.SZ,2022/7/29,6451981809459.0,4912865319863.0,1.30069E+11,1.02911E+11,73357959535,1.44,2.02,51.11,53.31,6.18
399006.SZ,2022/8/1,6606037027677.0,5036246027789.0,1.30069E+11,1.02911E+11,73370232335,1.52,2.13,52.33,54.58,6.32
399006.SZ,2022/8/2,6472804106755.0,4938180029093.0,1.30158E+11,1.02999E+11,73458364937,1.84,2.59,51.27,53.48,6.19
399006.SZ,2022/8/3,6368012461641.0,4852822648676.0,1.30158E+11,1.02999E+11,73458436275,1.58,2.22,50.44,52.62,6.09
399006.SZ,2022/8/4,6391900468690.0,4873076705368.0,1.30158E+11,1.02999E+11,73458436275,1.23,1.72,50.63,52.82,6.11
399006.SZ,2022/8/5,6505168369198.0,4951447092644.0,1.30158E+11,1.02999E+11,73458151275,1.53,2.15,51.53,52.14,6.21
399006.SZ,2022/8/8,6478404562994.0,4934093142859.0,1.30158E+11,1.03002E+11,73470549950,1.27,1.79,51.31,52,6.18
399006.SZ,2022/8/9,6522900571513.0,4968974206511.0,1.30158E+11,1.03003E+11,73486073549,1.28,1.8,51.67,52.34,6.22
399006.SZ,2022/8/10,6433200854844.0,4902082475558.0,1.30158E+11,1.03007E+11,73489930059,1.31,1.84,50.96,51.67,6.13
399006.SZ,2022/8/11,6577915091893.0,5013761703342.0,1.30158E+11,1.03007E+11,73492548809,2.2,3.09,52.1,52.79,6.27
399006.SZ,2022/8/12,6510117587899.0,4960165468010.0,1.30158E+11,1.03007E+11,73493092826,1.44,2.02,51.57,52.21,6.2
399006.SZ,2022/8/15,6559711651394.0,5009770291673.0,1.30158E+11,1.03006E+11,73308883509,1.37,1.92,51.96,52.51,6.23
399006.SZ,2022/8/16,6585454863060.0,5033836164812.0,1.30158E+11,1.03034E+11,73335285819,1.37,1.93,52.16,52.62,6.26
399006.SZ,2022/8/17,6690457140917.0,5124572374436.0,1.30158E+11,1.03034E+11,73335285819,1.83,2.57,52.99,53.46,6.36
399006.SZ,2022/8/18,6679054097636.0,5123641496826.0,1.30158E+11,1.03033E+11,73334375694,1.74,2.44,52.9,53.26,6.33
399006.SZ,2022/8/19,6573154845590.0,5040251143963.0,1.30158E+11,1.03033E+11,73343162979,1.75,2.46,52.07,52.64,6.23
399006.SZ,2022/8/22,6683866936936.0,5131238897171.0,1.30158E+11,1.03147E+11,73466022637,1.52,2.14,52.94,52.95,6.31
399006.SZ,2022/8/23,6677008678315.0,5097563024356.0,1.30158E+11,1.03084E+11,73419127444,1.39,1.95,52.89,52.64,6.29
399006.SZ,2022/8/24,6441620600415.0,4912270759910.0,1.30159E+11,1.03087E+11,73455569922,1.72,2.41,51.02,49.15,6.01
399006.SZ,2022/8/25,6417371990402.0,4886073944581.0,1.30161E+11,1.03089E+11,73456973241,1.38,1.94,50.83,48.87,5.97
399006.SZ,2022/8/26,6360427684615.0,4838582143743.0,1.30161E+11,1.03091E+11,73466557258,1.28,1.8,50.38,48.15,5.88
399006.SZ,2022/8/29,6332498022600.0,4820047772334.0,1.30161E+11,1.03107E+11,73475834135,1.15,1.61,50.16,47.69,5.83
399006.SZ,2022/8/30,6291771738748.0,4784596237954.0,1.30161E+11,1.03078E+11,73379634807,1.12,1.58,49.84,49.11,5.76
399006.SZ,2022/8/31,6209180349990.0,4715177585981.0,1.30161E+11,1.03078E+11,73379634807,1.45,2.03,49.18,48.62,5.68
399006.SZ,2022/9/1,6122287171573.0,4644903715397.0,1.30161E+11,1.03078E+11,73379800107,1.12,1.57,48.49,47.94,5.6
399006.SZ,2022/9/2,6119535419179.0,4645754652827.0,1.30161E+11,1.03078E+11,73385777857,1.03,1.45,48.47,47.92,5.6
399006.SZ,2022/9/5,6123423053457.0,4652347169082.0,1.30162E+11,1.0308E+11,73402731007,1.01,1.42,48.5,47.95,5.6
399006.SZ,2022/9/6,6120954229094.0,4649401925964.0,1.30162E+11,1.0308E+11,73404256388,1.08,1.51,48.48,47.93,5.6
399006.SZ,2022/9/7,6186392784498.0,4707716369996.0,1.30162E+11,1.0308E+11,73406844692,1.08,1.51,49,48.44,5.66
399006.SZ,2022/9/8,6076697151950.0,4621181502137.0,1.30139E+11,1.03057E+11,73383629116,1.05,1.48,48.13,47.58,5.56
399006.SZ,2022/9/9,6145858702534.0,4672019922403.0,1.30139E+11,1.03057E+11,73383629116,1.09,1.53,48.68,48.13,5.62
399006.SZ,2022/9/13,6151822883786.0,4677418723855.0,1.30139E+11,1.03057E+11,73383692161,0.98,1.38,48.73,48.17,5.63
399006.SZ,2022/9/14,6046601997318.0,4592258725851.0,1.30139E+11,1.03057E+11,73384196830,0.94,1.32,47.89,47.35,5.53
399006.SZ,2022/9/15,5860608494454.0,4444353845253.0,1.30139E+11,1.03057E+11,73386982230,1.29,1.81,46.42,45.89,5.36
399006.SZ,2022/9/16,5732738921294.0,4348677245290.0,1.30139E+11,1.03052E+11,73381641360,1.71,2.4,45.41,44.89,5.25
399006.SZ,2022/9/19,5689043140859.0,4318957706491.0,1.30154E+11,1.0307E+11,73450048589,1.18,1.66,45.06,44.55,5.21
399006.SZ,2022/9/20,5725137493923.0,4345320451608.0,1.3016E+11,1.03081E+11,73460633237,0.95,1.33,45.35,44.83,5.24
399006.SZ,2022/9/21,5634768036050.0,4276182230494.0,1.30254E+11,1.03173E+11,73465083259,1.01,1.42,44.63,44.12,5.16
399006.SZ,2022/9/22,5599094331237.0,4252483456208.0,1.30254E+11,1.03174E+11,73553709664,0.9,1.26,44.35,43.84,5.12
399006.SZ,2022/9/23,5560177054155.0,4221486355515.0,1.30255E+11,1.03174E+11,73553709664,0.96,1.35,44.04,43.54,5.09
399006.SZ,2022/9/26,5617878940772.0,4264862187800.0,1.30255E+11,1.03176E+11,73521340462,1,1.41,44.5,43.99,5.14
399006.SZ,2022/9/27,5755988781044.0,4369443514809.0,1.30257E+11,1.03181E+11,73602904399,1.08,1.52,45.59,45.07,5.27
399006.SZ,2022/9/28,5620525206688.0,4264996262562.0,1.30257E+11,1.03181E+11,73605323889,0.99,1.39,44.52,44.01,5.15
399006.SZ,2022/9/29,5673268636462.0,4304150937433.0,1.30287E+11,1.0318E+11,73616301820,0.96,1.34,44.94,44.43,5.18
399006.SZ,2022/9/30,5572474597065.0,4223584191757.0,1.30288E+11,1.03181E+11,73619432325,0.92,1.29,44.14,43.64,5.09
399006.SZ,2022/10/10,5440331339579.0,4129326969806.0,1.30288E+11,1.0322E+11,73661250093,1.04,1.46,43.09,42.6,4.97
399006.SZ,2022/10/11,5493708147922.0,4178929822276.0,1.30291E+11,1.03223E+11,73666782670,0.92,1.29,43.52,43.02,5.02
399006.SZ,2022/10/12,5671434616110.0,4321920750528.0,1.30292E+11,1.03223E+11,73667096308,1.23,1.73,44.92,44.41,5.18
399006.SZ,2022/10/13,5695633506236.0,4332970621103.0,1.30292E+11,1.03223E+11,73667096308,1.12,1.56,45.11,44.6,5.2
399006.SZ,2022/10/14,5921123934354.0,4506102820033.0,1.30425E+11,1.03223E+11,73667096308,1.63,2.28,46.9,46.37,5.39
399006.SZ,2022/10/17,5917741363353.0,4499361416650.0,1.30425E+11,1.03223E+11,73667096308,1.35,1.89,46.87,46.3,5.39
399006.SZ,2022/10/18,5942990357717.0,4519868988590.0,1.30425E+11,1.03223E+11,73670995323,1.18,1.66,47.07,46.49,5.41
399006.SZ,2022/10/19,5886621672148.0,4485156339690.0,1.30425E+11,1.03223E+11,73670995323,1.11,1.55,46.63,46.05,5.36
399006.SZ,2022/10/20,5836040244191.0,4443513199546.0,1.30425E+11,1.03223E+11,73670995323,1.26,1.77,46.23,45.66,5.31
399006.SZ,2022/10/21,5812698564945.0,4428349448476.0,1.30425E+11,1.03223E+11,73670995323,1.05,1.46,46.04,45.43,5.29
399006.SZ,2022/10/24,5666648236476.0,4321301137175.0,1.30425E+11,1.03223E+11,73736079506,1.44,2.02,44.89,42.18,5.1
399006.SZ,2022/10/25,5611942474243.0,4279731780737.0,1.30425E+11,1.03223E+11,73400204479,1.72,2.42,44.45,41.6,5.03
399006.SZ,2022/10/26,5765176487866.0,4393925865322.0,1.30429E+11,1.03228E+11,73391728304,1.91,2.69,45.67,39.41,5.11
399006.SZ,2022/10/27,5666607198125.0,4324783082981.0,1.3043E+11,1.03229E+11,73397949031,1.95,2.75,44.88,38.29,4.99
399006.SZ,2022/10/28,5465619512620.0,4169453190966.0,1.3043E+11,1.03229E+11,73465455399,1.66,2.33,43.29,36.89,4.75
399006.SZ,2022/10/31,5484494030711.0,4196980274342.0,1.30431E+11,1.0323E+11,73454260045,1.59,2.23,43.44,37.41,4.76
399006.SZ,2022/11/1,5660184013891.0,4324155283564.0,1.30431E+11,1.0323E+11,73459439662,1.91,2.68,44.83,38.61,4.91
399006.SZ,2022/11/2,5752959109165.0,4393075288273.0,1.30431E+11,1.03232E+11,73462101310,2.18,3.07,45.57,39.24,4.99
399006.SZ,2022/11/3,5751176676160.0,4390578035966.0,1.30431E+11,1.03233E+11,73463842959,1.47,2.06,45.55,39.23,4.99
399006.SZ,2022/11/4,5928856708166.0,4521845009401.0,1.30433E+11,1.03236E+11,73467985424,1.98,2.78,46.96,40.44,5.14
399006.SZ,2022/11/7,5938566782565.0,4528643863199.0,1.30433E+11,1.03236E+11,73481909971,1.6,2.25,47.04,40.51,5.15
399006.SZ,2022/11/8,5883749240072.0,4487670626828.0,1.30433E+11,1.03236E+11,73481909971,1.3,1.83,46.6,40.13,5.1
399006.SZ,2022/11/9,5803185704390.0,4422458873214.0,1.30433E+11,1.03236E+11,73489762914,1.12,1.57,45.97,39.58,5.03
399006.SZ,2022/11/10,5702198903433.0,4342092049581.0,1.30436E+11,1.03236E+11,73471716525,1.47,2.07,45.17,38.9,4.94
399006.SZ,2022/11/11,5814637918203.0,4430212002466.0,1.30436E+11,1.03244E+11,73480024255,2.25,3.16,46.06,39.66,5.04
399006.SZ,2022/11/14,5757157099051.0,4385941519387.0,1.3058E+11,1.03388E+11,73480024255,1.77,2.48,45.6,39.27,4.98
399006.SZ,2022/11/15,5884968366171.0,4487209232848.0,1.3058E+11,1.03388E+11,73480906253,1.97,2.77,46.61,40.14,5.09
399006.SZ,2022/11/16,5821143265999.0,4436845998234.0,1.30615E+11,1.03388E+11,73480906253,1.71,2.4,46.11,39.71,5.03
399006.SZ,2022/11/17,5776694167038.0,4401336845485.0,1.30618E+11,1.03391E+11,73493400300,1.46,2.05,45.76,39.4,4.99
399006.SZ,2022/11/18,5792890238537.0,4416433377855.0,1.30618E+11,1.03391E+11,73501872300,1.6,2.25,45.89,39.51,5.01
399006.SZ,2022/11/21,5780275192597.0,4411658070716.0,1.30618E+11,1.03392E+11,73515902722,1.41,1.99,45.79,39.43,5.03
399006.SZ,2022/11/22,5674395300814.0,4331387279998.0,1.30618E+11,1.03392E+11,73515910297,1.36,1.91,44.95,38.71,4.91
399006.SZ,2022/11/23,5662728091403.0,4326892705760.0,1.30621E+11,1.0344E+11,73564111402,1.21,1.7,44.85,38.63,4.9
399006.SZ,2022/11/24,5651919903171.0,4320598801036.0,1.3063E+11,1.03449E+11,73572931777,0.96,1.35,44.77,38.55,4.88
399006.SZ,2022/11/25,5596051032895.0,4278762564150.0,1.30631E+11,1.0345E+11,73574037027,0.92,1.29,44.33,38.17,4.84
399006.SZ,2022/11/28,5571686787751.0,4258125315124.0,1.30631E+11,1.0345E+11,73574037417,1.09,1.53,44.13,38.01,4.82
399006.SZ,2022/11/29,5668393728220.0,4328022975118.0,1.30631E+11,1.03468E+11,73592616523,1.53,2.15,44.9,38.66,4.9
399006.SZ,2022/11/30,5686804332874.0,4342146697731.0,1.30694E+11,1.0347E+11,73594218046,1.28,1.79,45.04,38.79,4.9
399006.SZ,2022/12/1,5790084920595.0,4417057308848.0,1.30693E+11,1.03474E+11,73607774674,1.7,2.4,45.86,39.49,4.99
399006.SZ,2022/12/2,5787787711258.0,4410612595579.0,1.30693E+11,1.03472E+11,73615199617,1.22,1.71,45.84,39.48,4.99
399006.SZ,2022/12/5,5778251406345.0,4400955205754.0,1.30696E+11,1.03479E+11,73622101261,1.7,2.38,45.77,39.41,4.98
399006.SZ,2022/12/6,5836097338275.0,4433156799540.0,1.30827E+11,1.03467E+11,73612198808,1.52,2.14,46.23,39.81,4.99
399006.SZ,2022/12/7,5882251353869.0,4467446950560.0,1.30827E+11,1.03467E+11,73612198808,1.46,2.06,46.59,40.12,5.03
399006.SZ,2022/12/8,5874164930184.0,4462998273605.0,1.30813E+11,1.03453E+11,73633379762,1.25,1.76,46.53,40.07,5.02
399006.SZ,2022/12/9,5894410792673.0,4474288047870.0,1.30821E+11,1.03461E+11,73641266169,1.65,2.31,46.69,40.21,5.04
399006.SZ,2022/12/12,5951941996962.0,4505283570465.0,1.29445E+11,1.01484E+11,72231553805,1.31,1.84,47.12,39.7,5.07
399006.SZ,2022/12/13,5891900316563.0,4453001134977.0,1.29445E+11,1.01486E+11,72233076410,1.27,1.79,46.64,39.3,5.02
399006.SZ,2022/12/14,5883023769816.0,4437050311742.0,1.29445E+11,1.01486E+11,72232942147,1.19,1.68,46.57,39.24,5.01
399006.SZ,2022/12/15,5952632700371.0,4501618351320.0,1.29445E+11,1.01486E+11,72237223147,1.1,1.54,47.13,39.7,5.07
399006.SZ,2022/12/16,5892873375454.0,4456059302062.0,1.29445E+11,1.01501E+11,72268115554,1,1.41,46.65,39.3,5.02
399006.SZ,2022/12/19,5825634788900.0,4407933655883.0,1.29446E+11,1.01502E+11,72273557230,1.17,1.65,46.12,38.86,4.96
399006.SZ,2022/12/20,5732324302684.0,4341395182119.0,1.29446E+11,1.01513E+11,72284575649,0.88,1.24,45.38,38.23,4.88
399006.SZ,2022/12/21,5717880398784.0,4328142502627.0,1.29446E+11,1.01556E+11,72331959231,0.84,1.19,45.27,38.14,4.87
399006.SZ,2022/12/22,5714149156922.0,4313526627491.0,1.29446E+11,1.01556E+11,72333198558,1.01,1.42,45.24,38.11,4.87
399006.SZ,2022/12/23,5697784351506.0,4300849797932.0,1.29451E+11,1.01561E+11,72337954913,0.87,1.22,45.11,38,4.85
399006.SZ,2022/12/26,5792054694803.0,4380713725257.0,1.29451E+11,1.01561E+11,72349140842,0.94,1.32,45.85,38.63,4.93
399006.SZ,2022/12/27,5871209174903.0,4428393812990.0,1.29503E+11,1.01561E+11,72349140842,1.06,1.48,46.48,39.16,4.99
399006.SZ,2022/12/28,5817765471682.0,4391504347322.0,1.29503E+11,1.01561E+11,72349140842,0.93,1.3,46.06,38.8,4.94
399006.SZ,2022/12/29,5841130660795.0,4412263247397.0,1.29503E+11,1.01561E+11,72357760842,0.89,1.24,46.24,38.96,4.96
399006.SZ,2022/12/30,5833566209088.0,4404766524207.0,1.29504E+11,1.01561E+11,72358133520,0.86,1.2,46.18,38.91,4.96
399006.SZ,2023/1/3,5853187799344.0,4419782973905.0,1.29504E+11,1.01561E+11,72363104979,1.28,1.79,46.34,39.04,4.97
399006.SZ,2023/1/4,5809543550061.0,4428526555443.0,1.29504E+11,1.01699E+11,72501218721,1.15,1.62,45.99,38.75,4.94
399006.SZ,2023/1/5,5968188494222.0,4547951957007.0,1.29504E+11,1.01699E+11,72501219702,1.54,2.16,47.25,39.81,5.07
399006.SZ,2023/1/6,6018552677001.0,4586388773523.0,1.29504E+11,1.017E+11,72501623306,1.33,1.87,47.65,40.14,5.11
399006.SZ,2023/1/9,6063434910704.0,4616242489243.0,1.29504E+11,1.01703E+11,72505159336,1.35,1.9,48,40.44,5.15
399006.SZ,2023/1/10,6153381752499.0,4688522712714.0,1.29504E+11,1.01703E+11,72517125856,1.27,1.79,48.72,41.04,5.23
399006.SZ,2023/1/11,6084456256035.0,4634146880099.0,1.29504E+11,1.01718E+11,72532041556,1.24,1.73,48.17,40.58,5.17
399006.SZ,2023/1/12,6112547695813.0,4656963665325.0,1.29504E+11,1.01719E+11,72534776536,1.05,1.48,48.39,40.76,5.19
399006.SZ,2023/1/13,6208109991954.0,4722398832027.0,1.29624E+11,1.01719E+11,72534776536,1.25,1.75,49.15,41.4,5.26
399006.SZ,2023/1/16,6321199811240.0,4809988161792.0,1.29624E+11,1.01721E+11,72537251184,1.82,2.56,50.04,42.15,5.36
399006.SZ,2023/1/17,6333900546068.0,4821794023205.0,1.29674E+11,1.01737E+11,72572114626,1.12,1.57,50.14,42.23,5.36
399006.SZ,2023/1/18,6329650454174.0,4820100377607.0,1.29674E+11,1.01734E+11,72591632598,0.98,1.38,50.11,42.21,5.36
399006.SZ,2023/1/19,6390429028785.0,4869614008552.0,1.29674E+11,1.01734E+11,72574990261,1.14,1.6,50.59,42.61,5.41
399006.SZ,2023/1/20,6417353864135.0,4895122202023.0,1.29674E+11,1.01738E+11,72578921235,1.14,1.6,50.8,42.82,5.43
399006.SZ,2023/1/30,6488027311483.0,4962113813220.0,1.29674E+11,1.01885E+11,72756902720,1.99,2.79,51.36,43.3,5.49
399006.SZ,2023/1/31,6399409498575.0,4897013282406.0,1.29674E+11,1.01885E+11,72759782720,1.44,2.01,50.66,42.7,5.42
399006.SZ,2023/2/1,6475055977950.0,4957235376592.0,1.29674E+11,1.01885E+11,72759939645,1.52,2.13,51.26,43.21,5.48
399006.SZ,2023/2/2,6454538557892.0,4935423733729.0,1.29674E+11,1.01885E+11,72770081528,1.55,2.18,51.1,43.07,5.46
399006.SZ,2023/2/3,6396212513972.0,4891737351366.0,1.29675E+11,1.01886E+11,72771128293,1.26,1.76,50.64,42.68,5.41
399006.SZ,2023/2/6,6306764575070.0,4820772405535.0,1.29679E+11,1.0189E+11,72774579343,1.38,1.93,49.93,42.09,5.34
399006.SZ,2023/2/7,6296663203993.0,4810880110131.0,1.29679E+11,1.0189E+11,72774579343,1.25,1.75,49.85,42.02,5.33
399006.SZ,2023/2/8,6269277442430.0,4790324860378.0,1.29679E+11,1.0189E+11,72791675736,1.17,1.64,49.63,41.84,5.31
399006.SZ,2023/2/9,6374310659898.0,4874587827737.0,1.29679E+11,1.0189E+11,72751970736,1.42,1.98,50.46,42.54,5.39
399006.SZ,2023/2/10,6322442640085.0,4828771742998.0,1.29698E+11,1.0189E+11,72754544484,1.33,1.87,50.05,42.19,5.34
399006.SZ,2023/2/13,6407922415142.0,4881953504368.0,1.29947E+11,1.0189E+11,72754544484,1.43,2,50.73,42.76,5.39
399006.SZ,2023/2/14,6387275496591.0,4867649252677.0,1.29947E+11,1.0189E+11,72754544484,1.24,1.73,50.57,42.62,5.37
399006.SZ,2023/2/15,6344479391925.0,4838315050388.0,1.29947E+11,1.01894E+11,72758669484,1.44,2.02,50.23,42.34,5.33
399006.SZ,2023/2/16,6259056247193.0,4773074388055.0,1.29947E+11,1.01897E+11,72761114132,1.74,2.44,49.55,41.77,5.26
399006.SZ,2023/2/17,6111797773667.0,4651631425601.0,1.29952E+11,1.01904E+11,72777066195,1.38,1.93,48.39,40.79,5.14
399006.SZ,2023/2/20,6191359830891.0,4706671704057.0,1.29957E+11,1.01908E+11,72785632245,1.38,1.94,49.02,41.32,5.2
399006.SZ,2023/2/21,6155607147568.0,4679088693731.0,1.29957E+11,1.01908E+11,72801464238,1.16,1.63,48.73,38.94,5.15
399006.SZ,2023/2/22,6116931871913.0,4641677668115.0,1.29957E+11,1.01908E+11,72801584113,1,1.41,48.43,38.64,5.12
399006.SZ,2023/2/23,6124000416012.0,4651946517706.0,1.29957E+11,1.01908E+11,72802584113,1.15,1.61,48.48,38.69,5.12
399006.SZ,2023/2/24,6053709672538.0,4600313440753.0,1.29959E+11,1.0191E+11,72815982653,1.15,1.6,47.93,38.24,5.07
399006.SZ,2023/2/27,6004505981679.0,4562945246505.0,1.29965E+11,1.01916E+11,72825963844,1.02,1.42,47.54,38.06,5.02
399006.SZ,2023/2/28,6053240521333.0,4598014250504.0,1.29965E+11,1.01916E+11,72826510937,1.06,1.48,47.96,37.67,5.05
399006.SZ,2023/3/1,6092916761726.0,4629432390387.0,1.29965E+11,1.01916E+11,72873747257,1.35,1.88,48.27,37.66,5.08
399006.SZ,2023/3/2,6026349957491.0,4575466865044.0,1.29966E+11,1.01917E+11,72875798107,1.26,1.76,47.75,37.22,5.02
399006.SZ,2023/3/3,6033341576291.0,4584473318538.0,1.29967E+11,1.01918E+11,72877061743,1.09,1.52,47.8,37.27,5.03
399006.SZ,2023/3/6,6054618226317.0,4603234127312.0,1.29967E+11,1.01918E+11,72877430815,1.25,1.75,47.97,37.4,5.04
399006.SZ,2023/3/7,5936184417958.0,4516174695420.0,1.29967E+11,1.01918E+11,72877448059,1.28,1.79,47.03,36.67,4.94
399006.SZ,2023/3/8,5921243667864.0,4503041657988.0,1.29967E+11,1.01918E+11,72877448059,0.97,1.36,46.91,36.57,4.93
399006.SZ,2023/3/9,5905965358703.0,4493278440133.0,1.29967E+11,1.01917E+11,72876718780,1.05,1.46,46.68,36.48,4.92
399006.SZ,2023/3/10,5902536327801.0,4522954757386.0,1.29967E+11,1.01982E+11,72941443993,1.14,1.59,41.77,35.37,4.86
399006.SZ,2023/3/13,5869802505570.0,4492266410478.0,1.29967E+11,1.01982E+11,72941447243,1.2,1.68,41.54,35.1,4.83
399006.SZ,2023/3/14,5829576799838.0,4464296193352.0,1.29967E+11,1.01982E+11,72941447243,1.31,1.83,41.25,34.86,4.79
399006.SZ,2023/3/15,5814350743532.0,4452488547040.0,1.29967E+11,1.01982E+11,72941447243,1.11,1.55,41.14,34.58,4.78
399006.SZ,2023/3/16,5739804975730.0,4396823785624.0,1.29967E+11,1.01982E+11,72941447243,1.31,1.83,40.62,34.14,4.71
399006.SZ,2023/3/17,5719758173953.0,4370195564026.0,1.2997E+11,1.01988E+11,72947390461,1.62,2.26,40.47,34.02,4.7
399006.SZ,2023/3/20,5713813251033.0,4369298254684.0,1.29971E+11,1.01988E+11,72947575101,1.72,2.4,40.55,34.11,4.69
399006.SZ,2023/3/21,5830172117055.0,4472653227066.0,1.29971E+11,1.02771E+11,72958296126,1.46,2.06,42.18,34.77,4.77
399006.SZ,2023/3/22,5845522435823.0,4488126378940.0,1.29971E+11,1.02775E+11,72961945517,2.06,2.91,42.29,34.86,4.79
399006.SZ,2023/3/23,5895512499664.0,4525200595087.0,1.29971E+11,1.02775E+11,72962402671,1.8,2.54,42.65,35.16,4.83
399006.SZ,2023/3/24,5909648689156.0,4533661786376.0,1.29967E+11,1.02805E+11,72992098518,1.89,2.67,43.1,35.25,4.84
399006.SZ,2023/3/27,5972478445307.0,4583665403917.0,1.29967E+11,1.02805E+11,72992015013,2.15,3.03,42.87,35.62,4.89
399006.SZ,2023/3/28,5906561421348.0,4529809017281.0,1.29967E+11,1.02792E+11,72941447090,1.7,2.4,42.06,35.15,4.84
399006.SZ,2023/3/29,5910446774654.0,4542179556026.0,1.29967E+11,1.02861E+11,72979679105,1.58,2.22,40.83,35.21,4.83
399006.SZ,2023/3/30,5943445130830.0,4566869275840.0,1.29968E+11,1.0286E+11,72977682805,1.36,1.91,40.91,35.37,4.86
399006.SZ,2023/3/31,5980665577920.0,4596571220070.0,1.2998E+11,1.02869E+11,72906024466,1.71,2.41,41.04,35.87,4.88
399006.SZ,2023/4/3,6055610120222.0,4653561687730.0,1.2998E+11,1.02869E+11,73016175240,2.96,4.17,41.19,36.31,4.95
399006.SZ,2023/4/4,6007194176086.0,4618591023512.0,1.29981E+11,1.02907E+11,73046272327,2.56,3.61,40.95,36.08,4.92
399006.SZ,2023/4/6,6013595086306.0,4630053148741.0,1.29981E+11,1.02912E+11,72986679874,2.11,2.97,41,36.11,4.93
399006.SZ,2023/4/7,6066729465363.0,4670922975007.0,1.29981E+11,1.02914E+11,73170107848,1.87,2.63,41.23,36.36,4.97
399006.SZ,2023/4/10,6063850067085.0,4674207687788.0,1.29981E+11,1.02914E+11,73170427398,2.17,3.05,40.92,36.39,4.97
399006.SZ,2023/4/11,6053784541481.0,4667008745367.0,1.29981E+11,1.02915E+11,73170958450,1.87,2.63,40.91,36.32,4.95
399006.SZ,2023/4/12,6025387261953.0,4648933123512.0,1.29981E+11,1.02915E+11,73170958450,2,2.82,40.72,36.15,4.93
399006.SZ,2023/4/13,5974083321699.0,4609483855662.0,1.29991E+11,1.02924E+11,73180638494,1.89,2.65,40.3,36.05,4.87
399006.SZ,2023/4/14,6026333923707.0,4654181536207.0,1.29999E+11,1.02924E+11,73180638494,1.79,2.52,40.67,36.25,4.91
399006.SZ,2023/4/17,6041984397621.0,4666547305238.0,1.29998E+11,1.02969E+11,73188038330,1.73,2.44,40.82,36.23,4.92
399006.SZ,2023/4/18,6038397654703.0,4669173649885.0,1.32669E+11,1.05349E+11,75436092678,1.78,2.49,40.71,36.24,4.91
399006.SZ,2023/4/19,6004356044709.0,4645296910280.0,1.32669E+11,1.05349E+11,75583981608,1.69,2.35,40.51,36.07,4.88
399006.SZ,2023/4/20,5921036301253.0,4579912967712.0,1.32669E+11,1.05349E+11,75583981608,1.8,2.51,39.92,35.54,4.8
399006.SZ,2023/4/21,5811137025352.0,4494372619059.0,1.32669E+11,1.05347E+11,75562396608,2,2.78,39.05,33.2,4.62
399006.SZ,2023/4/24,5720946976033.0,4425632268180.0,1.3267E+11,1.0536E+11,75481194017,2,2.8,38.86,33.2,4.54
399006.SZ,2023/4/25,5626105842547.0,4343408190207.0,1.32672E+11,1.05365E+11,75547646351,2.15,3,37.21,32.36,4.44
399006.SZ,2023/4/26,5702725309086.0,4410653969639.0,1.34626E+11,1.07087E+11,76621593724,2.1,2.93,33.09,32.45,4.5
399006.SZ,2023/4/27,5752944716781.0,4446185984896.0,1.34626E+11,1.07087E+11,76637939332,1.81,2.52,33.33,32.97,4.52
399006.SZ,2023/4/28,5795164411321.0,4480412718571.0,1.34626E+11,1.07087E+11,76780409106,1.82,2.54,34.83,33.56,4.53
399006.SZ,2023/5/4,5734928152880.0,4431762592011.0,1.34639E+11,1.071E+11,76725197362,1.68,2.34,34.47,33.07,4.47
399006.SZ,2023/5/5,5664254542416.0,4379465188492.0,1.34831E+11,1.07225E+11,76865116694,1.6,2.23,34.04,32.67,4.42
399006.SZ,2023/5/8,5671851564863.0,4385966148702.0,1.34831E+11,1.07227E+11,76880736273,1.62,2.25,34.09,32.71,4.43
399006.SZ,2023/5/9,5599563008409.0,4331837928065.0,1.34831E+11,1.07227E+11,76880718145,2.03,2.84,33.65,32.29,4.37
399006.SZ,2023/5/10,5643089823823.0,4369150500994.0,1.34831E+11,1.07227E+11,76880718145,1.62,2.26,33.91,32.54,4.41
399006.SZ,2023/5/11,5679887563219.0,4400916638470.0,1.35143E+11,1.07532E+11,77070439703,1.47,2.05,34.13,32.76,4.44
399006.SZ,2023/5/12,5622467202349.0,4381876462537.0,1.3524E+11,1.08077E+11,77097121509,1.38,1.93,33.79,32.42,4.4
399006.SZ,2023/5/15,5729930719083.0,4467556663437.0,1.35241E+11,1.08079E+11,77099525319,1.6,2.24,34.44,33.04,4.48
399006.SZ,2023/5/16,5717159158979.0,4459237578193.0,1.35241E+11,1.08081E+11,77101463888,1.41,1.97,34.36,32.97,4.48
399006.SZ,2023/5/17,5710922577692.0,4458426220909.0,1.3524E+11,1.08083E+11,77103295300,1.17,1.63,34.32,32.93,4.47
399006.SZ,2023/5/18,5670253995476.0,4426640540150.0,1.35243E+11,1.08087E+11,77107367751,1.3,1.82,34.08,32.7,4.44
399006.SZ,2023/5/19,5676403617239.0,4429595711747.0,1.35248E+11,1.08092E+11,77112593790,1.2,1.68,34.11,32.74,4.45
399006.SZ,2023/5/22,5683296893886.0,4433859256641.0,1.35248E+11,1.08097E+11,77050183794,1.04,1.46,34.16,32.78,4.45
399006.SZ,2023/5/23,5615425448588.0,4379731307572.0,1.35248E+11,1.08097E+11,77049891027,1,1.41,33.75,32.38,4.4
399006.SZ,2023/5/24,5589252319202.0,4366816241039.0,1.35248E+11,1.08097E+11,77049891027,1.08,1.52,33.59,32.23,4.39
399006.SZ,2023/5/25,5583164209177.0,4365164035532.0,1.35352E+11,1.08169E+11,77102081408,1.3,1.82,33.55,32.2,4.38
399006.SZ,2023/5/26,5550566204709.0,4340135787072.0,1.35356E+11,1.08172E+11,77110327217,1.07,1.51,33.36,32.01,4.36
399006.SZ,2023/5/29,5487467681686.0,4289834422368.0,1.35362E+11,1.08177E+11,77114692967,1.4,1.96,32.98,31.65,4.33
399006.SZ,2023/5/30,5521189312975.0,4313785370307.0,1.35361E+11,1.08097E+11,77115079647,1.51,2.12,33.18,31.84,4.36
399006.SZ,2023/5/31,5458113674282.0,4262797356069.0,1.35466E+11,1.08191E+11,77113930215,1.35,1.89,32.8,31.48,4.31
399006.SZ,2023/6/1,5497341807458.0,4291165710108.0,1.35466E+11,1.08252E+11,77170248006,1.43,2.01,33.04,31.7,4.34
399006.SZ,2023/6/2,5563243708968.0,4344382709088.0,1.35995E+11,1.08511E+11,77374102155,1.33,1.87,33.43,32.08,4.4
399006.SZ,2023/6/5,5491590017528.0,4283268727413.0,1.35996E+11,1.08513E+11,77374102155,1.21,1.7,33,31.67,4.35
399006.SZ,2023/6/6,5398922896429.0,4210797444800.0,1.35984E+11,1.08502E+11,77380212715,1.29,1.81,32.45,31.14,4.28
399006.SZ,2023/6/7,5310430667489.0,4136461478257.0,1.36052E+11,1.0854E+11,77404218199,1.22,1.71,31.91,30.62,4.21
399006.SZ,2023/6/8,5292343752142.0,4120061930215.0,1.38205E+11,1.10322E+11,78317422005,1.31,1.85,31.81,30.52,4.2
399006.SZ,2023/6/9,5347749285326.0,4165584700315.0,1.38205E+11,1.10322E+11,78317666494,1.67,2.35,32.14,30.84,4.24
399006.SZ,2023/6/12,5537855657803.0,4205491332948.0,1.37184E+11,1.07805E+11,77215552477,1.34,1.87,33.48,31.83,4.42
399006.SZ,2023/6/13,5579572789666.0,4236176786082.0,1.37184E+11,1.07806E+11,77237303433,1.29,1.79,33.73,32.07,4.46
399006.SZ,2023/6/14,5574580229406.0,4228224873046.0,1.37184E+11,1.07806E+11,77237845197,1.32,1.84,33.7,32.04,4.45
399006.SZ,2023/6/15,5746904195323.0,4374563300112.0,1.37286E+11,1.07868E+11,77286043159,1.78,2.48,34.74,33.03,4.59
399006.SZ,2023/6/16,5817236865675.0,4432906815604.0,1.38194E+11,1.08446E+11,77787593282,1.64,2.29,35.17,33.43,4.65
399006.SZ,2023/6/19,5805870913987.0,4420457328290.0,1.38195E+11,1.08447E+11,77788874282,1.53,2.13,35.1,33.37,4.64
399006.SZ,2023/6/20,5814200887998.0,4431451313361.0,1.38513E+11,1.08636E+11,77923157722,1.46,2.03,35.15,33.41,4.65
399006.SZ,2023/6/21,5662799257191.0,4317978928522.0,1.38517E+11,1.08747E+11,78011432249,1.57,2.19,34.23,32.54,4.53
399006.SZ,2023/6/26,5592822620090.0,4269633638410.0,1.38684E+11,1.08848E+11,78089892134,1.45,2.02,33.81,32.14,4.48
399006.SZ,2023/6/27,5608566172590.0,4279214533393.0,1.38684E+11,1.08916E+11,78159707665,1.04,1.45,33.9,32.23,4.49
399006.SZ,2023/6/28,5585932823237.0,4265617601945.0,1.38684E+11,1.09386E+11,78160358798,1.23,1.72,33.77,32.1,4.47
399006.SZ,2023/6/29,5575994354239.0,4258604610615.0,1.38684E+11,1.09385E+11,78160358798,1.17,1.64,33.71,32.05,4.47
399006.SZ,2023/6/30,5663140561816.0,4324798970727.0,1.38684E+11,1.09389E+11,78163167568,1.3,1.82,34.23,32.55,4.54
399006.SZ,2023/7/3,5700325130531.0,4349826865001.0,1.38684E+11,1.09389E+11,78138571948,1.33,1.87,34.46,32.76,4.57
399006.SZ,2023/7/4,5711833160597.0,4358673660396.0,1.38974E+11,1.09658E+11,78302907370,1.43,2,34.53,32.83,4.58
399006.SZ,2023/7/5,5658941805534.0,4320629228531.0,1.38974E+11,1.09659E+11,78301314714,1.2,1.68,34.21,32.52,4.54
399006.SZ,2023/7/6,5607706581184.0,4281327167571.0,1.38977E+11,1.09662E+11,78311467208,1.13,1.59,33.9,32.23,4.5
399006.SZ,2023/7/7,5547966581215.0,4234063558028.0,1.38977E+11,1.09662E+11,78314297304,1.04,1.46,33.54,31.88,4.45
399006.SZ,2023/7/10,5622485451420.0,4298238567894.0,1.38992E+11,1.09824E+11,78486299808,1.18,1.64,33.99,32.31,4.51
399006.SZ,2023/7/11,5667308514429.0,4331271173312.0,1.38992E+11,1.09824E+11,78486799808,0.92,1.29,34.26,32.57,4.55
399006.SZ,2023/7/12,5620405440791.0,4293776282749.0,1.39496E+11,1.10248E+11,78730816066,1.15,1.61,33.98,32.3,4.51
399006.SZ,2023/7/13,5724033914107.0,4376651342653.0,1.39496E+11,1.10401E+11,78850816066,1.47,2.06,34.6,32.9,4.59
399006.SZ,2023/7/14,5690104838138.0,4352107977521.0,1.39496E+11,1.1041E+11,78859777101,1.21,1.69,34.4,32.7,4.57
399006.SZ,2023/7/17,5646363313868.0,4321053071964.0,1.39496E+11,1.10459E+11,78919296438,0.98,1.37,34.13,32.45,4.53
399006.SZ,2023/7/18,5627071900494.0,4306360249207.0,1.39496E+11,1.1046E+11,78919168427,0.88,1.23,34.02,32.34,4.52
399006.SZ,2023/7/19,5572066393917.0,4259770121081.0,1.39497E+11,1.10467E+11,78951207151,0.81,1.14,33.68,32.02,4.47
399006.SZ,2023/7/20,5520226303260.0,4224401786805.0,1.39497E+11,1.10466E+11,78984677048,1.01,1.41,33.37,31.72,4.43
399006.SZ,2023/7/21,5541361622864.0,4239445176399.0,1.39504E+11,1.10466E+11,78986384648,1.04,1.46,33.5,31.85,4.45
399006.SZ,2023/7/24,5503145475859.0,4208097566999.0,1.39596E+11,1.10466E+11,78996855780,0.85,1.19,33.27,31.63,4.42
399006.SZ,2023/7/25,5622175083145.0,4298906012552.0,1.39599E+11,1.10559E+11,79092072351,1.7,2.37,33.99,32.31,4.51
399006.SZ,2023/7/26,5620821591586.0,4296853674345.0,1.39599E+11,1.10562E+11,79094314852,1.14,1.59,33.98,31.54,4.55
399006.SZ,2023/7/27,5604575673748.0,4286368806445.0,1.40195E+11,1.11149E+11,79431399641,1.03,1.44,33.88,31.45,4.54
399006.SZ,2023/7/28,5692065281454.0,4353005776224.0,1.40199E+11,1.11149E+11,79429096341,1.86,2.6,34.41,31.93,4.61
399006.SZ,2023/7/31,5724399798075.0,4398405092122.0,1.40199E+11,1.11332E+11,79475830549,2.01,2.81,34.6,32.12,4.63
399006.SZ,2023/8/1,5692437916084.0,4374763435104.0,1.40199E+11,1.11332E+11,79475830549,1.4,1.97,34.41,31.94,4.61
399006.SZ,2023/8/2,5677240209980.0,4366011959529.0,1.40199E+11,1.11333E+11,79477645749,1.28,1.79,34.32,31.86,4.6
399006.SZ,2023/8/3,5730499903088.0,4406843197410.0,1.40199E+11,1.11333E+11,79477663044,1.39,1.95,34.64,32.14,4.63
399006.SZ,2023/8/4,5774440029765.0,4444123997432.0,1.40199E+11,1.11333E+11,79479540144,2.01,2.82,34.91,32.39,4.67
399006.SZ,2023/8/7,5710460791166.0,4403546802371.0,1.40199E+11,1.11461E+11,79551341820,1.47,2.06,34.52,32.01,4.62
399006.SZ,2023/8/8,5682360504870.0,4382221452683.0,1.40199E+11,1.11461E+11,79551833253,1.28,1.8,34.35,31.85,4.59
399006.SZ,2023/8/9,5683758101250.0,4382769990750.0,1.40199E+11,1.11461E+11,79555365191,1.14,1.6,34.36,31.86,4.59
399006.SZ,2023/8/10,5705591803700.0,4401939816843.0,1.40199E+11,1.11479E+11,79576909189,1.11,1.55,34.49,31.98,4.61
399006.SZ,2023/8/11,5576718982071.0,4303077541231.0,1.40199E+11,1.11479E+11,79558307989,1.36,1.91,33.71,31.25,4.51
399006.SZ,2023/8/14,5510238876133.0,4266027913238.0,1.40199E+11,1.11713E+11,79786595830,1.22,1.71,33.31,31.24,4.44
399006.SZ,2023/8/15,5462180300917.0,4231881231665.0,1.40199E+11,1.11714E+11,79793428601,1.32,1.85,33.02,30.98,4.4
399006.SZ,2023/8/16,5424684222091.0,4203257374526.0,1.402E+11,1.11706E+11,79795722076,1.12,1.57,32.79,30.8,4.37
399006.SZ,2023/8/17,5460415571993.0,4232403553876.0,1.402E+11,1.11712E+11,79801362233,1.13,1.58,33.01,31,4.4
399006.SZ,2023/8/18,5387998637145.0,4179155585044.0,1.402E+11,1.11712E+11,79795721753,1.12,1.57,32.57,30.59,4.34
399006.SZ,2023/8/21,5308896233060.0,4118479949813.0,1.40201E+11,1.11713E+11,79809435005,1.18,1.65,32.09,30.28,4.27
399006.SZ,2023/8/22,5310631942896.0,4121177574236.0,1.40201E+11,1.11713E+11,79810014804,1.26,1.76,32.1,30.19,4.26
399006.SZ,2023/8/23,5191558615674.0,4029658979036.0,1.40203E+11,1.11713E+11,79783300099,0.96,1.35,31.38,29.51,4.16
399006.SZ,2023/8/24,5261963696211.0,4086713143760.0,1.40203E+11,1.11835E+11,79783300100,1.26,1.77,31.81,29.96,4.22
399006.SZ,2023/8/25,5202175061664.0,4044930061667.0,1.40203E+11,1.11966E+11,79624145517,1.31,1.84,31.45,29.11,4.14
399006.SZ,2023/8/28,5250189018288.0,4086421270560.0,1.40203E+11,1.12026E+11,79887646200,2.59,3.63,31.74,29.25,4.15
399006.SZ,2023/8/29,5393601856565.0,4196986279942.0,1.40203E+11,1.12048E+11,79926785309,1.99,2.79,32.61,29.96,4.24
399006.SZ,2023/8/30,5396690740744.0,4196539718745.0,1.40203E+11,1.12061E+11,79939330735,1.47,2.07,32.62,29.87,4.23
399006.SZ,2023/8/31,5362544429373.0,4168458068683.0,1.40203E+11,1.11993E+11,79951882100,1.11,1.56,32.42,30.72,4.2
399006.SZ,2023/9/1,5359043296030.0,4164310862912.0,1.40203E+11,1.11993E+11,79762152060,0.91,1.28,32.4,30.7,4.19
399006.SZ,2023/9/4,5407604017970.0,4198881109410.0,1.40203E+11,1.11993E+11,79762153699,1.09,1.53,32.69,30.98,4.23
399006.SZ,2023/9/5,5391929121619.0,4185409597803.0,1.40223E+11,1.11993E+11,79762153699,1.08,1.52,32.6,30.89,4.22
399006.SZ,2023/9/6,5368682748113.0,4166828471784.0,1.40223E+11,1.12012E+11,79781539699,1.13,1.58,32.45,30.75,4.2
399006.SZ,2023/9/7,5255622049475.0,4075953063049.0,1.40223E+11,1.12012E+11,79781540065,1.12,1.58,31.77,30.11,4.11
399006.SZ,2023/9/8,5239207853082.0,4062961620451.0,1.40222E+11,1.1201E+11,79779444955,0.96,1.35,31.67,30.01,4.1
399006.SZ,2023/9/11,5279619564222.0,4092724516603.0,1.40226E+11,1.12014E+11,79783364680,1.26,1.77,31.92,30.24,4.13
399006.SZ,2023/9/12,5244700558588.0,4065239416435.0,1.40228E+11,1.12014E+11,79783364680,0.9,1.26,31.71,30.04,4.1
399006.SZ,2023/9/13,5187770476411.0,4020662724827.0,1.40228E+11,1.12015E+11,79784983310,0.91,1.28,31.36,29.72,4.06
399006.SZ,2023/9/14,5149240874359.0,3992628315240.0,1.40228E+11,1.12015E+11,79784983310,0.84,1.19,31.13,29.5,4.03
399006.SZ,2023/9/15,5135828458556.0,3979616475823.0,1.40229E+11,1.12016E+11,79785914262,0.99,1.4,31.05,29.42,4.02
399006.SZ,2023/9/18,5179547215456.0,4015692880250.0,1.40229E+11,1.12016E+11,79785914262,1.03,1.44,31.31,29.67,4.05
399006.SZ,2023/9/19,5133869797116.0,3982910315520.0,1.40229E+11,1.12022E+11,79791777042,0.89,1.25,31.04,29.41,4.02
399006.SZ,2023/9/20,5092788652300.0,3950725996599.0,1.4023E+11,1.12119E+11,79896118689,0.79,1.1,30.79,29.17,3.98
399006.SZ,2023/9/21,5044449537016.0,3912830494226.0,1.40288E+11,1.12119E+11,79896118689,0.86,1.2,30.49,28.9,3.94
399006.SZ,2023/9/22,5154687311611.0,3999737964638.0,1.40288E+11,1.1212E+11,79896802424,1.36,1.91,31.16,29.53,4.02
399006.SZ,2023/9/25,5138034977423.0,3988533842576.0,1.40288E+11,1.12133E+11,79900125501,1.2,1.69,31.06,29.43,4.01
399006.SZ,2023/9/26,5095911872422.0,3954914918119.0,1.40288E+11,1.12133E+11,79900125501,0.99,1.38,30.81,29.19,3.98
399006.SZ,2023/9/27,5134886770433.0,3983406796077.0,1.40288E+11,1.12133E+11,79900125501,1.14,1.59,31.04,29.42,4.01
399006.SZ,2023/9/28,5127650094759.0,3980222516072.0,1.40288E+11,1.12154E+11,79916166151,1.13,1.59,31,29.37,4.01
399006.SZ,2023/10/9,5121928527660.0,3963996829364.0,1.40288E+11,1.12056E+11,80108875129,1.57,2.19,30.96,29.34,4
399006.SZ,2023/10/10,5097917975091.0,3968627657023.0,1.40288E+11,1.12178E+11,80139148444,1.23,1.72,30.82,29.2,3.98
399006.SZ,2023/10/11,5137538328541.0,4001621336774.0,1.40292E+11,1.12182E+11,80143140086,1.54,2.16,31.06,29.43,4.01
399006.SZ,2023/10/12,5176884455102.0,4031781261318.0,1.40292E+11,1.12182E+11,80143140086,1.45,2.03,31.3,29.66,4.04
399006.SZ,2023/10/13,5120230944436.0,3992494418381.0,1.40301E+11,1.12254E+11,80143140086,1.59,2.23,30.95,29.33,4
399006.SZ,2023/10/16,5021749838601.0,3912364281434.0,1.40301E+11,1.12254E+11,80143140086,1.33,1.87,30.36,28.77,3.92
399006.SZ,2023/10/17,5033607906966.0,3919929916249.0,1.4031E+11,1.12254E+11,80144683287,1.22,1.7,30.43,28.82,3.93
399006.SZ,2023/10/18,4973989580289.0,3874452802394.0,1.4031E+11,1.12254E+11,80144683286,1.17,1.64,30.07,28.48,3.88
399006.SZ,2023/10/19,4910839514650.0,3823381333364.0,1.4031E+11,1.12254E+11,80144683286,1.22,1.71,29.69,28.12,3.83
399006.SZ,2023/10/20,4863986558502.0,3787015195855.0,1.4031E+11,1.12254E+11,80394455642,1.17,1.63,29.4,27.69,3.77
399006.SZ,2023/10/23,4778726990335.0,3725621224702.0,1.4031E+11,1.12254E+11,80422428138,1.22,1.7,28.89,27.19,3.7
399006.SZ,2023/10/24,4818191105373.0,3752585891065.0,1.4031E+11,1.12254E+11,80475082940,1.5,2.09,29.13,27.37,3.72
399006.SZ,2023/10/25,4776742226943.0,3719527538848.0,1.4031E+11,1.12254E+11,80503369255,1.51,2.11,28.88,27.08,3.67
399006.SZ,2023/10/26,4806330542442.0,3746022006706.0,1.4031E+11,1.12255E+11,80202890556,1.82,2.54,29.06,27.8,3.67
399006.SZ,2023/10/27,4957029057688.0,3855763835028.0,1.40311E+11,1.12256E+11,80354564176,1.98,2.77,29.97,28.48,3.76
399006.SZ,2023/10/30,5076497962509.0,3957351687364.0,1.40311E+11,1.12256E+11,80407977292,1.96,2.74,30.69,28.98,3.83
399006.SZ,2023/10/31,5058061762587.0,3941049182707.0,1.40327E+11,1.12258E+11,80479595704,1.47,2.05,30.58,28.93,3.81
399006.SZ,2023/11/1,5035916947214.0,3923544217877.0,1.40327E+11,1.12258E+11,80479567713,1.2,1.68,30.44,28.8,3.79
399006.SZ,2023/11/2,4988392962587.0,3886639307553.0,1.40327E+11,1.12258E+11,80479567713,1.19,1.65,30.16,28.52,3.76
399006.SZ,2023/11/3,5056050138793.0,3939657317674.0,1.40327E+11,1.12258E+11,80479567798,1.37,1.91,30.56,28.91,3.81
399006.SZ,2023/11/6,5213723155741.0,4068379619165.0,1.40327E+11,1.12265E+11,80587915806,1.99,2.77,31.52,29.81,3.93
399006.SZ,2023/11/7,5183611193734.0,4043425384166.0,1.40327E+11,1.12266E+11,80522969837,1.67,2.33,31.34,29.64,3.9
399006.SZ,2023/11/8,5189932765033.0,4048306591958.0,1.40331E+11,1.12269E+11,80526778337,1.59,2.22,31.37,29.68,3.91
399006.SZ,2023/11/9,5170196360966.0,4033908752975.0,1.40331E+11,1.12269E+11,80526778337,1.34,1.87,31.25,29.56,3.89
399006.SZ,2023/11/10,5139343283883.0,4008695249698.0,1.40333E+11,1.12271E+11,80543750167,1.23,1.71,31.07,29.39,3.87
399006.SZ,2023/11/13,5147912364685.0,4018010798603.0,1.40333E+11,1.12327E+11,80611736540,1.28,1.79,31.12,29.44,3.88
399006.SZ,2023/11/14,5139244682769.0,4009917119453.0,1.40334E+11,1.12328E+11,80606512333,1.26,1.76,31.07,29.39,3.87
399006.SZ,2023/11/15,5168610736046.0,4031855487649.0,1.40339E+11,1.12328E+11,80885629982,1.43,1.98,31.25,29.55,3.89
399006.SZ,2023/11/16,5075177244677.0,3959624965686.0,1.40339E+11,1.12328E+11,80885629982,1.17,1.62,30.68,29.02,3.82
399006.SZ,2023/11/17,5091055933510.0,3972648379223.0,1.40336E+11,1.12328E+11,80885863126,1.02,1.42,30.78,29.11,3.83
399006.SZ,2023/11/20,5108239573527.0,3986380595640.0,1.40336E+11,1.12328E+11,80885898226,1.24,1.72,30.88,29.21,3.85
399006.SZ,2023/11/21,5087488414745.0,3969007137925.0,1.40341E+11,1.12329E+11,80886681765,1.3,1.8,30.75,29.09,3.83
399006.SZ,2023/11/22,5002860278710.0,3900012348654.0,1.40341E+11,1.12329E+11,80886681765,1.09,1.51,30.24,28.61,3.78
399006.SZ,2023/11/23,5030909972297.0,3922109418551.0,1.40341E+11,1.12329E+11,80886641565,1,1.38,30.41,28.77,3.8
399006.SZ,2023/11/24,4972720516469.0,3875378827866.0,1.40341E+11,1.12329E+11,80886641565,0.97,1.34,30.06,28.43,3.76
399006.SZ,2023/11/27,4940624457750.0,3849717432720.0,1.40341E+11,1.12329E+11,80886774315,0.96,1.34,29.87,28.25,3.74
399006.SZ,2023/11/28,4973450789794.0,3875369244151.0,1.40341E+11,1.12329E+11,80886774315,1.01,1.4,30.07,28.44,3.76
399006.SZ,2023/11/29,4922976745223.0,3837917080314.0,1.40341E+11,1.12336E+11,80893554420,0.98,1.36,29.76,28.15,3.72
399006.SZ,2023/11/30,4934506899251.0,3847536681223.0,1.40341E+11,1.12336E+11,80893554420,1.03,1.43,29.83,28.22,3.73
399006.SZ,2023/12/1,4938004237468.0,3854378097015.0,1.40341E+11,1.12336E+11,80893554420,1.13,1.57,29.85,28.24,3.73
399006.SZ,2023/12/4,4893744986261.0,3819585592421.0,1.40344E+11,1.12336E+11,80893957825,1.23,1.7,29.58,27.98,3.7
399006.SZ,2023/12/5,4799632914070.0,3743936857372.0,1.40344E+11,1.12341E+11,80899237387,1.17,1.62,29.01,27.45,3.63
399006.SZ,2023/12/6,4828184742784.0,3763144010684.0,1.40344E+11,1.12341E+11,80899237387,1.26,1.75,29.19,27.61,3.65
399006.SZ,2023/12/7,4817968952424.0,3755920432426.0,1.40344E+11,1.12341E+11,80899237387,1.23,1.71,29.13,27.55,3.64
399006.SZ,2023/12/8,4863403996798.0,3794458763775.0,1.40344E+11,1.12341E+11,80899254444,1.53,2.13,29.4,27.81,3.68
399006.SZ,2023/12/11,5025488999911.0,3911708280864.0,1.38604E+11,1.09926E+11,78992759365,1.42,1.97,29.94,28.21,3.83
399006.SZ,2023/12/12,4996982870087.0,3888282020764.0,1.38604E+11,1.09926E+11,78991935965,1.13,1.57,29.77,28.05,3.81
399006.SZ,2023/12/13,4915676599089.0,3826360285072.0,1.38667E+11,1.09926E+11,78991935965,1.03,1.43,29.29,27.59,3.75
399006.SZ,2023/12/14,4887049750085.0,3799867496867.0,1.38674E+11,1.09926E+11,78991935965,0.96,1.34,29.12,27.43,3.73
399006.SZ,2023/12/15,4854872880136.0,3776270906014.0,1.38674E+11,1.09952E+11,79018551945,1.04,1.45,28.93,27.25,3.7
399006.SZ,2023/12/18,4783732066400.0,3718327094102.0,1.38674E+11,1.10026E+11,79091796239,0.97,1.34,28.5,26.85,3.64
399006.SZ,2023/12/19,4801479552531.0,3732363735009.0,1.38674E+11,1.10009E+11,79075038610,0.94,1.31,28.61,26.95,3.66
399006.SZ,2023/12/20,4740207878823.0,3684926529493.0,1.38674E+11,1.10009E+11,79075038610,0.91,1.26,28.24,26.61,3.61
399006.SZ,2023/12/21,4813751375889.0,3745450068713.0,1.38674E+11,1.10022E+11,79088671083,1.19,1.65,28.68,27.02,3.67
399006.SZ,2023/12/22,4792596713982.0,3732314225760.0,1.38674E+11,1.10022E+11,79088653483,1.26,1.76,28.56,26.9,3.65
399006.SZ,2023/12/25,4806829366599.0,3759986841466.0,1.38676E+11,1.10402E+11,79091087513,0.87,1.21,28.64,26.98,3.66
399006.SZ,2023/12/26,4747186777755.0,3712011775035.0,1.38688E+11,1.10405E+11,79094645150,0.86,1.2,28.29,26.65,3.62
399006.SZ,2023/12/27,4752303372521.0,3716290630877.0,1.38688E+11,1.10405E+11,79094645150,1.01,1.41,28.32,26.68,3.62
399006.SZ,2023/12/28,4934648810959.0,3859777433970.0,1.38688E+11,1.10414E+11,79102748243,1.58,2.2,29.4,27.7,3.76
399006.SZ,2023/12/29,4960968571927.0,3880831461999.0,1.38688E+11,1.10414E+11,79102748243,1.3,1.82,29.56,27.85,3.78
399006.SZ,2024/1/2,4869365414774.0,3810664869745.0,1.38688E+11,1.10414E+11,79104952974,1.1,1.54,29.01,27.33,3.71
399006.SZ,2024/1/3,4816321719298.0,3767771654237.0,1.38693E+11,1.10421E+11,79104952974,1.03,1.44,28.7,27.04,3.67
399006.SZ,2024/1/4,4731051363109.0,3698988943509.0,1.38693E+11,1.1042E+11,79111858956,1.02,1.43,28.19,26.56,3.6
399006.SZ,2024/1/5,4663287039235.0,3646502183142.0,1.38697E+11,1.10421E+11,79112322466,1.05,1.46,27.79,26.18,3.55
399006.SZ,2024/1/8,4585797036541.0,3585177977552.0,1.38697E+11,1.10438E+11,79112322466,1.07,1.49,27.32,25.74,3.49
399006.SZ,2024/1/9,4599796113689.0,3597711508774.0,1.38697E+11,1.1044E+11,79114279991,1.06,1.49,27.41,25.82,3.5
399006.SZ,2024/1/10,4585165760783.0,3583488019374.0,1.38697E+11,1.1044E+11,79114365326,1.08,1.5,27.32,25.74,3.49
399006.SZ,2024/1/11,4670398241762.0,3652440002068.0,1.38697E+11,1.1044E+11,79114365326,1.33,1.85,27.83,26.22,3.56
399006.SZ,2024/1/12,4630464267403.0,3619150778723.0,1.38698E+11,1.10441E+11,79115928526,1.12,1.56,27.59,25.99,3.53
399006.SZ,2024/1/15,4589312864823.0,3589376222089.0,1.38698E+11,1.10441E+11,79115928526,1.01,1.41,27.34,25.76,3.49
399006.SZ,2024/1/16,4601247465409.0,3602723642547.0,1.38698E+11,1.10441E+11,79115928526,1.17,1.63,27.42,25.83,3.5
399006.SZ,2024/1/17,4465938295601.0,3496052704539.0,1.38698E+11,1.10442E+11,79115991230,1.07,1.5,26.61,25.07,3.4
399006.SZ,2024/1/18,4541238108959.0,3560912972199.0,1.38698E+11,1.10442E+11,79116076230,1.63,2.27,27.06,25.49,3.46
399006.SZ,2024/1/19,4502653093109.0,3531874613805.0,1.38698E+11,1.10442E+11,79116076230,1.18,1.65,26.83,25.28,3.43
399006.SZ,2024/1/22,4372605192324.0,3436130234523.0,1.38698E+11,1.10442E+11,79116076230,1.54,2.15,26.05,24.55,3.33
399006.SZ,2024/1/23,4425383629207.0,3475979082029.0,1.38698E+11,1.10442E+11,79116076230,1.39,1.94,26.37,24.84,3.37
399006.SZ,2024/1/24,4454969402001.0,3495598482002.0,1.38698E+11,1.10442E+11,79116076230,1.54,2.15,26.54,25.01,3.39
399006.SZ,2024/1/25,4516108348229.0,3543782228034.0,1.38698E+11,1.10449E+11,79123062852,1.61,2.25,26.91,25.35,3.44
399006.SZ,2024/1/26,4419075220932.0,3467045841888.0,1.38698E+11,1.10448E+11,79122888171,1.42,1.99,26.33,24.81,3.36
399006.SZ,2024/1/29,4275182920108.0,3346123404265.0,1.38699E+11,1.10449E+11,79123607976,1.29,1.8,25.51,23.99,3.25
399006.SZ,2024/1/30,4172235410349.0,3264188018691.0,1.38699E+11,1.10449E+11,79123409690,1.15,1.6,24.9,23.4,3.18
399006.SZ,2024/1/31,4138746065227.0,3247676289064.0,1.38699E+11,1.10449E+11,79123409690,1.5,2.09,24.7,23.21,3.15
399006.SZ,2024/2/1,4180478719133.0,3279186343031.0,1.38699E+11,1.10452E+11,79123409690,1.41,1.96,24.95,23.45,3.18
399006.SZ,2024/2/2,4079406442559.0,3197255546280.0,1.38699E+11,1.10454E+11,79125489609,1.61,2.24,24.34,22.88,3.1
399006.SZ,2024/2/5,4118153509338.0,3231933987125.0,1.38699E+11,1.10454E+11,79125460357,2.12,2.96,24.58,23.1,3.13
399006.SZ,2024/2/6,4393983377844.0,3444246982434.0,1.387E+11,1.10462E+11,79131594489,2.21,3.08,26.22,24.64,3.34
399006.SZ,2024/2/7,4490593731562.0,3524312671329.0,1.387E+11,1.10471E+11,79131594489,2.38,3.32,26.8,25.19,3.42
399006.SZ,2024/2/8,4540607103958.0,3562401268849.0,1.387E+11,1.10471E+11,79140370094,2.22,3.09,27.1,25.47,3.46
399006.SZ,2024/2/19,4583491598141.0,3605889792803.0,1.387E+11,1.10722E+11,79391326000,1.88,2.62,27.35,25.71,3.49
399006.SZ,2024/2/20,4581150311322.0,3605379751149.0,1.387E+11,1.10755E+11,79424541314,1.42,1.98,27.34,25.69,3.49
399006.SZ,2024/2/21,4602512646765.0,3621619805336.0,1.387E+11,1.10755E+11,79424541314,1.86,2.59,27.47,25.82,3.5
399006.SZ,2024/2/22,4610258482839.0,3627624968095.0,1.387E+11,1.10755E+11,79424541314,1.39,1.94,27.51,25.86,3.51
399006.SZ,2024/2/23,4610730758226.0,3626878773424.0,1.387E+11,1.10755E+11,79427548579,1.54,2.15,27.52,25.86,3.51
399006.SZ,2024/2/26,4596144738407.0,3614251338523.0,1.387E+11,1.10755E+11,79427549222,1.63,2.27,27.43,25.78,3.5
399006.SZ,2024/2/27,4696462538919.0,3697336709979.0,1.387E+11,1.10761E+11,79437713304,1.8,2.51,28.08,26.37,3.57
399006.SZ,2024/2/28,4584802229635.0,3608035183466.0,1.387E+11,1.10766E+11,79442648304,2.41,3.37,27.41,26.66,3.48
399006.SZ,2024/2/29,4735558587337.0,3727003529750.0,1.387E+11,1.10766E+11,79442648304,1.95,2.72,28.31,27.19,3.59
399006.SZ,2024/3/1,4774892655202.0,3762110000664.0,1.387E+11,1.10766E+11,79442703804,1.87,2.61,28.54,27.41,3.62
399006.SZ,2024/3/4,4798563868554.0,3781847579826.0,1.387E+11,1.10766E+11,79442703804,1.77,2.47,28.69,27.54,3.64
399006.SZ,2024/3/5,4799681887731.0,3781593551537.0,1.387E+11,1.10766E+11,79442703804,1.69,2.35,28.69,27.55,3.64
399006.SZ,2024/3/6,4793828599000.0,3778974453477.0,1.387E+11,1.10766E+11,79447705784,1.42,1.98,28.66,27.51,3.64
399006.SZ,2024/3/7,4682567518054.0,3692137553708.0,1.387E+11,1.10766E+11,79447705784,1.51,2.1,27.99,26.88,3.55
399006.SZ,2024/3/8,4719162663442.0,3721739070429.0,1.387E+11,1.10766E+11,79447705784,1.32,1.84,28.21,27.09,3.58
399006.SZ,2024/3/11,4936756518990.0,3904279832591.0,1.387E+11,1.10766E+11,79447705784,1.99,2.78,29.51,28.33,3.75
399006.SZ,2024/3/12,4984059442645.0,3936962802591.0,1.387E+11,1.10766E+11,79447692075,2,2.78,29.79,28.58,3.78
399006.SZ,2024/3/13,4954049476384.0,3915011319979.0,1.387E+11,1.10766E+11,79449437134,1.67,2.33,29.62,28.41,3.76
399006.SZ,2024/3/14,4919357496199.0,3889594982415.0,1.387E+11,1.10766E+11,79449437134,1.63,2.27,29.41,28.25,3.73
399006.SZ,2024/3/15,4919887867374.0,3887327982496.0,1.38694E+11,1.1076E+11,79443331975,1.61,2.25,29.48,28.21,3.73
399006.SZ,2024/3/18,5025083175189.0,3974375285481.0,1.38683E+11,1.1075E+11,79433963770,1.98,2.76,27.88,28.84,3.76
399006.SZ,2024/3/19,4975997786560.0,3934767687506.0,1.38683E+11,1.1075E+11,79433963770,1.77,2.47,27.55,28.56,3.72
399006.SZ,2024/3/20,4984510481589.0,3939969547919.0,1.38683E+11,1.1075E+11,79433873805,1.58,2.21,27.55,28.62,3.73
399006.SZ,2024/3/21,4953377405492.0,3915660212608.0,1.38683E+11,1.10792E+11,79476075243,1.67,2.33,27.38,28.44,3.7
399006.SZ,2024/3/22,4878433333465.0,3859277916107.0,1.38683E+11,1.10792E+11,79476075243,1.71,2.38,26.97,28.01,3.65
399006.SZ,2024/3/25,4786220828682.0,3800489941522.0,1.38683E+11,1.10998E+11,79481075076,1.54,2.15,26.51,27.48,3.58
399006.SZ,2024/3/26,4809725391570.0,3821132564598.0,1.38683E+11,1.11002E+11,79485273525,1.56,2.18,26.64,27.62,3.6
399006.SZ,2024/3/27,4682489311031.0,3717225320752.0,1.38687E+11,1.11006E+11,79312136788,1.37,1.92,25.93,26.89,3.5
399006.SZ,2024/3/28,4722382703825.0,3748374619289.0,1.38687E+11,1.11006E+11,79214873586,1.45,2.03,26.1,27.1,3.53
399006.SZ,2024/3/29,4751622095704.0,3771279139127.0,1.38687E+11,1.11006E+11,79204653586,1.21,1.69,26.28,27.3,3.55
399006.SZ,2024/4/1,4889102167638.0,3882265008245.0,1.38687E+11,1.11032E+11,79214873586,1.54,2.16,26.89,27.95,3.65
399006.SZ,2024/4/2,4859983511571.0,3860404138120.0,1.38693E+11,1.11049E+11,79217110258,1.47,2.06,26.84,27.81,3.63
399006.SZ,2024/4/3,4813256960152.0,3820608751595.0,1.38693E+11,1.11049E+11,79235728307,1.36,1.9,26.57,27.52,3.6
399006.SZ,2024/4/8,4723821010534.0,3749159485157.0,1.38693E+11,1.11118E+11,79304168573,1.42,1.99,26.07,27.03,3.53
399006.SZ,2024/4/9,4780189889982.0,3795384758576.0,1.38693E+11,1.11118E+11,79304168573,1.36,1.91,26.39,27.35,3.57
399006.SZ,2024/4/10,4685799720140.0,3717830631599.0,1.38693E+11,1.11118E+11,79304168573,1.27,1.77,25.89,26.84,3.5
399006.SZ,2024/4/11,4660941110874.0,3701405652320.0,1.38693E+11,1.11118E+11,79304168573,1.3,1.83,25.75,26.71,3.48
399006.SZ,2024/4/12,4607438052571.0,3662568935921.0,1.38687E+11,1.11112E+11,79297934347,1.37,1.92,25.4,26.4,3.44
399006.SZ,2024/4/15,4693410841334.0,3731843147868.0,1.38687E+11,1.11112E+11,79295779303,1.66,2.32,25.78,26.85,3.5
399006.SZ,2024/4/16,4601226566679.0,3655113479676.0,1.38617E+11,1.11041E+11,79329159649,1.56,2.18,25.33,26.24,3.41
399006.SZ,2024/4/17,4700279071086.0,3730187773797.0,1.38617E+11,1.11041E+11,79329159649,1.49,2.09,25.87,26.79,3.48
399006.SZ,2024/4/18,4675070731276.0,3711277697420.0,1.38617E+11,1.11041E+11,79329159649,1.54,2.15,25.75,26.69,3.46
399006.SZ,2024/4/19,4597135366496.0,3646580143913.0,1.38617E+11,1.10946E+11,79314377590,1.45,2.03,25.13,26.22,3.4
399006.SZ,2024/4/22,4587602578533.0,3638570892969.0,1.38617E+11,1.1095E+11,79322602356,1.42,1.99,24.97,25.87,3.38
399006.SZ,2024/4/23,4590101171221.0,3648595933846.0,1.38617E+11,1.10964E+11,79289479301,1.33,1.86,24.19,25.83,3.36
399006.SZ,2024/4/24,4610520059216.0,3667505826326.0,1.38617E+11,1.10948E+11,79296520976,1.44,2.01,25.47,26.26,3.37
399006.SZ,2024/4/25,4611970009934.0,3668189511850.0,1.38617E+11,1.10925E+11,79297095354,1.43,2,25.69,26.95,3.36
399006.SZ,2024/4/26,4752761854916.0,3849430200890.0,1.38617E+11,1.11946E+11,79254544044,2.2,3.11,26.54,27.88,3.45
399006.SZ,2024/4/29,4919884788305.0,3988887373353.0,1.38706E+11,1.12035E+11,79210834395,2.34,3.3,29.41,28.86,3.56
399006.SZ,2024/4/30,4851244599665.0,3932415255278.0,1.38706E+11,1.12035E+11,79208260972,1.54,2.18,28.96,28.55,3.57
399006.SZ,2024/5/6,4954486359239.0,4016498469344.0,1.38706E+11,1.12035E+11,79300842490,1.83,2.59,29.58,29.16,3.64
399006.SZ,2024/5/7,4950428822751.0,4009851452188.0,1.38706E+11,1.12035E+11,79300842490,1.42,2.01,29.56,29.14,3.64
399006.SZ,2024/5/8,4878220755826.0,3949895934911.0,1.38706E+11,1.12035E+11,79300802490,1.4,1.98,29.13,28.71,3.59
399006.SZ,2024/5/9,4964562078877.0,4020121938005.0,1.38706E+11,1.12035E+11,79300802490,1.74,2.46,29.64,29.22,3.65
399006.SZ,2024/5/10,4907198556550.0,3973650804257.0,1.38708E+11,1.12039E+11,79305285230,1.56,2.21,29.3,28.88,3.61
399006.SZ,2024/5/13,4866893509127.0,3940788231649.0,1.38708E+11,1.1204E+11,79305939677,1.52,2.14,29.06,28.65,3.58
399006.SZ,2024/5/14,4862547941884.0,3935862253692.0,1.38694E+11,1.12026E+11,79291707988,1.28,1.81,29.03,28.62,3.58
399006.SZ,2024/5/15,4817996728987.0,3901010835975.0,1.38694E+11,1.12026E+11,79291707988,1.2,1.69,28.77,28.36,3.55
399006.SZ,2024/5/16,4830095482736.0,3921162445686.0,1.38694E+11,1.12076E+11,79342123667,1.23,1.74,28.84,28.43,3.56
399006.SZ,2024/5/17,4879637175921.0,3959975707223.0,1.38695E+11,1.12076E+11,79342495602,1.39,1.97,29.13,28.72,3.6
399006.SZ,2024/5/20,4904355679037.0,3977338143257.0,1.38695E+11,1.12076E+11,79342495708,1.55,2.19,29.28,28.87,3.62
399006.SZ,2024/5/21,4865581984796.0,3947529667510.0,1.38693E+11,1.12075E+11,79340511718,1.11,1.57,29.05,28.64,3.59
399006.SZ,2024/5/22,4906538347734.0,3981008110965.0,1.38693E+11,1.12075E+11,79341276142,1.34,1.89,29.29,28.88,3.63
399006.SZ,2024/5/23,4838270828983.0,3931902914532.0,1.38699E+11,1.1208E+11,79345915091,1.44,2.03,28.89,28.48,3.58
399006.SZ,2024/5/24,4751746781094.0,3861366000677.0,1.38823E+11,1.1215E+11,79394771793,1.29,1.82,28.37,27.97,3.51
399006.SZ,2024/5/27,4779714620528.0,3883352633943.0,1.38823E+11,1.12151E+11,79395065121,1.28,1.81,28.54,28.13,3.54
399006.SZ,2024/5/28,4718662411363.0,3831835354949.0,1.38821E+11,1.12151E+11,79395344726,1.07,1.51,28.17,27.77,3.5
399006.SZ,2024/5/29,4729188181718.0,3843031436286.0,1.39089E+11,1.12412E+11,79512107691,1.17,1.66,28.24,27.84,3.51
399006.SZ,2024/5/30,4736709926748.0,3847988762764.0,1.39249E+11,1.12557E+11,79596271608,1.15,1.62,28.28,27.88,3.53
399006.SZ,2024/5/31,4712659929234.0,3829030823314.0,1.39241E+11,1.1255E+11,79589768541,1.24,1.75,28.14,27.74,3.51
399006.SZ,2024/6/3,4746758119104.0,3861520621110.0,1.39241E+11,1.1255E+11,79589768541,1.36,1.92,28.34,27.94,3.54
399006.SZ,2024/6/4,4805148771070.0,3911632748461.0,1.39241E+11,1.1255E+11,79589768541,1.26,1.78,28.69,28.28,3.58
399006.SZ,2024/6/5,4784016590799.0,3895232827116.0,1.39242E+11,1.12552E+11,79592118996,1.19,1.69,28.56,28.16,3.57
399006.SZ,2024/6/6,4747492157072.0,3868310474118.0,1.39558E+11,1.12866E+11,79825565325,1.41,1.99,28.34,27.94,3.55
399006.SZ,2024/6/7,4652994939587.0,3787905884126.0,1.39571E+11,1.12968E+11,79927551091,1.21,1.71,27.78,27.39,3.48
399006.SZ,2024/6/11,4673142559520.0,3801645164954.0,1.39571E+11,1.12978E+11,79937548441,1.08,1.53,27.9,27.51,3.49
399006.SZ,2024/6/12,4652050092532.0,3782099629554.0,1.39571E+11,1.1298E+11,79939900228,1.12,1.59,27.77,27.38,3.48
399006.SZ,2024/6/13,4644135395779.0,3780367852623.0,1.40159E+11,1.1343E+11,80327502891,1.25,1.76,27.73,27.34,3.48
399006.SZ,2024/6/14,4667398770291.0,3804174937233.0,1.40166E+11,1.1343E+11,80327740876,1.72,2.43,27.87,27.47,3.5
399006.SZ,2024/6/17,4855290055073.0,3933846571456.0,1.47464E+11,1.18033E+11,84062891165,1.56,2.2,28.35,27.72,3.62
399006.SZ,2024/6/18,4863073010313.0,3941425812018.0,1.47464E+11,1.18033E+11,84062891165,1.34,1.88,28.4,27.76,3.63
399006.SZ,2024/6/19,4806793954988.0,3896238823113.0,1.47464E+11,1.18033E+11,84062892955,1.18,1.66,28.07,27.44,3.59
399006.SZ,2024/6/20,4740235918092.0,3845060654130.0,1.47464E+11,1.18034E+11,84063113342,1.28,1.79,27.68,27.06,3.54
399006.SZ,2024/6/21,4720901935899.0,3827097841411.0,1.47469E+11,1.18039E+11,84068103772,1.11,1.56,27.57,26.95,3.52
399006.SZ,2024/6/24,4655404920189.0,3779802896400.0,1.47471E+11,1.18041E+11,84070272578,1.23,1.73,27.18,26.57,3.47
399006.SZ,2024/6/25,4575285877207.0,3715687070258.0,1.4747E+11,1.18049E+11,84070272578,1.23,1.73,26.72,26.12,3.42
399006.SZ,2024/6/26,4657214313475.0,3779636151799.0,1.4747E+11,1.18049E+11,84079056926,1.33,1.87,27.19,26.58,3.48
399006.SZ,2024/6/27,4586485832246.0,3724669797116.0,1.47467E+11,1.18047E+11,84079056926,1.15,1.62,26.78,26.18,3.43
399006.SZ,2024/6/28,4533075268274.0,3681093760078.0,1.47467E+11,1.18047E+11,84076104013,1.55,2.18,26.47,25.88,3.39
399006.SZ,2024/7/1,4527077025439.0,3674049784107.0,1.47467E+11,1.18047E+11,84076104013,1.31,1.84,26.43,25.84,3.39
399006.SZ,2024/7/2,4476385311801.0,3629696084908.0,1.47467E+11,1.17975E+11,84005674285,1.31,1.84,26.14,25.55,3.35
399006.SZ,2024/7/3,4462975519993.0,3618334633634.0,1.47467E+11,1.17975E+11,84004922858,1.21,1.7,26.06,25.48,3.34
399006.SZ,2024/7/4,4424620475071.0,3593125527294.0,1.47466E+11,1.17975E+11,84004922858,1.14,1.6,25.84,25.26,3.31
399006.SZ,2024/7/5,4449614380340.0,3610694539395.0,1.47466E+11,1.17975E+11,84004922858,1.2,1.68,25.98,25.4,3.33
399006.SZ,2024/7/8,4377211725585.0,3554895798264.0,1.47466E+11,1.17978E+11,84007832502,1.17,1.64,25.56,24.99,3.28
399006.SZ,2024/7/9,4433518983757.0,3605184542837.0,1.47466E+11,1.1809E+11,84007832502,1.57,2.21,25.89,25.31,3.32
399006.SZ,2024/7/10,4420677754218.0,3598942902962.0,1.47466E+11,1.1809E+11,84007832502,1.27,1.79,25.81,25.23,3.31
399006.SZ,2024/7/11,4517247537154.0,3674798191585.0,1.47465E+11,1.18088E+11,84007832502,1.88,2.64,26.38,25.79,3.39
399006.SZ,2024/7/12,4516922389533.0,3676432040550.0,1.47463E+11,1.1809E+11,84007120576,1.38,1.94,26.38,25.78,3.39
399006.SZ,2024/7/15,4482792167172.0,3650300544497.0,1.47463E+11,1.1809E+11,84007334274,1.12,1.57,26.18,25.59,3.36
399006.SZ,2024/7/16,4538426241191.0,3693823730462.0,1.47463E+11,1.1809E+11,84007561543,1.45,2.04,26.5,25.91,3.4
399006.SZ,2024/7/17,4547233800804.0,3698298726295.0,1.47464E+11,1.18091E+11,84008700636,1.57,2.21,26.55,25.96,3.41
399006.SZ,2024/7/18,4606102142270.0,3750146605079.0,1.47464E+11,1.18091E+11,84008700636,1.56,2.19,26.9,26.29,3.45
399006.SZ,2024/7/19,4626138783995.0,3762116011153.0,1.47464E+11,1.18091E+11,84008700636,1.38,1.95,27.01,26.41,3.47
399006.SZ,2024/7/22,4617891625013.0,3758012484581.0,1.47464E+11,1.18091E+11,84008700636,1.33,1.87,26.97,26.36,3.46
399006.SZ,2024/7/23,4474048298017.0,3644567132035.0,1.47464E+11,1.18088E+11,84042273874,1.33,1.87,26.13,25.54,3.35
399006.SZ,2024/7/24,4420546863638.0,3603495969729.0,1.47464E+11,1.18194E+11,84054699473,1.29,1.82,25.81,25.23,3.32
399006.SZ,2024/7/25,4412397920256.0,3592411167775.0,1.47467E+11,1.18207E+11,84067832446,1.21,1.69,25.77,25.19,3.31
399006.SZ,2024/7/26,4448851426533.0,3624969610644.0,1.47467E+11,1.18207E+11,84067832446,1.14,1.61,25.98,25.4,3.34
399006.SZ,2024/7/29,4380786000412.0,3576034349553.0,1.47467E+11,1.18397E+11,84067731871,1.06,1.49,25.58,24.8,3.26
399006.SZ,2024/7/30,4365714325617.0,3560057866734.0,1.47467E+11,1.18397E+11,84067731871,0.95,1.34,25.49,24.71,3.25
399006.SZ,2024/7/31,4523355979527.0,3682332746928.0,1.47467E+11,1.18397E+11,84067731871,2.02,2.85,26.41,25.61,3.36
399006.SZ,2024/8/1,4462136039232.0,3633470872530.0,1.47467E+11,1.18397E+11,84067731871,1.39,1.96,26.06,25.26,3.32
399006.SZ,2024/8/2,4401712241268.0,3580211011861.0,1.47467E+11,1.18397E+11,84067731870,1.4,1.97,25.7,24.92,3.27
399006.SZ,2024/8/5,4321605462283.0,3514177276989.0,1.47468E+11,1.18399E+11,84069700123,1.65,2.32,25.24,24.46,3.21
399006.SZ,2024/8/6,4374950412841.0,3556818395884.0,1.4747E+11,1.18409E+11,84069700123,1.4,1.97,25.55,24.8,3.25
399006.SZ,2024/8/7,4356052513572.0,3542703843832.0,1.47464E+11,1.18407E+11,84078110419,1.15,1.62,25.44,24.71,3.24
399006.SZ,2024/8/8,4340638079761.0,3530596168625.0,1.47464E+11,1.18602E+11,84273569939,1.12,1.57,25.35,24.6,3.23
399006.SZ,2024/8/9,4293980141104.0,3494442784535.0,1.47464E+11,1.18602E+11,84273569939,1.01,1.42,25.07,24.34,3.19
399006.SZ,2024/8/12,4292294760731.0,3494355475917.0,1.45857E+11,1.16974E+11,83729720206,0.95,1.32,25.43,24.69,3.19
399006.SZ,2024/8/13,4324360328307.0,3521914310544.0,1.45857E+11,1.16979E+11,83729720206,0.95,1.32,25.62,24.88,3.22
399006.SZ,2024/8/14,4259703435775.0,3473263180319.0,1.45853E+11,1.16979E+11,83729720206,0.91,1.27,25.24,24.49,3.17
399006.SZ,2024/8/15,4283947392234.0,3491095092222.0,1.45853E+11,1.16979E+11,83729720206,1.15,1.6,25.38,24.63,3.19
399006.SZ,2024/8/16,4278506274684.0,3489930193708.0,1.45853E+11,1.16979E+11,83729720206,0.97,1.36,25.35,24.6,3.18
399006.SZ,2024/8/19,4275386715501.0,3488749980624.0,1.45853E+11,1.16979E+11,83729720206,0.98,1.37,25.33,24.6,3.18
399006.SZ,2024/8/20,4218347530846.0,3444269935266.0,1.45853E+11,1.16979E+11,83729720206,1.1,1.53,24.99,24.26,3.14
399006.SZ,2024/8/21,4194104137251.0,3426672778129.0,1.45853E+11,1.16979E+11,83729557458,1.05,1.46,24.85,24.16,3.12
399006.SZ,2024/8/22,4163636708860.0,3405003490604.0,1.45853E+11,1.16979E+11,83728296407,1.2,1.68,24.67,23.95,3.09
399006.SZ,2024/8/23,4164177609700.0,3406999898740.0,1.45853E+11,1.1701E+11,83728158782,1,1.4,24.67,23.89,3.08
399006.SZ,2024/8/26,4155715153230.0,3395529054230.0,1.45853E+11,1.1701E+11,83708339484,1.23,1.72,24.62,23.8,3.06
399006.SZ,2024/8/27,4121551962252.0,3366286598730.0,1.45853E+11,1.17012E+11,83642286470,1.17,1.64,24.42,23.16,3.02
399006.SZ,2024/8/28,4120438922566.0,3363227981331.0,1.45853E+11,1.17075E+11,83706022865,1.07,1.49,24.41,23.15,3.02
399006.SZ,2024/8/29,4151571717325.0,3383457614651.0,1.45854E+11,1.17144E+11,83800101507,1.4,1.95,24.59,23.58,3.04
399006.SZ,2024/8/30,4261384948444.0,3476831366531.0,1.45854E+11,1.17144E+11,83796593638,1.95,2.73,25.25,24.35,3.1
399006.SZ,2024/9/2,4148534002723.0,3384518152889.0,1.45854E+11,1.17144E+11,83799051546,1.39,1.95,24.58,23.7,3.02
399006.SZ,2024/9/3,4200083602762.0,3426126252967.0,1.45842E+11,1.17133E+11,83799051546,1.12,1.56,24.88,24,3.05
399006.SZ,2024/9/4,4195695982658.0,3423175303719.0,1.45842E+11,1.17133E+11,83787274326,1.11,1.55,24.86,23.97,3.05
399006.SZ,2024/9/5,4221863186485.0,3444032096096.0,1.45842E+11,1.17133E+11,83643686526,1.09,1.52,25.01,24.12,3.07
399006.SZ,2024/9/6,4147899797771.0,3383768421931.0,1.45842E+11,1.17133E+11,83643872354,1.03,1.44,24.57,23.7,3.02
399006.SZ,2024/9/9,4149471718672.0,3385348042712.0,1.45842E+11,1.17133E+11,83643872354,0.99,1.39,24.58,23.71,3.03
399006.SZ,2024/9/10,4151850563368.0,3386405658752.0,1.45842E+11,1.17133E+11,83643872354,1.04,1.45,24.6,23.72,3.03
399006.SZ,2024/9/11,4198251044635.0,3425268464485.0,1.45842E+11,1.17133E+11,83643872354,1,1.4,24.87,23.99,3.06
399006.SZ,2024/9/12,4178708835533.0,3408406969683.0,1.45833E+11,1.17124E+11,83635026317,1.05,1.47,24.76,23.88,3.05
399006.SZ,2024/9/13,4129312402865.0,3369636526773.0,1.45833E+11,1.17124E+11,83635026317,1.01,1.41,24.46,23.59,3.01
399006.SZ,2024/9/18,4127257511628.0,3368189495413.0,1.45833E+11,1.17124E+11,83635082077,0.85,1.19,24.45,23.58,3.01
399006.SZ,2024/9/19,4164869329261.0,3392532872334.0,1.45833E+11,1.17124E+11,83635132720,1.37,1.91,24.67,23.8,3.04
399006.SZ,2024/9/20,4138655021420.0,3371099038521.0,1.45837E+11,1.17127E+11,83638524253,1.06,1.48,24.52,23.65,3.02
399006.SZ,2024/9/23,4118778434068.0,3357819866563.0,1.45837E+11,1.17127E+11,83638524253,0.94,1.31,24.4,23.53,3.01
399006.SZ,2024/9/24,4332655505967.0,3535908814182.0,1.45837E+11,1.17131E+11,83641870147,2.53,3.54,25.67,24.76,3.16
399006.SZ,2024/9/25,4401950717968.0,3592970620499.0,1.45837E+11,1.17131E+11,83672004011,2.8,3.92,26.08,25.15,3.21
399006.SZ,2024/9/26,4592829350586.0,3742844479871.0,1.45837E+11,1.17131E+11,83672004011,3.02,4.22,27.21,26.24,3.35
399006.SZ,2024/9/27,5044368635535.0,4110249186394.0,1.45837E+11,1.17131E+11,83672004011,4.99,6.99,29.88,28.82,3.68
399006.SZ,2024/9/30,5813034373067.0,4725791236884.0,1.45837E+11,1.17131E+11,83672153056,6.27,8.78,34.44,33.22,4.25
399006.SZ,2024/10/8,6796685304521.0,5524267119989.0,1.45837E+11,1.1716E+11,83672153056,7.66,10.73,40.26,38.84,4.96
399006.SZ,2024/10/9,6054862753695.0,4921202638251.0,1.45837E+11,1.17159E+11,83672153056,8.6,12.04,35.87,34.6,4.42
399006.SZ,2024/10/10,5899513463853.0,4807522981584.0,1.45837E+11,1.17159E+11,83670463147,5.68,7.95,34.95,33.71,4.31
399006.SZ,2024/10/11,5588851166307.0,4556242596774.0,1.45837E+11,1.17159E+11,83671001275,4.19,5.87,33.11,31.93,4.08
399006.SZ,2024/10/14,5728809399219.0,4673105018582.0,1.45837E+11,1.17159E+11,83671001275,4.29,6.01,33.94,32.73,4.19
399006.SZ,2024/10/15,5546155294772.0,4523801190207.0,1.45837E+11,1.17159E+11,83671007018,3.74,5.23,32.86,31.69,4.05
399006.SZ,2024/10/16,5425576477904.0,4423331066955.0,1.45837E+11,1.17159E+11,83671877018,3.06,4.28,32.14,31,3.97
399006.SZ,2024/10/17,5408630642371.0,4409452743562.0,1.45837E+11,1.17159E+11,83672632893,3.32,4.64,32.04,30.9,3.95
399006.SZ,2024/10/18,5820100249597.0,4744689775425.0,1.45837E+11,1.17164E+11,83677327675,5.99,8.38,34.48,33.26,4.26
399006.SZ,2024/10/21,5864248035144.0,4782509449134.0,1.45837E+11,1.17164E+11,83677238575,5.2,7.28,34.74,32.9,4.16
399006.SZ,2024/10/22,5880292489952.0,4797380654401.0,1.45837E+11,1.17164E+11,83677238575,4.15,5.81,34.84,32.99,4.17
399006.SZ,2024/10/23,5855091679725.0,4773569163054.0,1.45838E+11,1.17165E+11,83624914086,4.31,6.04,34.69,31.8,4.13
399006.SZ,2024/10/24,5777134650413.0,4713052602766.0,1.45838E+11,1.17165E+11,83624914086,3.21,4.5,34.22,31.37,4.07
399006.SZ,2024/10/25,5944443002210.0,4849571951764.0,1.45832E+11,1.17159E+11,83594422453,4.09,5.73,35.22,32.42,4.18
399006.SZ,2024/10/28,5929285089338.0,4830276878943.0,1.45832E+11,1.17159E+11,83594409487,3.35,4.69,35.13,33.12,4.15
399006.SZ,2024/10/29,5794631924887.0,4722552370968.0,1.45834E+11,1.17161E+11,83548716667,3.6,5.05,34.33,32.68,4.04
399006.SZ,2024/10/30,5726427205190.0,4665760635288.0,1.45834E+11,1.1716E+11,83588880668,3.1,4.34,33.92,32.83,3.98
399006.SZ,2024/10/31,5745698238711.0,4683585687562.0,1.45837E+11,1.17163E+11,83490554750,4.28,6.01,34.04,33.11,3.99
399006.SZ,2024/11/1,5643297951414.0,4601254852776.0,1.45839E+11,1.17165E+11,83595582721,3.88,5.44,33.43,32.57,3.91
399006.SZ,2024/11/4,5807030882149.0,4730011035968.0,1.45897E+11,1.17169E+11,83599375790,3.2,4.48,34.4,33.51,4.02
399006.SZ,2024/11/5,6078018594279.0,4946222392736.0,1.45897E+11,1.17169E+11,83599375790,4.93,6.91,36.01,35.07,4.21
399006.SZ,2024/11/6,6021891497916.0,4893843962787.0,1.45897E+11,1.17175E+11,83606422502,5.12,7.18,35.67,34.75,4.17
399006.SZ,2024/11/7,6255503751830.0,5063077839491.0,1.45972E+11,1.17185E+11,83629239600,5.15,7.21,37.06,36.1,4.33
399006.SZ,2024/11/8,6191323527672.0,5009441131772.0,1.45972E+11,1.17185E+11,83629239600,5.23,7.33,36.68,35.73,4.28
399006.SZ,2024/11/11,6370861818952.0,5156164169689.0,1.45974E+11,1.17188E+11,83605081503,4.75,6.65,37.74,36.76,4.41
399006.SZ,2024/11/12,6373240297053.0,5160843108805.0,1.45975E+11,1.17189E+11,83606068642,5.25,7.36,37.76,36.78,4.41
399006.SZ,2024/11/13,6430762432159.0,5213356997874.0,1.45975E+11,1.17189E+11,83606095951,3.98,5.58,38.1,37.11,4.46
399006.SZ,2024/11/14,6215936268169.0,5037233492279.0,1.45975E+11,1.17189E+11,83606096126,3.26,4.57,36.82,35.87,4.31
399006.SZ,2024/11/15,5977789407777.0,4846827304281.0,1.45977E+11,1.17191E+11,83622361650,3.47,4.86,35.41,34.5,4.13
399006.SZ,2024/11/18,5838026727275.0,4734884782565.0,1.45977E+11,1.17191E+11,83622504060,3.32,4.65,34.59,33.69,4.04
399006.SZ,2024/11/19,6008165654659.0,4869724083394.0,1.45981E+11,1.17194E+11,83631547448,2.97,4.16,35.59,34.67,4.16
399006.SZ,2024/11/20,6039398035454.0,4899919636350.0,1.45981E+11,1.17254E+11,83691508823,2.9,4.06,35.78,34.85,4.18
399006.SZ,2024/11/21,6034093107025.0,4893516384154.0,1.46016E+11,1.17302E+11,83739582176,2.83,3.97,35.75,34.82,4.18
399006.SZ,2024/11/22,5797352910711.0,4704545817051.0,1.46E+11,1.17285E+11,83722353547,3.04,4.26,34.34,33.46,4.01
399006.SZ,2024/11/25,5804561156733.0,4707323142113.0,1.46E+11,1.17304E+11,83663074047,2.5,3.5,34.39,33.5,4.02
399006.SZ,2024/11/26,5744995098686.0,4656440569810.0,1.46E+11,1.17304E+11,83663074047,2.04,2.85,34.03,33.15,3.98
399006.SZ,2024/11/27,5906845080944.0,4784355700310.0,1.46E+11,1.17304E+11,83663587147,2.56,3.59,34.99,34.09,4.09
399006.SZ,2024/11/28,5804174302918.0,4697443185511.0,1.46E+11,1.17304E+11,83663582147,2.19,3.07,34.38,33.49,4.02
399006.SZ,2024/11/29,5944933027550.0,4808197389428.0,1.4599E+11,1.17294E+11,83653545047,3.16,4.44,35.22,34.31,4.12
399006.SZ,2024/12/2,6029396655604.0,4876413401347.0,1.4599E+11,1.173E+11,83659557567,2.83,3.96,35.72,34.79,4.17
399006.SZ,2024/12/3,6003671843473.0,4855671711659.0,1.4599E+11,1.173E+11,83771416226,2.6,3.64,35.57,34.65,4.16
399006.SZ,2024/12/4,5923699043655.0,4789068300946.0,1.4599E+11,1.173E+11,83771416226,2.26,3.17,35.09,34.18,4.1
399006.SZ,2024/12/5,5937513460510.0,4799865097193.0,1.45991E+11,1.17301E+11,83772158452,2.16,3.02,35.17,34.26,4.11
399006.SZ,2024/12/6,6058486712807.0,4901810758042.0,1.45991E+11,1.17301E+11,83772158452,2.84,3.98,35.89,34.96,4.19
399006.SZ,2024/12/9,6015315474927.0,4868569345081.0,1.4599E+11,1.173E+11,83771498643,2.36,3.3,35.64,34.71,4.16
399006.SZ,2024/12/10,6060042587886.0,4901639302504.0,1.45994E+11,1.17304E+11,83796415100,4.07,5.7,35.9,34.97,4.19
399006.SZ,2024/12/11,6057751802482.0,4894098750939.0,1.45994E+11,1.17304E+11,83796569543,2.74,3.84,35.89,34.96,4.19
399006.SZ,2024/12/12,6142814973983.0,4962409537770.0,1.45994E+11,1.17304E+11,83796569543,2.77,3.88,36.39,35.45,4.25
399006.SZ,2024/12/13,5994792567760.0,4839390759508.0,1.45994E+11,1.17304E+11,83954735211,3.82,5.33,35.51,34.59,4.15
399006.SZ,2024/12/16,5995740570770.0,4863522983699.0,1.44878E+11,1.16921E+11,83267755483,2.55,3.58,35.81,34.12,4.16
399006.SZ,2024/12/17,5993171176106.0,4864542121426.0,1.44878E+11,1.16921E+11,83284749983,2.09,2.94,35.8,34.11,4.15
399006.SZ,2024/12/18,6002175938846.0,4868066717116.0,1.44875E+11,1.16922E+11,83284810463,1.81,2.55,35.85,34.16,4.16
399006.SZ,2024/12/19,6035332422274.0,4887627339742.0,1.44875E+11,1.16922E+11,83284810463,2.29,3.21,36.05,34.35,4.18
399006.SZ,2024/12/20,6026243496129.0,4874969664308.0,1.44875E+11,1.16922E+11,83281848145,2.24,3.14,35.99,34.3,4.18
399006.SZ,2024/12/23,5970860834609.0,4831109089815.0,1.44875E+11,1.16922E+11,83281848145,2.19,3.07,35.66,33.98,4.14
399006.SZ,2024/12/24,6041814031115.0,4889072123720.0,1.44875E+11,1.16922E+11,83281848145,1.9,2.67,36.09,34.38,4.19
399006.SZ,2024/12/25,6009293680840.0,4866103143313.0,1.44876E+11,1.16923E+11,83286454561,1.87,2.62,35.89,34.2,4.17
399006.SZ,2024/12/26,6024216334756.0,4880525499740.0,1.44876E+11,1.16923E+11,83286471108,1.96,2.75,35.98,34.28,4.18
399006.SZ,2024/12/27,6008958935492.0,4871218514683.0,1.44867E+11,1.16914E+11,83286278361,2.41,3.38,35.89,34.2,4.17
399006.SZ,2024/12/30,6010581590316.0,4876242776485.0,1.44868E+11,1.16915E+11,83277706145,2.12,2.97,35.9,34.21,4.17
399006.SZ,2024/12/31,5843880053718.0,4744429220629.0,1.44868E+11,1.16915E+11,83277706145,2.51,3.52,34.9,33.26,4.05
399006.SZ,2025/1/2,5628054135891.0,4569903958594.0,1.44895E+11,1.16915E+11,83287893684,2.74,3.84,33.61,32.03,3.9
399006.SZ,2025/1/3,5508127621488.0,4472268964338.0,1.44899E+11,1.16714E+11,83287893684,2.25,3.15,32.9,31.35,3.82
399006.SZ,2025/1/6,5498560497270.0,4467296006955.0,1.44899E+11,1.16714E+11,83129009417,1.7,2.39,32.84,31.29,3.81
399006.SZ,2025/1/7,5534524865305.0,4493758694329.0,1.44899E+11,1.16725E+11,83140788569,1.8,2.52,33.06,31.5,3.84
399006.SZ,2025/1/8,5487417488648.0,4452759142123.0,1.44899E+11,1.16725E+11,83140788569,2.2,3.09,32.77,31.23,3.81
399006.SZ,2025/1/9,5491967910083.0,4457585703974.0,1.44899E+11,1.16725E+11,83121357319,1.69,2.38,32.8,31.26,3.81
399006.SZ,2025/1/10,5401925384851.0,4384343644561.0,1.44899E+11,1.16725E+11,83121376160,1.81,2.54,32.26,30.74,3.75
399006.SZ,2025/1/13,5423105377408.0,4397960214819.0,1.44899E+11,1.16725E+11,83121311821,1.57,2.2,32.39,30.86,3.76
399006.SZ,2025/1/14,5674183325112.0,4600780162294.0,1.44899E+11,1.16727E+11,83121330565,2.96,4.16,33.89,32.29,3.93
399006.SZ,2025/1/15,5570461417016.0,4514601589819.0,1.44899E+11,1.16728E+11,83121586765,2.03,2.85,33.27,31.7,3.86
399006.SZ,2025/1/16,5599971776282.0,4540089214279.0,1.449E+11,1.16728E+11,83127186238,2.16,3.04,33.45,31.87,3.88
399006.SZ,2025/1/17,5643845334948.0,4576980696307.0,1.449E+11,1.16728E+11,83161221005,1.92,2.69,33.71,32.12,3.91
399006.SZ,2025/1/20,5741563648845.0,4663467889159.0,1.449E+11,1.16728E+11,83161221005,2.07,2.9,34.29,32.67,3.98
399006.SZ,2025/1/21,5761366499637.0,4678369508620.0,1.449E+11,1.16728E+11,83161195505,1.92,2.69,34.41,32.78,4
399006.SZ,2025/1/22,5869717542849.0,4647538325217.0,1.46986E+11,1.16728E+11,83180161273,1.96,2.76,35.06,33.4,4.02
399006.SZ,2025/1/23,5844725785019.0,4631915660573.0,1.46986E+11,1.16728E+11,83180485023,2.72,3.81,34.91,33.26,4
399006.SZ,2025/1/24,5925185462341.0,4694297387039.0,1.46986E+11,1.16728E+11,83209814043,2.43,3.4,35.39,33.74,4.07
399006.SZ,2025/1/27,5781003963473.0,4576661563614.0,1.46989E+11,1.16731E+11,83212466104,2.17,3.04,34.52,32.9,3.97
399006.SZ,2025/2/5,5786183593738.0,4572141965556.0,1.46989E+11,1.16731E+11,83212875619,2.93,4.11,34.55,32.93,3.98
399006.SZ,2025/2/6,5946026909836.0,4697056450109.0,1.46989E+11,1.16731E+11,83212875619,3.53,4.95,35.51,33.84,4.09
399006.SZ,2025/2/7,6082782777392.0,4813556795648.0,1.46989E+11,1.16731E+11,83212875619,4.68,6.57,36.32,34.62,4.18
399006.SZ,2025/2/10,6110890540351.0,4836922804285.0,1.46989E+11,1.16731E+11,83216733964,3.69,5.18,36.49,34.78,4.2
399006.SZ,2025/2/11,6030366153198.0,4776613816009.0,1.46989E+11,1.16731E+11,83116373664,3.11,4.37,36.01,34.32,4.15
399006.SZ,2025/2/12,6135118139726.0,4864275771040.0,1.46989E+11,1.16731E+11,83116373664,3.41,4.78,36.64,34.92,4.22
399006.SZ,2025/2/13,6100851176618.0,4838345942967.0,1.46989E+11,1.16731E+11,83116373664,3.27,4.59,36.43,34.72,4.19
399006.SZ,2025/2/14,6212438266945.0,4934149929366.0,1.46989E+11,1.16731E+11,83116373664,3.51,4.92,37.1,35.36,4.27
399006.SZ,2025/2/17,6221333399058.0,4944788501426.0,1.46989E+11,1.16731E+11,83158027342,4.31,6.05,37.15,35.41,4.28
399006.SZ,2025/2/18,6089345843309.0,4853563314307.0,1.46989E+11,1.16731E+11,83166737442,3.62,5.08,36.36,34.66,4.19
399006.SZ,2025/2/19,6215365169971.0,4951714563995.0,1.46989E+11,1.16731E+11,83184743126,3.29,4.62,37.12,35.37,4.27
399006.SZ,2025/2/20,6213583115568.0,4947609939440.0,1.46989E+11,1.16731E+11,83184743126,3.13,4.4,37.11,35.36,4.27
399006.SZ,2025/2/21,6363416141447.0,5057852123563.0,1.46989E+11,1.16731E+11,83184743134,4.29,6.02,38,35.2,4.37
399006.SZ,2025/2/24,6335296797233.0,5029601681974.0,1.46989E+11,1.16731E+11,83184743134,3.85,5.41,37.83,35.09,4.35
399006.SZ,2025/2/25,6258507635144.0,4972162295263.0,1.46989E+11,1.16731E+11,83321743291,3.32,4.65,37.28,34.56,4.29
399006.SZ,2025/2/26,6329817179838.0,5027577152263.0,1.46989E+11,1.16731E+11,83321743291,3.35,4.7,37.7,34.96,4.34
399006.SZ,2025/2/27,6304397402396.0,5010707121220.0,1.46989E+11,1.16731E+11,83364172826,3.54,4.95,37.55,34.79,4.32
399006.SZ,2025/2/28,6079364258662.0,4828770539360.0,1.4699E+11,1.16733E+11,83365616160,3.15,4.41,36.21,33.54,4.17
399006.SZ,2025/3/3,6142476513434.0,4886353035172.0,1.4699E+11,1.16733E+11,83413435471,2.9,4.05,36.59,33.75,4.21
399006.SZ,2025/3/4,6134686771426.0,4868462359560.0,1.4699E+11,1.16733E+11,83492083624,2.36,3.3,36.54,33.71,4.2
399006.SZ,2025/3/5,6134726232971.0,4874070769910.0,1.46991E+11,1.16837E+11,83720986653,2.3,3.21,36.54,33.71,4.2
399006.SZ,2025/3/6,6255871729423.0,4969574864805.0,1.46993E+11,1.16839E+11,83746393424,3.35,4.67,37.26,34.37,4.28
399006.SZ,2025/3/7,6175132603464.0,4905041088611.0,1.46976E+11,1.16822E+11,83910451206,2.69,3.75,36.78,33.93,4.23
399006.SZ,2025/3/10,6161166331282.0,4896430928806.0,1.46976E+11,1.16822E+11,83801550610,2.42,3.38,36.7,33.85,4.22
399006.SZ,2025/3/11,6174179945334.0,4903520501666.0,1.46976E+11,1.16822E+11,83891112507,2.21,3.08,36.78,33.87,4.23
399006.SZ,2025/3/12,6130109398600.0,4870861885140.0,1.46976E+11,1.16822E+11,83900072507,2.54,3.54,36.51,33.62,4.2
399006.SZ,2025/3/13,6058837883282.0,4814766555718.0,1.46976E+11,1.16822E+11,84153744188,2.21,3.07,36.09,33.22,4.14
399006.SZ,2025/3/14,6224527710820.0,4945922149867.0,1.46976E+11,1.16822E+11,84171669633,3.29,4.56,37.08,34.13,4.26
399006.SZ,2025/3/17,6192131815904.0,4920686717022.0,1.47162E+11,1.17005E+11,85017470595,2.42,3.33,35.4,33.32,4.2
399006.SZ,2025/3/18,6223140170122.0,4945797858799.0,1.47162E+11,1.17005E+11,85045239929,2.25,3.09,35.57,33.49,4.22
399006.SZ,2025/3/19,6204992975855.0,4935052956741.0,1.47162E+11,1.17005E+11,85101410762,2.12,2.91,35.44,33.36,4.21
399006.SZ,2025/3/20,6144255296864.0,4887179235489.0,1.47184E+11,1.17005E+11,85106411415,1.79,2.46,35.07,33.04,4.16
399006.SZ,2025/3/21,6016139139840.0,4782546967629.0,1.47184E+11,1.17005E+11,85156305466,2.09,2.87,34.22,32.42,4.08
399006.SZ,2025/3/24,6015381933348.0,4783621503106.0,1.47184E+11,1.17005E+11,85370637479,1.93,2.65,34.5,32.42,4.08
399006.SZ,2025/3/25,5997479844442.0,4771777138671.0,1.47188E+11,1.17009E+11,85516985085,1.76,2.41,34.41,32.32,4.06
399006.SZ,2025/3/26,5983201516098.0,4758460115356.0,1.47188E+11,1.17009E+11,85576035811,1.5,2.05,34.33,32.25,4.05
399006.SZ,2025/3/27,5999723278327.0,4769475930507.0,1.47188E+11,1.17009E+11,85620015460,1.55,2.12,34.38,32.35,4.06
399006.SZ,2025/3/28,5951988190665.0,4731588537722.0,1.47192E+11,1.17016E+11,85623697812,1.46,1.99,34.33,32.22,4.03
399006.SZ,2025/3/31,5882449341743.0,4675861563349.0,1.47192E+11,1.17017E+11,85627027990,1.63,2.23,34.04,31.86,3.98
399006.SZ,2025/4/1,5883231802463.0,4670682263070.0,1.47193E+11,1.17013E+11,85628273374,1.75,2.39,34.36,31.93,3.98
399006.SZ,2025/4/2,5886280829455.0,4675432055559.0,1.47214E+11,1.17034E+11,85624182617,1.31,1.79,34.37,31.95,3.98
399006.SZ,2025/4/3,5773478685597.0,4574999808788.0,1.47214E+11,1.17039E+11,85654777166,1.73,2.37,33.7,31.34,3.91
399006.SZ,2025/4/7,5074667607190.0,4015870749125.0,1.47215E+11,1.17041E+11,85661908351,4.14,5.66,29.62,27.54,3.43
399006.SZ,2025/4/8,5183229155469.0,4087221733972.0,1.47215E+11,1.17041E+11,85661913944,3.14,4.3,30.26,28.13,3.51
399006.SZ,2025/4/9,5241320288784.0,4120456031786.0,1.47215E+11,1.17042E+11,85661917233,3.28,4.48,30.6,28.45,3.55
399006.SZ,2025/4/10,5359881605962.0,4223483204040.0,1.47215E+11,1.17042E+11,85661917233,3.02,4.12,31.29,29.1,3.63
399006.SZ,2025/4/11,5426711519852.0,4284435911567.0,1.47215E+11,1.17041E+11,85663904853,2.28,3.11,31.69,29.5,3.67
399006.SZ,2025/4/14,5444730165019.0,4297850597536.0,1.47215E+11,1.17042E+11,85663904853,1.96,2.68,32,29.68,3.68
399006.SZ,2025/4/15,5436177446423.0,4295479052691.0,1.47216E+11,1.17042E+11,85807694231,1.51,2.06,31.93,29.08,3.63
399006.SZ,2025/4/16,5371068994870.0,4241372065693.0,1.47216E+11,1.17042E+11,85808235132,1.61,2.2,31.45,28.74,3.58
399006.SZ,2025/4/17,5377336888836.0,4250476554433.0,1.47216E+11,1.17042E+11,85808235132,1.37,1.87,31.49,28.77,3.59
399006.SZ,2025/4/18,5385449419943.0,4260551381261.0,1.47216E+11,1.17042E+11,85807428113,1.35,1.84,31.68,28.91,3.6
399006.SZ,2025/4/21,5467409905345.0,4328014719833.0,1.47216E+11,1.17052E+11,85691938020,1.66,2.27,32.19,29.74,3.65
399006.SZ,2025/4/22,5425306237770.0,4294319524430.0,1.47216E+11,1.17042E+11,85732198812,1.7,2.32,32.52,29.6,3.66
399006.SZ,2025/4/23,5472942826069.0,4335522918886.0,1.47216E+11,1.17042E+11,85479280359,1.95,2.67,33.34,29.76,3.68
399006.SZ,2025/4/24,5432313752564.0,4311566874837.0,1.47216E+11,1.17059E+11,85479280510,1.63,2.23,29.79,28.97,3.64
399006.SZ,2025/4/25,5459315984152.0,4332541892434.0,1.47216E+11,1.17058E+11,85448112528,1.78,2.44,29.98,29.01,3.64
399006.SZ,2025/4/28,5422137908682.0,4302081507604.0,1.47216E+11,1.17057E+11,84569608912,1.53,2.11,30.51,29.14,3.59
399006.SZ,2025/4/29,5403002237281.0,4289126080298.0,1.47217E+11,1.17056E+11,84306147926,1.55,2.15,30.56,28.94,3.55
399006.SZ,2025/4/30,5452388481499.0,4324406214346.0,1.47217E+11,1.17056E+11,84221722909,1.6,2.22,30.84,29.18,3.59
399006.SZ,2025/5/6,5547435503697.0,4403286496581.0,1.47217E+11,1.17114E+11,84279427701,2.12,2.95,31.38,29.69,3.65
399006.SZ,2025/5/7,5595859807902.0,4433738169689.0,1.47217E+11,1.17178E+11,84373252907,2.47,3.43,31.65,29.94,3.68
399006.SZ,2025/5/8,5705395561500.0,4509415785638.0,1.47217E+11,1.17178E+11,84439581159,1.91,2.65,32.27,30.53,3.76
399006.SZ,2025/5/9,5653389603256.0,4474069626056.0,1.47332E+11,1.17287E+11,84532680106,1.69,2.34,31.98,30.25,3.72
399006.SZ,2025/5/12,5828833562041.0,4597584910335.0,1.47332E+11,1.17287E+11,84532680106,2.15,2.98,32.97,31.19,3.84
399006.SZ,2025/5/13,5806159967220.0,4593087683778.0,1.47333E+11,1.17288E+11,84534005010,2.11,2.93,32.84,31.07,3.82
399006.SZ,2025/5/14,5859898154248.0,4634634600034.0,1.47333E+11,1.17288E+11,84533755635,2.42,3.35,33.15,31.36,3.86
399006.SZ,2025/5/15,5754177719278.0,4549944300660.0,1.47333E+11,1.17288E+11,84535275635,1.88,2.61,32.55,30.79,3.79
399006.SZ,2025/5/16,5738174868545.0,4539838882260.0,1.47333E+11,1.17289E+11,84535806644,1.55,2.15,32.46,30.71,3.78
399006.SZ,2025/5/19,5726224208066.0,4527655141321.0,1.47333E+11,1.1729E+11,84536706644,1.32,1.84,32.39,30.64,3.77
399006.SZ,2025/5/20,5795260796231.0,4564992307049.0,1.47469E+11,1.1729E+11,84536708149,1.62,2.24,32.78,31.01,3.82
399006.SZ,2025/5/21,5843147110552.0,4606512557518.0,1.47487E+11,1.17306E+11,84552911474,1.43,1.98,33.05,31.27,3.77
399006.SZ,2025/5/22,5787419888520.0,4565120161994.0,1.47558E+11,1.1736E+11,84602297268,1.5,2.08,32.74,30.97,3.73
399006.SZ,2025/5/23,5733224105203.0,4519267740780.0,1.47584E+11,1.17368E+11,84609927637,1.69,2.35,32.43,30.68,3.7
399006.SZ,2025/5/26,5680648661082.0,4475635801383.0,1.47604E+11,1.17371E+11,84613114500,1.31,1.82,32.13,30.4,3.67
399006.SZ,2025/5/27,5649046357201.0,4449015459318.0,1.47603E+11,1.17388E+11,84630335265,1.13,1.57,31.95,30.23,3.65
399006.SZ,2025/5/28,5628817504241.0,4437186574022.0,1.47887E+11,1.17641E+11,84883492427,1.1,1.53,31.84,30.12,3.64
399006.SZ,2025/5/29,5704607700668.0,4496087915220.0,1.47887E+11,1.17641E+11,84883504615,1.52,2.1,32.27,30.53,3.69
399006.SZ,2025/5/30,5643952353364.0,4449965847796.0,1.47894E+11,1.1764E+11,84881779558,1.43,1.98,31.93,30.2,3.66
399006.SZ,2025/6/3,5678355450853.0,4475578091069.0,1.47894E+11,1.1764E+11,84881779558,1.42,1.96,32.12,30.39,3.68
399006.SZ,2025/6/4,5728664388600.0,4518984931026.0,1.47894E+11,1.17647E+11,84921088266,1.67,2.31,32.4,30.66,3.72
399006.SZ,2025/6/5,5791014263509.0,4574595210189.0,1.47894E+11,1.17647E+11,84921088266,1.91,2.65,32.76,30.99,3.76
399006.SZ,2025/6/6,5778150641976.0,4560614346284.0,1.47895E+11,1.17648E+11,84922124266,1.47,2.04,32.68,30.92,3.75
399006.SZ,2025/6/9,5834101762665.0,4602363388227.0,1.48121E+11,1.17874E+11,85141755918,2.09,2.89,33,31.22,3.79
399006.SZ,2025/6/10,5763539490902.0,4552093196453.0,1.48132E+11,1.17884E+11,85160113940,2.1,2.9,32.6,30.84,3.74
399006.SZ,2025/6/11,5829635884983.0,4606691632977.0,1.48139E+11,1.17889E+11,85190127200,1.94,2.68,32.98,31.2,3.79
399006.SZ,2025/6/12,5840835634824.0,4618738848014.0,1.48139E+11,1.17889E+11,85190267200,2.06,2.85,33.04,31.26,3.8
399006.SZ,2025/6/13,5792089534343.0,4568600031577.0,1.4814E+11,1.17891E+11,85192772209,2.33,3.22,32.76,30.99,3.77
399006.SZ,2025/6/16,5956638919064.0,4658764767744.0,1.50619E+11,1.19655E+11,87205994515,1.99,2.72,32.91,31.17,3.89
399006.SZ,2025/6/17,5927903212013.0,4637090686081.0,1.50619E+11,1.19655E+11,87167951771,2.05,2.81,32.76,31.02,3.88
399006.SZ,2025/6/18,5942349980966.0,4644209382644.0,1.5062E+11,1.19655E+11,87168916039,1.76,2.41,32.83,31.1,3.89
399006.SZ,2025/6/19,5856256696364.0,4580800205692.0,1.5062E+11,1.19655E+11,87168916039,1.79,2.46,32.36,30.65,3.84
399006.SZ,2025/6/20,5804380356952.0,4542257615681.0,1.50986E+11,1.19976E+11,87442224240,1.51,2.07,32.07,30.38,3.8
399006.SZ,2025/6/23,5825072429742.0,4555351724901.0,1.50988E+11,1.19978E+11,87444257772,1.56,2.14,32.19,30.49,3.82
399006.SZ,2025/6/24,5944172587590.0,4655289453180.0,1.50991E+11,1.19981E+11,87446910380,2.43,3.33,32.85,31.11,3.9
399006.SZ,2025/6/25,6116196794602.0,4791871018493.0,1.50991E+11,1.19981E+11,87454958323,3.4,4.66,33.8,32.01,4.01
399006.SZ,2025/6/26,6075766479242.0,4761033136274.0,1.50991E+11,1.19981E+11,87454958323,2.96,4.07,33.57,31.8,3.99
399006.SZ,2025/6/27,6097132409232.0,4779687803902.0,1.50991E+11,1.19981E+11,87454958323,2.79,3.83,33.69,31.91,4
399006.SZ,2025/6/30,6183826557783.0,4841530477884.0,1.50991E+11,1.19981E+11,87454958323,2.49,3.42,34.17,32.36,4.06
399006.SZ,2025/7/1,6165094654420.0,4832150115294.0,1.50991E+11,1.19981E+11,87454958323,2.04,2.79,34.07,32.27,4.05
399006.SZ,2025/7/2,6094328334893.0,4788820136388.0,1.51001E+11,1.20727E+11,87454958323,1.83,2.53,33.67,31.89,4
399006.SZ,2025/7/3,6204484087609.0,4885036534196.0,1.51001E+11,1.20741E+11,88214895379,1.95,2.67,34.28,32.47,4.07
399006.SZ,2025/7/4,6186405847004.0,4869526032963.0,1.51E+11,1.20742E+11,88216261847,2.29,3.14,34.18,32.38,4.06
399006.SZ,2025/7/7,6111645769323.0,4806067337786.0,1.51E+11,1.20742E+11,88216261847,1.57,2.14,33.77,31.99,4.01
399006.SZ,2025/7/8,6240181247896.0,4912624690196.0,1.51E+11,1.20741E+11,88184744740,2.27,3.1,34.48,32.66,4.1
399006.SZ,2025/7/9,6251222950591.0,4922248966879.0,1.51E+11,1.20741E+11,88082109687,2.08,2.85,34.54,32.72,4.11
399006.SZ,2025/7/10,6265931459465.0,4933184475130.0,1.51301E+11,1.20737E+11,88122115450,2.08,2.85,34.62,32.79,4.1
399006.SZ,2025/7/11,6316789278594.0,4971599570793.0,1.513E+11,1.20736E+11,88148291844,3.06,4.2,34.9,33.06,4.14
399006.SZ,2025/7/14,6284703854977.0,4949322533615.0,1.51213E+11,1.20736E+11,88151238385,2.07,2.84,34.73,32.89,4.12
399006.SZ,2025/7/15,6362066876323.0,5023212844465.0,1.51216E+11,1.20739E+11,88157641575,2.6,3.55,35.15,33.3,4.17
399006.SZ,2025/7/16,6346079045144.0,5005451918480.0,1.51217E+11,1.2074E+11,88159221475,2.33,3.19,35.07,33.21,4.16
399006.SZ,2025/7/17,6447344813091.0,5089510875784.0,1.51217E+11,1.2074E+11,88159221475,2.4,3.29,35.63,33.74,4.22
399006.SZ,2025/7/18,6475722395138.0,5113281641913.0,1.51217E+11,1.2074E+11,88159221475,2.21,3.03,35.78,33.89,4.24
399006.SZ,2025/7/21,6531371762210.0,5160407380081.0,1.51217E+11,1.2074E+11,88164057774,2.39,3.27,36.09,34.18,4.28
399006.SZ,2025/7/22,6569598684275.0,5193098448638.0,1.5123E+11,1.2074E+11,88163531383,2.65,3.63,36.3,34.38,4.3
399006.SZ,2025/7/23,6570909459931.0,5193939625518.0,1.5123E+11,1.2074E+11,88164087584,2.83,3.88,36.31,34.39,4.3
399006.SZ,2025/7/24,6666654958672.0,5267836009033.0,1.5123E+11,1.2074E+11,88166063959,3.22,4.42,36.84,34.89,4.37
399006.SZ,2025/7/25,6651376124829.0,5255295188585.0,1.5123E+11,1.2074E+11,88166063959,2.89,3.95,36.75,34.81,4.36
399006.SZ,2025/7/28,6703230668433.0,5303634784357.0,1.5123E+11,1.2074E+11,88170371863,2.48,3.39,37.04,35.08,4.39
399006.SZ,2025/7/29,6817879290493.0,5430563437364.0,1.5123E+11,1.21021E+11,88170371863,2.72,3.73,37.67,35.68,4.47
399006.SZ,2025/7/30,6708020367571.0,5345213544998.0,1.5123E+11,1.21021E+11,88192913463,2.91,4,37.07,35.11,4.39
399006.SZ,2025/7/31,6587486351164.0,5340946531463.0,1.51229E+11,1.2137E+11,88192948872,3.44,4.73,36.4,33.72,4.27
399006.SZ,2025/8/1,6567432898636.0,5325065297647.0,1.51235E+11,1.21376E+11,88203958100,2.76,3.8,36.29,33.62,4.26
399006.SZ,2025/8/4,6601229715586.0,5351092598857.0,1.51235E+11,1.21375E+11,88203233547,2.4,3.31,36.48,33.79,4.28
399006.SZ,2025/8/5,6625109975738.0,5384572817060.0,1.5124E+11,1.21535E+11,88233099359,2.3,3.17,36.61,33.91,4.3
399006.SZ,2025/8/6,6673754020584.0,5418964008588.0,1.51279E+11,1.21535E+11,88238540928,2.39,3.29,36.88,34.16,4.33
399006.SZ,2025/8/7,6631304738609.0,5387319834405.0,1.5128E+11,1.21596E+11,88300629949,2.56,3.52,36.64,33.95,4.3
399006.SZ,2025/8/8,6602997792627.0,5415825820968.0,1.5128E+11,1.22611E+11,88302991425,2.37,3.29,36.49,33.79,4.28
399006.SZ,2025/8/11,6724852118164.0,5512098715647.0,1.51281E+11,1.22612E+11,88308816149,2.71,3.76,37.16,34.43,4.36
399006.SZ,2025/8/12,6795089727709.0,5572146868220.0,1.51281E+11,1.22612E+11,88308816149,2.65,3.68,37.55,34.76,4.4
399006.SZ,2025/8/13,7003970823131.0,5760164058226.0,1.51281E+11,1.22612E+11,88308816149,3.47,4.82,38.7,35.73,4.53
399006.SZ,2025/8/14,6936722373471.0,5705359116335.0,1.51281E+11,1.22612E+11,88308816169,3.43,4.76,38.33,35.39,4.49
399006.SZ,2025/8/15,7103500801547.0,5837143625406.0,1.51276E+11,1.22611E+11,88318492669,4.12,5.72,39.25,36.21,4.6
399006.SZ,2025/8/18,7302149405151.0,5993338756024.0,1.51276E+11,1.22611E+11,88318492294,5.22,7.25,40.35,37.1,4.71
399006.SZ,2025/8/19,7274848111390.0,5976116246514.0,1.51276E+11,1.22666E+11,88373198030,3.9,5.41,40.2,37.35,4.7
399006.SZ,2025/8/20,7307372122998.0,5999619355980.0,1.51276E+11,1.22666E+11,88380209185,3.39,4.71,40.38,37.49,4.73
399006.SZ,2025/8/21,7289253471910.0,5983522526159.0,1.51276E+11,1.22666E+11,88380209185,3.16,4.39,40.28,37.4,4.72
399006.SZ,2025/8/22,7533190565780.0,6175300933057.0,1.51277E+11,1.22668E+11,88380511215,4.17,5.79,41.63,38.86,4.86
399006.SZ,2025/8/25,7729866523692.0,6346393593067.0,1.51277E+11,1.22668E+11,88387178042,5.13,7.12,42.71,40.08,4.98
399006.SZ,2025/8/26,7683369677215.0,6312361749285.0,1.51277E+11,1.22646E+11,88360908130,3.96,5.49,42.46,39.24,4.92
399006.SZ,2025/8/27,7614207433149.0,6257541457794.0,1.51283E+11,1.22676E+11,88382150611,5.19,7.21,42.07,38.55,4.85
399006.SZ,2025/8/28,7838544760920.0,6467139783630.0,1.51284E+11,1.22613E+11,88399127186,4.58,6.35,43.31,40.17,4.98
399006.SZ,2025/8/29,8029265228143.0,6624131884936.0,1.51284E+11,1.22613E+11,87728248147,4.44,6.21,44.37,41.01,5.09
399006.SZ,2025/9/1,8196081814718.0,6765398718782.0,1.51284E+11,1.22613E+11,87764264290,3.99,5.57,45.29,41.87,5.2
399006.SZ,2025/9/2,7976672287441.0,6579090696736.0,1.51276E+11,1.22606E+11,87756793093,4.39,6.13,44.08,40.75,5.06
399006.SZ,2025/9/3,7989930759198.0,6630507768861.0,1.51276E+11,1.22606E+11,87756793093,3.82,5.34,44.15,40.81,5.07
399006.SZ,2025/9/4,7685669624938.0,6373967790731.0,1.51277E+11,1.22606E+11,87757130840,4.32,6.04,42.47,39.26,4.87
399006.SZ,2025/9/5,8140638770961.0,6778664113887.0,1.51277E+11,1.22606E+11,87772741727,4.04,5.64,44.98,41.58,5.17
399006.SZ,2025/9/8,8105798568557.0,6742129999148.0,1.51277E+11,1.22607E+11,87773117202,4.17,5.82,44.79,41.41,5.14
399006.SZ,2025/9/9,7928739614571.0,6588586767597.0,1.51277E+11,1.22607E+11,87796141023,3.15,4.4,43.81,40.5,5.03
399006.SZ,2025/9/10,7999432172252.0,6656501506491.0,1.51277E+11,1.22607E+11,87797375393,3,4.19,44.2,40.86,5.08
399006.SZ,2025/9/11,8356024273057.0,6971151561494.0,1.51277E+11,1.22607E+11,87799690326,4.11,5.74,46.17,42.68,5.31
399006.SZ,2025/9/12,8284030136799.0,6906980038028.0,1.51274E+11,1.22603E+11,87796282292,3.74,5.22,45.77,42.32,5.26
399006.SZ,2025/9/15,8420126943717.0,7027452878494.0,1.51274E+11,1.22603E+11,87795617792,3.52,4.92,46.53,43.01,5.35
399006.SZ,2025/9/16,8465399017039.0,7077992653785.0,1.51278E+11,1.2271E+11,87809458608,3.58,5,46.78,43.24,5.38
399006.SZ,2025/9/17,8637698671130.0,7247499136211.0,1.51332E+11,1.23171E+11,87873556295,3.74,5.25,47.73,44.12,5.49
399006.SZ,2025/9/18,8498985278892.0,7128663050453.0,1.51333E+11,1.23171E+11,87877383334,4.75,6.66,46.96,43.41,5.4
399006.SZ,2025/9/19,8496600950749.0,7123799680021.0,1.51333E+11,1.23171E+11,87897436434,3.28,4.6,46.95,43.4,5.4
399006.SZ,2025/9/22,8545175801949.0,7170836883000.0,1.51333E+11,1.23171E+11,87897647465,2.95,4.13,47.22,43.65,5.43
399006.SZ,2025/9/23,8539162457637.0,7176750030117.0,1.51335E+11,1.23174E+11,87897647465,3.74,5.23,47.18,43.62,5.43
399006.SZ,2025/9/24,8732769551650.0,7334598379369.0,1.51349E+11,1.23188E+11,87934353721,3.7,5.18,48.25,44.61,5.55
399006.SZ,2025/9/25,8863580902488.0,7450644774010.0,1.51349E+11,1.23188E+11,87945575849,3.72,5.21,48.98,45.28,5.64
399006.SZ,2025/9/26,8646622305037.0,7251580527093.0,1.5135E+11,1.23189E+11,87947665736,3.02,4.23,47.78,44.17,5.5
399006.SZ,2025/9/29,8861397772722.0,7440341725932.0,1.5135E+11,1.23189E+11,87997530736,3.58,5.01,48.96,45.27,5.64
399006.SZ,2025/9/30,8896226060800.0,7462798772721.0,1.51351E+11,1.23184E+11,87997918349,3.27,4.57,49.16,45.44,5.66
399006.SZ,2025/10/9,8972716322562.0,7527996130605.0,1.51352E+11,1.23185E+11,87998617449,3.94,5.51,49.58,45.83,5.71
399006.SZ,2025/10/10,8580968031463.0,7180373878875.0,1.51352E+11,1.2321E+11,88038172343,3.65,5.12,47.41,43.83,5.46
399006.SZ,2025/10/13,8485943872066.0,7098547737424.0,1.51352E+11,1.2321E+11,88038183504,3.3,4.62,46.89,43.35,5.4
399006.SZ,2025/10/14,8168257345726.0,6822350622445.0,1.51352E+11,1.2321E+11,88038193973,3.32,4.65,45.13,41.73,5.2
399006.SZ,2025/10/15,8343609840169.0,6978079608649.0,1.51353E+11,1.23211E+11,88038193973,2.64,3.7,46.1,42.63,5.31
399006.SZ,2025/10/16,8368782024635.0,6993476549505.0,1.51354E+11,1.23211E+11,88044612656,2.53,3.54,46.24,42.76,5.33
399006.SZ,2025/10/17,8091888911917.0,6764070260838.0,1.51354E+11,1.23216E+11,88049598607,2.48,3.47,44.71,41.35,5.15
399006.SZ,2025/10/20,8234643977447.0,6891552130928.0,1.51362E+11,1.23216E+11,88049598607,2.07,2.9,45.5,42.05,5.24
399006.SZ,2025/10/21,8446378094447.0,7084075553819.0,1.51364E+11,1.23219E+11,88051741007,2.29,3.2,46.67,41.94,5.3
399006.SZ,2025/10/22,8371800949316.0,7032008341753.0,1.51364E+11,1.23219E+11,88061794462,1.8,2.52,46.26,42.27,5.24
399006.SZ,2025/10/23,8385012649757.0,7041742619156.0,1.51364E+11,1.23219E+11,88079978420,1.92,2.69,46.33,42.26,5.25
399006.SZ,2025/10/24,8649468051928.0,7277464776532.0,1.51371E+11,1.23226E+11,88091312190,2.41,3.37,47.79,43.51,5.39
399006.SZ,2025/10/27,8802707167966.0,7408747831254.0,1.51371E+11,1.23226E+11,88361641620,2.99,4.17,48.64,43.99,5.47
399006.SZ,2025/10/28,8791776313420.0,7394005927839.0,1.5137E+11,1.23226E+11,88310519269,2.55,3.56,48.58,43.93,5.44
399006.SZ,2025/10/29,9037501508801.0,7603541190607.0,1.51377E+11,1.23227E+11,88292890926,3.02,4.21,49.94,44.45,5.56
399006.SZ,2025/10/30,8883713305602.0,7472306404034.0,1.51377E+11,1.23227E+11,88339522300,3.58,4.99,49.09,42.39,5.42
399006.SZ,2025/10/31,8712887776759.0,7308780657929.0,1.51377E+11,1.23227E+11,88339545368,3.47,4.83,48.14,41.11,5.3
399006.SZ,2025/11/3,8730585523095.0,7322504263454.0,1.5134E+11,1.23188E+11,88302587400,3.15,4.39,48.24,41.19,5.32
399006.SZ,2025/11/4,8552608280737.0,7175077173365.0,1.5134E+11,1.23188E+11,88302587400,2.64,3.69,47.26,40.35,5.21
399006.SZ,2025/11/5,8631941407827.0,7244487346738.0,1.5134E+11,1.23188E+11,88302587400,2.62,3.66,47.7,40.72,5.26
399006.SZ,2025/11/6,8781560339050.0,7376916023770.0,1.5134E+11,1.23195E+11,88349743398,2.67,3.72,48.52,41.43,5.35
399006.SZ,2025/11/7,,,,,,2.51,,48.34,41.27,5.33
399006.SZ,2025/11/10,,,,,,2.85,,48.01,40.99,5.3
399006.SZ,2025/11/11,,,,,,2.47,,47.44,40.51,5.23
399006.SZ,2025/11/12,,,,,,2.33,,47.24,40.33,5.22
399006.SZ,2025/11/13,,,,,,2.54,,48.48,41.39,5.35
399006.SZ,2025/11/14,,,,,,2.41,,47.19,40.29,5.21
399006.SZ,2025/11/17,,,,,,2.61,,47.03,40.16,5.18
399006.SZ,2025/11/18,,,,,,2.83,,46.44,39.65,5.12
399006.SZ,2025/11/19,,,,,,2.28,,46.52,39.72,5.13
399006.SZ,2025/11/20,,,,,,2.2,,45.91,39.2,5.06
399006.SZ,2025/11/21,,,,,,2.96,,44.18,37.72,4.87
399006.SZ,2025/11/24,,,,,,2.9,,44.36,37.88,4.89
399006.SZ,2025/11/25,,,,,,3.06,,45.02,38.43,4.96
399006.SZ,2025/11/26,,,,,,2.75,,45.74,39.05,5.04
399006.SZ,2025/11/27,,,,,,2.43,,45.57,38.9,5.02
399006.SZ,2025/11/28,,,,,,2.29,,45.92,39.2,5.06
399006.SZ,2025/12/1,,,,,,2.72,,46.52,39.72,5.12
399006.SZ,2025/12/2,,,,,,2.31,,46.16,39.41,5.08
399006.SZ,2025/12/3,,,,,,2.19,,45.63,38.96,5.02
399006.SZ,2025/12/4,,,,,,1.96,,46.04,39.3,5.06
399006.SZ,2025/12/5,,,,,,2.35,,46.64,39.82,5.13
399006.SZ,2025/12/8,,,,,,2.78,,47.74,40.76,5.25
399006.SZ,2025/12/9,,,,,,2.26,,47.9,40.9,5.27
399006.SZ,2025/12/10,,,,,,2.05,,47.86,40.86,5.26
399006.SZ,2025/12/11,,,,,,2.34,,47.29,40.37,5.2
399006.SZ,2025/12/12,,,,,,2.66,,47.72,40.74,5.25
399006.SZ,2025/12/15,,,,,,2.15,,47.52,40.04,5.38
399006.SZ,2025/12/16,,,,,,2.04,,46.6,39.26,5.28
399006.SZ,2025/12/17,,,,,,2.41,,48.08,40.51,5.45
399006.SZ,2025/12/18,,,,,,2.08,,47.1,39.69,5.34
399006.SZ,2025/12/19,,,,,,2.05,,47.33,39.87,5.36
399006.SZ,2025/12/22,,,,,,2.14,,48.2,40.61,5.46
399006.SZ,2025/12/23,,,,,,2.07,,48.4,40.78,5.49
399006.SZ,2025/12/24,,,,,,2.18,,48.75,41.08,5.53
399006.SZ,2025/12/25,,,,,,2.34,,48.92,41.21,5.55
399006.SZ,2025/12/26,,,,,,2.67,,48.98,41.27,5.56
399006.SZ,2025/12/29,,,,,,2.52,,48.71,41.04,5.52
399006.SZ,2025/12/30,,,,,,3.03,,48.94,41.24,5.55
399006.SZ,2025/12/31,,,,,,3,,48.4,40.77,5.49
399006.SZ,2026/1/5,,,,,,4.28,,49.81,41.96,5.65
399006.SZ,2026/1/6,,,,,,4.83,,50.28,42.36,5.7
399006.SZ,2026/1/7,,,,,,4.27,,50.4,42.46,5.72
399006.SZ,2026/1/8,,,,,,3.99,,50.05,42.17,5.68
399006.SZ,2026/1/9,,,,,,4.89,,50.58,42.62,5.74
399006.SZ,2026/1/12,,,,,,6.13,,51.54,43.42,5.85
399006.SZ,2026/1/13,,,,,,6.12,,50.49,42.54,5.73
399006.SZ,2026/1/14,,,,,,6.44,,50.91,42.89,5.77
399006.SZ,2026/1/15,,,,,,4.68,,51.1,43.05,5.8
399006.SZ,2026/1/16,,,,,,4.5,,51.06,43.02,5.79
399006.SZ,2026/1/19,,,,,,3.41,,50.66,42.68,5.75
399006.SZ,2026/1/20,,,,,,3.57,,49.85,42,5.66
399006.SZ,2026/1/21,,,,,,3.13,,50.11,42.22,5.69
399006.SZ,2026/1/22,,,,,,3.12,,50.52,42.56,5.73
399006.SZ,2026/1/23,,,,,,4.05,,51.01,42.98,5.78
399006.SZ,2026/1/26,,,,,,4.87,,50.51,42.56,5.73
399006.SZ,2026/1/27,,,,,,4.13,,50.79,42.8,5.76
399006.SZ,2026/1/28,,,,,,4.21,,50.5,42.54,5.73
399006.SZ,2026/1/29,,,,,,4.88,,50.23,42.31,5.69
399006.SZ,2026/1/30,,,,,,4.24,,50.63,42.65,5.74
399006.SZ,2026/2/2,,,,,,3.85,,49.35,41.62,5.6
399006.SZ,2026/2/3,,,,,,3.75,,50.33,42.44,5.71
399006.SZ,2026/2/4,,,,,,3.91,,50.34,42.45,5.71
399006.SZ,2026/2/5,,,,,,3.55,,49.62,41.84,5.63
399006.SZ,2026/2/6,,,,,,3.26,,49.3,41.57,5.59
399006.SZ,2026/2/9,,,,,,3.55,,50.64,42.7,5.73
399006.SZ,2026/2/10,,,,,,3.51,,50.46,42.55,5.71
399006.SZ,2026/2/11,,,,,,3.3,,50.04,42.18,5.66
399006.SZ,2026/2/12,,,,,,3.49,,50.71,42.74,5.72
399006.SZ,2026/2/13,,,,,,3.08,,49.98,42.12,5.64
399006.SZ,2026/2/24,,,,,,3.17,,50.43,42.5,5.69
399006.SZ,2026/2/25,,,,,,3.32,,51.04,43.59,5.76
399006.SZ,2026/2/26,,,,,,3.33,,50.92,43.49,5.74
399006.SZ,2026/2/27,,,,,,3.31,,50.49,43.32,5.69
399006.SZ,2026/3/2,,,,,,3.52,,50.13,42.56,5.63
399006.SZ,2026/3/3,,,,,,3.65,,48.81,41.45,5.48
399006.SZ,2026/3/4,,,,,,2.46,,48.25,40.97,5.42
399006.SZ,2026/3/5,,,,,,2.48,,48.9,41.52,5.49
399006.SZ,2026/3/6,,,,,,2.12,,49.12,41.71,5.52
399006.SZ,2026/3/9,,,,,,3.14,,48.89,41.52,5.49
399006.SZ,2026/3/10,,,,,,2.97,,44.69,40.97,5.56
399006.SZ,2026/3/11,,,,,,2.96,,45.28,41.54,5.63
399006.SZ,2026/3/12,,,,,,2.72,,44.9,41.2,5.59
399006.SZ,2026/3/13,,,,,,2.64,,44.08,40.94,5.56
399006.SZ,2026/3/16,,,,,,2.45,,44.64,41.47,5.63
399006.SZ,2026/3/17,,,,,,2.52,,43.65,40.55,5.52
399006.SZ,2026/3/18,,,,,,2.31,,44.15,41.16,5.61
399006.SZ,2026/3/19,,,,,,2.56,,43.61,40.66,5.54
399006.SZ,2026/3/20,,,,,,3.18,,43.64,41.18,5.58
399006.SZ,2026/3/23,,,,,,3.2,,42.09,39.72,5.39
399006.SZ,2026/3/24,,,,,,2.49,,42.28,39.94,5.42
399006.SZ,2026/3/25,,,,,,2.78,,43.11,40.73,5.52
399006.SZ,2026/3/26,,,,,,2.42,,42.48,40.19,5.45
399006.SZ,2026/3/27,,,,,,2.34,,42.82,40.56,5.5
399006.SZ,2026/3/30,,,,,,2.2,,42.34,40.18,5.45
399006.SZ,2026/3/31,,,,,,2.54,,40.35,38.92,5.3
