ts_code,trade_date,close,open,high,low,pre_close,change,pct_chg,vol,amount
000688.SH,2019/12/31,1000,,,,,,,1516205.33,6818057.448
000688.SH,2020/1/2,1019.7234,1005.6174,1019.9098,1005.6174,1000,19.7234,1.9723,1659069.87,6628098.273
000688.SH,2020/1/3,1024.4819,1021.6693,1029.0713,1018.6813,1019.7234,4.7585,0.4666,1661490.31,7215680.285
000688.SH,2020/1/6,1027.2773,1019.9989,1040.1404,1019.9989,1024.4819,2.7954,0.2729,1843350.92,7785230.597
000688.SH,2020/1/7,1043.0833,1025.6627,1043.0833,1019.8577,1027.2773,15.806,1.5386,1874966.02,7824109.737
000688.SH,2020/1/8,1051.1599,1035.8362,1059.4361,1034.5129,1043.0833,8.0766,0.7743,2379123.51,9283811.058
000688.SH,2020/1/9,1078.3117,1060.5802,1081.4038,1060.5802,1051.1599,27.1518,2.583,2113303.02,9047930.508
000688.SH,2020/1/10,1076.4379,1082.3097,1088.5431,1076.4379,1078.3117,-1.8738,-0.1738,1903194.03,7787337.318
000688.SH,2020/1/13,1105.8481,1076.7616,1105.8481,1069.7789,1076.4379,29.4102,2.7322,1859663.16,8449429.728
000688.SH,2020/1/14,1118.3063,1107.7757,1133.8986,1107.7757,1105.8481,12.4582,1.1266,2453502.28,11060374.84
000688.SH,2020/1/15,1114.7655,1113.2521,1120.3455,1105.5754,1118.3063,-3.5408,-0.3166,1799323.86,8265923.477
000688.SH,2020/1/16,1154.3028,1116.5084,1161.4769,1116.5084,1114.7655,39.5373,3.5467,2243416.7,11388100.11
000688.SH,2020/1/17,1238.6638,1159.372,1252.5561,1159.372,1154.3028,84.361,7.3084,4408889.69,18725517.41
000688.SH,2020/1/20,1240.5094,1239.4391,1270.3586,1208.6903,1238.6638,1.8456,0.149,3681522.83,17376827.19
000688.SH,2020/1/21,1195.0142,1233.6459,1247.8409,1194.7968,1240.5094,-45.4952,-3.6675,2747565.49,12983279.92
000688.SH,2020/1/22,1244.5246,1178.7835,1247.6097,1157.2903,1195.0142,49.5104,4.1431,3421028.13,15527910.99
000688.SH,2020/1/23,1202.1022,1219.2328,1262.4357,1177.0936,1244.5246,-42.4224,-3.4087,2735159.4,13936206.91
000688.SH,2020/2/3,1030.5503,1018.276,1082.7892,1015.5965,1202.1022,-171.5519,-14.271,3860472.6,13831764.69
000688.SH,2020/2/4,1153.2316,1049.9556,1153.2316,1049.9556,1030.5503,122.6813,11.9044,3479659.65,14520888.77
000688.SH,2020/2/5,1203.6128,1166.9733,1240.3675,1166.9733,1153.2316,50.3812,4.3687,3920359.99,18401592.18
000688.SH,2020/2/6,1238.7573,1191.7314,1251.8427,1191.7314,1203.6128,35.1445,2.9199,3684341.13,16491387.79
000688.SH,2020/2/7,1307.7568,1240.0377,1307.7568,1234.2337,1238.7573,68.9995,5.5701,3745513.41,19219459.16
000688.SH,2020/2/10,1322.2502,1310.5262,1336.5258,1293.4299,1307.7568,14.4934,1.1083,4394873.78,19523425.34
000688.SH,2020/2/11,1283.5724,1318.4202,1318.4202,1266.2142,1322.2502,-38.6778,-2.9251,3304646.13,15492726.27
000688.SH,2020/2/12,1348.7019,1274.7963,1360.549,1274.7963,1283.5724,65.1295,5.0741,3113607.71,15957362.76
000688.SH,2020/2/13,1360.7094,1360.1289,1409.6835,1353.0449,1348.7019,12.0075,0.8903,3998880.22,19990465.21
000688.SH,2020/2/14,1327.224,1359.3728,1382.9554,1305.9737,1360.7094,-33.4854,-2.4609,3537072.54,18395886.98
000688.SH,2020/2/17,1381.5532,1332.9652,1381.5532,1332.9652,1327.224,54.3292,4.0934,3279010.95,16481541.07
000688.SH,2020/2/18,1399.3841,1381.583,1404.7123,1372.5255,1381.5532,17.8309,1.2906,3235240.83,17009185.52
000688.SH,2020/2/19,1373.4439,1398.7812,1412.1691,1373.4439,1399.3841,-25.9402,-1.8537,3209051.08,17051637.96
000688.SH,2020/2/20,1348.3377,1377.7562,1390.0194,1321.7335,1373.4439,-25.1062,-1.828,2829190.53,15484251.65
000688.SH,2020/2/21,1346.8628,1337.5566,1373.6669,1337.5566,1348.3377,-1.4749,-0.1094,2419279.63,13208498.51
000688.SH,2020/2/24,1351.7098,1341.9878,1359.2267,1328.7467,1346.8628,4.847,0.3599,2511362.26,13148865.97
000688.SH,2020/2/25,1367.3683,1312.4786,1371.5759,1312.4786,1351.7098,15.6585,1.1584,2923589.49,15501977.44
000688.SH,2020/2/26,1288.2418,1348.075,1361.0063,1286.3453,1367.3683,-79.1265,-5.7868,3155495.37,14515183.21
000688.SH,2020/2/27,1264.9407,1293.1869,1293.1869,1251.4512,1288.2418,-23.3011,-1.8088,2182398.27,11667511.43
000688.SH,2020/2/28,1191.0548,1206.858,1231.0944,1187.0962,1264.9407,-73.8859,-5.8411,2606738.72,12180761.86
000688.SH,2020/3/2,1252.6243,1202.9589,1259.0764,1194.9372,1191.0548,61.5695,5.1693,2928260.72,11022344.72
000688.SH,2020/3/3,1285.0342,1278.2685,1332.8353,1272.0626,1252.6243,32.4099,2.5874,2967961.36,12941359.93
000688.SH,2020/3/4,1255.7232,1268.834,1277.686,1226.8024,1285.0342,-29.311,-2.281,1932420.42,9442892.695
000688.SH,2020/3/5,1264.7876,1277.706,1277.706,1246.7144,1255.7232,9.0644,0.7218,2621459.59,9806183.651
000688.SH,2020/3/6,1243.3725,1246.0962,1255.074,1237.6234,1264.7876,-21.4151,-1.6932,1829908.2,7287132.969
000688.SH,2020/3/9,1171.8592,1216.0351,1223.2463,1171.8592,1243.3725,-71.5133,-5.7516,2345172.51,8987296.089
000688.SH,2020/3/10,1216.3284,1148.3965,1216.3284,1135.2091,1171.8592,44.4692,3.7948,2430773.26,10398062.24
000688.SH,2020/3/11,1184.7101,1218.5161,1233.4261,1184.7101,1216.3284,-31.6183,-2.5995,2842993.05,9308973.197
000688.SH,2020/3/12,1167.0649,1161.9219,1177.3596,1151.7852,1184.7101,-17.6452,-1.4894,1752732.09,6646928.17
000688.SH,2020/3/13,1175.2816,1103.9561,1187.7005,1103.9561,1167.0649,8.2167,0.704,2010674.15,9459329.517
000688.SH,2020/3/16,1115.0839,1188.0777,1200.4637,1115.0839,1175.2816,-60.1977,-5.122,1920521.79,8992664.583
000688.SH,2020/3/17,1131.5472,1132.9488,1141.3882,1079.8384,1115.0839,16.4633,1.4764,1712221.18,7690744.606
000688.SH,2020/3/18,1115.0188,1145.3023,1173.2342,1115.0188,1131.5472,-16.5284,-1.4607,1771201.22,8301751.051
000688.SH,2020/3/19,1128.9734,1116.2634,1133.6946,1091.24,1115.0188,13.9546,1.2515,1624408.73,7273032.357
000688.SH,2020/3/20,1127.3694,1140.0924,1148.09,1114.291,1128.9734,-1.604,-0.1421,1238238.48,5555484.285
000688.SH,2020/3/23,1039.8841,1092.501,1096.3995,1037.5282,1127.3694,-87.4853,-7.7601,1609856.05,6886642.06
000688.SH,2020/3/24,1060.8431,1067.0136,1071.3398,1020.2491,1039.8841,20.959,2.0155,1286895.86,5803358.536
000688.SH,2020/3/25,1101.3194,1097.3089,1110.0985,1094.1629,1060.8431,40.4763,3.8155,1489274.43,6260174.256
000688.SH,2020/3/26,1095.3381,1093.331,1111.4841,1091.0044,1101.3194,-5.9813,-0.5431,1061916.61,4676312.761
000688.SH,2020/3/27,1084.5054,1109.5416,1110.5368,1082.9317,1095.3381,-10.8327,-0.989,1314576.05,4535655.745
000688.SH,2020/3/30,1035.8273,1062.8986,1062.8986,1021.4988,1084.5054,-48.6781,-4.4885,1223683.63,5151621.007
000688.SH,2020/3/31,1029.7493,1048.7356,1055.2678,1027.2243,1035.8273,-6.078,-0.5868,906230.43,4134195.298
000688.SH,2020/4/1,1037.9274,1026.575,1060.7077,1026.575,1029.7493,8.1781,0.7942,980422.8,4531907.866
000688.SH,2020/4/2,1094.8263,1033.559,1094.8263,1033.559,1037.9274,56.8989,5.482,1101783.25,5452362.136
000688.SH,2020/4/3,1080.5303,1089.2419,1095.3112,1074.1858,1094.8263,-14.296,-1.3058,949516.58,4368826.025
000688.SH,2020/4/7,1111.6535,1109.6114,1117.7889,1108.7778,1080.5303,31.1232,2.8804,1114525.91,4752597.655
000688.SH,2020/4/8,1104.1448,1104.9553,1117.8064,1100.3095,1111.6535,-7.5087,-0.6755,898135.4,3924893.085
000688.SH,2020/4/9,1101.2814,1107.4743,1110.0596,1094.9236,1104.1448,-2.8634,-0.2593,821338.7,3750772.56
000688.SH,2020/4/10,1058.44,1100.368,1100.368,1054.3459,1101.2814,-42.8414,-3.8901,1009643.72,4640644.345
000688.SH,2020/4/13,1042.1452,1048.2062,1052.0055,1038.818,1058.44,-16.2948,-1.5395,676188.53,2983486.929
000688.SH,2020/4/14,1073.2172,1049.2117,1073.2172,1049.2117,1042.1452,31.072,2.9815,705676.12,3262577.915
000688.SH,2020/4/15,1088.203,1076.9412,1101.6743,1076.9412,1073.2172,14.9858,1.3963,818561.29,4430674.775
000688.SH,2020/4/16,1091.9326,1080.8726,1097.1977,1080.8726,1088.203,3.7296,0.3427,730030.11,3438563.229
000688.SH,2020/4/17,1117.07,1102.6574,1129.1195,1102.6574,1091.9326,25.1374,2.3021,1443511.18,6234092.396
000688.SH,2020/4/20,1133.361,1119.2585,1133.361,1115.7224,1117.07,16.291,1.4584,938727.71,4148926.505
000688.SH,2020/4/21,1119.2289,1127.6581,1127.6581,1108.476,1133.361,-14.1321,-1.2469,884065.6,3909891.757
000688.SH,2020/4/22,1135.8487,1108.6826,1135.8487,1108.6826,1119.2289,16.6198,1.4849,855650.78,4429069.712
000688.SH,2020/4/23,1149.7162,1140.8013,1157.8689,1140.5493,1135.8487,13.8675,1.2209,1188320.48,5579683.82
000688.SH,2020/4/24,1144.153,1148.5901,1155.5429,1139.3054,1149.7162,-5.5632,-0.4839,1290375.93,5571205.954
000688.SH,2020/4/27,1138.0998,1140.1939,1145.7475,1136.2336,1144.153,-6.0532,-0.5291,883700.33,4469893.081
000688.SH,2020/4/28,1113.5126,1130.6148,1130.6148,1037.26,1138.0998,-24.5872,-2.1604,1582965.96,7647923.318
000688.SH,2020/4/29,1102.6982,1105.6001,1125.193,1102.5717,1113.5126,-10.8144,-0.9712,899789.97,4744999.925
000688.SH,2020/4/30,1166.348,1107.4261,1171.7996,1107.4261,1102.6982,63.6498,5.7722,1387471.71,6889894.806
000688.SH,2020/5/6,1247.5125,1155.117,1252.7544,1155.117,1166.348,81.1645,6.9589,2171814.85,9893709.468
000688.SH,2020/5/7,1224.1045,1249.6362,1249.6362,1218.2383,1247.5125,-23.408,-1.8764,1619519.36,8120094.695
000688.SH,2020/5/8,1240.2455,1230.9069,1272.6249,1230.9069,1224.1045,16.141,1.3186,1440638.4,7757384.029
000688.SH,2020/5/11,1226.0614,1244.3032,1268.0773,1215.9698,1240.2455,-14.1841,-1.1437,1166807.49,6907605.969
000688.SH,2020/5/12,1233.5918,1222.3869,1233.6392,1203.1469,1226.0614,7.5304,0.6142,1083142.34,5982520.886
000688.SH,2020/5/13,1247.034,1227.7222,1252.5778,1227.7222,1233.5918,13.4422,1.0897,1098200.2,6131646.396
000688.SH,2020/5/14,1242.1685,1241.8444,1258.2535,1238.2297,1247.034,-4.8655,-0.3902,1277441.98,6509024.634
000688.SH,2020/5/15,1270.4805,1244.7412,1280.0498,1244.7412,1242.1685,28.312,2.2792,1286872.38,7866716.653
000688.SH,2020/5/18,1254.299,1279.2904,1279.2904,1253.3279,1270.4805,-16.1815,-1.2737,1517739.63,9566075.251
000688.SH,2020/5/19,1324.4176,1260.2208,1324.4176,1260.2208,1254.299,70.1186,5.5903,1484170.94,9656347.973
000688.SH,2020/5/20,1306.9976,1317.4035,1348.5767,1297.6731,1324.4176,-17.42,-1.3153,2016168.1,10510427.35
000688.SH,2020/5/21,1251.9308,1305.9116,1309.5049,1251.5228,1306.9976,-55.0668,-4.2132,1529176.71,8471500.381
000688.SH,2020/5/22,1230.6585,1247.6045,1258.3142,1208.8198,1251.9308,-21.2723,-1.6992,1334373.6,7132181.66
000688.SH,2020/5/25,1212.0871,1223.866,1227.5593,1205.7252,1230.6585,-18.5714,-1.5091,997245.88,5728130.544
000688.SH,2020/5/26,1272.6605,1217.6223,1272.9197,1217.6223,1212.0871,60.5734,4.9974,1436230.33,7630162.523
000688.SH,2020/5/27,1253.272,1271.4568,1281.2054,1251.0817,1272.6605,-19.3885,-1.5235,1472296.34,7307129.463
000688.SH,2020/5/28,1232.2199,1251.0592,1256.2175,1206.6174,1253.272,-21.0521,-1.6798,1270099.14,6818270.294
000688.SH,2020/5/29,1246.1109,1227.2003,1267.4265,1227.2003,1232.2199,13.891,1.1273,1258818.8,6399930.542
000688.SH,2020/6/1,1300.7411,1257.9659,1309.9596,1257.9659,1246.1109,54.6302,4.3841,1685506.36,8132469.971
000688.SH,2020/6/2,1305.6365,1305.7973,1312.5164,1294.2191,1300.7411,4.8954,0.3764,1603707.41,7868216.477
000688.SH,2020/6/3,1294.2802,1305.734,1314.1444,1293.595,1305.6365,-11.3563,-0.8698,1578917.95,8058759.613
000688.SH,2020/6/4,1299.8034,1295.155,1306.0673,1291.2077,1294.2802,5.5232,0.4267,1865732.06,8839019.342
000688.SH,2020/6/5,1297.3057,1300.2535,1307.8866,1292.0506,1299.8034,-2.4977,-0.1922,1597262.28,7942238.755
000688.SH,2020/6/8,1280.0526,1306.4968,1311.6822,1277.2889,1297.3057,-17.2531,-1.3299,1494183.46,7494594.48
000688.SH,2020/6/9,1278.5069,1277.4465,1278.8515,1269.1124,1280.0526,-1.5457,-0.1208,1202087.71,6203253.14
000688.SH,2020/6/10,1269.978,1278.0743,1278.0743,1265.1112,1278.5069,-8.5289,-0.6671,1074194.96,5630716.684
000688.SH,2020/6/11,1273.5896,1270.7235,1294.3397,1265.3776,1269.978,3.6116,0.2844,1309438.37,7450702.542
000688.SH,2020/6/12,1262.2901,1246.8028,1268.4599,1246.8028,1273.5896,-11.2995,-0.8872,1044287.96,5577966.199
000688.SH,2020/6/15,1249.9087,1262.4755,1271.9054,1249.5828,1262.2901,-12.3814,-0.9809,1225673.6,6469036.772
000688.SH,2020/6/16,1289.1346,1259.0858,1289.1346,1259.0858,1249.9087,39.2259,3.1383,1338497.68,6992847.317
000688.SH,2020/6/17,1291.1171,1291.0353,1299.7768,1280.5193,1289.1346,1.9825,0.1538,1513914.84,7454875.419
000688.SH,2020/6/18,1302.3711,1289.7652,1304.4857,1286.4731,1291.1171,11.254,0.8716,1393446.74,7219348.306
000688.SH,2020/6/19,1325.1466,1301.0208,1329.202,1301.0208,1302.3711,22.7755,1.7488,1229628.22,6788467.329
000688.SH,2020/6/22,1371.2069,1347.9423,1380.374,1347.9423,1325.1466,46.0603,3.4759,2034944.54,9865516.13
000688.SH,2020/6/23,1407.1925,1365.3292,1407.1925,1365.3292,1371.2069,35.9856,2.6244,1413524.99,8323992.18
000688.SH,2020/6/24,1424.2771,1408.5477,1432.9879,1406.8688,1407.1925,17.0846,1.2141,1894034.95,9630707.788
000688.SH,2020/6/29,1401.644,1415.911,1415.911,1393.7148,1424.2771,-22.6331,-1.5891,1577558.77,7827671.387
000688.SH,2020/6/30,1447.8856,1410.5773,1454.3065,1410.5773,1401.644,46.2416,3.2991,1559247.89,8641332.189
000688.SH,2020/7/1,1439.8778,1453.2515,1459.7705,1417.6017,1447.8856,-8.0078,-0.5531,1671002.56,9753076.02
000688.SH,2020/7/2,1437.0521,1439.0094,1452.745,1424.1484,1439.8778,-2.8257,-0.1962,1776616.87,9546541.482
000688.SH,2020/7/3,1438.5851,1435.0821,1441.0887,1408.0799,1437.0521,1.533,0.1067,1812360.89,9372061.461
000688.SH,2020/7/6,1538.402,1445.607,1547.1352,1444.6859,1438.5851,99.8169,6.9385,3517577.06,14861290.8
000688.SH,2020/7/7,1572.189,1550.2962,1617.5998,1550.2962,1538.402,33.787,2.1962,3576657.43,17742340.91
000688.SH,2020/7/8,1599.9053,1572.7764,1608.1927,1555.3059,1572.189,27.7163,1.7629,2528919.96,12947697.14
000688.SH,2020/7/9,1666.8502,1596.9839,1681.9061,1594.2555,1599.9053,66.9449,4.1843,3487582.04,16735280.74
000688.SH,2020/7/10,1654.8264,1653.5045,1682.6191,1633.1829,1666.8502,-12.0238,-0.7213,2748905.21,14754461.26
000688.SH,2020/7/13,1721.9764,1647.1828,1721.9764,1640.9838,1654.8264,67.15,4.0578,3048119.79,16286114.95
000688.SH,2020/7/14,1701.5824,1714.8712,1726.1926,1647.6415,1721.9764,-20.394,-1.1843,3482677.63,18263879.89
000688.SH,2020/7/15,1612.0349,1702.5807,1707.6328,1611.9106,1701.5824,-89.5475,-5.2626,2926989.54,15509341.33
000688.SH,2020/7/16,1469.7978,1606.4351,1612.3281,1460.64,1612.0349,-142.2371,-8.8235,2569123.29,13573675.18
000688.SH,2020/7/17,1443.3965,1475.4641,1495.9136,1425.6423,1469.7978,-26.4013,-1.7963,1546350.54,9095774.185
000688.SH,2020/7/20,1459.0339,1459.7843,1463.7069,1388.277,1443.3965,15.6374,1.0834,1732561.66,9322146.998
000688.SH,2020/7/21,1490.1714,1456.4868,1499.8536,1454.588,1459.0339,31.1375,2.1341,1642256.76,8408828.486
000688.SH,2020/7/22,1497.2305,1474.0151,1519.1222,1468.1118,1490.1714,7.0591,0.4737,3012607.84,14216005.14
000688.SH,2020/7/23,1494.1393,1487.1965,1512.4677,1459.7342,1497.2305,-3.0912,-0.2065,2324465.83,12261107.52
000688.SH,2020/7/24,1389.3051,1467.1027,1474.4601,1389.3051,1494.1393,-104.8342,-7.0164,3177586.82,13642531.05
000688.SH,2020/7/27,1374.5189,1396.4882,1403.1125,1361.9814,1389.3051,-14.7862,-1.0643,1579656.56,9262175.682
000688.SH,2020/7/28,1400.5353,1385.7933,1404.9026,1383.2842,1374.5189,26.0164,1.8928,1442737.62,8295218.412
000688.SH,2020/7/29,1476.9248,1400.9201,1476.9248,1395.9744,1400.5353,76.3895,5.4543,1950157.29,11783652.65
000688.SH,2020/7/30,1472.7914,1484.4299,1496.269,1467.7982,1476.9248,-4.1334,-0.2799,1706308.39,10357443.37
000688.SH,2020/7/31,1512.9764,1469.0996,1513.7613,1467.7757,1472.7914,40.185,2.7285,1718355.9,11213656.93
000688.SH,2020/8/3,1622.8132,1533.2272,1622.8132,1533.2272,1512.9764,109.8368,7.2597,2627404.74,16328057.37
000688.SH,2020/8/4,1566.0553,1620.7948,1628.138,1555.9031,1622.8132,-56.7579,-3.4975,2036275.56,13520445.48
000688.SH,2020/8/5,1588.6219,1592.3878,1597.4714,1556.6811,1566.0553,22.5666,1.441,1730971.26,11807486.82
000688.SH,2020/8/6,1573.869,1582.4745,1589.7518,1552.5356,1588.6219,-14.7529,-0.9287,1754448.78,11076026.53
000688.SH,2020/8/7,1526.8034,1561.8557,1568.5611,1492.2461,1573.869,-47.0656,-2.9904,1925968.09,11553917.17
000688.SH,2020/8/10,1535.5971,1520.1025,1555.6842,1507.2707,1526.8034,8.7937,0.576,1773991.38,10912846.85
000688.SH,2020/8/11,1491.8414,1531.6047,1539.8359,1490.8349,1535.5971,-43.7557,-2.8494,1613333.38,9243212.188
000688.SH,2020/8/12,1458.6425,1485.5571,1488.88,1422.7308,1491.8414,-33.1989,-2.2254,1724485.46,10245608.34
000688.SH,2020/8/13,1468.2291,1465.6044,1482.6307,1453.3811,1458.6425,9.5866,0.6572,1348561.42,7562335.762
000688.SH,2020/8/14,1484.0407,1466.795,1486.4016,1453.7359,1468.2291,15.8116,1.0769,1253298.96,7095342.345
000688.SH,2020/8/17,1496.4003,1486.8129,1501.2509,1471.9158,1484.0407,12.3596,0.8328,1652967.71,8864030.518
000688.SH,2020/8/18,1512.5092,1496.4213,1512.7557,1492.9592,1496.4003,16.1089,1.0765,1550875.09,8824709.276
000688.SH,2020/8/19,1472.0212,1516.9763,1517.8933,1470.344,1512.5092,-40.488,-2.6769,1683598.12,8960456.579
000688.SH,2020/8/20,1442.5793,1460.0349,1473.0528,1438.4556,1472.0212,-29.4419,-2.0001,1173351.5,6519855.225
000688.SH,2020/8/21,1447.7135,1447.8013,1467.9805,1443.5203,1442.5793,5.1342,0.3559,1208539.04,6655117.626
000688.SH,2020/8/24,1450.6667,1453.4923,1457.5771,1421.8894,1447.7135,2.9532,0.204,1197420.53,7208216.145
000688.SH,2020/8/25,1427.7048,1449.5374,1462.8962,1424.4151,1450.6667,-22.9619,-1.5829,1177618.81,6891861.661
000688.SH,2020/8/26,1383.305,1422.0026,1430.7877,1377.2066,1427.7048,-44.3998,-3.1099,1543257.11,8563638.347
000688.SH,2020/8/27,1417.5587,1389.9399,1429.955,1380.125,1383.305,34.2537,2.4762,1331965.18,7946587.122
000688.SH,2020/8/28,1413.6374,1415.6485,1416.8167,1393.8469,1417.5587,-3.9213,-0.2766,1301781.02,7933412.085
000688.SH,2020/8/31,1423.2355,1417.6635,1441.4578,1417.6578,1413.6374,9.5981,0.679,1464192.52,8517663.476
000688.SH,2020/9/1,1426.6505,1424.4333,1435.6476,1419.6013,1423.2355,3.415,0.2399,1149985.9,6917384.272
000688.SH,2020/9/2,1422.9526,1430.8669,1434.9204,1411.842,1426.6505,-3.6979,-0.2592,1127651.41,6792563.631
000688.SH,2020/9/3,1402.1443,1422.4154,1423.8929,1396.1111,1422.9526,-20.8083,-1.4623,1069831.09,6601255.897
000688.SH,2020/9/4,1390.2835,1377.3939,1396.0039,1371.1643,1402.1443,-11.8608,-0.8459,1025495.65,6789233.61
000688.SH,2020/9/7,1356.6991,1387.4929,1394.9037,1349.7673,1390.2835,-33.5844,-2.4157,1271365.42,8171898.1
000688.SH,2020/9/8,1344.6124,1356.8211,1363.2754,1328.9241,1356.6991,-12.0867,-0.8909,1078629.48,5879893.345
000688.SH,2020/9/9,1298.0784,1331.4285,1332.0747,1289.3502,1344.6124,-46.534,-3.4608,2003777.32,6704617.927
000688.SH,2020/9/10,1280.1888,1309.3155,1321.0598,1276.4983,1298.0784,-17.8896,-1.3782,1317597.67,5940345.039
000688.SH,2020/9/11,1312.5123,1279.8406,1313.8472,1272.8442,1280.1888,32.3235,2.5249,883608.99,4536256.433
000688.SH,2020/9/14,1348.0697,1334.9847,1372.8277,1334.9847,1312.5123,35.5574,2.7091,1358842.52,7465576.016
000688.SH,2020/9/15,1364.6026,1348.7882,1372.4398,1334.8168,1348.0697,16.5329,1.2264,1103974.44,6141385.534
000688.SH,2020/9/16,1349.6719,1363.3186,1364.4173,1341.6757,1364.6026,-14.9307,-1.0941,851506.85,4854102.012
000688.SH,2020/9/17,1383.5899,1347.4536,1393.853,1335.0274,1349.6719,33.918,2.5131,2117389.87,8388528.598
000688.SH,2020/9/18,1403.8988,1386.3824,1403.919,1379.9158,1383.5899,20.3089,1.4678,1599854.61,7104391.758
000688.SH,2020/9/21,1397.7463,1407.0685,1411.5049,1390.9045,1403.8988,-6.1525,-0.4382,1249804.77,6340684.851
000688.SH,2020/9/22,1390.0862,1389.7831,1403.2588,1379.0104,1397.7463,-7.6601,-0.548,1204430.15,6349860.539
000688.SH,2020/9/23,1423.9035,1401.3748,1440.6395,1400.2817,1390.0862,33.8173,2.4327,2050419.36,9157182.208
000688.SH,2020/9/24,1394.9263,1412.1571,1416.3779,1392.014,1423.9035,-28.9772,-2.0351,1514239.23,7076034.233
000688.SH,2020/9/25,1364.0245,1399.3884,1402.675,1360.5504,1394.9263,-30.9018,-2.2153,1085228.27,5371919.516
000688.SH,2020/9/28,1338.9521,1367.462,1369.039,1335.9926,1364.0245,-25.0724,-1.8381,911115.09,5025036.561
000688.SH,2020/9/29,1389.9628,1345.9908,1403.4346,1345.9908,1338.9521,51.0107,3.8097,1103075.99,6719440.318
000688.SH,2020/9/30,1418.7961,1394.8631,1431.8762,1393.9116,1389.9628,28.8333,2.0744,1140647.05,7034719.087
000688.SH,2020/10/9,1465.9591,1446.5161,1467.983,1446.5161,1418.7961,47.163,3.3242,1545003.33,8687652.104
000688.SH,2020/10/12,1490.5754,1475.2581,1491.605,1469.6515,1465.9591,24.6163,1.6792,1918963.23,10657420.32
000688.SH,2020/10/13,1497.5955,1491.8546,1498.8282,1485.1321,1490.5754,7.0201,0.471,1387848.33,8196972.326
000688.SH,2020/10/14,1488.6697,1495.3401,1498.0027,1481.1209,1497.5955,-8.9258,-0.596,1386507.12,7986257.957
000688.SH,2020/10/15,1453.7887,1489.3806,1492.9969,1451.8771,1488.6697,-34.881,-2.3431,1047854.57,6467438.353
000688.SH,2020/10/16,1438.5283,1457.1513,1461.8287,1429.0797,1453.7887,-15.2604,-1.0497,1042630.73,6278843.051
000688.SH,2020/10/19,1412.1484,1444.8406,1446.4907,1411.2694,1438.5283,-26.3799,-1.8338,1005070.57,5973854.725
000688.SH,2020/10/20,1426.181,1413.8658,1428.0754,1402.7109,1412.1484,14.0326,0.9937,891259.95,5289449.972
000688.SH,2020/10/21,1396.9773,1427.2363,1429.4538,1396.1225,1426.181,-29.2037,-2.0477,1077825.28,6131906.422
000688.SH,2020/10/22,1376.5804,1395.1306,1395.1306,1373.5056,1396.9773,-20.3969,-1.4601,856252.78,4610393.295
000688.SH,2020/10/23,1336.527,1380.3698,1389.5165,1336.373,1376.5804,-40.0534,-2.9096,993895.55,6247620.713
000688.SH,2020/10/26,1356.1074,1332.6842,1364.9658,1313.4511,1336.527,19.5804,1.465,837511.67,4992520.363
000688.SH,2020/10/27,1385.7453,1359.1758,1386.8033,1354.8069,1356.1074,29.6379,2.1855,833262.48,5701377.994
000688.SH,2020/10/28,1406.0745,1396.5597,1413.6585,1392.0673,1385.7453,20.3292,1.467,1030594.19,7133046.23
000688.SH,2020/10/29,1412.0554,1394.2803,1418.4061,1387.3837,1406.0745,5.9809,0.4254,1099257.95,7033401.634
000688.SH,2020/10/30,1393.9095,1413.5108,1430.1186,1393.9095,1412.0554,-18.1459,-1.2851,1435777.96,8704845.522
000688.SH,2020/11/2,1400.9122,1402.0829,1406.9352,1370.8999,1393.9095,7.0027,0.5024,1230176.38,7509630.861
000688.SH,2020/11/3,1449.0068,1403.6429,1451.6319,1402.2637,1400.9122,48.0946,3.4331,1131252.7,7757579.132
000688.SH,2020/11/4,1458.8957,1454.73,1462.6744,1443.4236,1449.0068,9.8889,0.6825,936211.16,6453539.876
000688.SH,2020/11/5,1475.3752,1477.6142,1479.4708,1453.7243,1458.8957,16.4795,1.1296,1201756.34,7946531.303
000688.SH,2020/11/6,1441.4739,1477.5278,1477.5278,1429.1191,1475.3752,-33.9013,-2.2978,1166554.18,7954463.247
000688.SH,2020/11/9,1485.1478,1446.4716,1491.5152,1442.6223,1441.4739,43.6739,3.0298,1824999.32,12255075.07
000688.SH,2020/11/10,1441.965,1483.656,1483.656,1438.5865,1485.1478,-43.1828,-2.9076,1172149.32,8163619.154
000688.SH,2020/11/11,1395.51,1440.7792,1441.0049,1393.7349,1441.965,-46.455,-3.2216,1030103.4,7140219.79
000688.SH,2020/11/12,1413.2936,1404.8095,1421.7398,1404.5715,1395.51,17.7836,1.2743,826334.13,5561463.01
000688.SH,2020/11/13,1436.887,1406.6849,1441.0067,1401.461,1413.2936,23.5934,1.6694,954381.49,5969897.005
000688.SH,2020/11/16,1446.9513,1520.2737,1520.2737,1444.3946,1436.887,10.0643,0.7004,1519221.26,9525533.009
000688.SH,2020/11/17,1430.8084,1455.2311,1455.2311,1425.2591,1446.9513,-16.1429,-1.1156,1164002.19,7092208.071
000688.SH,2020/11/18,1419.2262,1431.6594,1441.2247,1418.3613,1430.8084,-11.5822,-0.8095,1030158.93,6243665.681
000688.SH,2020/11/19,1435.9245,1415.6368,1436.4879,1408.2186,1419.2262,16.6983,1.1766,877729.78,5640423.028
000688.SH,2020/11/20,1430.7197,1433.9469,1442.3083,1427.3091,1435.9245,-5.2048,-0.3625,921453.65,5751746.646
000688.SH,2020/11/23,1418.1014,1429.3892,1429.3892,1412.0226,1430.7197,-12.6183,-0.882,1101889.03,6990301.304
000688.SH,2020/11/24,1412.7466,1412.0244,1420.3439,1409.3969,1418.1014,-5.3548,-0.3776,959108.18,5933522.827
000688.SH,2020/11/25,1388.3639,1414.1887,1414.5144,1387.5569,1412.7466,-24.3827,-1.7259,1005049.26,6221606.62
000688.SH,2020/11/26,1385.3103,1386.2137,1398.5671,1380.1303,1388.3639,-3.0536,-0.2199,858311.94,5404167.284
000688.SH,2020/11/27,1387.7688,1386.6546,1398.1427,1380.6407,1385.3103,2.4585,0.1775,835076.87,5316653.573
000688.SH,2020/11/30,1385.4828,1392.9541,1397.0145,1380.2173,1387.7688,-2.286,-0.1647,1157617.91,6937555.82
000688.SH,2020/12/1,1404.2375,1386.5778,1408.0376,1381.9561,1385.4828,18.7547,1.3537,896516.49,5896538.14
000688.SH,2020/12/2,1408.4882,1408.6704,1419.1076,1403.7274,1404.2375,4.2507,0.3027,1123402.53,7148082.862
000688.SH,2020/12/3,1410.8293,1410.4351,1418.1231,1398.0995,1408.4882,2.3411,0.1662,916087.67,5981649.109
000688.SH,2020/12/4,1404.8659,1409.5915,1410.9282,1401.5304,1410.8293,-5.9634,-0.4227,812794.78,5369762.832
000688.SH,2020/12/7,1406.1941,1410.4976,1417.7766,1403.4201,1404.8659,1.3282,0.0945,1140117.9,7618649.183
000688.SH,2020/12/8,1398.7298,1405.7192,1408.7868,1397.551,1406.1941,-7.4643,-0.5308,1263647.49,7473256.421
000688.SH,2020/12/9,1365.0375,1400.5665,1404.2317,1364.1951,1398.7298,-33.6923,-2.4088,1518534.14,8998801.811
000688.SH,2020/12/10,1360.1842,1363.0033,1370.8285,1355.8829,1365.0375,-4.8533,-0.3555,1689303.35,10678267.88
000688.SH,2020/12/11,1362.9608,1362.3437,1365.4317,1345.316,1360.1842,2.7766,0.2041,2493088.84,15387007.63
000688.SH,2020/12/14,1375.0635,1361.6068,1380.0487,1353.8981,1362.9608,12.1027,0.888,1929921.96,13211335.47
000688.SH,2020/12/15,1363.1833,1373.9593,1379.7689,1357.3638,1375.0635,-11.8802,-0.864,2023103.35,13888978.66
000688.SH,2020/12/16,1345.1327,1357.2222,1357.2222,1339.9581,1363.1833,-18.0506,-1.3242,2196789.34,12983388.3
000688.SH,2020/12/17,1363.3594,1343.2814,1364.8803,1339.8978,1345.1327,18.2267,1.355,1755183.37,10927141.45
000688.SH,2020/12/18,1361.108,1381.4819,1381.4819,1357.7711,1363.3594,-2.2514,-0.1651,1646915.83,10808931.9
000688.SH,2020/12/21,1388.6685,1359.6852,1390.5929,1355.9254,1361.108,27.5605,2.0249,1983814.84,13281247.39
000688.SH,2020/12/22,1358.6185,1383.2888,1390.9858,1355.9715,1388.6685,-30.05,-2.1639,1850442.45,11904082.63
000688.SH,2020/12/23,1376.5953,1359.7276,1378.6058,1355.2452,1358.6185,17.9768,1.3232,1765752.7,11611121.89
000688.SH,2020/12/24,1348.0134,1378.3835,1384.3115,1347.7976,1376.5953,-28.5819,-2.0763,1580885.01,10104672.55
000688.SH,2020/12/25,1349.7931,1348.4717,1357.6506,1340.7892,1348.0134,1.7797,0.132,1519537.08,9949113.115
000688.SH,2020/12/28,1339.0068,1345.2989,1349.3496,1335.2532,1349.7931,-10.7863,-0.7991,1641143.55,10638239.08
000688.SH,2020/12/29,1337.4696,1338.2399,1353.0612,1336.0901,1339.0068,-1.5372,-0.1148,1407437.2,9298507.891
000688.SH,2020/12/30,1362.9107,1336.7202,1367.7624,1335.2072,1337.4696,25.4411,1.9022,1981357.48,12479788.3
000688.SH,2020/12/31,1393.0272,1370.4413,1394.7391,1368.47,1362.9107,30.1165,2.2097,2268773.86,15412506.43
000688.SH,2021/1/4,1422.1246,1398.9557,1425.697,1389.5854,1393.0272,29.0974,2.0888,2262090.84,16084943.84
000688.SH,2021/1/5,1425.16,1413.1818,1427.1207,1409.5412,1422.1246,3.0354,0.2134,2435167.4,16359234.91
000688.SH,2021/1/6,1415.0221,1430.0675,1434.1945,1408.0555,1425.16,-10.1379,-0.7114,2559387.45,15533391.3
000688.SH,2021/1/7,1381.9421,1414.8967,1417.4289,1370.1896,1415.0221,-33.08,-2.3378,2413622.08,16018103.29
000688.SH,2021/1/8,1378.7397,1382.1486,1385.1151,1366.1829,1381.9421,-3.2024,-0.2317,2334937.3,16281247.17
000688.SH,2021/1/11,1390.6553,1385.3531,1407.9141,1378.1175,1378.7397,11.9156,0.8642,2619264.66,18410700.48
000688.SH,2021/1/12,1405.2226,1389.4666,1408.4155,1379.8032,1390.6553,14.5673,1.0475,1874068.71,13246237.93
000688.SH,2021/1/13,1407.4146,1412.0725,1416.6616,1389.7677,1405.2226,2.192,0.156,2418648.7,15841731.38
000688.SH,2021/1/14,1447.2668,1406.0497,1478.7529,1399.5588,1407.4146,39.8522,2.8316,4218893.09,22305987.54
000688.SH,2021/1/15,1447.5828,1450.8567,1465.6919,1431.4545,1447.2668,0.316,0.0218,3118571.85,19252997.88
000688.SH,2021/1/18,1481.2494,1443.8197,1496.3662,1437.0207,1447.5828,33.6666,2.3257,2696406.19,18152489.13
000688.SH,2021/1/19,1443.9205,1485.463,1489.2174,1441.6158,1481.2494,-37.3289,-2.5201,2488800.02,16547224.96
000688.SH,2021/1/20,1481.4526,1450.7178,1482.1113,1444.7375,1443.9205,37.5321,2.5993,2190186.9,14741066.51
000688.SH,2021/1/21,1482.2847,1485.6495,1492.9472,1465.8868,1481.4526,0.8321,0.0562,2194825.34,14610818.16
000688.SH,2021/1/22,1486.3075,1482.6459,1487.6145,1456.0156,1482.2847,4.0228,0.2714,2274716.69,15884274.01
000688.SH,2021/1/25,1498.595,1481.7379,1513.7253,1471.1805,1486.3075,12.2875,0.8267,2156204.88,15887982.75
000688.SH,2021/1/26,1478.451,1497.9992,1509.413,1471.3055,1498.595,-20.144,-1.3442,1947464.65,14633585.25
000688.SH,2021/1/27,1458.3723,1481.486,1489.7587,1441.1761,1478.451,-20.0787,-1.3581,1636435.32,12525938.23
000688.SH,2021/1/28,1421.5872,1441.3975,1461.8424,1418.9424,1458.3723,-36.7851,-2.5223,1493447.43,11438442.34
000688.SH,2021/1/29,1421.9618,1435.2835,1440.251,1400.6705,1421.5872,0.3746,0.0264,1729044.65,12144424.08
000688.SH,2021/2/1,1421.4807,1419.1797,1439.0389,1412.1587,1421.9618,-0.4811,-0.0338,1408896.23,10525889.51
000688.SH,2021/2/2,1438.0584,1419.7111,1438.0868,1414.3587,1421.4807,16.5777,1.1662,1437986.05,10419563.17
000688.SH,2021/2/3,1410.1465,1436.0038,1443.9764,1410.1465,1438.0584,-27.9119,-1.9409,1979201.35,13416268.43
000688.SH,2021/2/4,1394.0966,1402.0893,1412.7128,1367.7127,1410.1465,-16.0499,-1.1382,1863705.1,12285900.52
000688.SH,2021/2/5,1368.8003,1396.1248,1407.3245,1368.6528,1394.0966,-25.2963,-1.8145,1692143.76,12227510.15
000688.SH,2021/2/8,1382.4816,1371.7543,1395.1449,1367.3272,1368.8003,13.6813,0.9995,1305264.1,9726110.758
000688.SH,2021/2/9,1427.6823,1389.0651,1434.8707,1383.8564,1382.4816,45.2007,3.2695,1428354,11840958.59
000688.SH,2021/2/10,1437.0247,1424.7737,1440.2116,1407.6446,1427.6823,9.3424,0.6544,1526938.35,11977899.05
000688.SH,2021/2/18,1429.74,1457.7965,1465.6813,1429.0858,1437.0247,-7.2847,-0.5069,2135316.02,14975907.97
000688.SH,2021/2/19,1427.9066,1426.101,1430.7221,1404.1475,1429.74,-1.8334,-0.1282,1703315.64,12159352.69
000688.SH,2021/2/22,1389.9159,1431.5584,1436.8001,1388.5213,1427.9066,-37.9907,-2.6606,2296797.04,15159692.25
000688.SH,2021/2/23,1390.5265,1371.6265,1401.5101,1370.9097,1389.9159,0.6106,0.0439,1698552.55,11715123.33
000688.SH,2021/2/24,1365.6372,1393.7184,1398.3271,1358.4093,1390.5265,-24.8893,-1.7899,1798925.05,13006632.47
000688.SH,2021/2/25,1349.711,1373.8442,1375.613,1349.711,1365.6372,-15.9262,-1.1662,1609499.55,10296394.44
000688.SH,2021/2/26,1325.5865,1319.8902,1344.1548,1319.6485,1349.711,-24.1245,-1.7874,1589023.25,11238609.47
000688.SH,2021/3/1,1358.1412,1339.9939,1359.7201,1337.1925,1325.5865,32.5547,2.4559,1778285.61,11636113.6
000688.SH,2021/3/2,1352.0436,1373.0314,1373.6599,1342.8965,1358.1412,-6.0976,-0.449,1773727.64,12136039.48
000688.SH,2021/3/3,1359.3978,1350.0074,1359.7916,1340.3222,1352.0436,7.3542,0.5439,1331521.05,9252810.637
000688.SH,2021/3/4,1324.1584,1358.2833,1362.9943,1322.3375,1359.3978,-35.2394,-2.5923,2044397.08,13145167.13
000688.SH,2021/3/5,1329.8392,1307.0636,1338.8254,1305.916,1324.1584,5.6808,0.429,1379375.18,9319111.841
000688.SH,2021/3/8,1275.4562,1337.0213,1340.4153,1275.4562,1329.8392,-54.383,-4.0894,1946557.99,12255262
000688.SH,2021/3/9,1230.1371,1275.3229,1278.3243,1227.182,1275.4562,-45.3191,-3.5532,1810494.36,10802353.67
000688.SH,2021/3/10,1232.735,1251.183,1258.881,1227.4158,1230.1371,2.5979,0.2112,1331603.01,8058037.526
000688.SH,2021/3/11,1267.3009,1241.1033,1273.9619,1227.3324,1232.735,34.5659,2.804,1578835.47,10000893.1
000688.SH,2021/3/12,1261.3246,1268.4422,1269.2061,1251.197,1267.3009,-5.9763,-0.4716,1254992.49,7960203.885
000688.SH,2021/3/15,1223.3899,1254.6753,1254.6753,1213.4295,1261.3246,-37.9347,-3.0075,1426027.96,8986538.401
000688.SH,2021/3/16,1220.3665,1223.7954,1231.9906,1212.3398,1223.3899,-3.0234,-0.2471,1342894.05,7513484.426
000688.SH,2021/3/17,1236.5406,1220.4463,1237.9081,1213.3455,1220.3665,16.1741,1.3253,1148637.13,7029345.534
000688.SH,2021/3/18,1241.31,1241.5625,1251.5595,1237.6167,1236.5406,4.7694,0.3857,1207126.9,6965935.351
000688.SH,2021/3/19,1231.2922,1226.4137,1242.1309,1221.4186,1241.31,-10.0178,-0.807,1462464.81,8142810.966
000688.SH,2021/3/22,1242.7556,1229.4669,1247.4945,1227.8357,1231.2922,11.4634,0.931,1128746.85,6561111.838
000688.SH,2021/3/23,1236.4736,1246.361,1257.3752,1232.259,1242.7556,-6.282,-0.5055,1267095.55,7581028.118
000688.SH,2021/3/24,1221.4468,1228.6053,1244.4515,1219.5068,1236.4736,-15.0268,-1.2153,1254985.47,7502537.418
000688.SH,2021/3/25,1219.7097,1212.83,1231.9608,1212.3827,1221.4468,-1.7371,-0.1422,1135865.03,6930460.237
000688.SH,2021/3/26,1256.6638,1224.6435,1258.1642,1224.6435,1219.7097,36.9541,3.0297,1325868.57,8221315.118
000688.SH,2021/3/29,1250.7696,1262.2904,1263.4358,1248.327,1256.6638,-5.8942,-0.469,1160668,7779318.302
000688.SH,2021/3/30,1248.3415,1250.2822,1259.2793,1245.0068,1250.7696,-2.4281,-0.1941,1125395.1,6940127.861
000688.SH,2021/3/31,1248.3317,1248.1606,1253.7873,1236.2608,1248.3415,-0.0098,-0.0008,1112125.3,7093991.815
000688.SH,2021/4/1,1266.7451,1250.9978,1269.8783,1248.9644,1248.3317,18.4134,1.475,1528579.63,9529682.496
000688.SH,2021/4/2,1299.9198,1276.0341,1302.6173,1274.3807,1266.7451,33.1747,2.6189,2185275.02,13491502.66
000688.SH,2021/4/6,1296.6196,1304.6418,1309.9482,1291.9245,1299.9198,-3.3002,-0.2539,1235305.07,7626128.992
000688.SH,2021/4/7,1298.7847,1296.8168,1300.7716,1283.1572,1296.6196,2.1651,0.167,1337245.19,8552239.73
000688.SH,2021/4/8,1291.8566,1293.6405,1305.4275,1287.0123,1298.7847,-6.9281,-0.5334,1399544.81,9390736.44
000688.SH,2021/4/9,1271.4428,1290.3149,1296.8573,1269.9184,1291.8566,-20.4138,-1.5802,1224994.61,8816517.508
000688.SH,2021/4/12,1243.4959,1269.0164,1280.0779,1240.4425,1271.4428,-27.9469,-2.198,1326301.79,9056404.006
000688.SH,2021/4/13,1241.3979,1242.7579,1259.0362,1239.462,1243.4959,-2.098,-0.1687,1021683.87,6860711.6
000688.SH,2021/4/14,1254.7097,1243.2447,1258.1666,1243.2447,1241.3979,13.3118,1.0723,1138840.36,6911947.873
000688.SH,2021/4/15,1264.1578,1250.3591,1266.5767,1245.1786,1254.7097,9.4481,0.753,1198954.38,7179244.068
000688.SH,2021/4/16,1274.7023,1265.1498,1279.2862,1255.8404,1264.1578,10.5445,0.8341,1335545.36,7644130.379
000688.SH,2021/4/19,1299.0072,1273.0801,1300.5424,1268.9866,1274.7023,24.3049,1.9067,1673052.04,9763303.97
000688.SH,2021/4/20,1290.5026,1295.6107,1304.7648,1290.0194,1299.0072,-8.5046,-0.6547,1617733.29,9255630.968
000688.SH,2021/4/21,1286.855,1285.3118,1291.5319,1275.6085,1290.5026,-3.6476,-0.2826,1354532.96,9481644.948
000688.SH,2021/4/22,1305.1805,1288.5833,1308.3421,1288.5833,1286.855,18.3255,1.4241,1325430.57,9150823.723
000688.SH,2021/4/23,1311.8272,1303.2925,1318.3006,1300.102,1305.1805,6.6467,0.5093,1172945.09,7547795.083
000688.SH,2021/4/26,1314.9072,1315.5149,1335.4661,1313.0568,1311.8272,3.08,0.2348,2015841.98,12604144.71
000688.SH,2021/4/27,1311.9129,1310.6593,1316.2025,1297.266,1314.9072,-2.9943,-0.2277,1433022.85,9251696.21
000688.SH,2021/4/28,1324.2358,1318.5481,1326.0059,1304.3314,1311.9129,12.3229,0.9393,1269629.82,9170908.262
000688.SH,2021/4/29,1324.0547,1320.8884,1337.8502,1312.9405,1324.2358,-0.1811,-0.0137,1494305.4,10675273.56
000688.SH,2021/4/30,1322.2396,1319.008,1327.3675,1313.8254,1324.0547,-1.8151,-0.1371,1812213.44,13615458.46
000688.SH,2021/5/6,1310.125,1321.2138,1322.6819,1298.9111,1322.2396,-12.1146,-0.9162,1435736.4,10267799.06
000688.SH,2021/5/7,1263.8969,1311.6565,1315.752,1263.6868,1310.125,-46.2281,-3.5285,1602941.35,10152363.4
000688.SH,2021/5/10,1254.4859,1262.4841,1265.8015,1249.4867,1263.8969,-9.411,-0.7446,1488203.71,9422844.152
000688.SH,2021/5/11,1258.1073,1243.8093,1260.82,1240.2006,1254.4859,3.6214,0.2887,1192370.04,7714966.597
000688.SH,2021/5/12,1270.9074,1254.7379,1273.6855,1251.8105,1258.1073,12.8001,1.0174,1312706.29,8368194.298
000688.SH,2021/5/13,1275.4766,1257.8666,1287.921,1257.8666,1270.9074,4.5692,0.3595,1420646.85,9160217.385
000688.SH,2021/5/14,1300.5353,1277.9689,1301.3749,1273.9556,1275.4766,25.0587,1.9647,1496624.41,9789525.959
000688.SH,2021/5/17,1328.9164,1303.0827,1338.2904,1301.0574,1300.5353,28.3811,2.1823,1747210.19,12147154.22
000688.SH,2021/5/18,1321.6411,1330.4724,1332.3211,1316.3799,1328.9164,-7.2753,-0.5475,1290098.41,8708026.885
000688.SH,2021/5/19,1326.1434,1320.6797,1335.2511,1318.1551,1321.6411,4.5023,0.3407,1256949.35,8459604.259
000688.SH,2021/5/20,1329.7908,1322.0457,1339.972,1321.0416,1326.1434,3.6474,0.275,1299748.24,8594779.203
000688.SH,2021/5/21,1315.2065,1334.6006,1341.2782,1314.3974,1329.7908,-14.5843,-1.0967,1505741.36,9090864.742
000688.SH,2021/5/24,1330.8721,1314.7921,1333.4194,1304.6401,1315.2065,15.6656,1.1911,1609869.98,9661128.831
000688.SH,2021/5/25,1370.121,1329.6762,1371.5883,1329.6762,1330.8721,39.2489,2.9491,1803236.96,12029188.71
000688.SH,2021/5/26,1364.0368,1371.7814,1375.8099,1360.5891,1370.121,-6.0842,-0.4441,1676950.31,10858391.89
000688.SH,2021/5/27,1397.7685,1362.9473,1400.3773,1361.0099,1364.0368,33.7317,2.4729,2885859.62,16056330.89
000688.SH,2021/5/28,1386.0385,1395.4269,1414.6095,1381.4536,1397.7685,-11.73,-0.8392,2164641.52,13836367
000688.SH,2021/5/31,1442.6682,1398.1925,1442.6682,1398.1925,1386.0385,56.6297,4.0857,2388637.07,16128697.98
000688.SH,2021/6/1,1460.5432,1437.317,1467.9398,1432.9668,1442.6682,17.875,1.239,3159742.51,19498261.57
000688.SH,2021/6/2,1426.8466,1461.7363,1465.1601,1423.4526,1460.5432,-33.6966,-2.3071,2707879.79,16438613.09
000688.SH,2021/6/3,1414.5342,1425.7959,1438.6404,1410.1209,1426.8466,-12.3124,-0.8629,2045244.52,13469943.93
000688.SH,2021/6/4,1431.522,1406.3145,1445.1442,1405.5064,1414.5342,16.9878,1.2009,2186028.04,14530645.46
000688.SH,2021/6/7,1433.565,1443.8616,1451.3862,1425.1148,1431.522,2.043,0.1427,2633241.19,17232434.71
000688.SH,2021/6/8,1419.0751,1443.7446,1446.3779,1411.2287,1433.565,-14.4899,-1.0108,2363102.14,15742827.09
000688.SH,2021/6/9,1427.321,1420.3062,1442.1619,1417.7675,1419.0751,8.2459,0.5811,2067887.76,14490545.47
000688.SH,2021/6/10,1450.4038,1427.8708,1455.8284,1426.4914,1427.321,23.0828,1.6172,2779995.22,17263090.3
000688.SH,2021/6/11,1436.2754,1453.5999,1455.6558,1433.0607,1450.4038,-14.1284,-0.9741,3139378.66,20935533.6
000688.SH,2021/6/15,1448.2004,1442.0868,1467.4683,1435.0533,1436.2754,11.925,0.8303,2468902.53,19552095.17
000688.SH,2021/6/16,1406.4701,1452.9459,1454.9208,1404.689,1448.2004,-41.7303,-2.8815,2269828.53,17363259.33
000688.SH,2021/6/17,1473.5119,1409.0464,1477.049,1409.0464,1406.4701,67.0418,4.7667,3783995.56,26660501.27
000688.SH,2021/6/18,1494.7009,1475.2089,1499.8239,1474.6843,1473.5119,21.189,1.438,3202433.23,24518520.24
000688.SH,2021/6/21,1528.1267,1485.66,1529.2843,1482.4864,1494.7009,33.4258,2.2363,2916197.77,21916720.46
000688.SH,2021/6/22,1523.3628,1531.5201,1534.4254,1506.3066,1528.1267,-4.7639,-0.3117,2636882.35,19130716.29
000688.SH,2021/6/23,1534.3008,1530.6356,1551.9191,1516.6888,1523.3628,10.938,0.718,3111912.99,25278409.04
000688.SH,2021/6/24,1504.8079,1531.2377,1537.5767,1496.9428,1534.3008,-29.4929,-1.9222,2505630.79,20321713.1
000688.SH,2021/6/25,1534.8494,1505.2867,1536.504,1502.8909,1504.8079,30.0415,1.9964,2807654.54,20953506.81
000688.SH,2021/6/28,1562.9795,1538.0184,1579.2213,1536.7115,1534.8494,28.1301,1.8328,2828585.84,22213648.25
000688.SH,2021/6/29,1562.0783,1567.8825,1576.8712,1546.6782,1562.9795,-0.9012,-0.0577,2396724.54,19939248.26
000688.SH,2021/6/30,1588.2167,1564.3164,1603.3523,1558.9567,1562.0783,26.1384,1.6733,3154459.1,25060659.79
000688.SH,2021/7/1,1579.8041,1587.5273,1594.1122,1569.9003,1588.2167,-8.4126,-0.5297,2788407.91,22955929.58
000688.SH,2021/7/2,1538.1577,1563.8279,1564.8776,1527.196,1579.8041,-41.6464,-2.6362,2637687.07,22196413.22
000688.SH,2021/7/5,1575.8944,1545.6784,1581.0663,1545.6784,1538.1577,37.7367,2.4534,2801804.05,24996035.74
000688.SH,2021/7/6,1532.7917,1580.2838,1584.6855,1510.7134,1575.8944,-43.1027,-2.7351,3053579.89,26644534.03
000688.SH,2021/7/7,1570.028,1523.8271,1573.1517,1519.4098,1532.7917,37.2363,2.4293,2759692.23,22437044.57
000688.SH,2021/7/8,1610.7749,1577.4971,1616.7019,1577.4094,1570.028,40.7469,2.5953,3279945.6,28438411.38
000688.SH,2021/7/9,1583.7142,1598.2811,1602.0001,1556.5771,1610.7749,-27.0607,-1.68,2553282.74,22174975.89
000688.SH,2021/7/12,1601.6058,1593.5735,1611.5968,1576.7171,1583.7142,17.8916,1.1297,2726764.7,25077864.01
000688.SH,2021/7/13,1590.9772,1602.1191,1621.714,1573.7824,1601.6058,-10.6286,-0.6636,2601576.89,23061050.4
000688.SH,2021/7/14,1556.7196,1579.0331,1585.6033,1556.6854,1590.9772,-34.2576,-2.1532,2205857.86,20678832.12
000688.SH,2021/7/15,1560.7038,1549.277,1567.2733,1536.895,1556.7196,3.9842,0.2559,2401388.12,20486785.11
000688.SH,2021/7/16,1525.2341,1568.1706,1569.2475,1523.6395,1560.7038,-35.4697,-2.2727,2775001.21,22922736.61
000688.SH,2021/7/19,1514.1808,1514.8295,1530.5864,1503.1132,1525.2341,-11.0533,-0.7247,2650438.07,21273050.89
000688.SH,2021/7/20,1522.6265,1505.0779,1529.266,1501.9213,1514.1808,8.4457,0.5578,2041918.68,16835659.48
000688.SH,2021/7/21,1565.6381,1528.5975,1576.7745,1527.6022,1522.6265,43.0116,2.8248,2691883.82,22331844.45
000688.SH,2021/7/22,1582.1315,1570.4877,1584.3174,1549.447,1565.6381,16.4934,1.0535,3383589.85,28053674.15
000688.SH,2021/7/23,1563.4901,1593.3136,1593.7044,1548.3876,1582.1315,-18.6414,-1.1782,3052487.46,26440327.05
000688.SH,2021/7/26,1556.979,1559.8363,1566.676,1496.651,1563.4901,-6.5111,-0.4164,4258197.23,33521859.67
000688.SH,2021/7/27,1545.2893,1556.9327,1627.848,1541.3577,1556.979,-11.6897,-0.7508,7374109.55,55257737.87
000688.SH,2021/7/28,1518.7027,1532.4201,1555.246,1476.5899,1545.2893,-26.5866,-1.7205,4978661.97,35592151.51
000688.SH,2021/7/29,1588.4653,1554.1336,1598.3409,1545.1058,1518.7027,69.7626,4.5936,4575620,36150601.84
000688.SH,2021/7/30,1591.2189,1582.5752,1608.9628,1570.4464,1588.4653,2.7536,0.1733,4539331.35,36512390.69
000688.SH,2021/8/2,1599.4739,1594.0332,1619.3592,1572.1135,1591.2189,8.255,0.5188,4703182.83,37616792.12
000688.SH,2021/8/3,1564.1926,1586.3501,1593.0311,1558.1014,1599.4739,-35.2813,-2.2058,4229138.1,34529717.9
000688.SH,2021/8/4,1605.8939,1566.4455,1608.498,1564.462,1564.1926,41.7013,2.666,3496257.44,28642099.17
000688.SH,2021/8/5,1604.8067,1606.6509,1616.0522,1584.3093,1605.8939,-1.0872,-0.0677,3683289.53,29300877
000688.SH,2021/8/6,1586.6732,1630.3025,1639.1861,1575.4241,1604.8067,-18.1335,-1.1299,4216382.53,33032760.77
000688.SH,2021/8/9,1574.4378,1567.4415,1582.9184,1548.6866,1586.6732,-12.2354,-0.7711,3178352.21,25458809.59
000688.SH,2021/8/10,1588.1948,1574.0119,1592.827,1569.277,1574.4378,13.757,0.8738,3435645.27,27385183.54
000688.SH,2021/8/11,1578.7892,1589.4269,1593.1532,1564.9702,1588.1948,-9.4056,-0.5922,2948450.43,22920594.68
000688.SH,2021/8/12,1586.5006,1572.1462,1604.7333,1570.3497,1578.7892,7.7114,0.4884,2797001.88,21988783.68
000688.SH,2021/8/13,1552.7807,1580.1244,1588.2323,1549.6766,1586.5006,-33.7199,-2.1254,3332210.47,26002429.62
000688.SH,2021/8/16,1547.931,1547.3948,1565.9964,1535.3542,1552.7807,-4.8497,-0.3123,2567163.33,21310329.22
000688.SH,2021/8/17,1509.2474,1544.4024,1555.4482,1506.7171,1547.931,-38.6836,-2.4991,2439983.99,19358364.04
000688.SH,2021/8/18,1507.9886,1514.4591,1530.2449,1501.1767,1509.2474,-1.2588,-0.0834,2205343.49,17623575.91
000688.SH,2021/8/19,1546.11,1509.7193,1553.1607,1508.1674,1507.9886,38.1214,2.528,2566232.98,20860855.78
000688.SH,2021/8/20,1529.0863,1537.9117,1557.106,1514.0672,1546.11,-17.0237,-1.1011,2549585.44,20784913.67
000688.SH,2021/8/23,1564.1108,1534.3905,1568.8396,1524.1951,1529.0863,35.0245,2.2906,2403202.01,21349387.07
000688.SH,2021/8/24,1578.0306,1567.6996,1586.5219,1550.8781,1564.1108,13.9198,0.8899,2651868.19,22024290.5
000688.SH,2021/8/25,1542.7755,1573.7417,1574.395,1535.0926,1578.0306,-35.2551,-2.2341,2670028.5,23441445.58
000688.SH,2021/8/26,1497.3375,1546.324,1555.0359,1494.8873,1542.7755,-45.438,-2.9452,2881524.59,23448847.4
000688.SH,2021/8/27,1480.3135,1491.3405,1506.6457,1476.5555,1497.3375,-17.024,-1.137,2660488.99,19623269.96
000688.SH,2021/8/30,1471.4549,1487.8965,1508.7841,1463.403,1480.3135,-8.8586,-0.5984,3213278.33,26133675.15
000688.SH,2021/8/31,1441.1734,1463.1299,1463.5577,1423.5114,1471.4549,-30.2815,-2.0579,3075396.56,24614232.39
000688.SH,2021/9/1,1424.6642,1437.2638,1438.3776,1400.1594,1441.1734,-16.5092,-1.1455,2968492.08,21717033.63
000688.SH,2021/9/2,1399.4817,1416.1576,1424.1718,1395.5062,1424.6642,-25.1825,-1.7676,2513722.79,19671273.99
000688.SH,2021/9/3,1400.8902,1399.4653,1415.237,1382.6425,1399.4817,1.4085,0.1006,2754737.92,19930981.5
000688.SH,2021/9/6,1438.9953,1398.2433,1441.7099,1393.5389,1400.8902,38.1051,2.7201,2228395.68,17845849.58
000688.SH,2021/9/7,1438.5691,1435.7342,1443.3424,1426.026,1438.9953,-0.4262,-0.0296,1961250.79,15970150.93
000688.SH,2021/9/8,1412.7232,1439.6636,1439.6636,1408.7209,1438.5691,-25.8459,-1.7966,2061860.98,15446870.97
000688.SH,2021/9/9,1402.1908,1414.073,1425.2845,1393.6076,1412.7232,-10.5324,-0.7455,2277798.02,16446977.23
000688.SH,2021/9/10,1426.814,1398.3316,1431.7057,1392.2062,1402.1908,24.6232,1.7561,2753404.99,19791535.69
000688.SH,2021/9/13,1384.4339,1426.5403,1426.7633,1384.0201,1426.814,-42.3801,-2.9703,2311703.77,18669697.54
000688.SH,2021/9/14,1396.6687,1384.2827,1414.0915,1383.4105,1384.4339,12.2348,0.8837,2261559.79,18072441.93
000688.SH,2021/9/15,1384.5213,1395.6109,1395.9883,1378.9494,1396.6687,-12.1474,-0.8697,1768496.81,15384297.05
000688.SH,2021/9/16,1351.4252,1378.1767,1380.1621,1347.9022,1384.5213,-33.0961,-2.3904,2071482.45,17222725.16
000688.SH,2021/9/17,1349.6848,1349.342,1360.9092,1332.0953,1351.4252,-1.7404,-0.1288,1960210.56,16232971.95
000688.SH,2021/9/22,1355.2812,1338.0143,1361.2129,1335.5035,1349.6848,5.5964,0.4146,1818481.23,15828589.41
000688.SH,2021/9/23,1363.7869,1359.6721,1376.5717,1354.2102,1355.2812,8.5057,0.6276,1672292.08,14777111.41
000688.SH,2021/9/24,1374.9995,1362.9793,1390.5031,1359.845,1363.7869,11.2126,0.8222,1869470.14,16837902.22
000688.SH,2021/9/27,1368.6905,1386.5235,1397.1804,1354.2019,1374.9995,-6.309,-0.4588,1944758.87,17512715.47
000688.SH,2021/9/28,1354.0959,1362.3276,1379.5922,1350.794,1368.6905,-14.5946,-1.0663,1597093.37,13330457.83
000688.SH,2021/9/29,1345.7697,1344.8873,1356.6437,1336.5058,1354.0959,-8.3262,-0.6149,1924417.49,14992936.06
000688.SH,2021/9/30,1368.7158,1348.6497,1371.4941,1348.6497,1345.7697,22.9461,1.7051,1448579.23,13188953.4
000688.SH,2021/10/8,1364.4581,1378.5305,1388.0228,1361.0371,1368.7158,-4.2577,-0.3111,1541231.36,14257887.34
000688.SH,2021/10/11,1349.7707,1367.2126,1377.3116,1348.0499,1364.4581,-14.6874,-1.0764,1513014.76,13911980.05
000688.SH,2021/10/12,1319.3894,1348.2245,1355.9199,1312.4399,1349.7707,-30.3813,-2.2508,1624645.85,13573587.89
000688.SH,2021/10/13,1344.7629,1322.8884,1349.167,1322.8884,1319.3894,25.3735,1.9231,1565538.36,13265285.69
000688.SH,2021/10/14,1347.268,1346.9885,1356.2118,1339.562,1344.7629,2.5051,0.1863,1300761.15,11531180.11
000688.SH,2021/10/15,1363.1635,1349.4048,1367.2346,1341.7523,1347.268,15.8955,1.1798,1580866.73,13789553.43
000688.SH,2021/10/18,1352.5749,1366.5541,1366.5541,1338.8891,1363.1635,-10.5886,-0.7768,1593947.84,14447411.51
000688.SH,2021/10/19,1366.7911,1355.07,1369.1628,1352.0107,1352.5749,14.2162,1.051,1363856.19,12302971.15
000688.SH,2021/10/20,1373.593,1370.2134,1381.0631,1363.6535,1366.7911,6.8019,0.4977,1571714.92,14624588.21
000688.SH,2021/10/21,1362.4049,1374.6488,1379.1943,1355.9314,1373.593,-11.1881,-0.8145,1533767.83,13029944.95
000688.SH,2021/10/22,1368.1361,1367.0587,1379.1876,1359.2732,1362.4049,5.7312,0.4207,2044367.22,15934392.12
000688.SH,2021/10/25,1380.3088,1366.2051,1381.2355,1359.6254,1368.1361,12.1727,0.8897,1735638.75,15379056.41
000688.SH,2021/10/26,1376.1258,1379.785,1389.4832,1372.6554,1380.3088,-4.183,-0.303,1774272.93,16853668.55
000688.SH,2021/10/27,1361.8172,1371.7912,1374.3617,1354.3047,1376.1258,-14.3086,-1.0398,2184986.84,17787104.83
000688.SH,2021/10/28,1356.3747,1359.0729,1371.1742,1354.7179,1361.8172,-5.4425,-0.3996,1956515.54,16413733.34
000688.SH,2021/10/29,1396.1952,1363.25,1398.4168,1355.3709,1356.3747,39.8205,2.9358,2409817.7,22490110.72
000688.SH,2021/11/1,1404.2078,1398.5852,1415.5761,1392.4007,1396.1952,8.0126,0.5739,2349330.12,21133041.97
000688.SH,2021/11/2,1405.6405,1405.8651,1423.9262,1395.6992,1404.2078,1.4327,0.102,2819338.44,22711495.34
000688.SH,2021/11/3,1399.5496,1408.1959,1416.4734,1386.3954,1405.6405,-6.0909,-0.4333,2098887.87,17560750.61
000688.SH,2021/11/4,1410.7421,1404.6586,1420.334,1404.6586,1399.5496,11.1925,0.7997,2038347.96,18122964.86
000688.SH,2021/11/5,1396.7382,1416.243,1418.8812,1396.0334,1410.7421,-14.0039,-0.9927,2172884.95,18702194.26
000688.SH,2021/11/8,1400.7951,1398.5658,1401.0456,1381.6178,1396.7382,4.0569,0.2905,2005434.16,17591232.22
000688.SH,2021/11/9,1420.5088,1404.8897,1422.8961,1397.8212,1400.7951,19.7137,1.4073,2502743.27,19731124.56
000688.SH,2021/11/10,1420.4519,1417.6609,1423.3063,1398.8821,1420.5088,-0.0569,-0.004,2386315.68,20659627.11
000688.SH,2021/11/11,1437.1495,1418.4838,1443.6028,1416.1839,1420.4519,16.6976,1.1755,2986363.69,24082559.43
000688.SH,2021/11/12,1440.1567,1432.7093,1444.4057,1425.581,1437.1495,3.0072,0.2092,2913610.06,22506042.02
000688.SH,2021/11/15,1432.5994,1441.4073,1448.0286,1429.3163,1440.1567,-7.5573,-0.5248,2296383.31,19180350
000688.SH,2021/11/16,1421.2749,1428.481,1438.6107,1418.1952,1432.5994,-11.3245,-0.7905,2055118.45,17790246.35
000688.SH,2021/11/17,1436.1583,1420.9881,1438.8014,1414.1235,1421.2749,14.8834,1.0472,1812232,15899037.25
000688.SH,2021/11/18,1423.9704,1433.508,1433.635,1417.1655,1436.1583,-12.1879,-0.8486,1854732.96,15764820.75
000688.SH,2021/11/19,1444.7839,1424.7587,1447.1857,1424.7587,1423.9704,20.8135,1.4617,1940821.86,16481379.71
000688.SH,2021/11/22,1479.9874,1449.4523,1483.4845,1449.3754,1444.7839,35.2035,2.4366,2722068.12,24040351.46
000688.SH,2021/11/23,1476.2528,1477.6681,1485.7988,1473.5517,1479.9874,-3.7346,-0.2523,2420503.34,20116378.33
000688.SH,2021/11/24,1472.2247,1477.9611,1489.7134,1471.6161,1476.2528,-4.0281,-0.2729,2274515.37,19620342.74
000688.SH,2021/11/25,1468.072,1472.6356,1477.7368,1465.6396,1472.2247,-4.1527,-0.2821,2073798.13,17535353.56
000688.SH,2021/11/26,1459.9317,1466.3632,1470.5331,1450.9315,1468.072,-8.1403,-0.5545,2002441.94,16594141.35
000688.SH,2021/11/29,1471.2291,1448.4979,1474.4443,1444.3016,1459.9317,11.2974,0.7738,2416956.64,23017666.88
000688.SH,2021/11/30,1475.7129,1477.8041,1479.926,1463.1472,1471.2291,4.4838,0.3048,2150293.88,20068131.42
000688.SH,2021/12/1,1456.4829,1473.5206,1479.0866,1452.7528,1475.7129,-19.23,-1.3031,1915389.59,17178007.27
000688.SH,2021/12/2,1429.5001,1454.7395,1458.0848,1427.9764,1456.4829,-26.9828,-1.8526,1882169.45,16089749.25
000688.SH,2021/12/3,1444.8339,1432.2287,1444.9906,1431.5923,1429.5001,15.3338,1.0727,2070180.94,16817330.54
000688.SH,2021/12/6,1405.7709,1444.9333,1445.1648,1405.5084,1444.8339,-39.063,-2.7036,2143150.65,16902848.83
000688.SH,2021/12/7,1389.437,1412.997,1415.0539,1380.5106,1405.7709,-16.3339,-1.1619,1931767.91,16007213.64
000688.SH,2021/12/8,1415.3738,1394.9886,1416.6852,1394.9886,1389.437,25.9368,1.8667,1900681.27,16274079.09
000688.SH,2021/12/9,1434.5223,1417.3439,1438.4892,1410.1452,1415.3738,19.1485,1.3529,2592607.43,22711925.96
000688.SH,2021/12/10,1435.7028,1431.848,1442.6215,1424.9966,1434.5223,1.1805,0.0823,3874003.12,31193029.75
000688.SH,2021/12/13,1445.7068,1439.1869,1450.8272,1434.1481,1435.7028,10.004,0.6968,2561892.86,23121571.33
000688.SH,2021/12/14,1439.4694,1445.0515,1451.6787,1435.8854,1445.7068,-6.2374,-0.4314,1926378.74,17545151.66
000688.SH,2021/12/15,1424.8995,1439.116,1443.5514,1424.769,1439.4694,-14.5699,-1.0122,1926027.85,18401657.48
000688.SH,2021/12/16,1425.9289,1425.5285,1436.0615,1419.7022,1424.8995,1.0294,0.0722,1775541.1,16213921.51
000688.SH,2021/12/17,1399.0594,1426.7922,1430.3917,1395.6431,1425.9289,-26.8695,-1.8844,1942680.68,17653435.49
000688.SH,2021/12/20,1363.9562,1389.1787,1401.3367,1363.1149,1399.0594,-35.1032,-2.5091,2052235.51,18295999.76
000688.SH,2021/12/21,1374.6495,1366.2729,1378.4886,1363.9685,1363.9562,10.6933,0.784,1661277.65,14801441.35
000688.SH,2021/12/22,1375.0299,1378.3107,1386.2428,1373.5253,1374.6495,0.3804,0.0277,1515653.88,13225100.4
000688.SH,2021/12/23,1375.9682,1375.8297,1380.147,1366.9899,1375.0299,0.9383,0.0682,1451665.16,13324886.55
000688.SH,2021/12/24,1358.7302,1375.1782,1378.2987,1353.6535,1375.9682,-17.238,-1.2528,1630218.52,14075534.06
000688.SH,2021/12/27,1355.6358,1356.4098,1369.2119,1349.1108,1358.7302,-3.0944,-0.2277,1342783.29,12058704.86
000688.SH,2021/12/28,1369.6193,1355.6539,1370.3113,1355.6539,1355.6358,13.9835,1.0315,1323696.09,11980291.06
000688.SH,2021/12/29,1356.2141,1370.4936,1370.4936,1351.9984,1369.6193,-13.4052,-0.9788,1288042.94,11749889.07
000688.SH,2021/12/30,1375.5602,1355.9678,1381.4354,1355.4075,1356.2141,19.3461,1.4265,1461676.49,13475977.09
000688.SH,2021/12/31,1398.1941,1384.2783,1399.7538,1383.8355,1375.5602,22.6339,1.6454,1746652.38,16045766.74
000688.SH,2022/1/4,1364.9894,1403.3937,1405.5148,1361.4322,1398.1941,-33.2047,-2.3748,2305360.84,20643964.79
000688.SH,2022/1/5,1333.3348,1364.0143,1365.7661,1328.2901,1364.9894,-31.6546,-2.319,2054154.51,17737490.01
000688.SH,2022/1/6,1320.935,1327.6967,1331.4326,1309.8973,1333.3348,-12.3998,-0.93,1755662.33,16287225.77
000688.SH,2022/1/7,1305.4918,1322.8916,1331.9148,1305.1409,1320.935,-15.4432,-1.1691,1783158.03,15082367.13
000688.SH,2022/1/10,1318.2665,1306.5973,1323.1549,1291.4089,1305.4918,12.7747,0.9785,1782000.75,16425019.78
000688.SH,2022/1/11,1294.4038,1317.9239,1317.9274,1291.5074,1318.2665,-23.8627,-1.8102,1695863.44,15764501.14
000688.SH,2022/1/12,1316.3531,1298.6229,1317.523,1298.6229,1294.4038,21.9493,1.6957,1743012.61,15915153.48
000688.SH,2022/1/13,1294.6527,1319.1868,1319.1868,1294.6527,1316.3531,-21.7004,-1.6485,1700527.89,14916330.69
000688.SH,2022/1/14,1312.2923,1289.3818,1316.3277,1288.8503,1294.6527,17.6396,1.3625,2215187.46,18439721.82
000688.SH,2022/1/17,1338.3172,1317.385,1341.1732,1313.6157,1312.2923,26.0249,1.9832,2199861.14,20333385.42
000688.SH,2022/1/18,1342.356,1340.414,1362.4779,1328.4021,1338.3172,4.0388,0.3018,2273902.95,20255553.37
000688.SH,2022/1/19,1324.0889,1340.7132,1343.3027,1318.3106,1342.356,-18.2671,-1.3608,1662278.99,14619306.8
000688.SH,2022/1/20,1306.023,1326.6377,1329.8129,1304.6922,1324.0889,-18.0659,-1.3644,1702964.26,14349543.54
000688.SH,2022/1/21,1290.4057,1304.1581,1308.4372,1288.7805,1306.023,-15.6173,-1.1958,1869001.92,14609656.13
000688.SH,2022/1/24,1307.7417,1286.1386,1311.5068,1285.0377,1290.4057,17.336,1.3435,1819019.37,15265922.53
000688.SH,2022/1/25,1277.0039,1303.93,1311.7283,1276.196,1307.7417,-30.7378,-2.3504,1907159,14263375.28
000688.SH,2022/1/26,1276.3622,1281.5104,1289.4081,1261.9509,1277.0039,-0.6417,-0.0503,1630927.84,13288711.36
000688.SH,2022/1/27,1240.5543,1274.6265,1280.2453,1239.4889,1276.3622,-35.8079,-2.8055,1753624.14,13809320.72
000688.SH,2022/1/28,1229.2236,1253.942,1255.1908,1229.2236,1240.5543,-11.3307,-0.9134,1551733.15,12864221.3
000688.SH,2022/2/7,1233.6183,1247.5846,1263.9658,1230.7044,1229.2236,4.3947,0.3575,1421715.29,11366160.05
000688.SH,2022/2/8,1204.0542,1233.6572,1233.6572,1191.4926,1233.6183,-29.5641,-2.3965,1563285.91,12174315.63
000688.SH,2022/2/9,1210.2863,1204.241,1212.4495,1195.0854,1204.0542,6.2321,0.5176,1499083.35,11983911.82
000688.SH,2022/2/10,1188.1974,1214.9815,1215.2781,1182.3976,1210.2863,-22.0889,-1.8251,1812965.3,14049026.39
000688.SH,2022/2/11,1169.5896,1182.8686,1188.5179,1168.9044,1188.1974,-18.6078,-1.5661,1687300.11,12592895.92
000688.SH,2022/2/14,1169.4421,1161.8449,1179.8879,1148.7033,1169.5896,-0.1475,-0.0126,1338539.77,10094571.22
000688.SH,2022/2/15,1203.1243,1172.7707,1204.34,1171.6756,1169.4421,33.6822,2.8802,1647383.86,13098776.44
000688.SH,2022/2/16,1197.5615,1210.4158,1211.5529,1195.9717,1203.1243,-5.5628,-0.4624,1181411.06,9543431.01
000688.SH,2022/2/17,1207.8211,1196.5983,1217.4702,1191.4463,1197.5615,10.2596,0.8567,1434037.65,11437299.13
000688.SH,2022/2/18,1204.3705,1200.3428,1206.0129,1195.2398,1207.8211,-3.4506,-0.2857,1331421.38,9810202.638
000688.SH,2022/2/21,1193.6012,1207.1474,1212.4942,1191.8391,1204.3705,-10.7693,-0.8942,1456113.52,11557915.59
000688.SH,2022/2/22,1183.9818,1184.835,1186.7833,1168.5652,1193.6012,-9.6194,-0.8059,1633863.46,12374450.66
000688.SH,2022/2/23,1231.077,1182.4218,1233.4417,1181.4023,1183.9818,47.0952,3.9777,2322761.3,17370778.56
000688.SH,2022/2/24,1214.9889,1226.9481,1240.3537,1199.0721,1231.077,-16.0881,-1.3068,2433315.93,18347519.01
000688.SH,2022/2/25,1240.8776,1231.5406,1253.4553,1230.6061,1214.9889,25.8887,2.1308,1975666.71,16859273.09
000688.SH,2022/2/28,1249.5852,1243.9803,1249.5852,1230.6454,1240.8776,8.7076,0.7017,2156087.79,17459652.55
000688.SH,2022/3/1,1239.019,1254.5696,1259.677,1232.0914,1249.5852,-10.5662,-0.8456,1762914.41,14479276.47
000688.SH,2022/3/2,1230.2782,1233.1042,1233.9161,1216.4668,1239.019,-8.7408,-0.7055,1490622.14,11889425.93
000688.SH,2022/3/3,1209.8187,1235.9584,1237.1979,1208.8194,1230.2782,-20.4595,-1.663,1726799.64,14299924.32
000688.SH,2022/3/4,1203.0891,1201.1241,1228.1876,1197.8335,1209.8187,-6.7296,-0.5562,1758402.39,14463653.88
000688.SH,2022/3/7,1169.9825,1198.0119,1198.0119,1164.9814,1203.0891,-33.1066,-2.7518,1901070.08,14608726.11
000688.SH,2022/3/8,1137.0749,1167.5937,1179.1959,1135.5194,1169.9825,-32.9076,-2.8127,2414422.32,18565021.21
000688.SH,2022/3/9,1129.6471,1148.1814,1156.4004,1097.0722,1137.0749,-7.4278,-0.6532,2753929.06,18695337.95
000688.SH,2022/3/10,1153.3575,1161.9879,1168.1394,1149.4154,1129.6471,23.7104,2.0989,2465658.5,18178025.18
000688.SH,2022/3/11,1161.2101,1137.6069,1162.5962,1125.3437,1153.3575,7.8526,0.6808,2621609.79,18359083.52
000688.SH,2022/3/14,1126.282,1151.9658,1154.7026,1126.2614,1161.2101,-34.9281,-3.0079,2247694.57,14953856.04
000688.SH,2022/3/15,1093.4328,1115.1873,1142.81,1093.4328,1126.282,-32.8492,-2.9166,2836715.67,17859013.37
000688.SH,2022/3/16,1125.4845,1115.8404,1128.1155,1070.7745,1093.4328,32.0517,2.9313,2888873.85,19776655.08
000688.SH,2022/3/17,1142.713,1144.9754,1163.5062,1138.0115,1125.4845,17.2285,1.5308,2996237.24,21935834.81
000688.SH,2022/3/18,1144.3212,1136.9841,1144.3212,1124.8531,1142.713,1.6082,0.1407,1961700.1,15131999.21
000688.SH,2022/3/21,1152.3256,1143.5474,1160.7095,1137.8125,1144.3212,8.0044,0.6995,2082383.77,16735824.5
000688.SH,2022/3/22,1134.3184,1145.082,1149.4688,1131.875,1152.3256,-18.0072,-1.5627,1839397.77,13165405.27
000688.SH,2022/3/23,1144.0887,1138.7304,1150.2031,1130.2245,1134.3184,9.7703,0.8613,1634121.99,12670757.25
000688.SH,2022/3/24,1134.57,1135.8469,1141.7551,1121.6449,1144.0887,-9.5187,-0.832,1574074.25,12393738.6
000688.SH,2022/3/25,1106.8627,1137.7967,1140.9204,1106.3626,1134.57,-27.7073,-2.4421,1602709.55,12086445.7
000688.SH,2022/3/28,1090.7343,1097.8697,1101.3291,1085.2738,1106.8627,-16.1284,-1.4571,1450974.72,10699038.12
000688.SH,2022/3/29,1079.933,1097.3573,1099.2434,1078.3421,1090.7343,-10.8013,-0.9903,1398627.53,10203928.19
000688.SH,2022/3/30,1112.5186,1084.7637,1112.6275,1084.7637,1079.933,32.5856,3.0174,1618272.87,12126703.71
000688.SH,2022/3/31,1091.0588,1109.553,1109.553,1086.9895,1112.5186,-21.4598,-1.9289,1606409.49,11632076.78
000688.SH,2022/4/1,1089.1947,1085.3059,1095.4553,1074.7932,1091.0588,-1.8641,-0.1709,1448344.46,10716941.16
000688.SH,2022/4/6,1058.4927,1087.7552,1087.7552,1054.6987,1089.1947,-30.702,-2.8188,1881249.46,13247842.18
000688.SH,2022/4/7,1036.0738,1050.4342,1059.3597,1036.0738,1058.4927,-22.4189,-2.118,1678890.9,11505259.54
000688.SH,2022/4/8,1027.2438,1032.8376,1039.0962,1017.1813,1036.0738,-8.83,-0.8523,1650744.55,11464113.11
000688.SH,2022/4/11,988.7613,1022.9117,1022.9117,985.5852,1027.2438,-38.4825,-3.7462,1902675.04,11736158.82
000688.SH,2022/4/12,994.4384,987.451,994.8326,970.0519,988.7613,5.6771,0.5742,1651166.61,10603171.52
000688.SH,2022/4/13,964.8323,989.6626,989.6626,964.8323,994.4384,-29.6061,-2.9772,1350494.4,9150345.873
000688.SH,2022/4/14,975.574,972.2369,982.7034,961.536,964.8323,10.7417,1.1133,1714628.59,11594486.67
000688.SH,2022/4/15,973.3632,968.9073,980.147,955.7685,975.574,-2.2108,-0.2266,1541255.24,10727845.46
000688.SH,2022/4/18,1004.6079,969.0595,1005.8905,964.4929,973.3632,31.2447,3.21,1694079.67,11556441.68
000688.SH,2022/4/19,989.933,1002.9761,1010.5771,987.773,1004.6079,-14.6749,-1.4608,1382969.93,9874727.47
000688.SH,2022/4/20,973.5102,988.751,992.4669,973.0504,989.933,-16.4228,-1.659,1280572.98,8926339.397
000688.SH,2022/4/21,957.7174,968.4769,989.2479,954.8413,973.5102,-15.7928,-1.6223,1685147.53,10825666.36
000688.SH,2022/4/22,942.0685,953.6411,959.7311,940.2646,957.7174,-15.6489,-1.634,1502890.82,9611619.513
000688.SH,2022/4/25,884.3049,924.9594,924.9594,884.3049,942.0685,-57.7636,-6.1316,2329353.86,12141709.95
000688.SH,2022/4/26,868.0672,884.1803,901.7612,865.6522,884.3049,-16.2377,-1.8362,2092079.91,11982970.24
000688.SH,2022/4/27,906.4327,857.3813,910.0714,853.2135,868.0672,38.3655,4.4196,2372278.68,13938017.45
000688.SH,2022/4/28,903.0643,899.6609,908.4528,885.2511,906.4327,-3.3684,-0.3716,2147136.91,12739955.48
000688.SH,2022/4/29,947.1508,910.1357,949.0618,902.5828,903.0643,44.0865,4.8819,2418939,15373219.24
000688.SH,2022/5/5,956.1268,944.5541,967.253,944.0617,947.1508,8.976,0.9477,2306439.53,14904726.61
000688.SH,2022/5/6,942.2273,933.0104,960.0423,929.8231,956.1268,-13.8995,-1.4537,1755901.33,11521193.9
000688.SH,2022/5/9,946.7246,938.3929,953.5994,937.4347,942.2273,4.4973,0.4773,1603950.69,11087251.88
000688.SH,2022/5/10,972.1412,935.0587,983.6753,931.5821,946.7246,25.4166,2.6847,2178714.41,15103979.59
000688.SH,2022/5/11,1002.456,974.5371,1026.4892,972.8599,972.1412,30.3148,3.1184,2754439.02,18202105.64
000688.SH,2022/5/12,1013.0628,999.5381,1021.9634,996.469,1002.456,10.6068,1.0581,2011076.08,14639254.08
000688.SH,2022/5/13,1010.8038,1020.3921,1021.3733,1002.2742,1013.0628,-2.259,-0.223,1697873.41,12252062.45
000688.SH,2022/5/16,996.5061,1016.941,1025.6011,995.2484,1010.8038,-14.2977,-1.4145,1773900.39,12658548.13
000688.SH,2022/5/17,1010.3701,995.9742,1013.9504,993.3804,996.5061,13.864,1.3913,1886231.18,13735228.6
000688.SH,2022/5/18,1013.997,1011.5258,1023.9293,1007.5721,1010.3701,3.6269,0.359,1734876.19,12361321.37
000688.SH,2022/5/19,1036.3409,1002.6563,1036.6655,999.4038,1013.997,22.3439,2.2035,2170723,14926126.67
000688.SH,2022/5/20,1045.3768,1045.6902,1049.038,1028.945,1036.3409,9.0359,0.8719,2207609.81,16606242.89
000688.SH,2022/5/23,1046.1456,1044.1836,1050.0646,1033.7887,1045.3768,0.7688,0.0735,2002307.71,13988388.49
000688.SH,2022/5/24,996.648,1045.0073,1045.0282,996.648,1046.1456,-49.4976,-4.7314,2587625,16389732.74
000688.SH,2022/5/25,1006.5233,996.7532,1008.5834,991.9746,996.648,9.8753,0.9909,1721443.01,11410024.37
000688.SH,2022/5/26,1004.2564,1006.0996,1014.8498,986.4223,1006.5233,-2.2669,-0.2252,1689204.32,11633943.26
000688.SH,2022/5/27,993.6989,1008.0577,1015.4621,988.2122,1004.2564,-10.5575,-1.0513,1698407.94,11622643.56
000688.SH,2022/5/30,1001.5397,995.9564,1007.1244,984.2813,993.6989,7.8408,0.7891,1915873.66,13206012.75
000688.SH,2022/5/31,1035.3156,1004.0805,1035.3156,991.7451,1001.5397,33.7759,3.3724,3172392.46,17052143.18
000688.SH,2022/6/1,1031.5833,1029.0909,1038.7025,1024.7637,1035.3156,-3.7323,-0.3605,2803365.01,16914731.29
000688.SH,2022/6/2,1079.8543,1028.6856,1081.9235,1023.9882,1031.5833,48.271,4.6793,4333626.44,22917277.89
000688.SH,2022/6/6,1121.5373,1084.6559,1130.7569,1081.4477,1079.8543,41.683,3.8601,4640004.16,28693478.44
000688.SH,2022/6/7,1111.3951,1124.162,1124.5225,1104.4332,1121.5373,-10.1422,-0.9043,3367303.49,21589391.45
000688.SH,2022/6/8,1111.6738,1108.594,1126.464,1091.6764,1111.3951,0.2787,0.0251,2892851.42,20016689.22
000688.SH,2022/6/9,1081.1731,1108.9307,1109.7339,1073.66,1111.6738,-30.5007,-2.7437,2597796.69,17330384.59
000688.SH,2022/6/10,1102.8486,1074.0719,1103.1454,1072.1815,1081.1731,21.6755,2.0048,4166523.7,26373313.44
000688.SH,2022/6/13,1088.3772,1088.7597,1094.7905,1080.3858,1102.8486,-14.4714,-1.3122,3537999.78,19746206.58
000688.SH,2022/6/14,1070.5371,1073.7477,1076.8211,1038.9973,1088.3772,-17.8401,-1.6391,3740946.63,19744775.5
000688.SH,2022/6/15,1062.7133,1069.9379,1085.8778,1061.4614,1070.5371,-7.8238,-0.7308,3600207.95,17799835.65
000688.SH,2022/6/16,1078.9465,1065.69,1094.7025,1065.4434,1062.7133,16.2332,1.5275,3011199.44,16521723.15
000688.SH,2022/6/17,1092.0872,1070.6175,1094.267,1066.1682,1078.9465,13.1407,1.2179,3299868,19467893.75
000688.SH,2022/6/20,1095.3284,1099.4648,1109.7435,1086.7545,1092.0872,3.2412,0.2968,3490743.14,21138148.86
000688.SH,2022/6/21,1083.0207,1094.3283,1098.9015,1073.5046,1095.3284,-12.3077,-1.1237,3413289.55,19375778.07
000688.SH,2022/6/22,1063.6899,1084.7111,1090.0236,1063.5897,1083.0207,-19.3308,-1.7849,3110467.35,18024832.15
000688.SH,2022/6/23,1081.8437,1064.731,1083.1024,1054.9114,1063.6899,18.1538,1.7067,3051190.82,17806549.31
000688.SH,2022/6/24,1101.4769,1084.6086,1107.332,1084.6086,1081.8437,19.6332,1.8148,3374570.99,21291804.23
000688.SH,2022/6/27,1103.3992,1113.2171,1121.4479,1101.317,1101.4769,1.9223,0.1745,3675787.67,21592540
000688.SH,2022/6/28,1117.284,1105.1145,1119.1846,1084.5866,1103.3992,13.8848,1.2584,3608098.83,20226015
000688.SH,2022/6/29,1090.6825,1112.5906,1121.2367,1089.2481,1117.284,-26.6015,-2.3809,3561841.74,21087837.36
000688.SH,2022/6/30,1105.6672,1092.4591,1116.9531,1090.4982,1090.6825,14.9847,1.3739,3365766.38,20530269.16
000688.SH,2022/7/1,1089.0284,1105.9735,1107.8583,1086.2493,1105.6672,-16.6388,-1.5049,3674076.85,18800547.77
000688.SH,2022/7/4,1095.0899,1087.344,1098.6382,1073.0374,1089.0284,6.0615,0.5566,3950759.54,22706782.7
000688.SH,2022/7/5,1090.9295,1100.1778,1106.9889,1077.3476,1095.0899,-4.1604,-0.3799,3321180.76,19989764.18
000688.SH,2022/7/6,1101.7487,1092.7005,1116.1385,1091.4134,1090.9295,10.8192,0.9917,3284101.26,21365639.72
000688.SH,2022/7/7,1111.6734,1103.78,1113.7254,1087.593,1101.7487,9.9247,0.9008,3139913.85,21253225.06
000688.SH,2022/7/8,1104.0217,1117.1828,1120.8705,1100.5455,1111.6734,-7.6517,-0.6883,2863540.73,19214449.75
000688.SH,2022/7/11,1081.1633,1098.6654,1098.6654,1070.6564,1104.0217,-22.8584,-2.0705,2817168.12,17885911.68
000688.SH,2022/7/12,1049.2412,1081.9019,1084.9442,1049.2119,1081.1633,-31.9221,-2.9526,2602142.42,17526835.52
000688.SH,2022/7/13,1052.7914,1051.7777,1061.4114,1041.6502,1049.2412,3.5502,0.3384,2525526.67,17265574.16
000688.SH,2022/7/14,1076.8066,1052.431,1086.3263,1049.6468,1052.7914,24.0152,2.2811,2898869.82,18618970.81
000688.SH,2022/7/15,1072.2621,1072.9932,1093.8199,1071.9749,1076.8066,-4.5445,-0.422,2527506.57,16411987.6
000688.SH,2022/7/18,1069.3315,1075.7091,1078.3026,1053.3502,1072.2621,-2.9306,-0.2733,3094644.13,20047857.17
000688.SH,2022/7/19,1061.853,1068.6931,1073.0641,1052.954,1069.3315,-7.4785,-0.6994,2850353.59,17685162.74
000688.SH,2022/7/20,1079.5267,1066.1994,1082.6178,1066.1994,1061.853,17.6737,1.6644,2622833.51,16812850.12
000688.SH,2022/7/21,1091.4068,1080.6465,1109.5402,1075.6716,1079.5267,11.8801,1.1005,3624161.35,22641578.08
000688.SH,2022/7/22,1084.9742,1099.6229,1101.3702,1076.3539,1091.4068,-6.4326,-0.5894,2782866.58,16618876.77
000688.SH,2022/7/25,1073.7608,1082.6173,1095.6934,1070.8119,1084.9742,-11.2134,-1.0335,2460302.25,16028706.53
000688.SH,2022/7/26,1084.6572,1072.544,1087.8579,1066.1313,1073.7608,10.8964,1.0148,2667264.45,14372251.33
000688.SH,2022/7/27,1095.6989,1083.6708,1098.3653,1083.3222,1084.6572,11.0417,1.018,2725636.47,16884356.39
000688.SH,2022/7/28,1108.7909,1102.4382,1116.163,1094.66,1095.6989,13.092,1.1949,3282049.7,18554792.23
000688.SH,2022/7/29,1088.9128,1113.0776,1113.3227,1086.7147,1108.7909,-19.8781,-1.7928,2538296.67,16511441.71
000688.SH,2022/8/1,1100.1819,1081.6231,1100.9597,1068.1878,1088.9128,11.2691,1.0349,2770214.72,17714021.5
000688.SH,2022/8/2,1094.9146,1084.9808,1107.2352,1074.9743,1100.1819,-5.2673,-0.4788,3573009.65,21002171.98
000688.SH,2022/8/3,1100.3484,1099.4411,1127.0003,1090.6051,1094.9146,5.4338,0.4963,4332724.27,25250917.15
000688.SH,2022/8/4,1110.9172,1106.1511,1119.497,1099.1044,1100.3484,10.5688,0.9605,3089983.52,19090194.53
000688.SH,2022/8/5,1157.3329,1115.0157,1158.5128,1112.9196,1110.9172,46.4157,4.1781,4618204.58,27643700.22
000688.SH,2022/8/8,1152.5774,1161.0428,1161.0428,1144.3155,1157.3329,-4.7555,-0.4109,4235986.15,25970762.46
000688.SH,2022/8/9,1162.3201,1152.9139,1163.6975,1141.3422,1152.5774,9.7427,0.8453,3898550.89,23419977.59
000688.SH,2022/8/10,1156.1562,1154.1743,1170.5173,1152.9685,1162.3201,-6.1639,-0.5303,3706962.29,22004585.82
000688.SH,2022/8/11,1173.1444,1163.5388,1176.0599,1150.9825,1156.1562,16.9882,1.4694,3563010.38,21870578.54
000688.SH,2022/8/12,1146.1911,1169.6617,1174.4035,1146.019,1173.1444,-26.9533,-2.2975,2950962.16,18248702.99
000688.SH,2022/8/15,1143.7473,1145.0219,1155.451,1138.062,1146.1911,-2.4438,-0.2132,2883078.84,18150685.05
000688.SH,2022/8/16,1137.3015,1143.7048,1154.4251,1134.2111,1143.7473,-6.4458,-0.5636,2976090.93,19103804.58
000688.SH,2022/8/17,1132.3118,1136.8015,1140.6584,1127.8897,1137.3015,-4.9897,-0.4387,2963718.52,18996916.95
000688.SH,2022/8/18,1146.6341,1132.6024,1148.3835,1129.3245,1132.3118,14.3223,1.2649,3528308.33,22656026.49
000688.SH,2022/8/19,1108.4523,1146.3272,1155.7787,1108.1567,1146.6341,-38.1818,-3.3299,4409685.52,25508838.52
000688.SH,2022/8/22,1107.2808,1103.1526,1111.396,1096.9895,1108.4523,-1.1715,-0.1057,3520066.74,21793331.29
000688.SH,2022/8/23,1107.2996,1109.2525,1117.7146,1105.6814,1107.2808,0.0188,0.0017,2777314.46,18569247.37
000688.SH,2022/8/24,1068.9833,1110.0066,1112.7455,1068.9833,1107.2996,-38.3163,-3.4603,3162474.08,18692721.99
000688.SH,2022/8/25,1055.8892,1071.9812,1077.6644,1044.7723,1068.9833,-13.0941,-1.2249,2729849.26,16087243.41
000688.SH,2022/8/26,1045.9939,1064.7114,1069.2639,1044.3969,1055.8892,-9.8953,-0.9372,2279837.55,14978675.29
000688.SH,2022/8/29,1054.2848,1032.0404,1058.7185,1029.8875,1045.9939,8.2909,0.7926,2878619.57,16220554.03
000688.SH,2022/8/30,1050.2819,1054.2557,1064.7623,1047.7292,1054.2848,-4.0029,-0.3797,2392004.42,14350735.76
000688.SH,2022/8/31,1029.6563,1048.4009,1057.8354,1023.4726,1050.2819,-20.6256,-1.9638,2710980.21,18208319.38
000688.SH,2022/9/1,1025.6604,1032.7751,1041.9187,1023.5414,1029.6563,-3.9959,-0.3881,2613958.18,16409013.92
000688.SH,2022/9/2,1030.1201,1027.4676,1040.4563,1022.5826,1025.6604,4.4597,0.4348,2475024.93,15316543.96
000688.SH,2022/9/5,1024.3926,1030.5956,1034.9501,1018.5572,1030.1201,-5.7275,-0.556,2634220.6,15889908.16
000688.SH,2022/9/6,1035.7838,1025.8577,1038.9673,1016.6465,1024.3926,11.3912,1.112,2722983.32,15973973.87
000688.SH,2022/9/7,1049.5791,1032.0248,1065.1669,1031.9045,1035.7838,13.7953,1.3319,2870024.3,17380355.28
000688.SH,2022/9/8,1040.773,1050.3194,1054.7385,1040.0483,1049.5791,-8.8061,-0.839,2298621.55,13640788.95
000688.SH,2022/9/9,1033.7843,1039.5877,1042.1106,1022.6771,1040.773,-6.9887,-0.6715,2161855,14518502.13
000688.SH,2022/9/13,1031.1702,1034.4973,1046.1828,1028.7725,1033.7843,-2.6141,-0.2529,2001101.59,12869867.64
000688.SH,2022/9/14,1031.304,1018.0741,1033.4533,1016.8725,1031.1702,0.1338,0.013,1927936.8,12780389.03
000688.SH,2022/9/15,1000.0806,1035.7638,1037.6253,990.8531,1031.304,-31.2234,-3.0276,2888894.67,18036621.02
000688.SH,2022/9/16,998.5182,997.3582,1018.7151,997.3582,1000.0806,-1.5624,-0.1562,2497458.53,14883055.68
000688.SH,2022/9/19,975.5474,997.5257,1003.1509,970.8677,998.5182,-22.9708,-2.3005,2251571.21,13633318.44
000688.SH,2022/9/20,985.151,982.3683,997.2182,977.2748,975.5474,9.6036,0.9844,2061724.73,12626611.09
000688.SH,2022/9/21,970.3929,980.621,983.7956,968.7099,985.151,-14.7581,-1.4981,1970718.93,10643670.94
000688.SH,2022/9/22,975.8694,964.959,986.4305,963.8883,970.3929,5.4765,0.5644,1763697.45,10474805.13
000688.SH,2022/9/23,960.9396,975.5775,984.1063,956.1147,975.8694,-14.9298,-1.5299,2165903.52,12488034.42
000688.SH,2022/9/26,961.8284,955.0406,978.4942,952.1785,960.9396,0.8888,0.0925,2078896.84,12746962.94
000688.SH,2022/9/27,976.4453,963.488,976.4453,959.1965,961.8284,14.6169,1.5197,2116590.73,12076951.67
000688.SH,2022/9/28,956.1881,973.4745,977.6638,955.32,976.4453,-20.2572,-2.0746,1791062.69,10466147.16
000688.SH,2022/9/29,961.4745,962.4481,970.1118,955.6069,956.1881,5.2864,0.5529,1849813.27,11197899.61
000688.SH,2022/9/30,939.3763,956.4046,961.8853,937.8648,961.4745,-22.0982,-2.2984,1786436.51,10200261.77
000688.SH,2022/10/10,897.335,933.0209,934.9621,895.2032,939.3763,-42.0413,-4.4754,2278138.61,13017577.92
000688.SH,2022/10/11,892.7394,898.3667,904.4706,889.4474,897.335,-4.5956,-0.5121,2092808.42,12086928.78
000688.SH,2022/10/12,924.9136,890.2856,926.191,871.453,892.7394,32.1742,3.604,2718473.21,15659682.51
000688.SH,2022/10/13,926.5203,917.3966,942.8684,916.3668,924.9136,1.6067,0.1737,2471873.24,14775231.94
000688.SH,2022/10/14,954.9237,936.4215,961.5047,925.9315,926.5203,28.4034,3.0656,3456919.52,20122294.01
000688.SH,2022/10/17,963.2239,948.6421,964.9481,946.9386,954.9237,8.3002,0.8692,3108377.19,18956042.16
000688.SH,2022/10/18,959.9995,964.9702,968.1267,952.9945,963.2239,-3.2244,-0.3348,2473815.97,14797151.46
000688.SH,2022/10/19,949.4981,957.7333,963.1105,949.4981,959.9995,-10.5014,-1.0939,2422821.83,14676930.31
000688.SH,2022/10/20,963.9516,944.1612,976.7116,938.3342,949.4981,14.4535,1.5222,3296684.26,20345611.91
000688.SH,2022/10/21,967.9801,961.4834,972.8111,951.6716,963.9516,4.0285,0.4179,3024322.56,18265579.4
000688.SH,2022/10/24,969.4924,967.5646,989.6479,960.6231,967.9801,1.5123,0.1562,3071168.6,18658122.3
000688.SH,2022/10/25,971.3335,962.9727,984.4785,955.5696,969.4924,1.8411,0.1899,2930993.2,18866442.64
000688.SH,2022/10/26,1003.2544,972.4514,1010.9808,963.3635,971.3335,31.9209,3.2863,3743083.01,23155507.72
000688.SH,2022/10/27,1004.9093,1008.7056,1021.563,995.5518,1003.2544,1.6549,0.165,4138659.02,25441170.22
000688.SH,2022/10/28,993.7213,996.6119,1015.4204,989.227,1004.9093,-11.188,-1.1133,3895787.74,24010841.39
000688.SH,2022/10/31,1010.3269,991.8868,1022.2345,991.8868,993.7213,16.6056,1.6711,4428040.8,24631091.01
000688.SH,2022/11/1,1024.5223,1011.964,1029.6428,1000.967,1010.3269,14.1954,1.405,4028960.98,23480238.45
000688.SH,2022/11/2,1037.1791,1020.0743,1046.8232,1017.994,1024.5223,12.6568,1.2354,4190214.74,26684738.96
000688.SH,2022/11/3,1048.0697,1028.4327,1055.1169,1027.0384,1037.1791,10.8906,1.05,3759979.41,26680939.84
000688.SH,2022/11/4,1072.8704,1048.8909,1077.4898,1048.8909,1048.0697,24.8007,2.3663,3956616.15,26888850.69
000688.SH,2022/11/7,1061.3507,1070.1446,1080.7915,1058.1283,1072.8704,-11.5197,-1.0737,3562502.65,24106417.33
000688.SH,2022/11/8,1051.7093,1061.7123,1062.7181,1040.8652,1061.3507,-9.6414,-0.9084,2700419.87,19313606.3
000688.SH,2022/11/9,1037.5267,1049.721,1053.1397,1036.9543,1051.7093,-14.1826,-1.3485,2343890.44,16248702.27
000688.SH,2022/11/10,1023.064,1033.129,1044.7249,1021.1126,1037.5267,-14.4627,-1.394,2585425.45,17146001.82
000688.SH,2022/11/11,1023.2649,1053.8593,1059.7601,1023.2649,1023.064,0.2009,0.0196,3424747.19,25350251.64
000688.SH,2022/11/14,1022.9133,1021.4092,1031.705,1012.6723,1023.2649,-0.3516,-0.0344,3145272.08,21959756.86
000688.SH,2022/11/15,1052.0448,1022.0413,1054.3574,1021.1369,1022.9133,29.1315,2.8479,3946417.35,25141655.55
000688.SH,2022/11/16,1036.4918,1052.4142,1054.3436,1034.2015,1052.0448,-15.553,-1.4784,2734881.84,17847127.75
000688.SH,2022/11/17,1041.6727,1029.3148,1041.7546,1015.0546,1036.4918,5.1809,0.4998,3066426.39,19885125.19
000688.SH,2022/11/18,1031.9923,1039.8545,1045.9506,1030.7443,1041.6727,-9.6804,-0.9293,3235674.88,19858414.7
000688.SH,2022/11/21,1032.4722,1023.9005,1032.949,1020.0553,1031.9923,0.4799,0.0465,2516825.16,15740472.4
000688.SH,2022/11/22,1017.8215,1029.5031,1030.3664,1015.1416,1032.4722,-14.6507,-1.419,3432003.48,16298527.61
000688.SH,2022/11/23,1017.0158,1014.7376,1021.9082,994.4958,1017.8215,-0.8057,-0.0792,3273035.85,18159945.47
000688.SH,2022/11/24,1015.3554,1019.1768,1024.2438,1013.4817,1017.0158,-1.6604,-0.1633,2879463.93,15549475.36
000688.SH,2022/11/25,999.9884,1012.7972,1012.7972,999.8382,1015.3554,-15.367,-1.5135,2947828.54,14135708.59
000688.SH,2022/11/28,992.8114,983.5944,997.8967,980.7551,999.9884,-7.177,-0.7177,2983372.09,14363861.96
000688.SH,2022/11/29,1002.4473,995.3404,1003.6113,988.0748,992.8114,9.6359,0.9706,3168636.2,17470142.7
000688.SH,2022/11/30,1000.2633,999.613,1003.7303,991.4883,1002.4473,-2.184,-0.2179,3077889.27,16504209.78
000688.SH,2022/12/1,1009.3322,1008.7068,1017.0063,1004.3183,1000.2633,9.0689,0.9067,3084518.41,18897812.67
000688.SH,2022/12/2,1008.1447,1005.6314,1021.397,1005.1581,1009.3322,-1.1875,-0.1177,2948412,15486503.65
000688.SH,2022/12/5,1003.6,1011.2806,1011.2868,999.4875,1008.1447,-4.5447,-0.4508,3925537.65,19018828.27
000688.SH,2022/12/6,1003.1362,1003.3058,1014.3344,999.5221,1003.6,-0.4638,-0.0462,3842281.46,20303617.37
000688.SH,2022/12/7,1000.4747,999.2776,1008.8471,996.9439,1003.1362,-2.6615,-0.2653,3287630.14,16822520.27
000688.SH,2022/12/8,997.3145,999.7483,1005.8809,995.8763,1000.4747,-3.1602,-0.3159,3659584.09,16983383.87
000688.SH,2022/12/9,1001.6858,998.7387,1004.3595,992.6342,997.3145,4.3713,0.4383,6088980.39,26365778.19
000688.SH,2022/12/12,1004.6214,1000.2894,1011.7622,996.2253,1001.6858,2.9356,0.2931,3903176.37,18650277.86
000688.SH,2022/12/13,989.3073,1002.5403,1004.2057,989.1815,1004.6214,-15.3141,-1.5244,3022278.31,15787209.36
000688.SH,2022/12/14,984.2187,1003.5662,1004.7414,983.0889,989.3073,-5.0886,-0.5144,3266898.56,18878056.05
000688.SH,2022/12/15,989.1978,985.1521,992.973,979.5261,984.2187,4.9791,0.5059,2420035.4,13501009.69
000688.SH,2022/12/16,978.3607,984.2514,985.8674,973.6985,989.1978,-10.8371,-1.0955,2680629.84,13496283.09
000688.SH,2022/12/19,956.186,973.5975,980.4682,954.0152,978.3607,-22.1747,-2.2665,2543419.26,12786760.43
000688.SH,2022/12/20,952.7673,955.0774,959.964,950.4724,956.186,-3.4187,-0.3575,2250868.48,10524491.53
000688.SH,2022/12/21,940.8352,950.5609,954.6246,937.5198,952.7673,-11.9321,-1.2524,1810951.66,9119416.206
000688.SH,2022/12/22,930.8046,944.5731,946.0371,928.906,940.8352,-10.0306,-1.0661,2121058.91,10648860.78
000688.SH,2022/12/23,920.3509,925.1412,930.0631,915.349,930.8046,-10.4537,-1.1231,2040232.47,9912812.209
000688.SH,2022/12/26,951.1103,920.7353,951.6596,920.5573,920.3509,30.7594,3.3421,2553547.02,12045176.01
000688.SH,2022/12/27,963.1355,951.8563,965.4892,947.1695,951.1103,12.0252,1.2643,2368372.43,12335560.27
000688.SH,2022/12/28,957.2743,960.3881,963.3555,955.4853,963.1355,-5.8612,-0.6086,2007107,11146696.38
000688.SH,2022/12/29,962.253,956.0978,970.5716,954.7399,957.2743,4.9787,0.5201,1975230.02,11489684.58
000688.SH,2022/12/30,959.9046,963.2943,971.0402,958.9907,962.253,-2.3484,-0.2441,1795900.04,10732500.83
000688.SH,2023/1/3,979.9129,960.5094,982.239,956.7036,959.9046,20.0083,2.0844,2522453.77,14660258.76
000688.SH,2023/1/4,972.3783,982.0256,983.8397,966.2852,979.9129,-7.5346,-0.7689,2321619.41,13398126.11
000688.SH,2023/1/5,983.5198,972.606,985.8163,969.318,972.3783,11.1415,1.1458,2598134.94,15181827.18
000688.SH,2023/1/6,991.0952,985.9934,1003.045,984.0247,983.5198,7.5754,0.7702,3438375.31,17949856.78
000688.SH,2023/1/9,988.6687,994.7397,1000.0673,986.165,991.0952,-2.4265,-0.2448,2530880.59,14874561.69
000688.SH,2023/1/10,990.3153,989.8491,998.1597,985.2184,988.6687,1.6466,0.1665,2124064.46,12975977.2
000688.SH,2023/1/11,973.9615,990.1451,993.4742,973.5585,990.3153,-16.3538,-1.6514,2184618.19,13192185.3
000688.SH,2023/1/12,974.1936,978.3612,979.3554,971.4967,973.9615,0.2321,0.0238,2229529.48,13840051.77
000688.SH,2023/1/13,974.3118,976.5797,977.0551,967.1122,974.1936,0.1182,0.0121,2037772.39,13498308.6
000688.SH,2023/1/16,992.6127,972.7034,1000.2674,971.9038,974.3118,18.3009,1.8783,3580937.41,20269602.87
000688.SH,2023/1/17,1003.6765,994.6421,1006.5856,993.4538,992.6127,11.0638,1.1146,2423561.38,14855850.21
000688.SH,2023/1/18,1006.7455,1006.688,1009.8746,1001.7536,1003.6765,3.069,0.3058,1973210.23,11690259.63
000688.SH,2023/1/19,1023.6512,1004.7854,1023.707,1004.0824,1006.7455,16.9057,1.6792,2243892.73,13891787.27
000688.SH,2023/1/20,1029.135,1025.0044,1034.5853,1024.1561,1023.6512,5.4838,0.5357,2211790.06,13396812.8
000688.SH,2023/1/30,1031.6097,1046.437,1051.6741,1031.3578,1029.135,2.4747,0.2405,4229142.68,23086224.4
000688.SH,2023/1/31,1014.3578,1027.8189,1029.6248,1014.1267,1031.6097,-17.2519,-1.6723,3018699.21,17412875.16
000688.SH,2023/2/1,1026.3979,1016.3108,1026.8686,1010.4001,1014.3578,12.0401,1.187,3188567.69,18323878.16
000688.SH,2023/2/2,1031.6796,1030.3347,1041.2432,1028.3707,1026.3979,5.2817,0.5146,3587092.99,20020474.55
000688.SH,2023/2/3,1033.8698,1029.1179,1034.2606,1016.9074,1031.6796,2.1902,0.2123,2605814.32,15707940.09
000688.SH,2023/2/6,1024.4263,1031.9175,1038.2737,1020.8148,1033.8698,-9.4435,-0.9134,2713237.63,17364939.12
000688.SH,2023/2/7,1020.1661,1024.2366,1027.7606,1014.4841,1024.4263,-4.2602,-0.4159,2488063.45,15784291.73
000688.SH,2023/2/8,1010.6939,1021.1612,1026.2165,1010.6939,1020.1661,-9.4722,-0.9285,2294143.83,13744770.03
000688.SH,2023/2/9,1036.8609,1007.839,1037.7034,1004.6711,1010.6939,26.167,2.589,3328658.99,19194876.87
000688.SH,2023/2/10,1024.538,1034.2179,1038.6002,1018.7612,1036.8609,-12.3229,-1.1885,3149442.8,17426099.08
000688.SH,2023/2/13,1024.0363,1020.5503,1031.4729,1017.5878,1024.538,-0.5017,-0.049,3011048.83,18291847.31
000688.SH,2023/2/14,1022.6687,1026.4502,1032.5889,1016.928,1024.0363,-1.3676,-0.1335,2655467.06,16292188.11
000688.SH,2023/2/15,1024.2168,1022.7935,1026.2007,1016.2463,1022.6687,1.5481,0.1514,3423963.88,18071997.27
000688.SH,2023/2/16,1005.18,1024.1207,1030.427,998.9589,1024.2168,-19.0368,-1.8587,3805857.69,19585620.63
000688.SH,2023/2/17,986.3345,1002.082,1005.3773,986.3345,1005.18,-18.8455,-1.8748,2858350.35,16342384.74
000688.SH,2023/2/20,998.8316,985.1131,999.9753,979.8278,986.3345,12.4971,1.267,2741887.08,15248886.63
000688.SH,2023/2/21,995.7253,997.5542,1003.1806,989.9805,998.8316,-3.1063,-0.311,2576217.65,14581479.74
000688.SH,2023/2/22,989.6532,988.7885,993.5206,987.2775,995.7253,-6.0721,-0.6098,1930714.38,11397951.14
000688.SH,2023/2/23,992.4615,988.1959,997.764,988.1959,989.6532,2.8083,0.2838,2558408.85,12703349.93
000688.SH,2023/2/24,990.6316,996.0282,999.7993,988.331,992.4615,-1.8299,-0.1844,2437148.18,13248112.49
000688.SH,2023/2/27,986.2821,988.1077,996.1181,983.9222,990.6316,-4.3495,-0.4391,2781204.28,15110055.59
000688.SH,2023/2/28,990.4668,991.4395,994.7261,980.1039,986.2821,4.1847,0.4243,2981129.61,15296627.43
000688.SH,2023/3/1,994.634,989.1076,998.0649,984.5922,990.4668,4.1672,0.4207,3715505.26,16625865.89
000688.SH,2023/3/2,988.8943,994.5436,997.4647,987.9103,994.634,-5.7397,-0.5771,2949840.95,16166139.78
000688.SH,2023/3/3,998.9005,996.0998,1002.4766,990.2691,988.8943,10.0062,1.0119,3574535.18,18789813.23
000688.SH,2023/3/6,1007.6347,999.7237,1011.0346,991.6618,998.9005,8.7342,0.8744,3896094.64,20751445.58
000688.SH,2023/3/7,990.575,1005.6193,1008.0787,990.2126,1007.6347,-17.0597,-1.693,3594451.78,17835369.73
000688.SH,2023/3/8,994.8858,989.707,996.8059,987.9691,990.575,4.3108,0.4352,2674681.85,15417871.3
000688.SH,2023/3/9,998.3033,996.5634,1003.1974,992.2082,994.8858,3.4175,0.3435,2916139.44,17372986.02
000688.SH,2023/3/10,993.5522,990.8994,1003.8865,987.4988,998.3033,-4.7511,-0.4759,3999466.91,18258806.09
000688.SH,2023/3/13,998.9069,992.9416,1000.0178,991.1574,993.5522,5.3547,0.5389,3508582.05,18477048.24
000688.SH,2023/3/14,1013.3904,997.7704,1017.693,989.3317,998.9069,14.4835,1.4499,5563032.88,28759798.16
000688.SH,2023/3/15,1007.3043,1016.1778,1027.1658,1007.1799,1013.3904,-6.0861,-0.6006,4692416.49,26032946.22
000688.SH,2023/3/16,992.4352,1001.5166,1010.2789,990.1628,1007.3043,-14.8691,-1.4761,4875863.52,24165038.53
000688.SH,2023/3/17,1015.7576,1002.3656,1021.8344,995.0794,992.4352,23.3224,2.35,6152273.86,34146895.15
000688.SH,2023/3/20,1025.3214,1016.2287,1035.278,1012.451,1015.7576,9.5638,0.9415,5856381.08,34442042.4
000688.SH,2023/3/21,1030.1859,1024.5325,1030.1859,1020.5172,1025.3214,4.8645,0.4744,4157270.39,24609052.6
000688.SH,2023/3/22,1034.0494,1031.6142,1039.1577,1028.3053,1030.1859,3.8635,0.375,4352786,28503003.76
000688.SH,2023/3/23,1058.9879,1030.4658,1058.9879,1030.4658,1034.0494,24.9385,2.4117,5698293.72,38738606.69
000688.SH,2023/3/24,1060.9865,1058.1192,1064.1248,1051.0479,1058.9879,1.9986,0.1887,4965464.04,36046984.59
000688.SH,2023/3/27,1057.4871,1057.1723,1070.1846,1044.7016,1060.9865,-3.4994,-0.3298,5320190.58,35045343.78
000688.SH,2023/3/28,1038.6252,1059.6662,1065.9492,1037.0076,1057.4871,-18.8619,-1.7837,4278644.89,28952372.72
000688.SH,2023/3/29,1062.1362,1039.7949,1076.0582,1035.6779,1038.6252,23.511,2.2637,5108397.6,35836116.02
000688.SH,2023/3/30,1065.6902,1065.3871,1070.1058,1053.5267,1062.1362,3.554,0.3346,4512360.1,31498558.08
000688.SH,2023/3/31,1081.5406,1063.2879,1083.1624,1059.3604,1065.6902,15.8504,1.4873,4486298.4,32038542.25
000688.SH,2023/4/3,1126.4885,1093.0751,1128.2317,1090.7461,1081.5406,44.9479,4.1559,6877674.04,48012746.16
000688.SH,2023/4/4,1129.0844,1122.383,1147.7318,1115.7391,1126.4885,2.5959,0.2304,8163471.82,54394859.08
000688.SH,2023/4/6,1146.9642,1127.0315,1165.3352,1127.0315,1129.0844,17.8798,1.5836,8038899.66,55457993.91
000688.SH,2023/4/7,1161.0214,1149.536,1162.5715,1141.8277,1146.9642,14.0572,1.2256,5884504.25,40392431.29
000688.SH,2023/4/10,1129.1723,1164.9829,1171.3049,1126.0469,1161.0214,-31.8491,-2.7432,6701198.91,49409339.94
000688.SH,2023/4/11,1121.7402,1132.2222,1138.6179,1109.2238,1129.1723,-7.4321,-0.6582,5812648.51,43237975.54
000688.SH,2023/4/12,1129.4062,1118.1286,1139.0881,1112.4454,1121.7402,7.666,0.6834,5762071.75,40264022.81
000688.SH,2023/4/13,1100.1259,1122.3706,1124.7093,1098.1183,1129.4062,-29.2803,-2.5925,4985496.41,35978864.14
000688.SH,2023/4/14,1136.2134,1107.6247,1137.9521,1095.9566,1100.1259,36.0875,3.2803,6335469.53,43369153.57
000688.SH,2023/4/17,1140.1303,1134.0507,1151.3983,1134.0507,1136.2134,3.9169,0.3447,5577303.83,36730728.09
000688.SH,2023/4/18,1129.8171,1130.8127,1137.8301,1114.8347,1140.1303,-10.3132,-0.9046,5137961.11,37108515.47
000688.SH,2023/4/19,1134.4041,1131.7402,1151.6751,1127.7143,1129.8171,4.587,0.406,5907546.9,42210130.08
000688.SH,2023/4/20,1164.9478,1134.9374,1165.6827,1134.9374,1134.4041,30.5437,2.6925,8457167.98,52098956.3
000688.SH,2023/4/21,1116.8252,1162.938,1167.5365,1116.8252,1164.9478,-48.1226,-4.1309,7960047.25,44793279.77
000688.SH,2023/4/24,1096.3774,1116.6656,1118.7652,1089.9618,1116.8252,-20.4478,-1.8309,6894186.75,38932712.35
000688.SH,2023/4/25,1076.8646,1095.9456,1102.386,1068.7178,1096.3774,-19.5128,-1.7798,6697340.35,40841383.54
000688.SH,2023/4/26,1069.0054,1072.6959,1085.9677,1060.1333,1076.8646,-7.8592,-0.7298,7161554.37,41917746.05
000688.SH,2023/4/27,1068.0119,1063.5302,1082.031,1059.95,1069.0054,-0.9935,-0.0929,5312034.2,37298689.67
000688.SH,2023/4/28,1087.8686,1060.7062,1089.7418,1060.7062,1068.0119,19.8567,1.8592,5779924.39,37268665.4
000688.SH,2023/5/4,1064.2044,1077.8519,1082.8354,1060.3044,1087.8686,-23.6642,-2.1753,5476593.81,30970336.98
000688.SH,2023/5/5,1049.0884,1062.6626,1067.4137,1047.0917,1064.2044,-15.116,-1.4204,4311877.63,27235333.42
000688.SH,2023/5/8,1057.2139,1050.0999,1063.8948,1046.2641,1049.0884,8.1255,0.7745,4056241.14,24200946.98
000688.SH,2023/5/9,1034.2124,1058.373,1063.0194,1034.1858,1057.2139,-23.0015,-2.1757,5384214.5,30944785.71
000688.SH,2023/5/10,1025.7059,1031.129,1038.1062,1018.0784,1034.2124,-8.5065,-0.8225,4876000.9,26085407.92
000688.SH,2023/5/11,1025.971,1035.1831,1042.3169,1025.5695,1025.7059,0.2651,0.0258,3317289.5,19454631.38
000688.SH,2023/5/12,1014.1052,1028.3604,1036.8794,1014.0205,1025.971,-11.8658,-1.1565,3807196,20679647.45
000688.SH,2023/5/15,1025.7852,1013.526,1025.9054,1006.2993,1014.1052,11.68,1.1518,4093599.26,24620578.24
000688.SH,2023/5/16,1025.8656,1029.3297,1033.8183,1022.3382,1025.7852,0.0804,0.0078,3336123.58,19774057.89
000688.SH,2023/5/17,1029.6495,1025.4468,1035.145,1024.182,1025.8656,3.7839,0.3688,2977814.28,18619105.33
000688.SH,2023/5/18,1034.8222,1031.4041,1038.5154,1027.7566,1029.6495,5.1727,0.5024,3364497,21497208.55
000688.SH,2023/5/19,1040.1612,1040.3461,1048.9048,1036.9679,1034.8222,5.339,0.5159,3274827.96,21928484.05
000688.SH,2023/5/22,1032.1118,1040.8291,1048.4735,1027.441,1040.1612,-8.0494,-0.7739,2725465.46,17238392.03
000688.SH,2023/5/23,1016.1058,1029.1436,1029.3268,1016.1058,1032.1118,-16.006,-1.5508,2750318.01,15353064.61
000688.SH,2023/5/24,1011.7735,1011.1241,1024.0659,1006.7144,1016.1058,-4.3323,-0.4264,4235249.11,22040632.57
000688.SH,2023/5/25,1021.7194,1016.9164,1023.4249,1006.7905,1011.7735,9.9459,0.983,3925165.83,22717589.11
000688.SH,2023/5/26,1038.6612,1023.8581,1040.6728,1022.1115,1021.7194,16.9418,1.6582,3421354.82,23078676.32
000688.SH,2023/5/29,1028.3796,1041.27,1047.3601,1026.826,1038.6612,-10.2816,-0.9899,5032420.07,28480967.36
000688.SH,2023/5/30,1044.4253,1025.8257,1047.4726,1022.1507,1028.3796,16.0457,1.5603,3913136.43,22510037.83
000688.SH,2023/5/31,1053.9095,1040.3387,1053.9095,1037.6277,1044.4253,9.4842,0.9081,4829285.11,26027690.95
000688.SH,2023/6/1,1053.549,1048.9542,1067.2286,1044.979,1053.9095,-0.3605,-0.0342,3934001.68,24406162.45
000688.SH,2023/6/2,1053.2906,1055.9483,1059.2489,1047.3682,1053.549,-0.2584,-0.0245,3758792.73,22003388.7
000688.SH,2023/6/5,1051.7336,1063.1494,1068.298,1049.4464,1053.2906,-1.557,-0.1478,3735234.39,23540707.86
000688.SH,2023/6/6,1022.9844,1047.9186,1048.2956,1021.0021,1051.7336,-28.7492,-2.7335,3681389.88,21403217.47
000688.SH,2023/6/7,1019.0506,1023.9501,1026.4648,1015.3388,1022.9844,-3.9338,-0.3845,3250142.41,18928102.23
000688.SH,2023/6/8,1007.1198,1012.656,1014.5674,1001.7524,1019.0506,-11.9308,-1.1708,4100227.89,20865649.9
000688.SH,2023/6/9,1032.551,1008.9027,1032.551,1003.3235,1007.1198,25.4312,2.5251,6871911.58,33819455.24
000688.SH,2023/6/12,1026.6391,1030.2582,1032.0937,1022.403,1032.551,-5.9119,-0.5726,4377578.23,26667701.3
000688.SH,2023/6/13,1039.4627,1025.21,1043.9612,1021.2667,1026.6391,12.8236,1.2491,3988240.69,25408581.75
000688.SH,2023/6/14,1035.3136,1038.8898,1040.3339,1031.0687,1039.4627,-4.1491,-0.3992,3294447.79,22696306.15
000688.SH,2023/6/15,1033.8503,1036.3109,1038.7231,1029.7398,1035.3136,-1.4633,-0.1413,4031350.11,23728148.38
000688.SH,2023/6/16,1052.883,1034.4248,1055.0788,1032.3141,1033.8503,19.0327,1.841,4229049.37,26132155.55
000688.SH,2023/6/19,1055.4541,1053.3425,1059.9784,1044.9751,1052.883,2.5711,0.2442,3736427,25870174.89
000688.SH,2023/6/20,1055.412,1054.5106,1058.6038,1043.4967,1055.4541,-0.0421,-0.004,4149603.36,28902181.81
000688.SH,2023/6/21,1020.2214,1050.1242,1051.0235,1020.1422,1055.412,-35.1906,-3.3343,3353382.25,22542524.59
000688.SH,2023/6/26,1010.3139,1011.1484,1029.9437,1006.3542,1020.2214,-9.9075,-0.9711,3939414.36,23017729.71
000688.SH,2023/6/27,1011.3515,1011.0821,1018.8955,1006.7875,1010.3139,1.0376,0.1027,3431992.76,19052227.12
000688.SH,2023/6/28,1008.2186,1017.0812,1019.6687,996.1373,1011.3515,-3.1329,-0.3098,3444329.03,22288793.98
000688.SH,2023/6/29,1001.4575,1004.5434,1012.057,1001.4575,1008.2186,-6.7611,-0.6706,3121909.77,19234985.15
000688.SH,2023/6/30,1005.1498,999.1819,1009.0966,997.5367,1001.4575,3.6923,0.3687,3094198.01,19082136.23
000688.SH,2023/7/3,1008.3988,1006.5773,1013.1852,999.1626,1005.1498,3.249,0.3232,4218681.11,26312883.22
000688.SH,2023/7/4,1015.3962,1008.4331,1022.455,1004.1199,1008.3988,6.9974,0.6939,3525085.94,21130122.86
000688.SH,2023/7/5,1005.7314,1013.3792,1016.8085,1004.5412,1015.3962,-9.6648,-0.9518,2851577.17,15965845.23
000688.SH,2023/7/6,1002.1114,1004.6671,1012.8474,1001.37,1005.7314,-3.62,-0.3599,2851424.75,18074865.23
000688.SH,2023/7/7,991.8494,1001.0157,1002.446,989.6632,1002.1114,-10.262,-1.024,2877104.62,16892011.51
000688.SH,2023/7/10,993.731,992.7442,1001.0328,990.2509,991.8494,1.8816,0.1897,2750745.99,15559258.28
000688.SH,2023/7/11,1001.414,996.5586,1003.221,994.2616,993.731,7.683,0.7731,2971280.31,19474846.94
000688.SH,2023/7/12,984.9811,999.2363,1000.0103,984.0349,1001.414,-16.4329,-1.641,3492460.13,20867138.87
000688.SH,2023/7/13,995.9726,988.6965,997.7016,988.5887,984.9811,10.9915,1.1159,2933534.25,18191019.41
000688.SH,2023/7/14,991.5585,999.7892,1002.8154,990.6153,995.9726,-4.4141,-0.4432,3202731.14,19327019.38
000688.SH,2023/7/17,984.8212,988.8807,988.8807,982.0462,991.5585,-6.7373,-0.6795,2745770.57,14953472.9
000688.SH,2023/7/18,980.0185,985.2441,987.7106,980.0185,984.8212,-4.8027,-0.4877,2593200.15,14583366.24
000688.SH,2023/7/19,975.1149,986.9975,988.5474,973.3371,980.0185,-4.9036,-0.5004,2227854.43,14808794.19
000688.SH,2023/7/20,961.1299,978.3844,978.6347,960.2906,975.1149,-13.985,-1.4342,2229589.21,13270635.38
000688.SH,2023/7/21,955.5486,958.8863,963.9687,953.9349,961.1299,-5.5813,-0.5807,2313989.93,13065090.59
000688.SH,2023/7/24,950.5518,953.9648,961.3984,949.6377,955.5486,-4.9968,-0.5229,1945775.55,12195140
000688.SH,2023/7/25,964.396,961.5218,965.6948,956.3666,950.5518,13.8442,1.4564,2363364.5,13596536.21
000688.SH,2023/7/26,961.5966,963.554,967.6652,959.3198,964.396,-2.7994,-0.2903,2118614.21,12692597.9
000688.SH,2023/7/27,952.2956,962.6089,964.6229,950.8089,961.5966,-9.301,-0.9672,2361108.18,12429317.47
000688.SH,2023/7/28,962.6446,950.5145,963.005,948.2011,952.2956,10.349,1.0867,2597667.65,14282049.87
000688.SH,2023/7/31,968.9941,961.6885,973.9006,961.6885,962.6446,6.3495,0.6596,3218418.46,17132500.02
000688.SH,2023/8/1,969.6827,969.405,971.5169,966.1281,968.9941,0.6886,0.0711,2867515.2,15284750.63
000688.SH,2023/8/2,968.4389,967.6864,973.3857,965.9867,969.6827,-1.2438,-0.1283,2601847.67,14814159.81
000688.SH,2023/8/3,970.3727,962.5496,972.1585,962.0459,968.4389,1.9338,0.1997,2746951.9,13833726.01
000688.SH,2023/8/4,975.7776,972.4839,976.9765,968.8195,970.3727,5.4049,0.557,2850332.18,15280189.5
000688.SH,2023/8/7,968.8975,973.2893,977.411,967.1574,975.7776,-6.8801,-0.7051,2386455.3,13100022.2
000688.SH,2023/8/8,965.5321,967.4326,971.7249,965.0414,968.8975,-3.3654,-0.3473,2117119.15,12382328.68
000688.SH,2023/8/9,957.3687,961.5034,966.7032,956.4007,965.5321,-8.1634,-0.8455,1870171.09,11070532.34
000688.SH,2023/8/10,959.1699,957.2175,961.8582,954.4172,957.3687,1.8012,0.1881,1879083.88,11817859.01
000688.SH,2023/8/11,938.7652,960.0953,960.6452,938.7652,959.1699,-20.4047,-2.1273,2462445.24,11871863.38
000688.SH,2023/8/14,930.4952,932.0922,934.2513,919.9442,938.7652,-8.27,-0.8809,2719076.42,12593758.09
000688.SH,2023/8/15,917.4499,933.0566,935.0059,911.5907,930.4952,-13.0453,-1.402,3526147.53,13110711.53
000688.SH,2023/8/16,901.7867,916.5863,920.353,901.6783,917.4499,-15.6632,-1.7073,2694768.47,13774137.39
000688.SH,2023/8/17,910.3778,899.7992,913.8459,896.4352,901.7867,8.5911,0.9527,2654127.42,13428222.19
000688.SH,2023/8/18,904.2485,924.2961,924.2961,904.2485,910.3778,-6.1293,-0.6733,2615781.08,12751308.33
000688.SH,2023/8/21,892.0926,900.2241,907.6046,891.7448,904.2485,-12.1559,-1.3443,2467794.69,11155001.23
000688.SH,2023/8/22,901.1284,896.7445,903.7842,877.624,892.0926,9.0358,1.0129,3194958.89,15992988.41
000688.SH,2023/8/23,879.459,899.9612,899.9612,879.459,901.1284,-21.6694,-2.4047,2350496.77,11856689.18
000688.SH,2023/8/24,885.4764,883.7991,895.9134,880.0304,879.459,6.0174,0.6842,3138871.01,13891634.14
000688.SH,2023/8/25,870.3988,880.1672,882.4416,865.0887,885.4764,-15.0776,-1.7028,2827519.49,12798385.81
000688.SH,2023/8/28,880.1914,925.9997,927.6328,878.2617,870.3988,9.7926,1.1251,4240096.7,18527555.92
000688.SH,2023/8/29,916.4552,878.7799,920.5417,878.7799,880.1914,36.2638,4.12,4704472.22,19935613.81
000688.SH,2023/8/30,939.6481,935.818,950.6977,928.4236,916.4552,23.1929,2.5307,5518983.43,23919832.67
000688.SH,2023/8/31,942.6126,936.1949,949.4645,932.3352,939.6481,2.9645,0.3155,4913875.92,22199125.95
000688.SH,2023/9/1,934.7868,944.2507,945.7243,927.2084,942.6126,-7.8258,-0.8302,3136859.75,15279254.98
000688.SH,2023/9/4,942.4276,935.8206,942.4528,927.58,934.7868,7.6408,0.8174,3747208.49,17912985.52
000688.SH,2023/9/5,930.6288,942.5562,947.9514,929.2516,942.4276,-11.7988,-1.252,3798576.36,19830006.31
000688.SH,2023/9/6,934.6043,926.25,936.8839,920.2453,930.6288,3.9755,0.4272,3663715.87,19464750.31
000688.SH,2023/9/7,899.8284,929.3581,929.3581,899.2969,934.6043,-34.7759,-3.7209,4226815.92,20216668.34
000688.SH,2023/9/8,901.5063,895.5038,906.3371,894.3994,899.8284,1.6779,0.1865,2845406.18,13966298.21
000688.SH,2023/9/11,907.505,901.5418,915.9892,895.6224,901.5063,5.9987,0.6654,3308971.15,16391744.33
000688.SH,2023/9/12,901.6221,905.9151,909.839,901.38,907.505,-5.8829,-0.6482,2273159.37,11617368.35
000688.SH,2023/9/13,889.1316,900.0035,902.5219,882.911,901.6221,-12.4905,-1.3853,2430378.52,11671909.54
000688.SH,2023/9/14,880.8019,888.2602,892.7922,877.8223,889.1316,-8.3297,-0.9368,2208300,10576470.85
000688.SH,2023/9/15,887.0132,883.0739,893.9109,876.6237,880.8019,6.2113,0.7052,3266678.26,14965076.39
000688.SH,2023/9/18,879.5336,881.3829,888.6801,876.9104,887.0132,-7.4796,-0.8432,2785976.5,13448246.22
000688.SH,2023/9/19,873.6178,879.3453,880.2619,870.6621,879.5336,-5.9158,-0.6726,2000764.05,10319692.04
000688.SH,2023/9/20,866.0227,870.032,876.9029,865.7926,873.6178,-7.5951,-0.8694,1739036.68,8733470.25
000688.SH,2023/9/21,860.3941,862.6379,869.8602,860.3113,866.0227,-5.6286,-0.6499,1802359.72,8963618.673
000688.SH,2023/9/22,882.8781,860.7277,883.2572,859.0872,860.3941,22.484,2.6132,2827573.95,15041193.11
000688.SH,2023/9/25,874.5545,880.3172,881.6997,874.205,882.8781,-8.3236,-0.9428,2340697.41,11463438.39
000688.SH,2023/9/26,876.051,876.2581,884.0215,873.9835,874.5545,1.4965,0.1711,2230990.59,13015755.75
000688.SH,2023/9/27,880.17,875.4349,886.6707,875.4349,876.051,4.119,0.4702,2753426.1,13278778.02
000688.SH,2023/9/28,887.7997,880.3943,890.0735,878.5871,880.17,7.6297,0.8668,2437334.79,13444629.71
000688.SH,2023/10/9,887.2116,884.2036,890.9539,880.3388,887.7997,-0.5881,-0.0662,2476842.26,12020090.67
000688.SH,2023/10/10,882.0437,888.1459,892.4769,881.8362,887.2116,-5.1679,-0.5825,3050811.27,13102590.86
000688.SH,2023/10/11,893.4484,885.6277,895.1551,883.656,882.0437,11.4047,1.293,3471046.13,16270550.02
000688.SH,2023/10/12,899.984,896.0022,901.4727,891.1662,893.4484,6.5356,0.7315,3229279.36,16443036.14
000688.SH,2023/10/13,891.7201,895.4675,897.151,888.5398,899.984,-8.2639,-0.9182,2727265.14,13995486.29
000688.SH,2023/10/16,874.0259,890.4828,890.942,870.6073,891.7201,-17.6942,-1.9843,2721302.72,13607071.66
000688.SH,2023/10/17,882.1911,874.282,884.9121,871.7941,874.0259,8.1652,0.9342,2398021.35,12014086.46
000688.SH,2023/10/18,869.7616,884.7064,884.9287,869.448,882.1911,-12.4295,-1.4089,2912512.7,16991670.93
000688.SH,2023/10/19,870.1011,864.4591,879.5542,864.0585,869.7616,0.3395,0.039,4130300.14,22137639.9
000688.SH,2023/10/20,861.8093,865.7751,872.7992,861.0837,870.1011,-8.2918,-0.953,3921391.6,21489051.29
000688.SH,2023/10/23,840.1434,857.4821,859.9884,836.6401,861.8093,-21.6659,-2.514,3359593.29,17522589.1
000688.SH,2023/10/24,850.6142,844.085,858.2946,839.0805,840.1434,10.4708,1.2463,3343726.3,17601320.05
000688.SH,2023/10/25,848.6462,859.765,862.2045,848.6462,850.6142,-1.968,-0.2314,2931698.09,16237301.51
000688.SH,2023/10/26,849.3091,841.9871,850.9947,837.468,848.6462,0.6629,0.0781,2820963.29,14770365.48
000688.SH,2023/10/27,861.8515,843.8765,866.5435,842.5992,849.3091,12.5424,1.4768,3626486.05,18906347.38
000688.SH,2023/10/30,878.1287,862.1168,881.8794,860.402,861.8515,16.2772,1.8886,4938750.51,25088766.57
000688.SH,2023/10/31,874.4056,882.4265,882.5592,869.0197,878.1287,-3.7231,-0.424,3780108.33,17399741.51
000688.SH,2023/11/1,869.9184,874.0396,878.3267,868.4489,874.4056,-4.4872,-0.5132,3550634.35,16998547.28
000688.SH,2023/11/2,859.9318,871.5508,875.2649,859.8892,869.9184,-9.9866,-1.148,3074923.43,14483585.39
000688.SH,2023/11/3,875.3725,861.5448,877.0862,861.5448,859.9318,15.4407,1.7956,3629716.28,17470645.85
000688.SH,2023/11/6,890.2065,880.603,891.5645,880.603,875.3725,14.834,1.6946,5026304.38,23074674.55
000688.SH,2023/11/7,891.456,887.2043,892.9885,883.7522,890.2065,1.2495,0.1404,4104059.04,19810971.18
000688.SH,2023/11/8,899.6255,890.8733,905.9381,889.8892,891.456,8.1695,0.9164,5469783.24,25221656.7
000688.SH,2023/11/9,893.7984,897.9307,904.5864,891.4902,899.6255,-5.8271,-0.6477,5226809.78,19894878.11
000688.SH,2023/11/10,889.7498,888.9868,894.6326,885.2974,893.7984,-4.0486,-0.453,3607259.44,17328218.25
000688.SH,2023/11/13,896.5513,893.5003,897.11,888.5499,889.7498,6.8015,0.7644,3236849.82,15147375.46
000688.SH,2023/11/14,904.3413,895.8138,904.7117,893.2805,896.5513,7.79,0.8689,4118500.32,18674193.37
000688.SH,2023/11/15,902.1802,912.6266,913.1959,900.6181,904.3413,-2.1611,-0.239,4045405.39,19832819.93
000688.SH,2023/11/16,887.1105,898.7438,900.1495,886.7666,902.1802,-15.0697,-1.6704,3109482.67,14237696.6
000688.SH,2023/11/17,891.3803,886.673,891.9482,884.5137,887.1105,4.2698,0.4813,2410327.68,12096426.15
000688.SH,2023/11/20,892.631,890.8977,896.0735,883.0271,891.3803,1.2507,0.1403,3393776.06,17398856.98
000688.SH,2023/11/21,884.8949,892.9197,896.9596,884.5996,892.631,-7.7361,-0.8667,3056169.4,14870980.5
000688.SH,2023/11/22,870.7602,881.9566,884.7083,870.7602,884.8949,-14.1347,-1.5973,2664143.51,12891922.22
000688.SH,2023/11/23,877.7703,869.8532,878.451,866.6299,870.7602,7.0101,0.8051,2705539.77,11835391.98
000688.SH,2023/11/24,864.7739,875.5802,876.2576,863.8495,877.7703,-12.9964,-1.4806,2546493.25,13289889.73
000688.SH,2023/11/27,868.0296,864.2671,869.8663,861.384,864.7739,3.2557,0.3765,3849636.73,17982450.61
000688.SH,2023/11/28,871.9061,868.8115,873.656,863.8138,868.0296,3.8765,0.4466,3614161.31,16961780.29
000688.SH,2023/11/29,862.0363,870.4,872.8965,862.0363,871.9061,-9.8698,-1.132,3644852.54,18051679.68
000688.SH,2023/11/30,865.6845,861.51,865.6845,857.6322,862.0363,3.6482,0.4232,4469156.32,19058661.06
000688.SH,2023/12/1,867.5364,863.3343,869.8201,856.4403,865.6845,1.8519,0.2139,3641116.15,17646939.04
000688.SH,2023/12/4,861.9198,867.834,873.5092,861.9198,867.5364,-5.6166,-0.6474,3321884.82,18594119.15
000688.SH,2023/12/5,845.7994,859.4851,859.4851,845.6048,861.9198,-16.1204,-1.8703,3351163.71,17312239.82
000688.SH,2023/12/6,848.7905,843.8152,852.3061,842.5904,845.7994,2.9911,0.3536,3927120.97,19567493.49
000688.SH,2023/12/7,847.4761,847.102,850.0813,839.0318,848.7905,-1.3144,-0.1549,4578669.52,24572076.28
000688.SH,2023/12/8,868.2335,849.1607,868.2335,847.9267,847.4761,20.7574,2.4493,7657725.28,41672459.43
000688.SH,2023/12/11,878.5159,859.9741,880.0279,854.805,868.2335,10.2824,1.1843,4731028.03,24305344.87
000688.SH,2023/12/12,869.9667,876.6896,877.8266,866.8407,878.5159,-8.5492,-0.9731,3348071.87,18748657.87
000688.SH,2023/12/13,861.2509,868.8664,875.1919,861.0318,869.9667,-8.7158,-1.0019,3289831.64,17780918.66
000688.SH,2023/12/14,855.8981,865.0919,869.2943,855.4293,861.2509,-5.3528,-0.6215,2636430.73,14886357.4
000688.SH,2023/12/15,847.507,857.0101,859.2501,846.823,855.8981,-8.3911,-0.9804,2752036.35,13918546.38
000688.SH,2023/12/18,840.6807,845.5383,847.5862,838.3173,847.507,-6.8263,-0.8055,2574398.94,12504639.68
000688.SH,2023/12/19,845.8585,839.6436,850.4069,838.2057,840.6807,5.1778,0.6159,2494530.26,12320497.73
000688.SH,2023/12/20,835.7127,847.2721,847.5884,835.3058,845.8585,-10.1458,-1.1995,2302437.19,11103885
000688.SH,2023/12/21,847.8169,832.3701,850.993,831.9265,835.7127,12.1042,1.4484,3167905.1,14974715.52
000688.SH,2023/12/22,843.3183,846.6663,851.479,839.7871,847.8169,-4.4986,-0.5306,3296478.59,15548802.78
000688.SH,2023/12/25,837.2221,840.3789,845.5627,834.4294,843.3183,-6.0962,-0.7229,2755846.35,14511497.83
000688.SH,2023/12/26,825.2578,836.5314,836.6613,822.4352,837.2221,-11.9643,-1.429,2304131.04,12455621.08
000688.SH,2023/12/27,830.0574,826.8309,833.8106,826.165,825.2578,4.7996,0.5816,2655369.51,13253805.99
000688.SH,2023/12/28,850.3851,828.4013,853.4909,828.3423,830.0574,20.3277,2.449,4551351.7,19313411.05
000688.SH,2023/12/29,852.0047,849.611,854.8785,848.3257,850.3851,1.6196,0.1905,3366221.23,16961089.68
000688.SH,2024/1/2,839.8012,850.9687,850.9687,839.8012,852.0047,-12.2035,-1.4323,2755957.47,14571161.98
000688.SH,2024/1/3,829.7721,838.3022,842.1976,827.1787,839.8012,-10.0291,-1.1942,2570182.26,14690107.75
000688.SH,2024/1/4,823.8475,831.2304,831.5542,817.7469,829.7721,-5.9246,-0.714,2626625.2,13900697.33
000688.SH,2024/1/5,807.7294,820.3966,825.9385,803.4009,823.8475,-16.1181,-1.9564,2760403.75,13807802.72
000688.SH,2024/1/8,784.4332,802.895,804.5987,783.7367,807.7294,-23.2962,-2.8842,2952396.08,13849754.85
000688.SH,2024/1/9,782.9263,786.4801,793.5978,777.5601,784.4332,-1.5069,-0.1921,2975490.41,14418401.34
000688.SH,2024/1/10,777.1526,779.08,790.3581,771.5837,782.9263,-5.7737,-0.7375,2814458.1,13144697.41
000688.SH,2024/1/11,789.864,775.3721,793.1363,775.1849,777.1526,12.7114,1.6356,2833624.27,14046405.11
000688.SH,2024/1/12,778.3583,788.0254,790.3773,778.1067,789.864,-11.5057,-1.4567,2998294,13190170.57
000688.SH,2024/1/15,773.4051,774.9573,784.1906,770.9793,778.3583,-4.9532,-0.6364,2604400.86,13919092.09
000688.SH,2024/1/16,777.4032,771.8404,777.53,765.4271,773.4051,3.9981,0.5169,3065150.34,13611355.89
000688.SH,2024/1/17,757.0449,775.8641,776.226,757.0449,777.4032,-20.3583,-2.6188,2496748.07,11910642.7
000688.SH,2024/1/18,768.2821,752.2862,769.1193,741.3381,757.0449,11.2372,1.4844,4107359.21,17166529.39
000688.SH,2024/1/19,765.4702,767.2392,773.1497,762.2642,768.2821,-2.8119,-0.366,3162089.54,13974911.19
000688.SH,2024/1/22,742.2271,763.6012,764.6242,735.4063,765.4702,-23.2431,-3.0364,3586378.23,15806752.48
000688.SH,2024/1/23,749.7431,738.3826,754.649,733.4793,742.2271,7.516,1.0126,3594882.49,15525748.47
000688.SH,2024/1/24,750.2748,753.0097,754.2197,728.3654,749.7431,0.5317,0.0709,3594056.75,15592026.46
000688.SH,2024/1/25,765.7908,749.1329,768.0234,742.932,750.2748,15.516,2.068,4508049.12,16373720.95
000688.SH,2024/1/26,746.0958,759.9374,762.1842,742.9311,765.7908,-19.695,-2.5719,3472791.73,14102290.41
000688.SH,2024/1/29,725.3074,748.2643,754.5865,725.3074,746.0958,-20.7884,-2.7863,4505827.09,15774233.93
000688.SH,2024/1/30,697.8454,720.1933,722.631,696.5635,725.3074,-27.462,-3.7863,3432377.41,13591885.93
000688.SH,2024/1/31,684.8518,693.8467,699.6704,681.3837,697.8454,-12.9936,-1.862,4010582.8,14681929.78
000688.SH,2024/2/1,690.0051,680.7177,704.6597,678.9651,684.8518,5.1533,0.7525,3534587.57,14663694.99
000688.SH,2024/2/2,673.4071,693.0199,694.7458,653.6205,690.0051,-16.598,-2.4055,4216346.29,15875027.45
000688.SH,2024/2/5,676.7932,675.3958,687.6212,635.7395,673.4071,3.3861,0.5028,5453440.75,18961926.41
000688.SH,2024/2/6,720.7998,675.4531,721.377,665.6321,676.7932,44.0066,6.5022,5198761.1,19951000.89
000688.SH,2024/2/7,743.4228,723.3117,744.3401,717.6979,720.7998,22.623,3.1386,6166345.35,23721639.26
000688.SH,2024/2/8,751.5036,749.639,767.8557,745.2397,743.4228,8.0808,1.087,5549636.82,22122951.75
000688.SH,2024/2/19,763.3156,762.6438,763.3583,748.287,751.5036,11.812,1.5718,4928676.9,21297033.96
000688.SH,2024/2/20,754.7015,756.0838,758.0583,748.6,763.3156,-8.6141,-1.1285,3342941.27,14636810.85
000688.SH,2024/2/21,755.1552,747.2499,769.1493,744.264,754.7015,0.4537,0.0601,4045667.8,16439695.31
000688.SH,2024/2/22,762.3821,757.2618,768.6579,755.9041,755.1552,7.2269,0.957,3560743.32,15488391.02
000688.SH,2024/2/23,764.4821,768.5093,769.8131,754.3471,762.3821,2.1,0.2755,3702730.08,16236345.19
000688.SH,2024/2/26,768.4884,764.0326,776.9841,761.2193,764.4821,4.0063,0.5241,4596373.45,17970123.04
000688.SH,2024/2/27,796.9073,763.6649,797.149,761.264,768.4884,28.4189,3.698,4806642.64,23372668.77
000688.SH,2024/2/28,771.5922,797.8251,811.6468,771.5922,796.9073,-25.3151,-3.1767,6029716.87,26976090.07
000688.SH,2024/2/29,807.707,769.5571,807.707,769.5571,771.5922,36.1148,4.6806,5927305.07,27492233.38
000688.SH,2024/3/1,815.4866,809.4005,818.1107,803.525,807.707,7.7796,0.9632,5254231.15,24666487.35
000688.SH,2024/3/4,818.5129,819.9574,822.6528,807.3873,815.4866,3.0263,0.3711,4769154.23,22378910.04
000688.SH,2024/3/5,817.7721,812.6212,824.1248,810.3196,818.5129,-0.7408,-0.0905,4716739.08,24260442.05
000688.SH,2024/3/6,811.8984,816.1445,822.7868,803.9915,817.7721,-5.8737,-0.7183,4448131.63,20023841.98
000688.SH,2024/3/7,794.2384,814.1679,817.7769,793.5926,811.8984,-17.66,-2.1751,5009575.04,20473367.53
000688.SH,2024/3/8,803.2,795.3215,805.5717,791.7342,794.2384,8.9616,1.1283,4813705.02,19347617.17
000688.SH,2024/3/11,818.4386,800.8992,818.7067,797.2616,803.2,15.2386,1.8972,5073975.88,21961237.54
000688.SH,2024/3/12,817.7503,818.5162,827.628,813.0451,818.4386,-0.6883,-0.0841,4780205.5,21502159.87
000688.SH,2024/3/13,814.9319,821.3228,824.8148,813.0911,817.7503,-2.8184,-0.3447,4049839.11,18178320.66
000688.SH,2024/3/14,804.8554,811.5135,815.547,797.7755,814.9319,-10.0765,-1.2365,3739209.1,16858277.85
000688.SH,2024/3/15,808.6736,802.9111,809.3953,794.7507,804.8554,3.8182,0.4744,3672167.74,16072581.23
000688.SH,2024/3/18,825.3998,810.3869,825.8985,809.8341,808.6736,16.7262,2.0683,4277648.69,21761546.94
000688.SH,2024/3/19,811.7743,822.1818,823.9016,811.7743,825.3998,-13.6255,-1.6508,3730216.11,18794584.76
000688.SH,2024/3/20,814.027,810.6893,815.7337,806.5752,811.7743,2.2527,0.2775,3178285.99,16087123.61
000688.SH,2024/3/21,806.1376,820.1431,824.1756,805.5456,814.027,-7.8894,-0.9692,3782515.87,20437095.04
000688.SH,2024/3/22,794.2011,804.0229,808.7094,793.1039,806.1376,-11.9365,-1.4807,3938780.64,19170803.66
000688.SH,2024/3/25,781.6464,792.8457,797.6576,781.6239,794.2011,-12.5547,-1.5808,3507847.1,17995626.05
000688.SH,2024/3/26,772.0888,781.7265,787.6022,768.6785,781.6464,-9.5576,-1.2228,3320159.81,16281216.09
000688.SH,2024/3/27,752.8206,771.5448,772.471,752.723,772.0888,-19.2682,-2.4956,3385648.39,13856722.05
000688.SH,2024/3/28,763.2749,753.8954,771.4793,753.2329,752.8206,10.4543,1.3887,3349295.22,15738056.17
000688.SH,2024/3/29,762.7416,761.6508,763.5643,751.244,763.2749,-0.5333,-0.0699,2773787.01,12361482.12
000688.SH,2024/4/1,775.5259,765.6326,776.7436,765.6326,762.7416,12.7843,1.6761,3360251.8,15649782.23
000688.SH,2024/4/2,768.7872,774.7265,774.7265,764.3214,775.5259,-6.7387,-0.8689,2941043.33,13511741.55
000688.SH,2024/4/3,756.7635,768.2135,769.2297,755.2103,768.7872,-12.0237,-1.564,3259924.67,15606440.72
000688.SH,2024/4/8,740.6653,753.8344,757.1336,740.6653,756.7635,-16.0982,-2.1272,3384411.8,13132669.79
000688.SH,2024/4/9,749.626,739.3922,749.86,736.8878,740.6653,8.9607,1.2098,2849718.86,11538470.87
000688.SH,2024/4/10,735.7336,749.2249,749.5817,732.466,749.626,-13.8924,-1.8532,2716848.42,11700786.31
000688.SH,2024/4/11,738.6744,735.6701,746.9106,735.6701,735.7336,2.9408,0.3997,3488041.18,15403035.18
000688.SH,2024/4/12,738.4294,742.9291,747.4962,738.3272,738.6744,-0.245,-0.0332,3771824.35,15392046.94
000688.SH,2024/4/15,750.8984,739.1981,755.1814,738.5364,738.4294,12.469,1.6886,4124980.49,16701665.28
000688.SH,2024/4/16,733.1469,746.8812,749.1177,732.8905,750.8984,-17.7515,-2.364,3434063.35,14456595.09
000688.SH,2024/4/17,750.8884,737.6574,751.1987,735.2116,733.1469,17.7415,2.4199,3633331.17,15828900.49
000688.SH,2024/4/18,745.6945,747.132,757.7477,741.1968,750.8884,-5.1939,-0.6917,3382155.19,14783619.66
000688.SH,2024/4/19,730.5623,741.2853,741.9228,729.5666,745.6945,-15.1322,-2.0293,3383407.11,13993665.74
000688.SH,2024/4/22,731.811,723.4082,735.9679,719.122,730.5623,1.2487,0.1709,3165778.82,12839252.29
000688.SH,2024/4/23,727.8533,732.8677,736.3613,724.9005,731.811,-3.9577,-0.5408,2812687.45,11107834.45
000688.SH,2024/4/24,738.6349,731.7109,739.0126,728.3789,727.8533,10.7816,1.4813,3059971.94,13700074.17
000688.SH,2024/4/25,733.344,735.5631,740.4731,730.6082,738.6349,-5.2909,-0.7163,2931310.54,12764661.4
000688.SH,2024/4/26,752.2497,733.0156,753.1478,733.0156,733.344,18.9057,2.578,4731268.01,19936721.24
000688.SH,2024/4/29,776.1538,752.9244,780.1969,752.6192,752.2497,23.9041,3.1777,6150289.95,24656159.54
000688.SH,2024/4/30,767.4642,773.8434,775.9247,765.5962,776.1538,-8.6896,-1.1196,4396129.11,17490884.86
000688.SH,2024/5/6,777.6628,778.9884,785.0726,774.0378,767.4642,10.1986,1.3289,4485596.84,19207800.32
000688.SH,2024/5/7,769.7918,776.8241,779.5932,768.3999,777.6628,-7.871,-1.0121,3567658.8,16444422.51
000688.SH,2024/5/8,761.6581,769.6877,769.696,760.5681,769.7918,-8.1337,-1.0566,3107833.41,13838570.43
000688.SH,2024/5/9,778.8728,762.4007,779.4813,762.4007,761.6581,17.2147,2.2602,4734200,19938137.9
000688.SH,2024/5/10,767.1724,778.1523,778.5605,764.439,778.8728,-11.7004,-1.5022,3634849.71,16469672.03
000688.SH,2024/5/13,763.6902,760.0977,769.2053,757.9635,767.1724,-3.4822,-0.4539,3503130.05,15663625.61
000688.SH,2024/5/14,760.3046,766.6452,769.4159,759.4327,763.6902,-3.3856,-0.4433,2655766.51,13524046.12
000688.SH,2024/5/15,749.4741,758.7998,760.0837,749.2219,760.3046,-10.8305,-1.4245,2634280.38,11781229.15
000688.SH,2024/5/16,746.4714,753.4523,755.1738,745.0172,749.4741,-3.0027,-0.4006,2885701.33,14217763.23
000688.SH,2024/5/17,754.4177,743.7945,754.5608,741.8559,746.4714,7.9463,1.0645,3681129.76,13833032.88
000688.SH,2024/5/20,753.5417,752.2018,761.1733,749.807,754.4177,-0.876,-0.1161,3995797.88,17808946.11
000688.SH,2024/5/21,748.2354,752.2879,755.4613,747.3057,753.5417,-5.3063,-0.7042,2666328.43,13163823.46
000688.SH,2024/5/22,754.9728,749.9091,756.6957,743.6822,748.2354,6.7374,0.9004,5290420.26,15524687.15
000688.SH,2024/5/23,742.3956,754.4028,755.4,741.4118,754.9728,-12.5772,-1.6659,3850866.87,13874062.07
000688.SH,2024/5/24,727.2069,741.6769,746.3954,726.8663,742.3956,-15.1887,-2.0459,3825927.64,14185244.29
000688.SH,2024/5/27,738.6533,726.3661,739.4492,719.5413,727.2069,11.4464,1.574,4062382.73,18513690.3
000688.SH,2024/5/28,734.8485,736.6999,746.295,734.5837,738.6533,-3.8048,-0.5151,3601483.14,15268260.18
000688.SH,2024/5/29,734.3334,734.2882,741.337,731.5313,734.8485,-0.5151,-0.0701,4155514.55,13496959.96
000688.SH,2024/5/30,742.7038,733.5473,746.2628,730.3387,734.3334,8.3704,1.1399,4103311.89,15367715.16
000688.SH,2024/5/31,743.2275,743.1773,751.3954,741.3514,742.7038,0.5237,0.0705,3973938.72,14806562.71
000688.SH,2024/6/3,750.427,743.6078,754.6477,742.2046,743.2275,7.1995,0.9687,6255872.97,20309120
000688.SH,2024/6/4,753.6377,748.3021,755.2522,746.5304,750.427,3.2107,0.4278,4153150.93,14263009.86
000688.SH,2024/6/5,752.0444,752.0488,762.2622,751.3513,753.6377,-1.5933,-0.2114,4006234.51,15460072.74
000688.SH,2024/6/6,743.229,756.7882,759.2429,741.6784,752.0444,-8.8154,-1.1722,4769920.33,17509271.23
000688.SH,2024/6/7,737.926,744.3852,749.4184,731.5192,743.229,-5.303,-0.7135,3893142.42,15328961.16
000688.SH,2024/6/11,755.8345,735.8374,756.5254,734.7608,737.926,17.9085,2.4269,5128074.89,20428795.3
000688.SH,2024/6/12,754.9332,758.3821,761.5984,753.6073,755.8345,-0.9013,-0.1192,4829195.39,18500576.57
000688.SH,2024/6/13,758.9816,758.6061,765.9496,755.6062,754.9332,4.0484,0.5363,5719283.62,20819903.04
000688.SH,2024/6/14,754.2607,756.4109,756.5347,750.4948,758.9816,-4.7209,-0.622,9174225.37,28431052.79
000688.SH,2024/6/17,757.106,749.9432,759.9313,748.6959,754.2607,2.8453,0.3772,6431348.46,21914167.85
000688.SH,2024/6/18,756.9042,757.8521,763.8241,753.5545,757.106,-0.2018,-0.0267,4995782.85,17980317.46
000688.SH,2024/6/19,751.6883,758.4099,759.1351,747.7447,756.9042,-5.2159,-0.6891,4887360.63,19665341.32
000688.SH,2024/6/20,755.151,752.1524,766.1242,749.816,751.6883,3.4627,0.4607,6131198.84,21986228.93
000688.SH,2024/6/21,758.3741,749.7329,758.6693,744.5016,755.151,3.2231,0.4268,4484967.4,16573929.56
000688.SH,2024/6/24,739.142,754.4125,762.1453,738.2127,758.3741,-19.2321,-2.536,6032543.44,19663426.36
000688.SH,2024/6/25,717.7493,738.3239,738.7959,713.4223,739.142,-21.3927,-2.8943,5391761.36,18548095.86
000688.SH,2024/6/26,729.6441,719.8394,732.1267,713.0044,717.7493,11.8948,1.6572,4749645.59,15426668.34
000688.SH,2024/6/27,715.3568,725.5201,727.389,715.1699,729.6441,-14.2873,-1.9581,3609830.11,12385129.68
000688.SH,2024/6/28,712.0772,713.3629,724.8969,710.5383,715.3568,-3.2796,-0.4585,4363865.7,15838772.16
000688.SH,2024/7/1,709.6032,711.6547,714.1296,699.4157,712.0772,-2.474,-0.3474,3616060.95,14432193.57
000688.SH,2024/7/2,699.123,709.1549,709.1718,697.5436,709.6032,-10.4802,-1.4769,3337305.08,13426950.88
000688.SH,2024/7/3,701.7847,698.958,707.3553,692.8089,699.123,2.6617,0.3807,3651574.94,13816420.23
000688.SH,2024/7/4,690.3758,702.0886,704.7821,689.9207,701.7847,-11.4089,-1.6257,3214600.85,11286702.76
000688.SH,2024/7/5,698.8491,688.5292,699.9743,683.3956,690.3758,8.4733,1.2273,3309481.43,12989805.54
000688.SH,2024/7/8,692.488,700.0243,703.6287,689.8534,698.8491,-6.3611,-0.9102,4069669.69,14615777.18
000688.SH,2024/7/9,709.8883,689.7864,712.1906,689.4211,692.488,17.4003,2.5127,5162517.3,18457402.58
000688.SH,2024/7/10,710.3693,707.1942,715.7116,706.793,709.8883,0.481,0.0678,3819612.72,14804502.22
000688.SH,2024/7/11,718.04,722.0426,725.0175,712.0028,710.3693,7.6707,1.0798,4629140.72,18598169.96
000688.SH,2024/7/12,718.3699,713.3117,721.4609,711.1612,718.04,0.3299,0.0459,3760649.41,14466438.24
000688.SH,2024/7/15,715.8636,716.475,720.423,712.7898,718.3699,-2.5063,-0.3489,3558115.73,15637358.96
000688.SH,2024/7/16,732.0638,712.7582,732.6853,711.7131,715.8636,16.2002,2.263,4501738.2,22389241.37
000688.SH,2024/7/17,729.0022,733.0729,735.7127,729.0022,732.0638,-3.0616,-0.4182,4486988.56,19871049.08
000688.SH,2024/7/18,735.4102,721.7649,738.7302,718.5237,729.0022,6.408,0.879,5243330.46,21703481.32
000688.SH,2024/7/19,749.4705,731.4085,751.2023,731.3997,735.4102,14.0603,1.9119,5798443.64,24948128.6
000688.SH,2024/7/22,752.0006,749.3161,756.6829,747.3824,749.4705,2.5301,0.3376,4805975.61,20925021.65
000688.SH,2024/7/23,721.1077,750.1285,750.1285,720.8808,752.0006,-30.8929,-4.1081,4280816.33,19260937.91
000688.SH,2024/7/24,713.3213,720.4696,726.3121,712.3293,721.1077,-7.7864,-1.0798,3735102.87,16206993.77
000688.SH,2024/7/25,713.8828,708.9356,722.6017,708.9355,713.3213,0.5615,0.0787,3822185.73,13951396.19
000688.SH,2024/7/26,719.8702,713.8931,723.4891,710.3301,713.8828,5.9874,0.8387,3235309,13060946.08
000688.SH,2024/7/29,707.5969,719.5542,721.2212,707.5969,719.8702,-12.2733,-1.7049,3422028.55,13071808.42
000688.SH,2024/7/30,710.0148,706.8565,712.1548,699.9039,707.5969,2.4179,0.3417,3247732.41,12348114.01
000688.SH,2024/7/31,743.3737,707.6596,744.0048,707.2044,710.0148,33.3589,4.6983,4984922.35,20130281.74
000688.SH,2024/8/1,738.8706,745.9636,748.7677,735.5762,743.3737,-4.5031,-0.6058,4276191.29,17678122.61
000688.SH,2024/8/2,725.6603,730.6522,742.2321,723.5557,738.8706,-13.2103,-1.7879,3681618.76,15954368.25
000688.SH,2024/8/5,704.2959,719.1563,730.2852,704.2633,725.6603,-21.3644,-2.9441,4559448.96,18302676.23
000688.SH,2024/8/6,713.8638,714.4886,717.189,705.0205,704.2959,9.5679,1.3585,3806705.97,13686407.74
000688.SH,2024/8/7,707.5875,712.7362,716.2555,706.8294,713.8638,-6.2763,-0.8792,2723499.75,10994476.03
000688.SH,2024/8/8,708.9226,703.055,716.6017,699.7005,707.5875,1.3351,0.1887,3154692.87,11845561.44
000688.SH,2024/8/9,705.5456,717.138,719.4299,705.5456,708.9226,-3.377,-0.4764,2925715.29,12685532.59
000688.SH,2024/8/12,707.3312,704.3744,709.2074,702.9488,705.5456,1.7856,0.2531,2686666.17,10071820.09
000688.SH,2024/8/13,710.7468,707.6951,710.8868,702.9133,707.3312,3.4156,0.4829,2627610.72,9442689
000688.SH,2024/8/14,700.9303,711.6634,711.9424,700.8495,710.7468,-9.8165,-1.3812,2440185.95,10016342.08
000688.SH,2024/8/15,707.5508,699.0944,714.4645,697.8577,700.9303,6.6205,0.9445,3436488.4,12203043.47
000688.SH,2024/8/16,705.2244,707.3868,710.992,703.5797,707.5508,-2.3264,-0.3288,2701078,10404612.29
000688.SH,2024/8/19,703.3217,705.0385,712.0097,702.9978,705.2244,-1.9027,-0.2698,2732887.47,11420668.4
000688.SH,2024/8/20,693.5231,704.1157,705.0079,691.6494,703.3217,-9.7986,-1.3932,2517646.3,10089331.81
000688.SH,2024/8/21,691.6357,691.1343,698.5201,689.3758,693.5231,-1.8874,-0.2721,2279157.81,10695511.09
000688.SH,2024/8/22,685.5307,692.1893,695.4842,683.8756,691.6357,-6.105,-0.8827,2814610.16,10755294.5
000688.SH,2024/8/23,685.7587,683.5869,688.3349,676.2346,685.5307,0.228,0.0333,2502243.73,11695301.11
000688.SH,2024/8/26,682.4987,684.7724,688.9155,679.6144,685.7587,-3.26,-0.4754,2649569.7,10224132.48
000688.SH,2024/8/27,674.3472,679.7532,679.7532,672.4572,682.4987,-8.1515,-1.1944,2741121.98,9271112.039
000688.SH,2024/8/28,671.2199,672.9666,675.1094,669.1309,674.3472,-3.1273,-0.4638,2429832.03,8845320.759
000688.SH,2024/8/29,679.5949,667.8818,683.3255,666.4097,671.2199,8.375,1.2477,2962574.23,10095317.06
000688.SH,2024/8/30,694.1638,678.6132,700.0265,677.5431,679.5949,14.5689,2.1438,4662045.47,17283989.93
000688.SH,2024/9/2,670.0108,693.6747,694.4229,670.0108,694.1638,-24.153,-3.4794,4081798.47,14199918.5
000688.SH,2024/9/3,674.9553,670.0647,681.4786,670.0647,670.0108,4.9445,0.738,3065558.68,11517063.66
000688.SH,2024/9/4,672.2839,668.9308,679.1725,666.8985,674.9553,-2.6714,-0.3958,2410357.93,9081030.313
000688.SH,2024/9/5,671.2645,672.9951,680.7917,668.4641,672.2839,-1.0194,-0.1516,2428292.93,11148990.39
000688.SH,2024/9/6,662.3369,672.6207,673.9703,662.3369,671.2645,-8.9276,-1.33,2469389.06,9605013.789
000688.SH,2024/9/9,654.9387,659.5018,665.6652,652.9339,662.3369,-7.3982,-1.117,2497327.04,9560942.05
000688.SH,2024/9/10,660.0144,656.0364,663.8265,648.6222,654.9387,5.0757,0.775,2494265.07,9391062.427
000688.SH,2024/9/11,664.332,657.3864,665.7696,656.819,660.0144,4.3176,0.6542,2923350.92,10475294.17
000688.SH,2024/9/12,658.8536,666.2176,671.8655,658.6734,664.332,-5.4784,-0.8246,3008276.53,9691112.079
000688.SH,2024/9/13,655.0456,658.9832,662.8871,650.6977,658.8536,-3.808,-0.578,3463604.91,11787392.27
000688.SH,2024/9/18,647.4088,654.5113,654.5113,641.9074,655.0456,-7.6368,-1.1658,2991564.33,10572160.74
000688.SH,2024/9/19,651.466,649.7257,658.362,642.7948,647.4088,4.0572,0.6267,3470595.92,11147875.5
000688.SH,2024/9/20,648.3597,651.8206,654.1591,642.5978,651.466,-3.1063,-0.4768,2868887.78,9834173.917
000688.SH,2024/9/23,643.042,649.0028,654.2437,643.042,648.3597,-5.3177,-0.8202,2757706.2,10299010.53
000688.SH,2024/9/24,667.0485,648.1299,667.2694,640.3519,643.042,24.0065,3.7333,5112010.2,17492015.77
000688.SH,2024/9/25,667.3379,673.1807,684.432,667.0743,667.0485,0.2894,0.0434,5226222.88,19037042.96
000688.SH,2024/9/26,693.1492,667.5479,693.4644,663.1647,667.3379,25.8113,3.8678,5363971.29,19260456.05
000688.SH,2024/9/27,740.0157,704.5219,742.9569,704.2871,693.1492,46.8665,6.7614,5008501.83,17529760.27
000688.SH,2024/9/30,872.3652,782.3068,872.3652,776.4476,740.0157,132.3495,17.8847,16375278.56,60095826.49
000688.SH,2024/10/8,1023.9671,1045.0471,1045.0471,972.3417,872.3652,151.6019,17.3783,22913905.63,90565101.07
000688.SH,2024/10/9,997.8521,993.7812,1084.6821,958.4622,1023.9671,-26.115,-2.5504,23675125.12,129009238.9
000688.SH,2024/10/10,954.1719,1014.3568,1016.5726,940.0934,997.8521,-43.6802,-4.3774,15416339.47,78143488.77
000688.SH,2024/10/11,898.8987,939.5709,946.5228,889.1119,954.1719,-55.2732,-5.7928,10576824.33,50177012.13
000688.SH,2024/10/14,925.9552,904.1439,931.8146,873.5175,898.8987,27.0565,3.01,10766266.78,51675165.61
000688.SH,2024/10/15,898.8269,920.9864,942.2544,898.8269,925.9552,-27.1283,-2.9298,9319970.92,47308559.3
000688.SH,2024/10/16,875.689,874.2746,896.3101,872.1602,898.8269,-23.1379,-2.5742,7331046.96,33692103.77
000688.SH,2024/10/17,879.0962,897.1997,901.1216,878.7444,875.689,3.4072,0.3891,7469985.68,38180993.49
000688.SH,2024/10/18,978.661,879.9517,1008.0669,876.6834,879.0962,99.5648,11.3258,15263470.34,78440990.09
000688.SH,2024/10/21,1000.3748,999.5352,1063.8488,977.8752,978.661,21.7138,2.2187,18482344.44,103738911.1
000688.SH,2024/10/22,985.8337,988.7013,1002.9578,969.8551,1000.3748,-14.5411,-1.4536,12992852.99,66789022.69
000688.SH,2024/10/23,979.1514,976.2489,1003.9576,971.6948,985.8337,-6.6823,-0.6778,12618162.18,57386215.86
000688.SH,2024/10/24,977.6005,968.9927,988.0396,968.4885,979.1514,-1.5509,-0.1584,8686647.19,43424546.29
000688.SH,2024/10/25,991.2156,981.4055,1016.0814,974.4841,977.6005,13.6151,1.3927,11573895.43,51261222.64
000688.SH,2024/10/28,986.5596,988.4337,991.1273,976.5153,991.2156,-4.656,-0.4697,9078481.56,40995494.59
000688.SH,2024/10/29,975.3716,988.4994,1006.8575,975.0276,986.5596,-11.188,-1.134,10392134.35,52355615.62
000688.SH,2024/10/30,958.8217,967.8407,976.4016,949.3326,975.3716,-16.5499,-1.6968,9628935.41,47976962.4
000688.SH,2024/10/31,969.4476,960.6823,978.1775,947.5833,958.8217,10.6259,1.1082,10800360.35,55835441.02
000688.SH,2024/11/1,939.7644,960.2104,967.8377,939.7644,969.4476,-29.6832,-3.0619,8677599.33,43409265.88
000688.SH,2024/11/4,954.6673,938.1907,955.9005,937.9693,939.7644,14.9029,1.5858,6225984.93,32124201.1
000688.SH,2024/11/5,996.1688,954.1406,997.8942,950.3924,954.6673,41.5015,4.3472,11675702.1,58241968.86
000688.SH,2024/11/6,998.0947,1002.0629,1017.1237,986.4328,996.1688,1.9259,0.1933,12651364.78,61212048.33
000688.SH,2024/11/7,1028.4392,986.5019,1038.0266,984.5579,998.0947,30.3445,3.0402,12841138.36,57941203.33
000688.SH,2024/11/8,1025.6365,1053.4518,1070.9527,1025.4264,1028.4392,-2.8027,-0.2725,16971439.8,80487085.17
000688.SH,2024/11/11,1073.8353,1033.547,1074.5151,1028.0986,1025.6365,48.1988,4.6994,18141670.34,83562883.24
000688.SH,2024/11/12,1050.5373,1070.6441,1080.5699,1040.9131,1073.8353,-23.298,-2.1696,15145699.84,70793709.92
000688.SH,2024/11/13,1061.366,1042.1952,1062.6462,1039.5828,1050.5373,10.8287,1.0308,10914572.43,56232896.41
000688.SH,2024/11/14,1027.316,1056.2096,1065.1964,1024.5504,1061.366,-34.05,-3.2081,9515900.28,48673461.84
000688.SH,2024/11/15,986.8755,1024.599,1030.2696,986.8598,1027.316,-40.4405,-3.9365,9688502.59,47315739.85
000688.SH,2024/11/18,968.7133,989.403,1001.9864,962.833,986.8755,-18.1622,-1.8404,8659257.6,41250184.22
000688.SH,2024/11/19,998.0149,973.9966,999.9637,960.0116,968.7133,29.3016,3.0248,7589636.3,37773813.83
000688.SH,2024/11/20,1002.5392,992.6728,1008.556,988.263,998.0149,4.5243,0.4533,6814794.98,34399147.24
000688.SH,2024/11/21,1011.463,1002.9749,1019.9987,999.5607,1002.5392,8.9238,0.8901,7302215.61,39655520.86
000688.SH,2024/11/22,969.3527,1011.6443,1018.5067,968.9612,1011.463,-42.1103,-4.1633,7970465.74,40878394.97
000688.SH,2024/11/25,957.9209,970.8167,974.291,941.2148,969.3527,-11.4318,-1.1793,6822988.64,36114475.5
000688.SH,2024/11/26,951.5932,955.579,967.9156,950.509,957.9209,-6.3277,-0.6606,5165968.89,22313522.37
000688.SH,2024/11/27,985.9746,947.9453,987.9824,940.8742,951.5932,34.3814,3.613,7326822.82,37460216.74
000688.SH,2024/11/28,983.6834,985.7874,1003.4227,981.3696,985.9746,-2.2912,-0.2324,7028521.83,34906381.13
000688.SH,2024/11/29,1007.3914,980.4273,1024.5346,978.3922,983.6834,23.708,2.4101,8800844.99,42638708.08
000688.SH,2024/12/2,1015.7865,1008.7094,1022.594,1002.0579,1007.3914,8.3951,0.8334,8820938.02,38979570.73
000688.SH,2024/12/3,1005.2649,1017.0668,1021.7034,997.1124,1015.7865,-10.5216,-1.0358,7720460.2,33090704.51
000688.SH,2024/12/4,999.3577,1020.0818,1023.0614,995.2017,1005.2649,-5.9072,-0.5876,8857068.63,38309427.85
000688.SH,2024/12/5,1001.8442,993.168,1006.5747,992.8936,999.3577,2.4865,0.2488,5908006.06,27167124.41
000688.SH,2024/12/6,1014.4463,1004.7699,1024.8436,994.6306,1001.8442,12.6021,1.2579,8098860.55,33283507.66
000688.SH,2024/12/9,1003.3821,1012.8753,1016.9431,995.4104,1014.4463,-11.0642,-1.0907,6743423.15,29464210.03
000688.SH,2024/12/10,1010.9107,1051.5275,1051.901,1008.4967,1003.3821,7.5286,0.7503,8977200.09,43367955.61
000688.SH,2024/12/11,1007.1881,1007.5473,1016.8283,1004.355,1010.9107,-3.7226,-0.3682,8299324.54,34289879.94
000688.SH,2024/12/12,1010.8952,1008.1361,1014.5567,999.0606,1007.1881,3.7071,0.3681,7958719.97,34274725.02
000688.SH,2024/12/13,989.7763,1003.9936,1009.3528,988.7314,1010.8952,-21.1189,-2.0891,14934245.3,56459732.44
000688.SH,2024/12/16,975.2684,990.5744,992.3581,971.0991,989.7763,-14.5079,-1.4658,8349274.56,36855492.03
000688.SH,2024/12/17,967.2764,974.0447,980.5675,965.494,975.2684,-7.992,-0.8195,5402826.05,25178867.53
000688.SH,2024/12/18,981.5127,970.4632,984.7599,965.5578,967.2764,14.2363,1.4718,5571287.91,31008011.88
000688.SH,2024/12/19,993.0019,969.3809,997.7987,967.8594,981.5127,11.4892,1.1706,6598085.29,38195311.54
000688.SH,2024/12/20,1011.2093,990.058,1024.7158,989.4144,993.0019,18.2074,1.8336,9476242.95,56904998.37
000688.SH,2024/12/23,998.6073,1011.193,1025.8107,996.8888,1011.2093,-12.602,-1.2462,8787624.26,53012621.44
000688.SH,2024/12/24,1014.017,1002.5044,1015.8679,991.3038,998.6073,15.4097,1.5431,6766240.72,38537483.91
000688.SH,2024/12/25,1017.3567,1018.5698,1024.9454,1009.7148,1014.017,3.3397,0.3294,6963058.01,42680002.23
000688.SH,2024/12/26,1027.0229,1014.0694,1030.6735,1010.9363,1017.3567,9.6662,0.9501,7254163.93,45117972.7
000688.SH,2024/12/27,1018.5794,1026.7068,1044.1527,1016.9785,1027.0229,-8.4435,-0.8221,8452292.94,50641254.81
000688.SH,2024/12/30,1020.6331,1014.7807,1031.456,1011.1046,1018.5794,2.0537,0.2016,6874282.91,42138777.4
000688.SH,2024/12/31,988.9346,1020.5215,1021.4143,988.9346,1020.6331,-31.6985,-3.1058,7291412.42,38740807.27
000688.SH,2025/1/2,955.3334,986.822,986.822,945.4523,988.9346,-33.6012,-3.3977,7463455.56,40785102.27
000688.SH,2025/1/3,941.8191,955.722,963.2264,941.2455,955.3334,-13.5143,-1.4146,6029273.67,30757666.71
000688.SH,2025/1/6,938.7068,943.7557,949.5905,931.002,941.8191,-3.1123,-0.3305,4947653.89,26431496.73
000688.SH,2025/1/7,965.5297,938.5985,966.0688,936.6456,938.7068,26.8229,2.8574,5607802.32,33373670.08
000688.SH,2025/1/8,965.1193,956.7109,976.6235,937.8204,965.5297,-0.4104,-0.0425,6176724.16,35650388.79
000688.SH,2025/1/9,961.4394,962.2346,972.4658,960.5368,965.1193,-3.6799,-0.3813,5458853.78,28740427.37
000688.SH,2025/1/10,950.5916,962.2215,980.7548,950.5916,961.4394,-10.8478,-1.1283,6531860.2,38011132.46
000688.SH,2025/1/13,952.1856,938.3821,955.0801,936.7818,950.5916,1.594,0.1677,5182653.63,29704254.83
000688.SH,2025/1/14,981.7793,958.4942,984.0285,946.6343,952.1856,29.5937,3.108,7176697.91,40449876.1
000688.SH,2025/1/15,977.6609,976.1301,988.8606,970.8237,981.7793,-4.1184,-0.4195,6572546.31,35651250
000688.SH,2025/1/16,956.3965,982.0856,991.8965,954.1498,977.6609,-21.2644,-2.175,7474260.43,47632287.42
000688.SH,2025/1/17,965.9031,949.8425,977.8068,947.8372,956.3965,9.5066,0.994,6647670.47,39550289.95
000688.SH,2025/1/20,968.2711,969.8405,978.2161,962.4009,965.9031,2.368,0.2452,5655719.26,32231163.58
000688.SH,2025/1/21,976.2959,973.9086,980.1458,964.862,968.2711,8.0248,0.8288,6415707.62,37579630.16
000688.SH,2025/1/22,975.34,972.212,980.4113,967.6697,976.2959,-0.9559,-0.0979,5477721.68,32119486.94
000688.SH,2025/1/23,966.1063,987.2647,994.7674,966.1063,975.34,-9.2337,-0.9467,6628418.22,36909874.3
000688.SH,2025/1/24,974.8342,966.0923,980.4274,966.0923,966.1063,8.7279,0.9034,5455819.53,30204318.31
000688.SH,2025/1/27,955.09,972.1886,975.9613,954.9047,974.8342,-19.7442,-2.0254,5341055.84,32167947.13
000688.SH,2025/2/5,982.8287,989.1185,989.5348,974.9857,955.09,27.7387,2.9043,7878300.14,52804452.86
000688.SH,2025/2/6,1011.2199,977.0184,1012.8763,975.3692,982.8287,28.3912,2.8887,9018979.26,53650644.48
000688.SH,2025/2/7,1018.7988,1011.0556,1035.1696,1003.2389,1011.2199,7.5789,0.7495,10436939.29,57550166.4
000688.SH,2025/2/10,1036.7653,1023.0204,1038.0225,1018.3727,1018.7988,17.9665,1.7635,8218048.21,48806906.47
000688.SH,2025/2/11,1024.4122,1034.9546,1038.5967,1018.3915,1036.7653,-12.3531,-1.1915,7222297.78,40694633.64
000688.SH,2025/2/12,1041.1366,1026.8715,1042.1335,1021.5653,1024.4122,16.7244,1.6326,8170072.54,47569270.93
000688.SH,2025/2/13,1017.0875,1040.4247,1041.982,1016.2266,1041.1366,-24.0491,-2.3099,7066338.08,42189689.85
000688.SH,2025/2/14,1022.4634,1012.6124,1024.9647,1008.2816,1017.0875,5.3759,0.5286,7301721.73,42956229.06
000688.SH,2025/2/17,1037.307,1030.8585,1039.7455,1026.8864,1022.4634,14.8436,1.4517,7969161.74,47156238.75
000688.SH,2025/2/18,1011.1683,1034.63,1036.5001,1006.9427,1037.307,-26.1387,-2.5199,7837464.91,42256777.22
000688.SH,2025/2/19,1034.5705,1010.6692,1035.0632,1010.3699,1011.1683,23.4022,2.3144,9609046.89,47971007.12
000688.SH,2025/2/20,1033.0853,1034.7866,1041.616,1025.9153,1034.5705,-1.4852,-0.1436,8316918.95,41103887.04
000688.SH,2025/2/21,1094.7739,1042.4012,1098.5975,1038.8487,1033.0853,61.6886,5.9713,12631891.68,81244243.06
000688.SH,2025/2/24,1100.0534,1093.0294,1110.0555,1084.5742,1094.7739,5.2795,0.4822,10077046.69,61613993.16
000688.SH,2025/2/25,1102.9012,1083.9401,1119.3044,1079.4882,1100.0534,2.8478,0.2589,9926744.42,61859095.62
000688.SH,2025/2/26,1126.8203,1108.5835,1129.6339,1093.2705,1102.9012,23.9191,2.1687,11777277.72,65707957.2
000688.SH,2025/2/27,1126.287,1127.2467,1140.3686,1101.5243,1126.8203,-0.5333,-0.0473,10598242.13,63917638.57
000688.SH,2025/2/28,1078.7976,1118.5211,1123.5641,1076.0107,1126.287,-47.4894,-4.2165,11002781.72,65403707.89
000688.SH,2025/3/3,1062.3506,1079.6434,1087.716,1055.7722,1078.7976,-16.447,-1.5246,8962839.15,52509731.53
000688.SH,2025/3/4,1080.6648,1052.4679,1088.5338,1050.2466,1062.3506,18.3142,1.7239,8109146.21,48021709.7
000688.SH,2025/3/5,1083.8168,1081.0973,1090.4701,1072.0567,1080.6648,3.152,0.2917,7153384.29,41475186.78
000688.SH,2025/3/6,1121.5845,1100.4421,1125.6379,1099.7182,1083.8168,37.7677,3.4847,9563054.94,62324980.94
000688.SH,2025/3/7,1107.6227,1113.838,1120.9826,1102.6103,1121.5845,-13.9618,-1.2448,8072358.65,45982024.71
000688.SH,2025/3/10,1105.1639,1107.3097,1111.7369,1088.3435,1107.6227,-2.4588,-0.222,7400800.48,42848807.1
000688.SH,2025/3/11,1100.7418,1086.3832,1102.9116,1085.4614,1105.1639,-4.4221,-0.4001,6881114.74,37953588.89
000688.SH,2025/3/12,1092.7079,1107.9566,1112.1632,1092.6739,1100.7418,-8.0339,-0.7299,6586258.2,39709715.54
000688.SH,2025/3/13,1069.7032,1093.5935,1094.8878,1064.2457,1092.7079,-23.0047,-2.1053,7234027.21,38339744.72
000688.SH,2025/3/14,1088.1125,1070.7961,1089.2566,1069.0101,1069.7032,18.4093,1.721,7303539.08,40487857.23
000688.SH,2025/3/17,1083.2131,1089.9981,1090.1131,1077.4939,1088.1125,-4.8994,-0.4503,6401706.01,32363780.69
000688.SH,2025/3/18,1089.8254,1087.3445,1103.485,1087.3445,1083.2131,6.6123,0.6104,6479306.05,33281601.01
000688.SH,2025/3/19,1076.9372,1084.9016,1089.6323,1075.0985,1089.8254,-12.8882,-1.1826,5410794.08,30328496.72
000688.SH,2025/3/20,1064.7929,1075.1322,1076.3695,1064.2517,1076.9372,-12.1443,-1.1277,5090898.78,28748802
000688.SH,2025/3/21,1042.8926,1063.3306,1065.4086,1036.3686,1064.7929,-21.9003,-2.0568,6215120.87,35651527.2
000688.SH,2025/3/24,1045.9416,1042.3304,1048.1699,1029.9087,1042.8926,3.049,0.2924,5958455.76,30676759.37
000688.SH,2025/3/25,1031.697,1045.8489,1049.3108,1028.5383,1045.9416,-14.2446,-1.3619,5034329.23,28414318.5
000688.SH,2025/3/26,1029.0548,1029.8073,1040.222,1028.8019,1031.697,-2.6422,-0.2561,4228901.73,21235940.02
000688.SH,2025/3/27,1040.5698,1028.6949,1053.2157,1026.2008,1029.0548,11.515,1.119,5310085.1,31149214.8
000688.SH,2025/3/28,1029.4762,1037.7563,1044.9186,1029.4557,1040.5698,-11.0936,-1.0661,4253169.68,24370527.92
000688.SH,2025/3/31,1022.7139,1024.2635,1031.3367,1011.9737,1029.4762,-6.7623,-0.6569,5109654.4,26610631.06
000688.SH,2025/4/1,1024.3754,1027.9611,1037.3162,1022.7755,1022.7139,1.6615,0.1625,5082442.61,28541911.26
000688.SH,2025/4/2,1022.7482,1021.8205,1030.9129,1020.3755,1024.3754,-1.6272,-0.1588,3548016.8,18036025.23
000688.SH,2025/4/3,1018.0723,1011.6048,1030.5471,1011.6048,1022.7482,-4.6759,-0.4572,4636223.67,27916862.34
000688.SH,2025/4/7,924.1733,960.4893,982.7674,877.7139,1018.0723,-93.899,-9.2232,11689397.92,55444826.86
000688.SH,2025/4/8,940.0905,932.2374,950.7432,923.6694,924.1733,15.9172,1.7223,8946768.93,40548049.95
000688.SH,2025/4/9,980.5688,922.8617,992.3414,917.3525,940.0905,40.4783,4.3058,9253875.97,50318541.19
000688.SH,2025/4/10,991.2244,1003.6828,1006.1465,985.7149,980.5688,10.6556,1.0867,6985864.29,37829571.45
000688.SH,2025/4/11,1011.7084,990.8307,1027.5385,987.8302,991.2244,20.484,2.0665,7564116.66,43608420.41
000688.SH,2025/4/14,1014.2834,1018.2578,1025.4434,1006.1703,1011.7084,2.575,0.2545,5538086.71,31846374.03
000688.SH,2025/4/15,1006.3395,1011.6712,1012.0185,995.8171,1014.2834,-7.9439,-0.7832,4102085.46,22436637.76
000688.SH,2025/4/16,1014.5088,1016.755,1017.1409,996.4013,1006.3395,8.1693,0.8118,4615820.74,28046354.29
000688.SH,2025/4/17,1016.8117,1007.6296,1024.0434,1006.7718,1014.5088,2.3029,0.227,3748532.89,24115748.8
000688.SH,2025/4/18,1008.597,1011.5106,1012.9336,1003.4251,1016.8117,-8.2147,-0.8079,3000959.71,16711032.78
000688.SH,2025/4/21,1019.4109,1012.8126,1021.3764,1008.5613,1008.597,10.8139,1.0722,3394109,22950800.84
000688.SH,2025/4/22,1016.2181,1018.4196,1023.4965,1012.595,1019.4109,-3.1928,-0.3132,4275467,23588916.84
000688.SH,2025/4/23,1012.6475,1019.0157,1022.656,1010.0865,1016.2181,-3.5706,-0.3514,4055068,23097083.64
000688.SH,2025/4/24,1003.3159,1012.3345,1012.3952,1000.4646,1012.6475,-9.3316,-0.9215,3606206,20050769.53
000688.SH,2025/4/25,1004.5718,1003.8714,1011.5889,997.9781,1003.3159,1.2559,0.1252,3886927,20273706.76
000688.SH,2025/4/28,1002.8319,1004.0481,1008.5892,997.9048,1004.5718,-1.7399,-0.1732,3572348,18698563.91
000688.SH,2025/4/29,1003.8667,996.9668,1005.7063,994.2178,1002.8319,1.0348,0.1032,4004222,18713607.63
000688.SH,2025/4/30,1012.4165,1000.6509,1014.3741,1000.6509,1003.8667,8.5498,0.8517,5521387,26295606.26
000688.SH,2025/5/6,1026.5205,1016.4373,1027.022,1013.5801,1012.4165,14.104,1.3931,5396841,27521096.69
000688.SH,2025/5/7,1030.1857,1044.1727,1044.573,1021.7913,1026.5205,3.6652,0.3571,5556163,27590484.96
000688.SH,2025/5/8,1026.4389,1024.9656,1030.0854,1022.4932,1030.1857,-3.7468,-0.3637,4399338,21702341.6
000688.SH,2025/5/9,1006.3189,1020.7872,1020.7872,1006.3189,1026.4389,-20.12,-1.9602,4559588,23619030.34
000688.SH,2025/5/12,1011.2314,1008.9605,1016.7265,1004.4883,1006.3189,4.9125,0.4882,5127871,26523876.39
000688.SH,2025/5/13,1009.6822,1020.3427,1021.5305,1009.6336,1011.2314,-1.5492,-0.1532,5850734,22751576.35
000688.SH,2025/5/14,1013.772,1014.0953,1021.3932,1006.512,1009.6822,4.0898,0.4051,4867945,21853068.15
000688.SH,2025/5/15,1000.9687,1011.5736,1011.6901,999.2574,1013.772,-12.8033,-1.2629,3808564,18253497.85
000688.SH,2025/5/16,995.2366,997.4476,999.4145,991.4175,1000.9687,-5.7321,-0.5727,3635157,17183726.31
000688.SH,2025/5/19,995.2547,994.2807,998.623,985.9843,995.2366,0.0181,0.0018,4313331,17660736.52
000688.SH,2025/5/20,997.6773,995.7522,1002,993.6913,995.2547,2.4226,0.2434,3659943,17515022.16
000688.SH,2025/5/21,995.4867,996.6556,999.9636,993.7355,997.6773,-2.1906,-0.2196,3985852,17383219.85
000688.SH,2025/5/22,990.7112,994.0786,1000.3843,989.0552,995.4867,-4.7755,-0.4797,3483059,16440068.03
000688.SH,2025/5/23,980.5781,989.7112,997.0176,980.5781,990.7112,-10.1331,-1.0228,3966570,18695831.62
000688.SH,2025/5/26,982.2605,982.0651,985.4719,978.1416,980.5781,1.6824,0.1716,3329971,16183737.69
000688.SH,2025/5/27,972.9197,982.0188,983.4292,972.673,982.2605,-9.3408,-0.9509,3462665,16420107.84
000688.SH,2025/5/28,970.6401,973.9044,975.8556,969.6765,972.9197,-2.2796,-0.2343,2998876,14636467.98
000688.SH,2025/5/29,986.302,972.2574,986.4465,970.6918,970.6401,15.6619,1.6136,3588304,17867661.05
000688.SH,2025/5/30,977.0265,981.3464,981.3464,974.1135,986.302,-9.2755,-0.9404,3491034,17632791.56
000688.SH,2025/6/3,981.7102,977.2298,987.6213,976.1051,977.0265,4.6837,0.4794,5885200,23096823.93
000688.SH,2025/6/4,986.1106,982.3641,988.1641,981.6151,981.7102,4.4004,0.4482,3883379,18281798.87
000688.SH,2025/6/5,996.4072,987.5294,997.9318,982.8536,986.1106,10.2966,1.0442,4160004,21630244.07
000688.SH,2025/6/6,991.6422,995.3149,995.7039,989.1549,996.4072,-4.765,-0.4782,3692986,17534384.4
000688.SH,2025/6/9,997.6118,991.3076,1002.4007,989.5266,991.6422,5.9696,0.602,4288596,19531471.64
000688.SH,2025/6/10,982.9043,1004.5543,1004.7772,978.7872,997.6118,-14.7075,-1.4743,5790864,31553163.29
000688.SH,2025/6/11,980.9328,982.598,990.1367,980.293,982.9043,-1.9715,-0.2006,4316856,21328053.41
000688.SH,2025/6/12,977.9731,978.6861,982.1248,974.6293,980.9328,-2.9597,-0.3017,4688914,22227388.3
000688.SH,2025/6/13,972.9408,971.6949,978.4201,966.8723,977.9731,-5.0323,-0.5146,9098951,34036177.96
000688.SH,2025/6/16,970.8914,968.1859,975.541,968.1859,972.9408,-2.0494,-0.2106,4908353,22286789.21
000688.SH,2025/6/17,963.0834,971.5345,972.1992,960.6403,970.8914,-7.808,-0.8042,4445141,20720637.92
000688.SH,2025/6/18,968.1791,962.2448,971.7958,960.0196,963.0834,5.0957,0.5291,4188414,20442748.52
000688.SH,2025/6/19,962.9431,966.917,974.4831,960.54,968.1791,-5.236,-0.5408,4056253,19631901.76
000688.SH,2025/6/20,957.8718,963.7834,967.9811,956.8707,962.9431,-5.0713,-0.5266,4374142,18132954.87
000688.SH,2025/6/23,961.4888,952.3254,966.1918,952.3254,957.8718,3.617,0.3776,4664690,24994968.48
000688.SH,2025/6/24,978.7142,963.7903,980.5197,963.7903,961.4888,17.2254,1.7915,4955202,26980344.68
000688.SH,2025/6/25,995.6097,979.9713,996.6607,976.16,978.7142,16.8955,1.7263,5760879,32673753.46
000688.SH,2025/6/26,989.9724,995.5748,1005.8948,989.9724,995.6097,-5.6373,-0.5662,5250056,30735304.49
000688.SH,2025/6/27,988.2112,996.6835,998.5755,987.8312,989.9724,-1.7612,-0.1779,4973668,27908260.43
000688.SH,2025/6/30,1003.4137,992.2969,1004.4714,992.2969,988.2112,15.2025,1.5384,5736739,29554501.33
000688.SH,2025/7/1,994.7951,1002.0854,1002.0854,992.5485,1003.4137,-8.6186,-0.8589,4880849,28040484.52
000688.SH,2025/7/2,982.6362,992.3831,992.4732,981.2204,994.7951,-12.1589,-1.2223,5951274,23991637.17
000688.SH,2025/7/3,984.9489,984.3377,987.0935,980.8135,982.6362,2.3127,0.2354,4610810,19704363.3
000688.SH,2025/7/4,984.8018,984.5284,997.4055,976.8286,984.9489,-0.1471,-0.0149,5304787,24524009.28
000688.SH,2025/7/7,978.2931,983.1983,987.1056,976.9048,984.8018,-6.5087,-0.6609,3791107,17519394.05
000688.SH,2025/7/8,991.9481,978.9046,993.1864,977.6001,978.2931,13.655,1.3958,6157517,23087551.12
000688.SH,2025/7/9,983.1111,991.3416,993.6112,981.5005,991.9481,-8.837,-0.8909,4702308,20413676.27
000688.SH,2025/7/10,979.9891,981.7351,986.3087,978.8926,983.1111,-3.122,-0.3176,5437181,22167641.73
000688.SH,2025/7/11,994.4481,980.3754,1000.0348,979.176,979.9891,14.459,1.4754,6002557,31328303.46
000688.SH,2025/7/14,992.3886,995.2883,998.9686,992.3886,994.4481,-2.0595,-0.2071,4576455,22922459.14
000688.SH,2025/7/15,996.2455,990.7305,998.0838,986.4989,992.3886,3.8569,0.3886,5167869,26658718.51
000688.SH,2025/7/16,997.6299,996.3324,1008.4665,994.3798,996.2455,1.3844,0.139,4262078,26893239.24
000688.SH,2025/7/17,1005.648,997.7115,1005.6653,992.5558,997.6299,8.0181,0.8037,5353465,28343835.52
000688.SH,2025/7/18,1007.5252,1008.1333,1013.1214,1003.0889,1005.648,1.8772,0.1867,4976351,26946168.55
000688.SH,2025/7/21,1007.8938,1007.5845,1010.3445,1005.0314,1007.5252,0.3686,0.0366,5808705,26906563.36
000688.SH,2025/7/22,1016.2653,1007.5126,1019.0296,1005.8381,1007.8938,8.3715,0.8306,6977007,31505202.79
000688.SH,2025/7/23,1020.8554,1016.5813,1030.5447,1014.8445,1016.2653,4.5901,0.4517,7053932,33385942.32
000688.SH,2025/7/24,1032.8379,1019.7195,1032.8379,1019.3087,1020.8554,11.9825,1.1738,7214478,32633729.55
000688.SH,2025/7/25,1054.1956,1032.448,1059.7336,1028.7886,1032.8379,21.3577,2.0679,7433888,41937228.17
000688.SH,2025/7/28,1055.1086,1054.9059,1059.0498,1048.5481,1054.1956,0.913,0.0866,6319298,35094152.85
000688.SH,2025/7/29,1070.4479,1053.1178,1071.4369,1051.5528,1055.1086,15.3393,1.4538,6913306,40516759.46
000688.SH,2025/7/30,1058.5715,1065.9386,1073.816,1051.1076,1070.4479,-11.8764,-1.1095,6832508,35323137.07
000688.SH,2025/7/31,1047.8699,1057.3203,1070.7594,1045.4505,1058.5715,-10.7016,-1.0109,8360018,45684318.3
000688.SH,2025/8/1,1036.7746,1047.375,1056.4184,1029.53,1047.8699,-11.0953,-1.0588,6263113,33049271.02
000688.SH,2025/8/4,1049.4062,1034.1273,1049.459,1033.854,1036.7746,12.6316,1.2184,5928392,33222283.96
000688.SH,2025/8/5,1053.6462,1048.714,1054.1066,1046.5275,1049.4062,4.24,0.404,5487126,26801640.18
000688.SH,2025/8/6,1059.7614,1051.8721,1060.4018,1049.598,1053.6462,6.1152,0.5804,6070429,34761262.51
000688.SH,2025/8/7,1058.2051,1059.8447,1069.0444,1053.7306,1059.7614,-1.5563,-0.1469,6183818,38436154.46
000688.SH,2025/8/8,1043.5366,1052.461,1052.7355,1042.8386,1058.2051,-14.6685,-1.3862,6792742,33381498.69
000688.SH,2025/8/11,1049.7296,1043.2274,1053.6954,1043.0766,1043.5366,6.193,0.5935,6343111,30339848.73
000688.SH,2025/8/12,1069.8089,1048.2065,1077.8758,1044.3255,1049.7296,20.0793,1.9128,7744626,53180289.11
000688.SH,2025/8/13,1077.6978,1069.5221,1079.1387,1067.501,1069.8089,7.8889,0.7374,7496928,47687324.64
000688.SH,2025/8/14,1085.7358,1079.2243,1109.8543,1079.2243,1077.6978,8.038,0.7458,9639960,65652300.4
000688.SH,2025/8/15,1101.2931,1079.1607,1104.4999,1076.9974,1085.7358,15.5573,1.4329,9527128,53157191.84
000688.SH,2025/8/18,1124.8218,1114.3204,1138.421,1105.5837,1101.2931,23.5287,2.1365,12605477,68521267.94
000688.SH,2025/8/19,1112.2662,1122.6391,1133.6292,1111.6597,1124.8218,-12.5556,-1.1162,8425769,54923342.43
000688.SH,2025/8/20,1148.1469,1109.7012,1148.7356,1105.274,1112.2662,35.8807,3.2259,10004872,65459161.54
000688.SH,2025/8/21,1149.1507,1150.9797,1173.2784,1143.1621,1148.1469,1.0038,0.0874,9811302,65718251.81
000688.SH,2025/8/22,1247.8621,1162.2905,1248.067,1162.2905,1149.1507,98.7114,8.5899,16247841,110430317
000688.SH,2025/8/25,1287.7338,1282.0535,1320.7151,1252.8441,1247.8621,39.8717,3.1952,18838045,134540228.8
000688.SH,2025/8/26,1270.8712,1266.5859,1284.0732,1257.4443,1287.7338,-16.8626,-1.3095,11376356,82091139.09
000688.SH,2025/8/27,1272.5561,1285.4436,1332.8164,1272.5546,1270.8712,1.6849,0.1326,16118948,121089068.3
000688.SH,2025/8/28,1364.6045,1280.2372,1365.9181,1275.4987,1272.5561,92.0484,7.2333,19009401,135515372.5
000688.SH,2025/8/29,1341.3106,1335.6467,1346.761,1314.7418,1364.6045,-23.2939,-1.707,15616830,111147793.3
000688.SH,2025/9/1,1357.1484,1348.5326,1366.921,1322.8006,1341.3106,15.8378,1.1808,15438179,95841457.85
000688.SH,2025/9/2,1328.2792,1353.9443,1364.1953,1314.1155,1357.1484,-28.8692,-2.1272,13393638,90061910.9
000688.SH,2025/9/3,1306.4787,1318.5057,1325.7501,1296.7094,1328.2792,-21.8005,-1.6413,10937923,68153424.74
000688.SH,2025/9/4,1226.9847,1301.9757,1304.0521,1210.8674,1306.4787,-79.494,-6.0846,15296053,90476808.17
000688.SH,2025/9/5,1268.5517,1232.2142,1275.1,1220.783,1226.9847,41.567,3.3877,13659157,74741463.83
000688.SH,2025/9/8,1275.8677,1266.4747,1280.8185,1253.7301,1268.5517,7.316,0.5767,12953551,70266203.91
000688.SH,2025/9/9,1245.5284,1250.9621,1271.9643,1239.9378,1275.8677,-30.3393,-2.3779,11206187,68963449.79
000688.SH,2025/9/10,1259.0959,1253.504,1272.9147,1246.2628,1245.5284,13.5675,1.0893,9896437,71142415.37
000688.SH,2025/9/11,1326.0329,1254.1903,1332.7588,1244.1386,1259.0959,66.937,5.3163,13543504,106001674.2
000688.SH,2025/9/12,1338.018,1324.8444,1360.0655,1323.4465,1326.0329,11.9851,0.9038,13696011,115807804.4
000688.SH,2025/9/15,1340.3966,1362.8512,1366.4598,1332.4264,1338.018,2.3786,0.1778,14248895,97644986.11
000688.SH,2025/9/16,1358.0474,1347.1959,1370.2857,1347.1959,1340.3966,17.6508,1.3168,11586109,94773304.66
000688.SH,2025/9/17,1370.4299,1351.6371,1378.8725,1338.9526,1358.0474,12.3825,0.9118,12560120,92229459.03
000688.SH,2025/9/18,1380.351,1385.5031,1433.5736,1351.1371,1370.4299,9.9211,0.7239,17429025,139607845.6
000688.SH,2025/9/19,1362.6494,1388.8594,1400.6942,1359.2855,1380.351,-17.7016,-1.2824,12139062,101284457.3
000688.SH,2025/9/22,1408.6445,1361.2549,1422.7409,1353.7148,1362.6494,45.9951,3.3754,12651973,114241889
000688.SH,2025/9/23,1407.3017,1406.6066,1419.2843,1364.4409,1408.6445,-1.3428,-0.0953,15183674,115457332.2
000688.SH,2025/9/24,1456.4693,1395.3739,1479.7036,1394.6849,1407.3017,49.1676,3.4937,19780341,126825424.5
000688.SH,2025/9/25,1474.4866,1449.6545,1486.4298,1448.6855,1456.4693,18.0173,1.2371,16547220,102948520.1
000688.SH,2025/9/26,1450.824,1461.9526,1485.876,1448.961,1474.4866,-23.6626,-1.6048,17251029,93897738.15
000688.SH,2025/9/29,1470.4144,1448.545,1470.4144,1424.8406,1450.824,19.5904,1.3503,15414107,96297207.53
000688.SH,2025/9/30,1495.2878,1488.293,1505.9073,1478.4231,1470.4144,24.8734,1.6916,14731506,99799141.64
000688.SH,2025/10/9,1539.081,1526.9179,1588.8329,1522.7864,1495.2878,43.7932,2.9287,22149716,146061491.3
000688.SH,2025/10/10,1452.6753,1511.1644,1512.3388,1444.9853,1539.081,-86.4057,-5.6141,17976513,119486421.7
000688.SH,2025/10/13,1473.0172,1409.6843,1476.1296,1409.6843,1452.6753,20.3419,1.4003,16773966,111559785.3
000688.SH,2025/10/14,1410.3004,1488.0475,1489.1676,1399.9669,1473.0172,-62.7168,-4.2577,18468908,117052460.8
000688.SH,2025/10/15,1429.9966,1409.5271,1430.2797,1390.9893,1410.3004,19.6962,1.3966,12889308,79721087.81
000688.SH,2025/10/16,1416.575,1419.5527,1444.2311,1409.7002,1429.9966,-13.4216,-0.9386,10898137,74172166.33
000688.SH,2025/10/17,1363.1684,1411.7398,1415.6579,1360.4493,1416.575,-53.4066,-3.7701,11679231,72841743.9
000688.SH,2025/10/20,1367.8986,1390.7101,1397.7326,1358.6864,1363.1684,4.7302,0.347,9369503,68934846.16
000688.SH,2025/10/21,1406.3183,1374.9832,1410.0712,1368.0064,1367.8986,38.4197,2.8087,9513313,76299647.52
000688.SH,2025/10/22,1405.407,1392.588,1424.2318,1380.9756,1406.3183,-0.9113,-0.0648,8166757,70472598.3
000688.SH,2025/10/23,1401.2558,1396.0912,1403.9403,1375.7457,1405.407,-4.1512,-0.2954,7774473,55402363.29
000688.SH,2025/10/24,1462.222,1421.2093,1466.8498,1416.4616,1401.2558,60.9662,4.3508,10817862,98926187.02
000688.SH,2025/10/27,1484.2064,1489.663,1491.1067,1457.6494,1462.222,21.9844,1.5035,13207003,107028877.1
000688.SH,2025/10/28,1471.7309,1470.4837,1496.0644,1463.4625,1484.2064,-12.4755,-0.8406,10854806,87813330.82
000688.SH,2025/10/29,1489.1233,1466.4393,1495.3811,1465.3113,1471.7309,17.3924,1.1818,12665859,86154047.01
000688.SH,2025/10/30,1461.3001,1485.9373,1494.4019,1461.3001,1489.1233,-27.8232,-1.8684,13581418,98812179.52
000688.SH,2025/10/31,1415.5254,1451.0568,1452.2387,1415.5254,1461.3001,-45.7747,-3.1325,14075252,94950544.44
000688.SH,2025/11/3,1400.8585,1403.4555,1406.0091,1372.2537,1415.5254,-14.6669,-1.0361,13433442,77516250.29
000688.SH,2025/11/4,1387.2392,1406.8642,1415.7338,1378.6417,1400.8585,-13.6193,-0.9722,10782302,68382286.89
000688.SH,2025/11/5,1390.3946,1355.7224,1398.3682,1355.7224,1387.2392,3.1554,0.2275,11805661,62705432.58
000688.SH,2025/11/6,1436.858,1405.1539,1442.812,1403.0729,1390.3946,46.4634,3.3417,13704385,90991808.2
000688.SH,2025/11/7,1415.6855,1420.2285,1434.3871,1414.4681,1436.858,-21.1725,-1.4735,13199185,64751083.27
000688.SH,2025/11/10,1407.5576,1422.3224,1431.7657,1389.7742,1415.6855,-8.1279,-0.5741,13447623,72773485.8
000688.SH,2025/11/11,1387.5337,1416.858,1423.6794,1385.0673,1407.5576,-20.0239,-1.4226,11752127,64848480.58
000688.SH,2025/11/12,1379.4518,1377.1474,1388.5079,1362.3782,1387.5337,-8.0819,-0.5825,12724041,61853436.54
000688.SH,2025/11/13,1399.2916,1376.3694,1404.6286,1373.4928,1379.4518,19.8398,1.4382,12111630,62760074.63
000688.SH,2025/11/14,1361.2323,1379.4372,1390.6196,1361.2323,1399.2916,-38.0593,-2.7199,11525900,61292056.6
000688.SH,2025/11/17,1354.0376,1363.4781,1377.5468,1344.9079,1361.2323,-7.1947,-0.5285,11305955,59542322.53
000688.SH,2025/11/18,1357.9264,1350.5073,1374.0321,1348.1,1354.0376,3.8888,0.2872,11535985,61223643.33
000688.SH,2025/11/19,1344.7956,1355.1308,1363.855,1338.4514,1357.9264,-13.1308,-0.967,9006130,45504665.17
000688.SH,2025/11/20,1328.1856,1362.8515,1364.4822,1327.2937,1344.7956,-16.61,-1.2351,7747039,43744812.33
000688.SH,2025/11/21,1285.8303,1300.4793,1311.3238,1282.4543,1328.1856,-42.3553,-3.189,10070649,56030260.83
000688.SH,2025/11/24,1296.6023,1295.8799,1306.044,1273.4922,1285.8303,10.772,0.8377,8813653,50827084.23
000688.SH,2025/11/25,1302.1669,1309.6744,1323.2054,1298.8536,1296.6023,5.5646,0.4292,8273023,52735462.78
000688.SH,2025/11/26,1315.0411,1296.4553,1327.536,1293.1847,1302.1669,12.8742,0.9887,7815827,57575974.66
000688.SH,2025/11/27,1310.7005,1325.849,1351.4364,1308.8466,1315.0411,-4.3406,-0.3301,8030489,61809593.42
000688.SH,2025/11/28,1327.1493,1307.9622,1329.327,1303.1986,1310.7005,16.4488,1.255,8824692,49577479.8
000688.SH,2025/12/1,1336.7561,1329.4219,1341.9496,1310.4236,1327.1493,9.6068,0.7239,11191986,65492746.05
000688.SH,2025/12/2,1320.1564,1334.0021,1335.7461,1315.4639,1336.7561,-16.5997,-1.2418,7621464,47078535.23
000688.SH,2025/12/3,1308.3672,1317.5816,1324.7056,1303.3375,1320.1564,-11.7892,-0.893,7027058,43255407
000688.SH,2025/12/4,1326.1646,1303.9925,1326.2262,1294.7576,1308.3672,17.7974,1.3603,6778771,48747634.51
000688.SH,2025/12/5,1326.1014,1319.7225,1330.5857,1303.7161,1326.1646,-0.0632,-0.0048,7091686,49821496.52
000688.SH,2025/12/8,1350.795,1325.9696,1360.7108,1325.7382,1326.1014,24.6936,1.8621,8311050,63951607.38
000688.SH,2025/12/9,1347.1052,1338.845,1358.8994,1337.3184,1350.795,-3.6898,-0.2732,7057057,54818699.08
000688.SH,2025/12/10,1346.7028,1337.5242,1350.6529,1317.7113,1347.1052,-0.4024,-0.0299,8273640,55356792.12
000688.SH,2025/12/11,1325.8307,1349.6688,1350.8666,1325.8307,1346.7028,-20.8721,-1.5499,8124996,53240107.24
000688.SH,2025/12/12,1348.8808,1324.3004,1351.5578,1314.0109,1325.8307,23.0501,1.7385,12189711,83865891.92
000688.SH,2025/12/15,1318.9064,1333.3613,1343.7814,1318.5303,1348.8808,-29.9744,-2.2222,8470120,58345711
000688.SH,2025/12/16,1293.3824,1313.5261,1317.1537,1286.252,1318.9064,-25.524,-1.9352,7330726,47152141.13
000688.SH,2025/12/17,1325.3349,1294.6972,1327.7613,1289.2353,1293.3824,31.9525,2.4705,7738921,50178487.84
000688.SH,2025/12/18,1305.9664,1314.6652,1323.6761,1305.9664,1325.3349,-19.3685,-1.4614,6270465,38718647.75
000688.SH,2025/12/19,1308.5889,1314.7502,1323.8595,1306.7958,1305.9664,2.6225,0.2008,6436585,38885173.63
000688.SH,2025/12/22,1335.2451,1314.0663,1338.1446,1314.0663,1308.5889,26.6562,2.037,8018670,55138663.62
000688.SH,2025/12/23,1340.015,1333.5388,1348.5381,1331.3854,1335.2451,4.7699,0.3572,7627586,52823796.96
000688.SH,2025/12/24,1352.1261,1342.1283,1352.7428,1332.9155,1340.015,12.1111,0.9038,7339090,51088300.75
000688.SH,2025/12/25,1349.0577,1347.784,1356.6039,1339.9659,1352.1261,-3.0684,-0.2269,7262305,44828071.71
000688.SH,2025/12/26,1345.8267,1346.1092,1356.1084,1339.1406,1349.0577,-3.231,-0.2395,8521601,45190362.3
000688.SH,2025/12/29,1346.3188,1345.9802,1364.2723,1341.9423,1345.8267,0.4921,0.0366,10390297,58488935.11
000688.SH,2025/12/30,1359.8734,1346.1321,1367.0072,1346.0288,1346.3188,13.5546,1.0068,7941505,59271326.47
000688.SH,2025/12/31,1344.2002,1367.1657,1368.4801,1342.6831,1359.8734,-15.6732,-1.1525,7306915,49284581.75
000688.SH,2026/1/5,1403.4142,1360.8973,1403.5349,1360.8973,1344.2002,59.214,4.4051,10345466,81187605.29
000688.SH,2026/1/6,1429.3023,1401.7888,1442.1041,1400.4048,1403.4142,25.8881,1.8447,11820332,80797910.47
000688.SH,2026/1/7,1443.388,1442.5066,1452.0445,1427.9802,1429.3023,14.0857,0.9855,12338548,87127775.01
000688.SH,2026/1/8,1455.1729,1441.1859,1483.2305,1441.1859,1443.388,11.7849,0.8165,13482288,99247984.75
000688.SH,2026/1/9,1475.9676,1442.2237,1477.2394,1437.577,1455.1729,20.7947,1.429,13306405,91006167.42
000688.SH,2026/1/12,1511.836,1490.4986,1515.1073,1478.8467,1475.9676,35.8684,2.4302,15675919,106640241.9
000688.SH,2026/1/13,1469.5699,1508.1834,1511.6531,1460.4093,1511.836,-42.2661,-2.7957,15234747,104449149.9
000688.SH,2026/1/14,1500.911,1479.295,1532.5781,1479.295,1469.5699,31.3411,2.1327,17779745,123880673.5
000688.SH,2026/1/15,1493.945,1491.2318,1504.8436,1468.0244,1500.911,-6.966,-0.4641,14088173,95846397.72
000688.SH,2026/1/16,1514.0681,1509.7,1528.7825,1495.6792,1493.945,20.1231,1.347,16765776,116789712.1
000688.SH,2026/1/19,1506.8571,1513.5899,1525.122,1502.7246,1514.0681,-7.211,-0.4763,12876257,93307391.55
000688.SH,2026/1/20,1482.9941,1508.3674,1525.809,1473.1944,1506.8571,-23.863,-1.5836,14030658,97763534.67
000688.SH,2026/1/21,1535.3934,1482.658,1546.0492,1482.658,1482.9941,52.3993,3.5333,14447414,117311199.4
000688.SH,2026/1/22,1541.638,1563.3796,1574.9662,1530.2451,1535.3934,6.2446,0.4067,15212194,114471734.6
000688.SH,2026/1/23,1553.7073,1530.2849,1553.7073,1523.5011,1541.638,12.0693,0.7829,21244687,110767211.6
000688.SH,2026/1/26,1532.796,1556.5679,1575.4524,1529.3157,1553.7073,-20.9113,-1.3459,21231612,108916689.9
000688.SH,2026/1/27,1555.9783,1530.0695,1562.5786,1507.4063,1532.796,23.1823,1.5124,19787281,102142695.5
000688.SH,2026/1/28,1554.8037,1566.1883,1569.4351,1535.9049,1555.9783,-1.1746,-0.0755,15543610,104613183.5
000688.SH,2026/1/29,1507.6398,1550.9887,1560.6446,1507.2991,1554.8037,-47.1639,-3.0334,16408344,98586261.53
000688.SH,2026/1/30,1509.4018,1501.5122,1522.3286,1465.3236,1507.6398,1.762,0.1169,14865583,92994626.17
000688.SH,2026/2/2,1450.8976,1492.8111,1508.5432,1450.0981,1509.4018,-58.5042,-3.876,13153967,86595572.66
000688.SH,2026/2/3,1471.0688,1475.5677,1478.0511,1430.0041,1450.8976,20.1712,1.3903,13891459,98826244.31
000688.SH,2026/2/4,1453.4764,1452.9757,1455.1238,1432.5965,1471.0688,-17.5924,-1.1959,15639050,76593068.05
000688.SH,2026/2/5,1432.5216,1423.6624,1441.1633,1416.2647,1453.4764,-20.9548,-1.4417,15199278,67731466.06
000688.SH,2026/2/6,1422.406,1415.0469,1440.808,1405.8744,1432.5216,-10.1156,-0.7061,13035099,62257704.86
000688.SH,2026/2/9,1458.1627,1453.5395,1458.9273,1441.8967,1422.406,35.7567,2.5138,15747839,72909863.13
000688.SH,2026/2/10,1471.4978,1463.3483,1485.9658,1463.3483,1458.1627,13.3351,0.9145,11770391,68410380.07
000688.SH,2026/2/11,1455.1144,1461.9988,1467.281,1453.0062,1471.4978,-16.3834,-1.1134,8978509,48644897.75
000688.SH,2026/2/12,1480.9946,1463.6091,1481.9786,1454.6281,1455.1144,25.8802,1.7786,10015209,69329188.02
000688.SH,2026/2/13,1470.3333,1470.2588,1492.0864,1466.7068,1480.9946,-10.6613,-0.7199,9896616,61592827.65
000688.SH,2026/2/24,1465.365,1493.4525,1493.7742,1453.5502,1470.3333,-4.9683,-0.3379,10295969,68936003.47
000688.SH,2026/2/25,1473.2849,1468.5106,1481.2911,1454.4125,1465.365,7.9199,0.5405,11075883,70042250.88
000688.SH,2026/2/26,1485.8649,1478.7259,1494.7494,1456.0329,1473.2849,12.58,0.8539,11154134,83624470.11
000688.SH,2026/2/27,1488.0232,1468.0782,1493.5236,1463.731,1485.8649,2.1583,0.1453,9999772,78394898.57
000688.SH,2026/3/2,1464.7717,1459.7761,1486.5491,1459.5102,1488.0232,-23.2515,-1.5626,13427348,79348051.01
000688.SH,2026/3/3,1388.4095,1467.7635,1469.6029,1385.5927,1464.7717,-76.3622,-5.2132,14302403,88181853.37
000688.SH,2026/3/4,1381.5584,1380.1296,1407.0026,1376.1109,1388.4095,-6.8511,-0.4934,10705585,65494655.64
000688.SH,2026/3/5,1405.3534,1418.8825,1423.6123,1397.7554,1381.5584,23.795,1.7223,11006986,82290368.78
000688.SH,2026/3/6,1414.3943,1396.5937,1422.0013,1396.5937,1405.3534,9.0409,0.6433,9690549,60117751.95
000688.SH,2026/3/9,1390.4826,1373.8173,1398.2453,1351.8829,1414.3943,-23.9117,-1.6906,11840094,74328800.77
000688.SH,2026/3/10,1420.5388,1417.2591,1424.7192,1402.6308,1390.4826,30.0562,2.1616,12153403,65103795.25
000688.SH,2026/3/11,1401.0842,1421.3515,1427.095,1400.4468,1420.5388,-19.4546,-1.3695,12973679,65494494.43
000688.SH,2026/3/12,1383.6523,1397.7789,1412.525,1372.9747,1401.0842,-17.4319,-1.2442,11759193,62958786.93
000688.SH,2026/3/13,1373.6355,1374.6497,1392.4335,1365.6216,1383.6523,-10.0168,-0.7239,12002263,66780732.96
000688.SH,2026/3/16,1384.9865,1370.703,1386.5538,1349.2718,1373.6355,11.351,0.8263,10953762,73815884.5
000688.SH,2026/3/17,1354.1532,1386.2598,1390.8438,1354.1532,1384.9865,-30.8333,-2.2263,9184655,58419454.37
000688.SH,2026/3/18,1372.5764,1363.5398,1373.857,1348.2296,1354.1532,18.4232,1.3605,9799866,63648188.18
000688.SH,2026/3/19,1339.0339,1348.5527,1354.7206,1333.6804,1372.5764,-33.5425,-2.4438,11052923,62007186.93
000688.SH,2026/3/20,1318.3074,1344.9296,1347.3671,1317.4045,1339.0339,-20.7265,-1.5479,14091098,72635986.72
000688.SH,2026/3/23,1261.4377,1292.892,1305.7933,1254.848,1318.3074,-56.8697,-4.3138,14248101,73743206.13
000688.SH,2026/3/24,1290.7912,1281.579,1291.9183,1249.0112,1261.4377,29.3535,2.327,11716630,67331736.61
000688.SH,2026/3/25,1315.4122,1299.6309,1326.6494,1299.6263,1290.7912,24.621,1.9074,11005705,71581278.74
000688.SH,2026/3/26,1288.8073,1313.9654,1316.4554,1285.3839,1315.4122,-26.6049,-2.0226,8631770,55519453.25
000688.SH,2026/3/27,1300.756,1265.5306,1308.9447,1265.5306,1288.8073,11.9487,0.9271,8603070,52752422.38
000688.SH,2026/3/30,1289.7801,1278.9926,1294.5425,1269.319,1300.756,-10.9759,-0.8438,9357204,53432653.64
000688.SH,2026/3/31,1256.3269,1283.8988,1296.034,1256.3269,1289.7801,-33.4532,-2.5937,9583190,57608800.55
000688.SH,2026/4/1,1298.1981,1290.6375,1302.871,1282.3125,1256.3269,41.8712,3.3328,9826461,67776529.67
000688.SH,2026/4/2,1262.1815,1294.6302,1294.6302,1254.6247,1298.1981,-36.0166,-2.7744,7588114,52627584.68
000688.SH,2026/4/3,1256.2103,1270.9364,1272.8369,1254.7588,1262.1815,-5.9712,-0.4731,6706421,43238392.11
000688.SH,2026/4/7,1274.0145,1261.7112,1286.5296,1261.7112,1256.2103,17.8042,1.4173,6322349,58642407.63
000688.SH,2026/4/8,1352.6894,1317.2757,1352.6894,1316.6338,1274.0145,78.6749,6.1754,11422568,86413135.12
000688.SH,2026/4/9,1343.9462,1335.2874,1362.9072,1333.012,1352.6894,-8.7432,-0.6464,7846510,67718591.57
000688.SH,2026/4/10,1364.4946,1363.5766,1382.937,1362.3965,1343.9462,20.5484,1.529,8471659,75598570.05
000688.SH,2026/4/13,1375.2873,1358.463,1396.0028,1358.463,1364.4946,10.7927,0.791,9018894,79738287.79
000688.SH,2026/4/14,1405.0723,1398.3996,1409.8483,1387.4176,1375.2873,29.785,2.1657,9302659,91340078.27
000688.SH,2026/4/15,1406.3224,1415.3919,1433.3541,1399.7541,1405.0723,1.2501,0.089,9547663,96267871.08
000688.SH,2026/4/16,1422.2276,1406.3185,1424.1726,1402.1958,1406.3224,15.9052,1.131,10005771,86332967.08
000688.SH,2026/4/17,1423.3512,1414.8732,1433.795,1413.5763,1422.2276,1.1236,0.079,9635053,88251590.01
000688.SH,2026/4/20,1450.5209,1426.893,1451.3901,1426.0337,1423.3512,27.1697,1.9089,11275846,88429001.09
000688.SH,2026/4/21,1426.6766,1445.2037,1445.5388,1415.5994,1450.5209,-23.8443,-1.6438,9651570,80219232.24
000688.SH,2026/4/22,1451.1386,1420.7763,1451.461,1420.2444,1426.6766,24.462,1.7146,9805961,83400639
000688.SH,2026/4/23,1432.5924,1466.1239,1467.6994,1419.0094,1451.1386,-18.5462,-1.278,11446540,96366136.99
000688.SH,2026/4/24,1453.6854,1443.0367,1472.9573,1417.2057,1432.5924,21.093,1.4724,11413406,112276766.2
000688.SH,2026/4/27,1508.3848,1478.3137,1515.2824,1466.664,1453.6854,54.6994,3.7628,13560538,123536461
000688.SH,2026/4/28,1488.6607,1497.3219,1525.3419,1479.673,1508.3848,-19.7241,-1.3076,11925508,101929725.1
000688.SH,2026/4/29,1493.5045,1474.1167,1495.0091,1451.7122,1488.6607,4.8438,0.3254,11457221,96264961.87
000688.SH,2026/4/30,1571.0652,1511.3875,1580.515,1511.3875,1493.5045,77.5607,5.1932,15109612,143368848.8
000688.SH,2026/5/6,1656.946,1634.3133,1715.0814,1631.6506,1571.0652,85.8808,5.4664,18301048,202263525.1
000688.SH,2026/5/7,1678.8872,1663.1592,1682.2217,1646.9443,1656.946,21.9412,1.3242,13930063,147148539.1
000688.SH,2026/5/8,1640.4603,1653.3108,1655.5715,1625.608,1678.8872,-38.4269,-2.2888,15005074,134384676
000688.SH,2026/5/11,1716.6914,1687.6429,1727.3046,1669.7326,1640.4603,76.2311,4.6469,18294058,183091745.8
000688.SH,2026/5/12,1723.7836,1708.2111,1747.1719,1687.9631,1716.6914,7.0922,0.4131,16927089,163162220.3
000688.SH,2026/5/13,1770.1471,1684.3679,1771.4924,1677.5436,1723.7836,46.3635,2.6896,17773247,158688703.3
000688.SH,2026/5/14,1725.0932,1792.3419,1800.6062,1723.6985,1770.1471,-45.0539,-2.5452,21071023,170925244.4
000688.SH,2026/5/15,1696.2612,1724.3552,1769.8036,1669.9872,1725.0932,-28.832,-1.6713,21601214,191146070
000688.SH,2026/5/18,1709.9627,1690.3815,1748.104,1684.9005,1696.2612,13.7015,0.8077,15913956,152427297
000688.SH,2026/5/19,1775.1345,1697.4022,1776.2555,1670.3584,1709.9627,65.1718,3.8113,17104368,169324578.8
000688.SH,2026/5/20,1832.022,1764.2133,1835.2214,1764.2133,1775.1345,56.8875,3.2047,18452542,190386612.7
000688.SH,2026/5/21,1764.1744,1866.2869,1892.5952,1759.9386,1832.022,-67.8476,-3.7034,21274038,216374427.9
000688.SH,2026/5/22,1790.771,1790.7443,1797.6485,1747.1393,1764.1744,26.5966,1.5076,17603919,162025307.2
000688.SH,2026/5/25,1896.0369,1791.6697,1899.9669,1774.1938,1790.771,105.2659,5.8782,21497937,221953931.5
000688.SH,2026/5/26,1867.7088,1877.3883,1880.6484,1824.3223,1896.0369,-28.3281,-1.4941,19408885,193152885.3
000688.SH,2026/5/27,1815.4513,1875.4218,1901.9658,1809.7045,1867.7088,-52.2575,-2.7979,21609699,192835609.8
000688.SH,2026/5/28,1844.2493,1805.1129,1854.5202,1796.0352,1815.4513,28.798,1.5863,21540080,177051079
